game_id,date_utc,time_control,variant,speed,rated,status,winner,ply_count,white_username,black_username,white_elo,black_elo,white_elo_diff,black_elo_diff,opening_eco,opening_name,opening_ply,target_username,target_color,opponent_username,target_elo,opponent_elo,target_result,target_score
da2d7PjT,2026-01-31T22:57:41.171000+00:00,600+0,standard,rapid,True,resign,black,42,Mahlermaniaco,aspiringstar,2545,2704,-4,6,A22,"English Opening: King's English Variation, Adhiban Gambit",8,aspiringstar,black,Mahlermaniaco,2704,2545,win,1.0
gxxujy90,2026-01-31T22:32:06.351000+00:00,600+0,standard,rapid,True,resign,white,83,aspiringstar,JJPlayz,2701,2451,3,-2,B92,"Sicilian Defense: Najdorf Variation, Opocensky Variation, Modern Line",16,aspiringstar,white,JJPlayz,2701,2451,win,1.0
gWJrXNpv,2026-01-31T22:06:53.488000+00:00,600+0,standard,rapid,True,draw,,71,Mikevs,aspiringstar,2527,2705,5,-4,C47,"Four Knights Game: Scotch Variation, Schmid Defense",10,aspiringstar,black,Mikevs,2705,2527,draw,0.5
4vz0bVAg,2026-01-26T00:50:41.493000+00:00,600+0,standard,rapid,True,resign,white,73,aspiringstar,mrwyy1,2698,2634,7,-6,C84,"Ruy Lopez: Closed, Martinez Variation",11,aspiringstar,white,mrwyy1,2698,2634,win,1.0
LKU7kqw1,2026-01-23T00:52:05.207000+00:00,600+0,standard,rapid,True,resign,black,88,fiancheeter,aspiringstar,2625,2691,-6,7,A00,Hungarian Opening,1,aspiringstar,black,fiancheeter,2691,2625,win,1.0
89TsRwaf,2026-01-23T00:08:53.544000+00:00,600+0,standard,rapid,True,mate,black,90,elephantstampede,aspiringstar,2465,2686,-3,5,C44,Ponziani Opening: Steinitz Variation,8,aspiringstar,black,elephantstampede,2686,2465,win,1.0
iLbhIDN0,2026-01-22T23:33:59.052000+00:00,600+0,standard,rapid,True,outoftime,white,73,aspiringstar,Enygmaa,2684,2356,2,-2,B41,Sicilian Defense: Kan Variation,8,aspiringstar,white,Enygmaa,2684,2356,win,1.0
DFKbZEUW,2026-01-14T23:52:50.398000+00:00,600+0,standard,rapid,True,resign,white,125,aspiringstar,orangepuppy,2678,2585,6,-10,B92,"Sicilian Defense: Najdorf Variation, Opocensky Variation, Traditional Line",16,aspiringstar,white,orangepuppy,2678,2585,win,1.0
ZuOqmEI6,2026-01-14T23:10:47.165000+00:00,600+0,standard,rapid,True,resign,black,108,MoreChaoticSensei,aspiringstar,2504,2674,-5,4,E46,Nimzo-Indian Defense: Normal Variation,8,aspiringstar,black,MoreChaoticSensei,2674,2504,win,1.0
S8b7dula,2026-01-14T23:08:44.076000+00:00,600+0,standard,rapid,True,resign,white,29,aspiringstar,MoreChaoticSensei,2669,2508,5,-4,C11,"French Defense: Steinitz Variation, Boleslavsky Variation",13,aspiringstar,white,MoreChaoticSensei,2669,2508,win,1.0
OEzA5F8U,2026-01-14T03:25:21.179000+00:00,600+0,standard,rapid,True,resign,black,64,Daniel_ChessTraining,aspiringstar,2343,2667,-24,2,D37,"Queen's Gambit Declined: Vienna Variation, Quiet Variation",9,aspiringstar,black,Daniel_ChessTraining,2667,2343,win,1.0
AI7nzlg5,2026-01-14T00:31:17.821000+00:00,600+0,standard,rapid,True,resign,white,57,aspiringstar,Mathe-Ass,2662,2488,5,-4,B78,"Sicilian Defense: Dragon Variation, Yugoslav Attack",19,aspiringstar,white,Mathe-Ass,2662,2488,win,1.0
Abf8tHQt,2026-01-14T00:11:14.501000+00:00,600+0,standard,rapid,True,resign,black,72,forbiddencheapos,aspiringstar,2393,2659,-2,3,C77,"Ruy Lopez: Morphy Defense, Anderssen Variation",9,aspiringstar,black,forbiddencheapos,2659,2393,win,1.0
Fc8kKjha,2026-01-13T21:20:50.826000+00:00,600+0,standard,rapid,True,resign,black,109,ThatChessPlayerDude,aspiringstar,2463,2655,-5,4,D37,"Queen's Gambit Declined: Vienna Variation, Quiet Variation",9,aspiringstar,black,ThatChessPlayerDude,2655,2463,win,1.0
d4io1yHM,2026-01-13T20:53:04.514000+00:00,600+0,standard,rapid,True,resign,white,43,aspiringstar,Bandhawk,2649,2526,6,-3,B12,"Caro-Kann Defense: Advance Variation, Short Variation",7,aspiringstar,white,Bandhawk,2649,2526,win,1.0
5vbA55K5,2026-01-13T05:30:59.082000+00:00,600+0,standard,rapid,True,resign,white,33,aspiringstar,lokialexgross,2646,2381,3,-2,C67,"Ruy Lopez: Berlin Defense, Rio Gambit Accepted",8,aspiringstar,white,lokialexgross,2646,2381,win,1.0
lUttQJ4U,2026-01-13T05:13:14.999000+00:00,600+0,standard,rapid,True,resign,black,108,lokialexgross,aspiringstar,2383,2642,-2,4,B38,"Sicilian Defense: Accelerated Dragon, Maróczy Bind",11,aspiringstar,black,lokialexgross,2642,2383,win,1.0
gNguREN4,2026-01-13T04:52:54.765000+00:00,600+0,standard,rapid,True,mate,white,117,vmjskov,aspiringstar,2406,2655,100,-13,C56,"Italian Game: Scotch Gambit, Anderssen Attack",15,aspiringstar,black,vmjskov,2655,2406,loss,0.0
MuQPQSRl,2026-01-13T04:24:17.996000+00:00,600+0,standard,rapid,True,resign,white,99,aspiringstar,GrandLapin,2651,2458,4,-3,C11,"French Defense: Steinitz Variation, Boleslavsky Variation",13,aspiringstar,white,GrandLapin,2651,2458,win,1.0
uRUvDbzS,2026-01-08T20:41:59.081000+00:00,600+0,standard,rapid,True,resign,white,75,aspiringstar,butter_on_the_bread,2647,2438,4,-3,B32,Sicilian Defense: Löwenthal Variation,8,aspiringstar,white,butter_on_the_bread,2647,2438,win,1.0
URJvzwUq,2026-01-08T20:29:39.442000+00:00,600+0,standard,rapid,True,resign,white,39,aspiringstar,Zatix,2642,2487,5,-4,B92,"Sicilian Defense: Najdorf Variation, Opocensky Variation, Modern Line",16,aspiringstar,white,Zatix,2642,2487,win,1.0
3etSrjEE,2026-01-08T20:16:48.610000+00:00,600+0,standard,rapid,True,resign,black,42,Alirezaqwerty,aspiringstar,2503,2636,-17,6,C22,Center Game: Normal Variation,6,aspiringstar,black,Alirezaqwerty,2636,2503,win,1.0
udMwUloB,2026-01-08T19:54:34.410000+00:00,600+0,standard,rapid,True,draw,,98,CheemsTactico,aspiringstar,2366,2641,10,-5,E04,Catalan Opening: Open Defense,9,aspiringstar,black,CheemsTactico,2641,2366,draw,0.5
98dbqDKg,2026-01-08T19:35:38.466000+00:00,600+0,standard,rapid,True,resign,black,70,MadMaxPayne26,aspiringstar,2451,2636,-3,5,D35,"Queen's Gambit Declined: Exchange Variation, Positional Variation",10,aspiringstar,black,MadMaxPayne26,2636,2451,win,1.0
iaJ4pzFi,2026-01-06T23:33:56.707000+00:00,600+0,standard,rapid,True,outoftime,white,207,OjaiJoao,aspiringstar,2641,2645,6,-9,E08,Catalan Opening: Closed,19,aspiringstar,black,OjaiJoao,2645,2641,loss,0.0
dOBhssNM,2026-01-06T23:02:21.402000+00:00,600+0,standard,rapid,True,mate,black,124,aspiringstar,DOAAAAA,2645,2462,-14,30,C97,"Ruy Lopez: Closed, Chigorin Defense",22,aspiringstar,white,DOAAAAA,2645,2462,loss,0.0
p8FvFIFW,2026-01-06T22:34:48.959000+00:00,600+0,standard,rapid,True,mate,white,139,aspiringstar,moustiblanc,2640,2474,5,-3,C78,Ruy Lopez: Morphy Defense,9,aspiringstar,white,moustiblanc,2640,2474,win,1.0
RbV7Mpmt,2026-01-06T22:09:21.237000+00:00,600+0,standard,rapid,True,mate,black,86,Johnloe,aspiringstar,2271,2638,-1,2,C24,Bishop's Opening: Vienna Hybrid,7,aspiringstar,black,Johnloe,2638,2271,win,1.0
GOXlAp72,2026-01-06T21:54:52.267000+00:00,600+0,standard,rapid,True,resign,white,79,aspiringstar,narinlast,2635,2329,3,-2,B77,"Sicilian Defense: Dragon Variation, Yugoslav Attack, Czerniak Variation",20,aspiringstar,white,narinlast,2635,2329,win,1.0
55ou5wW2,2026-01-06T21:32:47.706000+00:00,600+0,standard,rapid,True,mate,white,123,ThinkingKingg,aspiringstar,2454,2650,12,-15,E18,"Queen's Indian Defense: Classical Variation, Traditional Variation, Nimzowitsch Line",14,aspiringstar,black,ThinkingKingg,2650,2454,loss,0.0
6CvWdbRm,2026-01-31T14:39:00.589000+00:00,60+0,standard,bullet,True,mate,black,70,Wampi97,Al_Shima,2699,2725,-5,5,B02,Alekhine Defense: Spielmann Gambit,7,Al_Shima,black,Wampi97,2725,2699,win,1.0
LonOUYqZ,2026-01-30T11:59:03.314000+00:00,60+0,standard,bullet,True,mate,white,57,Potzbl1tz,Al_Shima,2628,2696,7,-7,A04,Zukertort Opening: Black Mustang Defense,2,Al_Shima,black,Potzbl1tz,2696,2628,loss,0.0
umyOxLQc,2026-01-30T11:45:47.137000+00:00,60+0,standard,bullet,True,resign,black,42,Al_Shima,iam-weak,2698,2549,-8,8,A01,Nimzo-Larsen Attack: Indian Variation,2,Al_Shima,white,iam-weak,2698,2549,loss,0.0
TWHntEi0,2026-01-30T11:43:40.851000+00:00,60+0,standard,bullet,True,outoftime,,130,Al_Shima,easyn1,2698,2687,0,0,A01,Nimzo-Larsen Attack,1,Al_Shima,white,easyn1,2698,2687,draw,0.5
x2oSGRzK,2026-01-30T11:19:40.179000+00:00,600+0,standard,rapid,True,mate,white,131,candidate100,Al_Shima,2543,2563,8,-7,A45,Indian Defense: Accelerated London System,3,Al_Shima,black,candidate100,2563,2543,loss,0.0
W7OYG37q,2026-01-28T17:44:41.987000+00:00,180+0,standard,blitz,True,outoftime,white,131,Al_Shima,chel64,2590,2509,4,-5,A01,Nimzo-Larsen Attack,1,Al_Shima,white,chel64,2590,2509,win,1.0
wNsqEEM2,2026-01-28T17:38:31.503000+00:00,180+0,standard,blitz,True,outoftime,black,136,chel64,Al_Shima,2513,2585,-4,5,A11,English Opening: Caro-Kann Defensive System,2,Al_Shima,black,chel64,2585,2513,win,1.0
P5aQhTWz,2026-01-28T17:33:44.810000+00:00,180+0,standard,blitz,True,outoftime,black,140,Al_Shima,HardWork1996,2591,2605,-6,6,A01,Nimzo-Larsen Attack,1,Al_Shima,white,HardWork1996,2591,2605,loss,0.0
0a8JFOXH,2026-01-28T16:34:41.340000+00:00,180+0,standard,blitz,True,resign,black,110,kahvitauko,Al_Shima,2442,2587,-3,4,B01,Scandinavian Defense: Modern Variation,4,Al_Shima,black,kahvitauko,2587,2442,win,1.0
Rn5I3e2s,2026-01-28T16:34:03.321000+00:00,180+0,standard,blitz,True,resign,white,17,Al_Shima,ViperCWL,2581,2654,6,-7,A01,Nimzo-Larsen Attack: Classical Variation,2,Al_Shima,white,ViperCWL,2581,2654,win,1.0
CGE6Afni,2026-01-28T16:27:58.414000+00:00,180+0,standard,blitz,True,outoftime,black,84,Al_Shima,Romsta,2587,2576,-6,6,A01,Nimzo-Larsen Attack: Indian Variation,2,Al_Shima,white,Romsta,2587,2576,loss,0.0
pJEuh3ib,2026-01-28T16:21:36.634000+00:00,180+0,standard,blitz,True,outoftime,,173,Sultai,Al_Shima,2567,2587,0,0,B01,Scandinavian Defense: Modern Variation,4,Al_Shima,black,Sultai,2587,2567,draw,0.5
RuStgL8W,2026-01-28T16:16:38.407000+00:00,180+0,standard,blitz,True,resign,white,91,Al_Shima,Byakagon,2581,2579,6,-5,A01,Nimzo-Larsen Attack: English Variation,2,Al_Shima,white,Byakagon,2581,2579,win,1.0
UX13d0Lr,2026-01-28T16:10:20.332000+00:00,180+0,standard,blitz,True,outoftime,white,107,JosealcidesGonzalez,Al_Shima,2452,2589,7,-8,A01,Nimzo-Larsen Attack: Symmetrical Variation,2,Al_Shima,black,JosealcidesGonzalez,2589,2452,loss,0.0
6B729Axu,2026-01-28T16:04:54.743000+00:00,180+0,standard,blitz,True,resign,black,102,Badoko,Al_Shima,2513,2584,-4,5,A00,Hungarian Opening,1,Al_Shima,black,Badoko,2584,2513,win,1.0
fRBPEo7j,2026-01-28T15:59:33.451000+00:00,180+0,standard,blitz,True,mate,white,83,Al_Shima,Badoko,2580,2518,4,-5,A01,Nimzo-Larsen Attack: Indian Variation,2,Al_Shima,white,Badoko,2580,2518,win,1.0
7SD6y5wd,2026-01-28T15:53:03.656000+00:00,180+0,standard,blitz,True,outoftime,white,119,Reversed_Flash,Al_Shima,2523,2586,6,-6,B01,Scandinavian Defense: Modern Variation,4,Al_Shima,black,Reversed_Flash,2586,2523,loss,0.0
64EevJcl,2026-01-28T15:47:31.506000+00:00,180+0,standard,blitz,True,resign,black,70,FDCCA_Chess,Al_Shima,2576,2580,-15,6,A04,Zukertort Opening: Black Mustang Defense,2,Al_Shima,black,FDCCA_Chess,2580,2576,win,1.0
jqKuW41f,2026-01-28T15:40:36.123000+00:00,180+0,standard,blitz,True,outoftime,,132,Al_Shima,Mister_Beast284,2582,2512,-2,2,A01,Nimzo-Larsen Attack: Classical Variation,2,Al_Shima,white,Mister_Beast284,2582,2512,draw,0.5
yYoateyQ,2026-01-28T15:37:07.025000+00:00,180+0,standard,blitz,True,draw,,48,Al_Shima,WUINMAS,2582,2582,0,0,A01,Nimzo-Larsen Attack: Modern Variation,2,Al_Shima,white,WUINMAS,2582,2582,draw,0.5
aoZFlwa8,2026-01-28T15:32:47.742000+00:00,180+0,standard,blitz,True,resign,white,61,Lucididax,Al_Shima,2430,2590,8,-8,D02,Queen's Pawn Game: Chigorin Variation,4,Al_Shima,black,Lucididax,2590,2430,loss,0.0
cAzLguKM,2026-01-28T15:28:26.056000+00:00,180+0,standard,blitz,True,resign,white,67,Al_Shima,Lucididax,2587,2434,3,-4,A01,Nimzo-Larsen Attack: Indian Variation,2,Al_Shima,white,Lucididax,2587,2434,win,1.0
7zvFWxmd,2026-01-28T15:25:26.690000+00:00,180+0,standard,blitz,True,resign,black,56,Lucididax,Al_Shima,2437,2583,-3,4,A04,Zukertort Opening: Black Mustang Defense,2,Al_Shima,black,Lucididax,2583,2437,win,1.0
khs7Ssv0,2026-01-28T15:18:57.130000+00:00,180+0,standard,blitz,True,outoftime,white,133,Al_Shima,Lucididax,2579,2441,4,-4,A01,Nimzo-Larsen Attack: Indian Variation,2,Al_Shima,white,Lucididax,2579,2441,win,1.0
b8Pjrc9d,2026-01-27T12:28:56.207000+00:00,180+0,standard,blitz,True,mate,black,150,STAyHaRD11,Al_Shima,2555,2574,-6,5,A40,Englund Gambit: Main Line,6,Al_Shima,black,STAyHaRD11,2574,2555,win,1.0
GbFGjx9u,2026-01-27T12:24:26.447000+00:00,180+0,standard,blitz,True,draw,,85,Al_Shima,notrashopenings,2575,2548,-1,0,A01,Nimzo-Larsen Attack: Classical Variation,2,Al_Shima,white,notrashopenings,2575,2548,draw,0.5
ZBrKunDl,2026-01-27T12:19:58.460000+00:00,180+0,standard,blitz,True,resign,black,66,nuitet0988,Al_Shima,2442,2571,-4,4,B01,Scandinavian Defense: Modern Variation,4,Al_Shima,black,nuitet0988,2571,2442,win,1.0
whf7cLM5,2026-01-27T11:56:58.577000+00:00,180+0,standard,blitz,True,outoftime,white,105,Al_Shima,Jord10010,2567,2417,4,-3,A01,Nimzo-Larsen Attack: Classical Variation,2,Al_Shima,white,Jord10010,2567,2417,win,1.0
i0RmTmNX,2026-01-27T11:50:55.271000+00:00,180+0,standard,blitz,True,mate,black,96,leonkiller77,Al_Shima,2502,2562,-5,5,A40,Englund Gambit Declined: Reversed Alekhine,3,Al_Shima,black,leonkiller77,2562,2502,win,1.0
nF9AN7Gq,2026-01-27T11:47:45.807000+00:00,180+0,standard,blitz,True,resign,black,46,Al_Shima,Mathperson64,2569,2491,-7,14,A01,Nimzo-Larsen Attack,1,Al_Shima,white,Mathperson64,2569,2491,loss,0.0
vqwookeA,2026-01-31T17:46:47.360000+00:00,900+15,standard,classical,True,resign,white,35,QuCaNi,alutord1,2545,2180,8,-4,D04,Queen's Pawn Game: Colle System,5,QuCaNi,white,alutord1,2545,2180,win,1.0
F0utkSAV,2026-01-29T17:14:31.306000+00:00,180+0,standard,blitz,True,timeout,black,96,cinarbayrakoglu800,QuCaNi,2545,2564,-6,5,B20,Sicilian Defense: Kronberger Variation,3,QuCaNi,black,cinarbayrakoglu800,2564,2545,win,1.0
kGpekyM2,2026-01-29T17:09:49.126000+00:00,180+0,standard,blitz,True,resign,white,77,Sandbad9,QuCaNi,2531,2570,7,-6,D13,Slav Defense: Exchange Variation,8,QuCaNi,black,Sandbad9,2570,2531,loss,0.0
tN2QrzEV,2026-01-29T17:02:33.107000+00:00,180+0,standard,blitz,True,outoftime,black,96,QuCaNi,vlaxaki,2573,2462,-8,7,D00,Blackmar-Diemer Gambit Declined: Vienna Defense,8,QuCaNi,white,vlaxaki,2573,2462,loss,0.0
HShWSfNF,2026-01-26T21:52:50.572000+00:00,180+0,standard,blitz,True,mate,white,61,QuCaNi,Respectful_Dave,2550,2585,6,-6,C41,Philidor Defense: Lion Variation,8,QuCaNi,white,Respectful_Dave,2550,2585,win,1.0
auOITPuG,2026-01-25T22:02:11.502000+00:00,180+0,standard,blitz,True,resign,black,80,QuCaNi,Respectful_Dave,2549,2525,-7,6,A45,Paleface Attack,3,QuCaNi,white,Respectful_Dave,2549,2525,loss,0.0
rvvMlBF9,2026-01-25T20:55:39.197000+00:00,180+0,standard,blitz,True,resign,black,68,QuCaNi,Positionalchess101,2515,2414,-8,8,D00,Blackmar-Diemer Gambit Accepted: Ziegler Defense,10,QuCaNi,white,Positionalchess101,2515,2414,loss,0.0
3YS0qleq,2026-01-21T08:36:17.303000+00:00,180+0,standard,blitz,True,outoftime,black,128,mikmikci,QuCaNi,2507,2526,-5,6,A11,"Réti Opening: Anglo-Slav Variation, with g3",7,QuCaNi,black,mikmikci,2526,2507,win,1.0
xyirzmgI,2026-01-20T06:18:31.524000+00:00,420+7,chess960,rapid,True,mate,black,78,Jeremiah-18,QuCaNi,1597,1996,-1,6,,,,QuCaNi,black,Jeremiah-18,1996,1597,win,1.0
Pix68iMM,2026-01-15T16:40:05.312000+00:00,180+0,standard,blitz,True,resign,white,83,QuCaNi,Artem9630,2559,2648,7,-9,D00,Blackmar-Diemer Gambit Declined: Langeheinicke Defense,8,QuCaNi,white,Artem9630,2559,2648,win,1.0
AzuRO99g,2026-01-15T16:34:04.513000+00:00,180+0,standard,blitz,True,outoftime,white,87,Chess-Master2018,QuCaNi,2513,2565,7,-6,B34,"Sicilian Defense: Accelerated Dragon, Modern Variation",9,QuCaNi,black,Chess-Master2018,2565,2513,loss,0.0
99QcjGYq,2026-01-15T16:17:27.015000+00:00,180+0,standard,blitz,True,resign,black,66,Leviathan64,QuCaNi,2542,2569,-6,5,D15,Slav Defense: Schlechter Variation,8,QuCaNi,black,Leviathan64,2569,2542,win,1.0
YEm3VyeN,2026-01-15T15:26:12.814000+00:00,180+0,standard,blitz,True,resign,white,45,cn_ua,QuCaNi,2652,2558,4,-4,D15,Slav Defense: Schlechter Variation,8,QuCaNi,black,cn_ua,2558,2652,loss,0.0
W8Tf3qNk,2026-01-15T13:48:22.332000+00:00,180+0,standard,blitz,True,draw,,150,QuCaNi,cn_ua,2565,2647,1,-2,D00,Blackmar-Diemer Gambit Declined: Elbert Countergambit,8,QuCaNi,white,cn_ua,2565,2647,draw,0.5
Mt1QWVsf,2026-01-15T02:08:50.898000+00:00,180+0,standard,blitz,True,resign,white,41,QuCaNi,Chomuszka,2561,2477,4,-5,C02,"French Defense: Advance Variation, Wade Variation",10,QuCaNi,white,Chomuszka,2561,2477,win,1.0
enHIVUuO,2026-01-15T02:02:45.532000+00:00,180+0,standard,blitz,True,outoftime,white,79,Chomuszka,QuCaNi,2469,2568,8,-7,D15,Slav Defense: Schlechter Variation,8,QuCaNi,black,Chomuszka,2568,2469,loss,0.0
I2guMxJL,2026-01-15T01:56:27.718000+00:00,180+0,standard,blitz,True,outoftime,white,87,QuCaNi,Chomuszka,2564,2474,4,-5,C00,French Defense: Schlechter Variation,5,QuCaNi,white,Chomuszka,2564,2474,win,1.0
AZolzdR0,2026-01-15T01:53:28.896000+00:00,180+0,standard,blitz,True,resign,black,36,Chomuszka,QuCaNi,2478,2559,-4,5,D10,Slav Defense,4,QuCaNi,black,Chomuszka,2559,2478,win,1.0
0WnoRVAv,2026-01-15T01:47:20.274000+00:00,180+0,standard,blitz,True,outoftime,black,76,QuCaNi,Chomuszka,2567,2471,-8,7,C02,"French Defense: Advance Variation, Wade Variation",10,QuCaNi,white,Chomuszka,2567,2471,loss,0.0
LoKCSTk2,2026-01-15T01:41:04.679000+00:00,180+0,standard,blitz,True,outoftime,white,123,Chomuszka,QuCaNi,2463,2574,8,-7,D10,Slav Defense,4,QuCaNi,black,Chomuszka,2574,2463,loss,0.0
JuCHhVuo,2026-01-15T01:34:43.439000+00:00,180+0,standard,blitz,True,outoftime,white,121,QuCaNi,Chomuszka,2570,2467,4,-4,D21,Queen's Gambit Accepted: Normal Variation,5,QuCaNi,white,Chomuszka,2570,2467,win,1.0
GsObyJaU,2026-01-14T23:49:39.899000+00:00,180+0,standard,blitz,True,resign,white,39,QuCaNi,imdejong,2576,2516,5,-5,A45,Paleface Attack,3,QuCaNi,white,imdejong,2576,2516,win,1.0
MQj99kGt,2026-01-14T23:45:25.335000+00:00,180+0,standard,blitz,True,resign,white,58,Neverenogh,QuCaNi,2495,2583,17,-7,B21,Sicilian Defense: Smith-Morra Gambit,3,QuCaNi,black,Neverenogh,2583,2495,loss,0.0
aLi5MRsq,2026-01-14T23:39:07.733000+00:00,180+0,standard,blitz,True,outoftime,black,106,QuCaNi,Blackoperator,2588,2621,-5,5,A45,Paleface Attack,3,QuCaNi,white,Blackoperator,2588,2621,loss,0.0
fEHNMQvu,2026-01-14T23:18:41.930000+00:00,0+5,standard,blitz,True,resign,white,18,QuCaNi,Goldfinger007,2569,2247,1,-1,A80,Dutch Defense: Raphael Variation,3,QuCaNi,white,Goldfinger007,2569,2247,win,1.0
JleB5XIt,2026-01-14T23:14:15.668000+00:00,0+5,standard,blitz,True,resign,black,58,Goldfinger007,QuCaNi,2249,2567,-2,2,D15,Slav Defense: Schlechter Variation,8,QuCaNi,black,Goldfinger007,2567,2249,win,1.0
o2UyWRR8,2026-01-13T19:08:54.448000+00:00,180+0,standard,blitz,True,resign,white,62,superpower4,QuCaNi,2690,2560,3,-3,B30,Sicilian Defense: Nyezhmetdinov-Rossolimo Attack,5,QuCaNi,black,superpower4,2560,2690,loss,0.0
8ISWGiwt,2026-01-13T11:52:31.896000+00:00,180+0,standard,blitz,True,resign,white,79,jlf287,QuCaNi,2465,2538,7,-7,B30,Sicilian Defense: Nyezhmetdinov-Rossolimo Attack,5,QuCaNi,black,jlf287,2538,2465,loss,0.0
rTwtAzxe,2026-01-13T11:45:57.611000+00:00,180+0,standard,blitz,True,resign,black,101,QuCaNi,Sc_Oblivion,2544,2501,-6,7,A45,Trompowsky Attack,3,QuCaNi,white,Sc_Oblivion,2544,2501,loss,0.0
GAoh0YBk,2026-01-13T00:37:58.154000+00:00,180+0,standard,blitz,True,resign,black,46,QuCaNi,Beletko,2525,2507,-6,6,A45,Trompowsky Attack,3,QuCaNi,white,Beletko,2525,2507,loss,0.0
xXWyTVSB,2026-01-28T13:40:31.962000+00:00,1500+10,standard,classical,True,resign,white,43,Justement,DiegoAngelini,2302,2281,7,-15,B51,Sicilian Defense: Moscow Variation,5,Justement,white,DiegoAngelini,2302,2281,win,1.0
nML7bG1I,2026-01-27T14:28:07.482000+00:00,900+15,standard,classical,True,outoftime,black,54,Justement,alutord1,2308,2122,-11,29,B52,"Sicilian Defense: Moscow Variation, Main Line",6,Justement,white,alutord1,2308,2122,loss,0.0
ScQOf8C6,2026-01-26T19:48:46.808000+00:00,900+15,standard,classical,True,draw,,72,Joe_Manco,Justement,2348,2307,-4,1,E34,"Nimzo-Indian Defense: Classical Variation, Noa Variation",8,Justement,black,Joe_Manco,2307,2348,draw,0.5
jKYg4Ofp,2026-01-26T15:10:50.600000+00:00,1200+10,standard,classical,True,resign,black,36,Muk-fighter,Justement,2227,2301,-7,6,E35,"Nimzo-Indian Defense: Classical Variation, Noa Variation",10,Justement,black,Muk-fighter,2301,2227,win,1.0
xn74HOJX,2026-01-25T20:17:13.608000+00:00,900+15,standard,classical,True,resign,black,59,LEADER09,Justement,2255,2294,-19,7,E49,"Nimzo-Indian Defense: Normal Variation, Botvinnik System",13,Justement,black,LEADER09,2294,2255,win,1.0
D6seE6cJ,2026-01-25T19:36:52.080000+00:00,900+15,standard,classical,True,draw,,81,Justement,yaminejamal1,2295,2267,-1,1,B47,"Sicilian Defense: Taimanov Variation, Bastrikov Variation",10,Justement,white,yaminejamal1,2295,2267,draw,0.5
Je1S1glI,2026-01-25T16:57:56.458000+00:00,900+15,standard,classical,True,resign,black,49,xzxm,Justement,2110,2290,-4,5,E26,"Nimzo-Indian Defense: Sämisch Variation, O'Kelly Variation",12,Justement,black,xzxm,2290,2110,win,1.0
DR3wasYd,2026-01-24T19:38:23.315000+00:00,1500+5,standard,classical,True,resign,white,71,Justement,Adam_D,2285,2200,5,-18,B52,"Sicilian Defense: Moscow Variation, Sokolsky Variation",9,Justement,white,Adam_D,2285,2200,win,1.0
XPgs3K0W,2026-01-23T13:03:16.419000+00:00,900+15,standard,classical,True,resign,black,32,sexpac,Justement,2194,2279,-37,6,E20,Nimzo-Indian Defense: Kmoch Variation,7,Justement,black,sexpac,2279,2194,win,1.0
lxmz54MR,2026-01-22T09:55:40.426000+00:00,1800+30,standard,classical,True,draw,,73,Justement,Leikepeike,2282,2150,-3,2,A11,"Réti Opening: Anglo-Slav Variation, Gurevich System",5,Justement,white,Leikepeike,2282,2150,draw,0.5
02fjUMvQ,2026-01-22T09:04:50.561000+00:00,900+15,standard,classical,True,resign,black,20,Justement,Vlad_Lazarev79,2286,2457,-4,5,A11,"Réti Opening: Anglo-Slav Variation, Gurevich System",10,Justement,white,Vlad_Lazarev79,2286,2457,loss,0.0
gXVMj9v7,2026-01-21T14:04:26.850000+00:00,1500+5,standard,classical,True,resign,black,124,ReasonResult,Justement,2135,2281,-40,5,C88,Ruy Lopez: Closed,14,Justement,black,ReasonResult,2281,2135,win,1.0
sCNgJzhG,2026-01-19T19:23:44.551000+00:00,900+20,standard,classical,True,resign,black,48,CheckmateX2,Justement,2119,2272,-12,5,C54,"Italian Game: Classical Variation, Greco Gambit, Traditional Line",11,Justement,black,CheckmateX2,2272,2119,win,1.0
94wgEqID,2026-01-19T17:25:19.371000+00:00,1800+10,standard,classical,True,resign,white,65,Justement,ChessSY09211,2266,2155,6,-12,E05,"Catalan Opening: Open Defense, Classical Line",12,Justement,white,ChessSY09211,2266,2155,win,1.0
TFHNqoIb,2026-01-17T16:12:01.219000+00:00,1500+0,standard,classical,True,mate,black,104,Dynamicus,Justement,2426,2254,-24,12,C54,"Italian Game: Classical Variation, Giuoco Pianissimo, Main Line",17,Justement,black,Dynamicus,2254,2426,win,1.0
IdRZd2wj,2026-01-17T15:32:44.915000+00:00,300+30,standard,classical,True,draw,,34,Justement,RumusJulli,2252,2376,2,-2,C15,"French Defense: Winawer Variation, Alekhine Gambit, Kan Variation",12,Justement,white,RumusJulli,2252,2376,draw,0.5
TU1DWXzo,2026-01-11T18:33:23.978000+00:00,1500+0,standard,classical,True,outoftime,black,74,Justement,Ragehunter,2255,2498,-3,10,A09,Réti Opening: Advance Variation,4,Justement,white,Ragehunter,2255,2498,loss,0.0
CTmWLVnf,2026-01-11T14:30:06.540000+00:00,1500+10,standard,classical,True,resign,black,50,BattleRoyalChess,Justement,2100,2250,-7,5,D01,Rapport-Jobava System,5,Justement,black,BattleRoyalChess,2250,2100,win,1.0
ol8s7Zmv,2026-01-06T19:56:57.443000+00:00,1500+10,standard,classical,True,resign,white,26,MR_HotPepper,Justement,2161,2259,43,-9,C88,Ruy Lopez: Closed,14,Justement,black,MR_HotPepper,2259,2161,loss,0.0
HwI1CCb1,2026-01-05T16:54:45.105000+00:00,2100+10,standard,classical,True,resign,black,102,matteodrudi,Justement,2254,2251,-7,8,A04,Zukertort Opening: Pirc Invitation,2,Justement,black,matteodrudi,2251,2254,win,1.0
nWLA6sS3,2026-01-04T17:36:22.412000+00:00,1500+10,standard,classical,True,resign,white,39,Justement,Zharko151,2246,2135,5,-4,B42,"Sicilian Defense: Kan Variation, Polugaevsky Variation",10,Justement,white,Zharko151,2246,2135,win,1.0
JvJKHIfd,2026-01-04T17:07:15.895000+00:00,900+15,standard,classical,True,resign,black,36,Justement,xzxm,2256,2125,-10,14,E90,"King's Indian Defense: Normal Variation, Rare Defenses",9,Justement,white,xzxm,2256,2125,loss,0.0
5nQRiOMt,2026-01-04T13:47:11.824000+00:00,1500+15,standard,classical,True,resign,white,65,Justement,Yates55,2252,2128,4,-6,C55,"Italian Game: Two Knights Defense, Modern Bishop's Opening",8,Justement,white,Yates55,2252,2128,win,1.0
axJkToep,2026-01-04T09:23:32.895000+00:00,900+15,standard,classical,True,resign,black,44,GCB1998,Justement,2181,2245,-6,7,C50,"Italian Game: Giuoco Pianissimo, Italian Four Knights Variation",9,Justement,black,GCB1998,2245,2181,win,1.0
22yCvlvr,2026-01-03T17:52:21+00:00,1500+10,standard,classical,True,draw,,178,Dude128,Justement,2178,2246,1,-1,E15,"Queen's Indian Defense: Fianchetto Variation, Nimzowitsch Variation",8,Justement,black,Dude128,2246,2178,draw,0.5
AKnW2qfw,2026-01-03T16:58:46.309000+00:00,1500+0,standard,classical,True,resign,white,41,RareEmerald,Justement,2348,2252,10,-6,C54,"Italian Game: Classical Variation, Giuoco Pianissimo, with a6",10,Justement,black,RareEmerald,2252,2348,loss,0.0
cho571hh,2026-01-02T18:00:38.510000+00:00,900+15,standard,classical,True,resign,white,111,Justement,xzxm,2247,2125,5,-7,E90,"King's Indian Defense: Normal Variation, Rare Defenses",9,Justement,white,xzxm,2247,2125,win,1.0
WG3P24Uv,2026-01-02T17:51:06.301000+00:00,1200+10,standard,classical,True,draw,,33,hugin6,Justement,2214,2247,6,0,C45,Scotch Game,7,Justement,black,hugin6,2247,2214,draw,0.5
oiKZAmPP,2026-01-02T17:00:01.351000+00:00,1200+10,standard,classical,True,resign,white,25,Minken_V,Justement,2256,2255,25,-8,D02,"Queen's Pawn Game: Symmetrical Variation, Pseudo-Catalan",5,Justement,black,Minken_V,2255,2256,loss,0.0
NoweKV4J,2026-01-01T19:14:48.556000+00:00,1200+10,standard,classical,True,resign,white,43,Justement,MiroslavG2012,2250,2112,5,-5,B42,"Sicilian Defense: Kan Variation, Modern Variation",9,Justement,white,MiroslavG2012,2250,2112,win,1.0
3ZDRJeS1,2026-02-01T09:21:15.104000+00:00,180+0,standard,blitz,True,resign,black,54,CalisthenicsBoy,TAsad10,2925,2888,-7,7,A07,"King's Indian Attack, with e6",6,CalisthenicsBoy,white,TAsad10,2925,2888,loss,0.0
rtGWIYMO,2026-02-01T09:14:41.836000+00:00,180+0,standard,blitz,True,outoftime,white,163,TAsad10,CalisthenicsBoy,2882,2933,6,-8,E98,"King's Indian Defense: Orthodox Variation, Classical System",17,CalisthenicsBoy,black,TAsad10,2933,2882,loss,0.0
YqxKoWu2,2026-02-01T09:07:58.774000+00:00,180+0,standard,blitz,True,resign,black,62,CalisthenicsBoy,NeymarSSJ,2943,2708,-10,9,E92,"King's Indian Defense: Orthodox Variation, Gligoric-Taimanov System",13,CalisthenicsBoy,white,NeymarSSJ,2943,2708,loss,0.0
OsVjRNA0,2026-02-01T09:03:05.102000+00:00,180+0,standard,blitz,True,resign,black,90,NeymarSSJ,CalisthenicsBoy,2710,2940,-2,3,A05,King's Indian Attack: Symmetrical Defense,4,CalisthenicsBoy,black,NeymarSSJ,2940,2710,win,1.0
ObV1ksxH,2026-02-01T08:58:23.560000+00:00,180+0,standard,blitz,True,resign,black,90,CalisthenicsBoy,NeymarSSJ,2951,2701,-11,9,A05,King's Indian Attack: Symmetrical Defense,4,CalisthenicsBoy,white,NeymarSSJ,2951,2701,loss,0.0
0J1fGUXX,2026-02-01T08:52:50.220000+00:00,180+0,standard,blitz,True,resign,black,120,NeymarSSJ,CalisthenicsBoy,2703,2948,-2,3,E68,"King's Indian Defense: Fianchetto Variation, Classical Variation",15,CalisthenicsBoy,black,NeymarSSJ,2948,2703,win,1.0
Ai1T5nYH,2026-02-01T08:46:59.473000+00:00,180+0,standard,blitz,True,resign,black,94,CalisthenicsBoy,Ss1c37,2959,2792,-11,8,A07,King's Indian Attack,3,CalisthenicsBoy,white,Ss1c37,2959,2792,loss,0.0
Ji0IFTIz,2026-01-23T07:54:08.405000+00:00,180+0,standard,blitz,True,resign,black,100,BENED7707,CalisthenicsBoy,2781,2955,-3,4,A05,Zukertort Opening: Nimzo-Larsen Variation,3,CalisthenicsBoy,black,BENED7707,2955,2781,win,1.0
aHWC42YM,2026-01-23T07:49:06.142000+00:00,180+0,standard,blitz,True,resign,white,71,BENED7707,CalisthenicsBoy,2772,2964,9,-9,A05,Zukertort Opening: Nimzo-Larsen Variation,3,CalisthenicsBoy,black,BENED7707,2964,2772,loss,0.0
cRTxybsG,2026-01-23T07:15:05.646000+00:00,180+0,standard,blitz,True,outoftime,white,133,CalisthenicsBoy,gmlectures,2962,2725,2,-5,A07,King's Indian Attack,3,CalisthenicsBoy,white,gmlectures,2962,2725,win,1.0
x6a1CEHQ,2026-01-23T06:58:29.803000+00:00,180+0,standard,blitz,True,resign,white,55,CalisthenicsBoy,mzh1995,2959,2766,3,-3,A20,English Opening: King's English Variation,2,CalisthenicsBoy,white,mzh1995,2959,2766,win,1.0
oYJ1n4Ps,2026-01-23T06:55:09.498000+00:00,180+0,standard,blitz,True,resign,black,54,mzh1995,CalisthenicsBoy,2769,2956,-3,3,D79,Neo-Grünfeld Defense: Ultra-Delayed Exchange Variation,14,CalisthenicsBoy,black,mzh1995,2956,2769,win,1.0
N1I9FWDY,2026-01-23T06:50:09.744000+00:00,180+0,standard,blitz,True,resign,white,57,CalisthenicsBoy,mzh1995,2953,2772,3,-3,A38,"English Opening: Symmetrical Variation, Full Symmetry Line",10,CalisthenicsBoy,white,mzh1995,2953,2772,win,1.0
36jsoIdA,2026-01-23T06:44:36.672000+00:00,180+0,standard,blitz,True,resign,white,61,mzh1995,CalisthenicsBoy,2763,2961,9,-8,D37,Queen's Gambit Declined: Three Knights Variation,7,CalisthenicsBoy,black,mzh1995,2961,2763,loss,0.0
4JRZYLSh,2026-01-22T08:58:52.613000+00:00,180+0,standard,blitz,True,outoftime,white,135,CalisthenicsBoy,vistagusta,2958,2811,3,-4,A34,"English Opening: Symmetrical Variation, Rubinstein Variation",12,CalisthenicsBoy,white,vistagusta,2958,2811,win,1.0
e8tIqaGB,2026-01-22T08:51:41.393000+00:00,180+0,standard,blitz,True,resign,black,92,OptimistischesSchach,CalisthenicsBoy,2753,2955,-4,3,E97,"King's Indian Defense: Orthodox Variation, Bayonet Attack",17,CalisthenicsBoy,black,OptimistischesSchach,2955,2753,win,1.0
kQUoJAL2,2026-01-22T08:29:05.265000+00:00,180+0,standard,blitz,True,resign,white,59,CalisthenicsBoy,Fabsid,2952,2803,3,-3,D02,"Queen's Pawn Game: Symmetrical Variation, Pseudo-Catalan",5,CalisthenicsBoy,white,Fabsid,2952,2803,win,1.0
1ZLqt60m,2026-01-22T08:12:56.318000+00:00,180+0,standard,blitz,True,outoftime,white,139,CalisthenicsBoy,mzh1995,2949,2761,3,-3,A37,"English Opening: Symmetrical Variation, Three Knights, Fianchetto Variation",9,CalisthenicsBoy,white,mzh1995,2949,2761,win,1.0
vWZLgSsd,2026-01-22T08:03:40.900000+00:00,180+0,standard,blitz,True,resign,black,92,anonymouslogin111,CalisthenicsBoy,2734,2946,-3,3,B45,"Sicilian Defense: Four Knights Variation, Exchange Variation",11,CalisthenicsBoy,black,anonymouslogin111,2946,2734,win,1.0
PN1IptEb,2026-01-22T07:40:38.856000+00:00,180+0,standard,blitz,True,resign,black,96,mzh1995,CalisthenicsBoy,2771,2943,-3,3,E67,"King's Indian Defense: Fianchetto Variation, Classical Fianchetto",14,CalisthenicsBoy,black,mzh1995,2943,2771,win,1.0
jw6ug03n,2026-01-22T07:32:45.149000+00:00,180+0,standard,blitz,True,resign,white,65,CalisthenicsBoy,Popovich2020,2941,2740,2,-3,A04,Zukertort Opening: Queenside Fianchetto Variation,2,CalisthenicsBoy,white,Popovich2020,2941,2740,win,1.0
6hULNWBl,2026-01-22T07:23:20.281000+00:00,180+0,standard,blitz,True,outoftime,black,96,Dr_Tiger,CalisthenicsBoy,2896,2935,-5,6,E61,King's Indian Defense,5,CalisthenicsBoy,black,Dr_Tiger,2935,2896,win,1.0
dJsNMwG6,2026-01-21T07:40:47.980000+00:00,180+0,standard,blitz,True,timeout,white,37,CalisthenicsBoy,Sergey_Kasparov,2933,2700,2,-7,A05,Zukertort Opening,2,CalisthenicsBoy,white,Sergey_Kasparov,2933,2700,win,1.0
si1HBrFG,2026-01-21T07:35:23.468000+00:00,180+0,standard,blitz,True,resign,white,49,CalisthenicsBoy,Dramgar,2930,2731,3,-3,A07,King's Indian Attack,3,CalisthenicsBoy,white,Dramgar,2930,2731,win,1.0
rK5uNgP4,2026-01-21T07:29:34.520000+00:00,180+0,standard,blitz,True,resign,black,80,SublimeWarrior,CalisthenicsBoy,2763,2927,-3,3,E67,"King's Indian Defense: Fianchetto Variation, Classical Fianchetto",14,CalisthenicsBoy,black,SublimeWarrior,2927,2763,win,1.0
sfckqSCZ,2026-01-21T07:23:18.353000+00:00,180+0,standard,blitz,True,resign,white,83,Fabsid,CalisthenicsBoy,2779,2935,8,-8,E97,"King's Indian Defense: Orthodox Variation, Aronin-Taimanov Defense",14,CalisthenicsBoy,black,Fabsid,2935,2779,loss,0.0
8OBnZRTt,2026-01-21T07:16:15.069000+00:00,180+0,standard,blitz,True,resign,white,91,CalisthenicsBoy,Carlsen_brat,2933,2696,2,-3,A08,King's Indian Attack: Sicilian Variation,5,CalisthenicsBoy,white,Carlsen_brat,2933,2696,win,1.0
QUKwpwZ6,2026-01-21T07:05:15.692000+00:00,180+0,standard,blitz,True,resign,black,148,Anatoliy1983,CalisthenicsBoy,2799,2929,-4,4,A48,London System,7,CalisthenicsBoy,black,Anatoliy1983,2929,2799,win,1.0
JL5Omf69,2026-01-21T06:54:19.291000+00:00,180+0,standard,blitz,True,mate,black,156,SublimeWarrior,CalisthenicsBoy,2767,2925,-3,4,E67,"King's Indian Defense: Fianchetto Variation, Classical Fianchetto",14,CalisthenicsBoy,black,SublimeWarrior,2925,2767,win,1.0
kjhlR3bq,2026-01-21T06:47:21.344000+00:00,180+0,standard,blitz,True,resign,white,91,CalisthenicsBoy,mindSet2020,2922,2791,3,-4,A07,King's Indian Attack,3,CalisthenicsBoy,white,mindSet2020,2922,2791,win,1.0
IDOmeIaB,2026-02-01T09:36:36.297000+00:00,600+0,standard,rapid,True,resign,white,55,kot_13,rehbwf,2552,2611,7,-11,E05,"Catalan Opening: Open Defense, Classical Line",12,kot_13,white,rehbwf,2552,2611,win,1.0
7j2i3lzI,2026-01-31T15:59:51.393000+00:00,600+0,standard,rapid,True,resign,white,97,kot_13,ks3sa1,2550,2276,2,-3,D30,Queen's Gambit Declined,4,kot_13,white,ks3sa1,2550,2276,win,1.0
g3eTVs4q,2026-01-31T15:39:10.778000+00:00,600+0,standard,rapid,True,stalemate,,134,Iyed_ChessMood,kot_13,2338,2554,3,-4,B07,Pirc Defense,6,kot_13,black,Iyed_ChessMood,2554,2338,draw,0.5
MSOgZBUU,2026-01-29T11:20:39.439000+00:00,600+0,standard,rapid,True,resign,black,58,kot_13,Zombieblitz,2555,2568,-7,10,A40,English Defense,4,kot_13,white,Zombieblitz,2555,2568,loss,0.0
cIvpiobz,2026-01-19T09:05:32.613000+00:00,600+0,standard,rapid,True,timeout,white,51,Nicklson,kot_13,2388,2563,8,-8,B07,Pirc Defense: Sveshnikov System,7,kot_13,black,Nicklson,2563,2388,loss,0.0
txYC1XPH,2026-01-16T10:06:17.368000+00:00,600+0,standard,rapid,True,resign,black,70,Dubov-ii,kot_13,2542,2541,-6,7,D25,Queen's Gambit Accepted: Winawer Defense,8,kot_13,black,Dubov-ii,2541,2542,win,1.0
Ivs17mkb,2026-01-16T09:46:44.222000+00:00,600+0,standard,rapid,True,resign,black,78,kot_13,bioal,2551,2381,-10,9,D11,Slav Defense: Modern Line,5,kot_13,white,bioal,2551,2381,loss,0.0
NHKZGmEw,2026-01-14T10:38:08.169000+00:00,600+0,standard,rapid,True,resign,black,58,kot_13,ruthless_Axael,2561,2579,-6,18,E73,"King's Indian Defense: Normal Variation, Standard Development",9,kot_13,white,ruthless_Axael,2561,2579,loss,0.0
u1QBtwaK,2026-01-11T18:12:14.654000+00:00,600+0,standard,rapid,True,resign,white,75,kot_13,Mehmetata3,2550,2355,3,-10,E11,Bogo-Indian Defense: Retreat Variation,15,kot_13,white,Mehmetata3,2550,2355,win,1.0
auBXp27j,2026-01-11T17:54:20.623000+00:00,600+0,standard,rapid,True,mate,black,58,AEAP2017,kot_13,2435,2545,-13,5,A06,Nimzo-Larsen Attack: Classical Variation,3,kot_13,black,AEAP2017,2545,2435,win,1.0
IH8RLQEd,2026-01-09T17:55:06.444000+00:00,600+0,standard,rapid,True,outoftime,black,136,Sewec,kot_13,2459,2541,-13,5,B07,Pirc Defense,6,kot_13,black,Sewec,2541,2459,win,1.0
IsXSZzWZ,2025-12-25T16:49:50.456000+00:00,600+0,standard,rapid,True,draw,,32,KhushBagwade,kot_13,2596,2538,-4,2,B07,Pirc Defense,6,kot_13,black,KhushBagwade,2538,2596,draw,0.5
c9MSIAcO,2025-12-12T12:43:10.278000+00:00,600+0,standard,rapid,True,draw,,59,kot_13,Lakers-77,2532,2545,0,0,E05,"Catalan Opening: Open Defense, Classical Line",12,kot_13,white,Lakers-77,2532,2545,draw,0.5
RyQOiid9,2025-12-09T11:39:27.829000+00:00,600+0,standard,rapid,True,resign,black,56,kot_13,yecoolwhatever,2527,2529,-5,14,D30,Queen's Gambit Declined,4,kot_13,white,yecoolwhatever,2527,2529,loss,0.0
AuavkXZ2,2025-12-08T18:46:58.475000+00:00,600+0,standard,rapid,True,resign,white,69,kot_13,HesusNavas,2531,2479,4,-23,D11,Slav Defense: Quiet Variation,7,kot_13,white,HesusNavas,2531,2479,win,1.0
zEoaJUI7,2025-12-05T18:42:05.589000+00:00,600+0,standard,rapid,True,resign,white,79,kot_13,VictorChess15,2521,2468,4,-14,E73,"King's Indian Defense: Normal Variation, Standard Development",9,kot_13,white,VictorChess15,2521,2468,win,1.0
ACkyuokM,2025-12-04T13:18:08.179000+00:00,600+0,standard,rapid,True,resign,black,48,Gustav-Baecker,kot_13,2408,2516,-4,5,E30,Nimzo-Indian Defense: Leningrad Variation,7,kot_13,black,Gustav-Baecker,2516,2408,win,1.0
syWpVqnX,2025-12-04T12:59:07.576000+00:00,600+0,standard,rapid,True,resign,black,102,kot_13,JohnWaball,2521,2575,-5,10,E06,Catalan Opening: Closed,9,kot_13,white,JohnWaball,2521,2575,loss,0.0
QDlylFvY,2025-12-04T12:52:20.479000+00:00,600+0,standard,rapid,True,resign,black,48,JohnWaball,kot_13,2589,2514,-14,7,B08,Pirc Defense: Classical Variation,8,kot_13,black,JohnWaball,2514,2589,win,1.0
Aw4IqZ0t,2025-12-04T12:33:25.972000+00:00,600+0,standard,rapid,True,resign,black,132,kot_13,JohnWaball,2519,2579,-5,10,E24,Nimzo-Indian Defense: Sämisch Variation,7,kot_13,white,JohnWaball,2519,2579,loss,0.0
ZirRBEQb,2025-12-04T11:35:18.630000+00:00,600+0,standard,rapid,True,resign,black,78,kot_13,BLACKCROW7707,2537,2405,-8,8,E73,"King's Indian Defense: Normal Variation, Standard Development",9,kot_13,white,BLACKCROW7707,2537,2405,loss,0.0
YhRkqU8Z,2025-12-02T19:03:30.202000+00:00,600+0,standard,rapid,True,resign,black,92,kot_13,ErnesticoCuba,2542,2351,-9,9,A40,Queen's Pawn Game: Modern Defense,2,kot_13,white,ErnesticoCuba,2542,2351,loss,0.0
tC2KYlwp,2025-12-01T18:34:30.504000+00:00,600+0,standard,rapid,True,resign,black,64,Lenste,kot_13,2424,2538,-16,4,B07,Pirc Defense,6,kot_13,black,Lenste,2538,2424,win,1.0
ACCJY3XB,2025-11-29T15:17:27.914000+00:00,60+0,standard,bullet,True,outoftime,black,120,kot_13,Geniusking77,2526,2501,-6,7,D06,Queen's Gambit Declined: Marshall Defense,4,kot_13,white,Geniusking77,2526,2501,loss,0.0
ymt6YRcu,2025-11-27T15:53:40.678000+00:00,600+0,standard,rapid,True,resign,white,75,hamidebh001,kot_13,2659,2534,9,-4,E24,Nimzo-Indian Defense: Sämisch Variation,7,kot_13,black,hamidebh001,2534,2659,loss,0.0
FmDa2V0z,2025-11-27T15:34:21.067000+00:00,600+0,standard,rapid,True,resign,black,40,MadMaxPayne26,kot_13,2513,2519,-6,7,E12,"Queen's Indian Defense: Kasparov-Petrosian Variation, Main Line",10,kot_13,black,MadMaxPayne26,2519,2513,win,1.0
58TZSGae,2025-11-27T15:11:20.134000+00:00,600+0,standard,rapid,True,resign,white,51,kot_13,MoMostafaDIG,2525,2333,3,-3,D11,Slav Defense: Quiet Variation,7,kot_13,white,MoMostafaDIG,2525,2333,win,1.0
QOcaLfrI,2025-11-27T14:54:58.214000+00:00,600+0,standard,rapid,True,resign,white,59,OursBulgare,kot_13,2466,2532,10,-7,A00,Mieses Opening,1,kot_13,black,OursBulgare,2532,2466,loss,0.0
5feI68d0,2025-11-23T18:54:29.799000+00:00,600+0,standard,rapid,True,mate,black,138,Medullary_GG,kot_13,2557,2525,-13,7,E12,"Queen's Indian Defense: Kasparov-Petrosian Variation, Main Line",10,kot_13,black,Medullary_GG,2525,2557,win,1.0
KrNI85nF,2025-11-21T17:51:10.428000+00:00,600+0,standard,rapid,True,resign,white,55,kot_13,Robert1578,2521,2358,4,-3,E24,Nimzo-Indian Defense: Sämisch Variation,7,kot_13,white,Robert1578,2521,2358,win,1.0
7bFDgANL,2026-02-01T18:09:47.666000+00:00,180+2,standard,blitz,True,resign,white,63,SHIDFAR2007,TheCableBox,2686,2704,6,-6,C63,Ruy Lopez: Schliemann Defense,6,SHIDFAR2007,white,TheCableBox,2686,2704,win,1.0
OJiO5xWJ,2026-02-01T17:59:06.093000+00:00,180+2,standard,blitz,True,resign,black,134,TheCableBox,SHIDFAR2007,2711,2678,-7,8,B90,"Sicilian Defense: Najdorf Variation, English Attack, Anti-English",12,SHIDFAR2007,black,TheCableBox,2678,2711,win,1.0
qHAqVYpW,2026-02-01T17:49:57.788000+00:00,180+2,standard,blitz,True,resign,black,90,SHIDFAR2007,TheCableBox,2685,2705,-7,6,C00,French Defense: St. George Defense,4,SHIDFAR2007,white,TheCableBox,2685,2705,loss,0.0
TMeE1Alp,2026-02-01T17:43:05.403000+00:00,180+2,standard,blitz,True,resign,black,66,TheCableBox,SHIDFAR2007,2711,2677,-6,8,B13,Caro-Kann Defense: Exchange Variation,5,SHIDFAR2007,black,TheCableBox,2677,2711,win,1.0
pjHP8UYt,2026-02-01T17:33:02.560000+00:00,180+2,standard,blitz,True,resign,black,114,SHIDFAR2007,TheCableBox,2684,2706,-7,5,C63,Ruy Lopez: Schliemann Defense,6,SHIDFAR2007,white,TheCableBox,2684,2706,loss,0.0
mrFSDUkR,2026-02-01T17:25:50.203000+00:00,180+2,standard,blitz,True,resign,black,84,TheCableBox,SHIDFAR2007,2712,2676,-6,8,B90,"Sicilian Defense: Najdorf Variation, English Attack, Anti-English",12,SHIDFAR2007,black,TheCableBox,2676,2712,win,1.0
h3l4QVYV,2026-02-01T17:18:08.169000+00:00,180+2,standard,blitz,True,outoftime,white,71,SHIDFAR2007,TheCableBox,2668,2719,8,-7,B00,Duras Gambit,2,SHIDFAR2007,white,TheCableBox,2668,2719,win,1.0
Wa0jafgV,2026-02-01T17:10:03.245000+00:00,180+2,standard,blitz,True,outoftime,black,76,TheCableBox,SHIDFAR2007,2727,2659,-8,9,B90,"Sicilian Defense: Najdorf Variation, English Attack, Anti-English",12,SHIDFAR2007,black,TheCableBox,2659,2727,win,1.0
37jed0bH,2026-02-01T17:01:36.846000+00:00,180+2,standard,blitz,True,resign,white,71,SHIDFAR2007,TheCableBox,2650,2734,9,-7,D32,Tarrasch Defense: Schara Gambit,8,SHIDFAR2007,white,TheCableBox,2650,2734,win,1.0
xNaEA9t5,2026-02-01T16:35:58.927000+00:00,600+0,standard,rapid,True,resign,black,98,SHIDFAR2007,Endgame2801,2715,2523,-18,11,B38,"Sicilian Defense: Accelerated Dragon, Maróczy Bind",11,SHIDFAR2007,white,Endgame2801,2715,2523,loss,0.0
CbnknoAQ,2026-02-01T09:11:54.184000+00:00,600+0,standard,rapid,True,mate,black,42,IrajZerai,SHIDFAR2007,2465,2709,-2,6,B23,Sicilian Defense: Closed,3,SHIDFAR2007,black,IrajZerai,2709,2465,win,1.0
azeRjr86,2026-01-30T18:43:58.212000+00:00,600+0,standard,rapid,True,resign,white,65,SHIDFAR2007,s_n_a_k_e,2705,2460,4,-2,B46,Sicilian Defense: Taimanov Variation,10,SHIDFAR2007,white,s_n_a_k_e,2705,2460,win,1.0
mA3svdXo,2026-01-30T14:12:37.171000+00:00,600+0,standard,rapid,True,resign,black,72,emandr,SHIDFAR2007,2607,2695,-5,10,B94,Sicilian Defense: Najdorf Variation,11,SHIDFAR2007,black,emandr,2695,2607,win,1.0
22TqaHhs,2026-01-29T17:36:43.688000+00:00,180+2,standard,blitz,True,resign,white,87,Lesoeru,SHIDFAR2007,2562,2659,7,-9,B22,Sicilian Defense: Alapin Variation,3,SHIDFAR2007,black,Lesoeru,2659,2562,loss,0.0
NWlmAa4w,2026-01-29T17:20:28.986000+00:00,180+2,standard,blitz,True,outoftime,white,63,SHIDFAR2007,TatjanaVasilevich77,2654,2506,5,-4,D35,"Queen's Gambit Declined: Exchange Variation, Positional Variation",9,SHIDFAR2007,white,TatjanaVasilevich77,2654,2506,win,1.0
3qiB3gOK,2026-01-29T16:44:47.756000+00:00,180+2,standard,blitz,True,resign,white,107,Elsny13,SHIDFAR2007,2516,2665,8,-11,E00,Catalan Opening,6,SHIDFAR2007,black,Elsny13,2665,2516,loss,0.0
YfrKvCqI,2026-01-29T09:05:54.730000+00:00,15+0,standard,ultraBullet,True,outoftime,white,81,SHIDFAR2007,Shatunov123,2167,2088,6,-4,C47,Four Knights Game: Scotch Variation Accepted,8,SHIDFAR2007,white,Shatunov123,2167,2088,win,1.0
KGns1u7Q,2026-01-28T14:03:01.217000+00:00,600+0,standard,rapid,True,draw,,153,maxim_Ermakov06,SHIDFAR2007,2532,2700,3,-5,B22,"Sicilian Defense: Alapin Variation, Smith-Morra Declined",8,SHIDFAR2007,black,maxim_Ermakov06,2700,2532,draw,0.5
z0ocxawR,2026-01-28T13:45:51.353000+00:00,180+2,standard,blitz,True,resign,white,65,Erarxady,SHIDFAR2007,2578,2674,7,-9,D30,Queen's Gambit Declined,4,SHIDFAR2007,black,Erarxady,2674,2578,loss,0.0
XMfcJF6o,2026-01-28T13:14:53.189000+00:00,180+2,standard,blitz,True,resign,white,51,SHIDFAR2007,salasar1955,2666,2486,4,-3,D31,"Semi-Slav Defense: Marshall Gambit, Main Line",11,SHIDFAR2007,white,salasar1955,2666,2486,win,1.0
JcxSZ0fw,2026-01-28T12:59:15.160000+00:00,180+2,standard,blitz,True,stalemate,,156,ruthless_Axael,SHIDFAR2007,2503,2669,2,-3,E70,King's Indian Defense: Normal Variation,7,SHIDFAR2007,black,ruthless_Axael,2669,2503,draw,0.5
llfY3pIZ,2026-01-28T12:33:37.939000+00:00,180+2,standard,blitz,True,resign,black,54,boyblack90,SHIDFAR2007,2538,2662,-12,5,B90,"Sicilian Defense: Najdorf Variation, Adams Attack",11,SHIDFAR2007,black,boyblack90,2662,2538,win,1.0
DuXEuqsP,2026-01-28T12:22:06.237000+00:00,180+2,standard,blitz,True,resign,black,84,SHIDFAR2007,Dubliverjochoppet,2672,2594,-10,7,A00,Saragossa Opening,1,SHIDFAR2007,white,Dubliverjochoppet,2672,2594,loss,0.0
0jkubrLI,2026-01-28T11:20:07.129000+00:00,180+2,standard,blitz,True,resign,white,103,SHIDFAR2007,ata101,2668,2460,4,-3,E36,"Nimzo-Indian Defense: Classical Variation, Noa Variation",9,SHIDFAR2007,white,ata101,2668,2460,win,1.0
yQwNQnYP,2026-01-08T13:32:20.352000+00:00,180+2,standard,blitz,True,outoftime,white,113,SHIDFAR2007,msd76,2671,2498,3,-3,D80,Grünfeld Defense: Stockholm Variation,7,SHIDFAR2007,white,msd76,2671,2498,win,1.0
G7nXKwMB,2026-01-08T13:12:06.611000+00:00,180+2,standard,blitz,True,resign,black,116,Grukjr,SHIDFAR2007,2619,2666,-7,5,B92,"Sicilian Defense: Najdorf Variation, Opocensky Variation, Traditional Line",16,SHIDFAR2007,black,Grukjr,2666,2619,win,1.0
cQc1DmdW,2026-01-08T12:58:37.508000+00:00,180+2,standard,blitz,True,resign,white,95,HardestLemon,SHIDFAR2007,2647,2672,6,-6,B50,Sicilian Defense: Modern Variations,4,SHIDFAR2007,black,HardestLemon,2672,2647,loss,0.0
RepbToZT,2026-01-05T12:31:31.385000+00:00,180+2,standard,blitz,True,outoftime,white,117,Chess_diviner,SHIDFAR2007,2704,2677,5,-5,D02,Queen's Pawn Game: Zukertort Variation,3,SHIDFAR2007,black,Chess_diviner,2677,2704,loss,0.0
7xcpTLtw,2026-01-05T10:39:46.936000+00:00,180+2,standard,blitz,True,mate,black,38,SHIDFAR2007,Ucitelot,2687,2575,-8,8,D31,"Semi-Slav Defense: Marshall Gambit, Main Line",11,SHIDFAR2007,white,Ucitelot,2687,2575,loss,0.0
CqXDkuR3,2026-01-05T10:23:59.711000+00:00,180+2,standard,blitz,True,draw,,97,cve160900,SHIDFAR2007,2510,2689,3,-2,B90,"Sicilian Defense: Najdorf Variation, Adams Attack",11,SHIDFAR2007,black,cve160900,2689,2510,draw,0.5
6cTf8YBE,2026-02-01T21:42:24.268000+00:00,900+15,standard,classical,True,draw,,100,Joe_Manco,AggressiveOpeningsss,2368,2320,-2,4,A20,English Opening: King's English Variation,2,Joe_Manco,white,AggressiveOpeningsss,2368,2320,draw,0.5
SzjWVerv,2026-02-01T21:20:15.261000+00:00,900+15,standard,classical,True,resign,black,38,heisingen1234,Joe_Manco,2448,2351,-17,17,A43,"Benoni Defense: Benoni-Indian Defense, Kingside Move Order",5,Joe_Manco,black,heisingen1234,2351,2448,win,1.0
yyi5xqN7,2026-02-01T19:33:52.251000+00:00,900+15,standard,classical,True,resign,black,80,DrSleep72,Joe_Manco,2288,2340,-37,11,C05,"French Defense: Tarrasch Variation, Closed Variation",12,Joe_Manco,black,DrSleep72,2340,2288,win,1.0
jHuvO4U4,2026-02-01T18:47:21.613000+00:00,600+0,standard,rapid,True,resign,black,90,Joe_Manco,adidasty,2153,2003,-8,8,A35,"English Opening: Symmetrical Variation, Two Knights Variation",4,Joe_Manco,white,adidasty,2153,2003,loss,0.0
BeMRJuoj,2026-02-01T17:49:02.955000+00:00,900+15,standard,classical,True,draw,,106,gmshloky,Joe_Manco,2275,2342,1,-2,C10,"French Defense: Rubinstein Variation, Fort Knox Variation",10,Joe_Manco,black,gmshloky,2342,2275,draw,0.5
2y9njNLY,2026-02-01T17:22:17.788000+00:00,900+15,standard,classical,True,resign,black,50,Joe_Manco,AJTA08,2360,2267,-18,19,B54,Sicilian Defense: Prins Variation,9,Joe_Manco,white,AJTA08,2360,2267,loss,0.0
B0Xu0rl1,2026-02-01T16:39:37.567000+00:00,600+0,standard,rapid,True,resign,white,85,Stepanki,Joe_Manco,2137,2159,5,-6,A01,Nimzo-Larsen Attack,1,Joe_Manco,black,Stepanki,2159,2137,loss,0.0
ardiIOe2,2026-02-01T16:01:00.601000+00:00,600+0,standard,rapid,True,resign,black,110,olysseus,Joe_Manco,2078,2154,-5,5,C00,French Defense: Two Knights Variation,5,Joe_Manco,black,olysseus,2154,2078,win,1.0
93vfrRgI,2026-02-01T15:10:01.607000+00:00,900+15,standard,classical,True,resign,white,69,heisingen1234,Joe_Manco,2458,2370,10,-10,E90,King's Indian Defense: Larsen Variation,11,Joe_Manco,black,heisingen1234,2370,2458,loss,0.0
grCmgXea,2026-01-31T20:13:32.685000+00:00,900+15,standard,classical,True,resign,white,53,GustyRoberto,Joe_Manco,2782,2373,12,-3,E69,"King's Indian Defense: Fianchetto Variation, Classical Main Line",17,Joe_Manco,black,GustyRoberto,2373,2782,loss,0.0
6mBnL7iT,2026-01-31T18:59:11.412000+00:00,600+0,standard,rapid,True,resign,white,57,longroadto2200,Joe_Manco,2119,2151,8,-6,E94,"King's Indian Defense: Orthodox Variation, Positional Defense",14,Joe_Manco,black,longroadto2200,2151,2119,loss,0.0
nJi1SGe8,2026-01-31T17:08:32.960000+00:00,900+15,standard,classical,True,draw,,124,Joe_Manco,MIF_chess,2376,2328,-3,5,A13,English Opening: Agincourt Defense,2,Joe_Manco,white,MIF_chess,2376,2328,draw,0.5
QYaO47Fg,2026-01-31T15:19:18.746000+00:00,900+15,standard,classical,True,draw,,56,Joe_Manco,SchachFennek,2382,2283,-4,17,A36,"English Opening: Symmetrical Variation, Ultra-Symmetrical Variation",8,Joe_Manco,white,SchachFennek,2382,2283,draw,0.5
9Tig2kNY,2026-01-31T02:00:58.474000+00:00,600+0,standard,rapid,True,resign,black,82,Joe_Manco,Beastidis,2155,2239,-4,4,B44,Sicilian Defense: Taimanov Variation,8,Joe_Manco,white,Beastidis,2155,2239,loss,0.0
hj48AOhR,2026-01-31T00:52:17.647000+00:00,600+0,standard,rapid,True,resign,white,56,Joe_Manco,Kogaikng,2145,2112,5,-5,B00,Nimzowitsch Defense: Declined Variation,3,Joe_Manco,white,Kogaikng,2145,2112,win,1.0
9RVR2KIq,2026-01-30T23:57:17.598000+00:00,600+0,standard,rapid,True,mate,black,90,Joe_Manco,BH_1989,2150,2079,-7,7,C00,French Defense: Normal Variation,3,Joe_Manco,white,BH_1989,2150,2079,loss,0.0
9HnIIy4W,2026-01-29T07:01:53.050000+00:00,600+10,standard,rapid,True,resign,black,63,Sydney79,Joe_Manco,2322,2141,-31,8,C00,French Defense: Two Knights Variation,5,Joe_Manco,black,Sydney79,2141,2322,win,1.0
eddXhr7U,2026-01-29T05:35:55.201000+00:00,600+10,standard,rapid,True,mate,black,70,Archilo55,Joe_Manco,2093,2135,-5,6,A45,Trompowsky Attack: Raptor Variation,5,Joe_Manco,black,Archilo55,2135,2093,win,1.0
OWjIZrxP,2026-01-28T21:33:04.080000+00:00,900+15,standard,classical,True,draw,,108,Joe_Manco,Smartmangopie,2387,2293,-5,3,B15,Caro-Kann Defense: Tartakower Variation,10,Joe_Manco,white,Smartmangopie,2387,2293,draw,0.5
zGR6Ge2z,2026-01-28T19:36:48.775000+00:00,900+15,standard,classical,True,resign,black,156,Joe_Manco,Shanguito,2406,2375,-19,24,B01,Scandinavian Defense: Mieses-Kotroc Variation,4,Joe_Manco,white,Shanguito,2406,2375,loss,0.0
ix5Ww30M,2026-01-28T18:42:11.032000+00:00,900+15,standard,classical,True,resign,black,74,Joe_Manco,GustyRoberto,2410,2763,-4,19,B30,Sicilian Defense: Old Sicilian,4,Joe_Manco,white,GustyRoberto,2410,2763,loss,0.0
J4Uv8spO,2026-01-28T18:08:22.750000+00:00,900+15,standard,classical,True,draw,,32,GustyRoberto,Joe_Manco,2830,2397,-67,13,C10,"French Defense: Rubinstein Variation, Fort Knox Variation",10,Joe_Manco,black,GustyRoberto,2397,2830,draw,0.5
dLjF3PC6,2026-01-28T17:46:24.958000+00:00,600+0,standard,rapid,True,resign,white,85,Alitondro,Joe_Manco,2206,2140,6,-5,E73,King's Indian Defense: Semi-Averbakh System,11,Joe_Manco,black,Alitondro,2140,2206,loss,0.0
myLRjNzi,2026-01-27T22:21:33.017000+00:00,900+15,standard,classical,True,resign,black,146,Endgame2801,Joe_Manco,2383,2379,-42,18,C02,"French Defense: Advance Variation, Main Line",11,Joe_Manco,black,Endgame2801,2379,2383,win,1.0
ZD9hx2un,2026-01-27T21:33:31.676000+00:00,900+15,standard,classical,True,resign,black,69,mayfester,Joe_Manco,2389,2357,-17,22,D01,Rapport-Jobava System,5,Joe_Manco,black,mayfester,2357,2389,win,1.0
hS59gh4d,2026-01-27T20:43:05.505000+00:00,900+15,standard,classical,True,resign,black,52,Joe_Manco,mayfester,2378,2372,-21,17,B40,Sicilian Defense: Kramnik Variation,5,Joe_Manco,white,mayfester,2378,2372,loss,0.0
tnVDRgxI,2026-01-27T18:23:58.798000+00:00,900+15,standard,classical,True,resign,white,115,Joe_Manco,yaminejamal1,2363,2268,15,-10,B44,Sicilian Defense: Taimanov Variation,8,Joe_Manco,white,yaminejamal1,2363,2268,win,1.0
xKhSDItl,2026-01-27T16:16:27.242000+00:00,480+1,standard,rapid,True,resign,white,73,TymofiiKhilenko1,Joe_Manco,2369,2157,14,-3,C01,French Defense: Exchange Variation,7,Joe_Manco,black,TymofiiKhilenko1,2157,2369,loss,0.0
dZ5DNefp,2026-01-26T21:32:14.065000+00:00,900+15,standard,classical,True,resign,white,35,Joe_Manco,Cr7_Triste08042411,2344,2256,18,-19,C00,French Defense: Alapin Gambit,5,Joe_Manco,white,Cr7_Triste08042411,2344,2256,win,1.0
ScQOf8C6,2026-01-26T19:48:46.808000+00:00,900+15,standard,classical,True,draw,,72,Joe_Manco,Justement,2348,2307,-4,1,E34,"Nimzo-Indian Defense: Classical Variation, Noa Variation",8,Joe_Manco,white,Justement,2348,2307,draw,0.5
SoWzhy4v,2026-01-30T22:39:44.129000+00:00,1200+10,standard,classical,True,resign,black,124,Art-Vega,geneh59,2411,2262,-9,8,E20,Nimzo-Indian Defense: Kmoch Variation,7,Art-Vega,white,geneh59,2411,2262,loss,0.0
EywuCLxZ,2026-01-30T22:37:40.342000+00:00,1200+10,standard,classical,True,resign,black,14,EdgeNotU2,Art-Vega,1480,2411,0,0,B32,Sicilian Defense: Accelerated Dragon,8,Art-Vega,black,EdgeNotU2,2411,1480,win,1.0
WHGAx8TW,2026-01-30T21:37:17.017000+00:00,1200+10,standard,classical,True,resign,black,90,andy80,Art-Vega,2103,2409,-9,2,A15,English Opening: Anglo-Indian Defense,2,Art-Vega,black,andy80,2409,2103,win,1.0
AwH0pssl,2026-01-30T21:17:40.296000+00:00,1200+10,standard,classical,True,resign,white,39,Art-Vega,Falco1974,2407,2100,2,-5,D55,"Queen's Gambit Declined: Modern Variation, Normal Line",11,Art-Vega,white,Falco1974,2407,2100,win,1.0
pnIvMpok,2026-01-30T20:55:07.597000+00:00,1200+10,standard,classical,True,resign,white,57,Art-Vega,Morgan-Chane,2407,1713,0,0,C41,Philidor Defense: Lion Variation,8,Art-Vega,white,Morgan-Chane,2407,1713,win,1.0
KnbjzQLT,2026-01-30T20:43:24.702000+00:00,1200+10,standard,classical,True,resign,black,64,deperdioalrio,Art-Vega,2011,2405,-2,2,E30,Nimzo-Indian Defense: Leningrad Variation,7,Art-Vega,black,deperdioalrio,2405,2011,win,1.0
GLmfnUx0,2026-01-30T20:31:17.393000+00:00,1200+10,standard,classical,True,resign,black,56,kovalchukstas,Art-Vega,1574,2405,-1,0,B10,Caro-Kann Defense,2,Art-Vega,black,kovalchukstas,2405,1574,win,1.0
A6uAxIDa,2026-01-30T19:48:05.917000+00:00,1200+10,standard,classical,True,resign,white,105,Art-Vega,Elreyperron1,2403,2113,2,-5,D15,Slav Defense: Süchting Variation,8,Art-Vega,white,Elreyperron1,2403,2113,win,1.0
kW3xyhKc,2026-01-28T21:26:57.401000+00:00,600+0,standard,rapid,True,resign,black,98,AymanAlkshan,Art-Vega,1567,2481,0,0,C65,"Ruy Lopez: Berlin Defense, Anti-Berlin Variation",7,Art-Vega,black,AymanAlkshan,2481,1567,win,1.0
N40tly5A,2026-01-28T21:08:48.100000+00:00,600+0,standard,rapid,True,outoftime,white,71,Art-Vega,vladilevi,2478,2259,3,-2,E20,Nimzo-Indian Defense: Kmoch Variation,7,Art-Vega,white,vladilevi,2478,2259,win,1.0
XoDp7x0t,2026-01-28T20:48:54.321000+00:00,600+0,standard,rapid,True,resign,black,112,B_o_b_b_y---Fischer,Art-Vega,2079,2477,-5,1,C50,"Italian Game: Giuoco Pianissimo, Normal",8,Art-Vega,black,B_o_b_b_y---Fischer,2477,2079,win,1.0
TAkYKxWR,2026-01-28T20:38:11.355000+00:00,600+0,standard,rapid,True,resign,black,106,masudrana1,Art-Vega,1959,2477,-1,0,C44,King's Knight Opening: Normal Variation,4,Art-Vega,black,masudrana1,2477,1959,win,1.0
Hrj1R2la,2026-01-28T20:24:21.144000+00:00,600+0,standard,rapid,True,resign,white,61,Art-Vega,Snezhin_5560,2476,1974,1,-1,D66,"Queen's Gambit Declined: Orthodox Defense, Bd3 Line",15,Art-Vega,white,Snezhin_5560,2476,1974,win,1.0
YdDjPnCJ,2026-01-28T20:22:34.041000+00:00,600+0,standard,rapid,True,resign,black,22,hichmo,Art-Vega,1693,2476,0,0,C47,"Four Knights Game: Italian Variation, Noa Gambit",9,Art-Vega,black,hichmo,2476,1693,win,1.0
YfUNBMzd,2026-01-28T20:06:20.219000+00:00,600+0,standard,rapid,True,outoftime,white,67,Art-Vega,konrud,2476,1622,0,0,B21,"Sicilian Defense: Smith-Morra Gambit Accepted, Paulsen Formation",12,Art-Vega,white,konrud,2476,1622,win,1.0
mb95cqs3,2026-01-28T19:47:33.096000+00:00,600+0,standard,rapid,True,resign,black,70,akpap,Art-Vega,2239,2473,-3,3,C54,"Italian Game: Classical Variation, Giuoco Pianissimo, with a6",12,Art-Vega,black,akpap,2473,2239,win,1.0
ZWcp0r2o,2026-01-28T19:38:27.483000+00:00,600+0,standard,rapid,True,mate,white,87,Art-Vega,Arsenij_Puch,2472,2107,1,-2,C41,Philidor Defense: Lion Variation,8,Art-Vega,white,Arsenij_Puch,2472,2107,win,1.0
povlDceP,2026-01-28T19:22:58.040000+00:00,600+0,standard,rapid,True,mate,black,82,gemanuil,Art-Vega,1976,2471,0,1,C50,"Italian Game: Giuoco Pianissimo, Normal",8,Art-Vega,black,gemanuil,2471,1976,win,1.0
jXx0sic7,2026-01-28T09:52:02.782000+00:00,600+0,standard,rapid,True,mate,black,138,Asad-Javed,Art-Vega,2412,2466,-20,5,C47,"Four Knights Game: Scotch Variation Accepted, Main Line",17,Art-Vega,black,Asad-Javed,2466,2412,win,1.0
61treS77,2026-01-28T09:33:47.651000+00:00,600+0,standard,rapid,True,draw,,115,Art-Vega,Asad-Javed,2467,2407,-1,5,D25,Queen's Gambit Accepted: Normal Variation,7,Art-Vega,white,Asad-Javed,2467,2407,draw,0.5
ZAJpYpyi,2026-01-25T21:20:54.036000+00:00,600+0,standard,rapid,True,resign,black,86,Art-Vega,veysel3207,2478,1968,-11,11,B08,"Pirc Defense: Classical Variation, Quiet System",9,Art-Vega,white,veysel3207,2478,1968,loss,0.0
hDThmj2k,2026-01-25T21:05:17.843000+00:00,600+0,standard,rapid,True,outoftime,white,67,Art-Vega,YaroslavKolodiy,2478,1968,0,0,A67,Benoni Defense: Taimanov Variation,15,Art-Vega,white,YaroslavKolodiy,2478,1968,win,1.0
iKjx2Wbj,2026-01-25T20:53:37.765000+00:00,600+0,standard,rapid,True,resign,black,80,Rick-Rude,Art-Vega,1643,2478,0,0,A00,Van't Kruijs Opening,1,Art-Vega,black,Rick-Rude,2478,1643,win,1.0
KX2m3Ww5,2026-01-25T19:40:59.288000+00:00,600+0,standard,rapid,True,resign,white,63,Art-Vega,elleci63,2488,1938,1,-1,D66,"Queen's Gambit Declined: Orthodox Defense, Bd3 Line",15,Art-Vega,white,elleci63,2488,1938,win,1.0
0BirDw2y,2026-01-25T19:34:41.682000+00:00,600+0,standard,rapid,True,resign,black,36,anonym54321,Art-Vega,2115,2487,-6,1,C54,"Italian Game: Classical Variation, Giuoco Pianissimo",10,Art-Vega,black,anonym54321,2487,2115,win,1.0
LbjTf08V,2026-01-25T19:23:24.597000+00:00,600+0,standard,rapid,True,mate,white,73,Art-Vega,Trainavi,2486,2055,1,-1,E20,Nimzo-Indian Defense: Kmoch Variation,7,Art-Vega,white,Trainavi,2486,2055,win,1.0
fArKSN9K,2026-01-25T19:11:34.913000+00:00,600+0,standard,rapid,True,mate,black,106,alex99099,Art-Vega,1353,2486,0,0,A80,Dutch Defense,2,Art-Vega,black,alex99099,2486,1353,win,1.0
st56ng3E,2026-01-22T01:43:02.730000+00:00,600+0,standard,rapid,True,outoftime,white,61,Art-Vega,StrangerAM,2475,2557,7,-7,B06,Modern Defense: Two Knights Variation,7,Art-Vega,white,StrangerAM,2475,2557,win,1.0
ZZtbPbEU,2026-01-22T01:24:56.172000+00:00,600+0,standard,rapid,True,resign,black,80,TRENER-Jurmala,Art-Vega,2492,2469,-6,6,A45,Trompowsky Attack,3,Art-Vega,black,TRENER-Jurmala,2469,2492,win,1.0
k8sVybrd,2026-01-22T01:02:02.961000+00:00,600+0,standard,rapid,True,resign,white,69,exISAMBARD,Art-Vega,2362,2476,9,-7,A48,Torre Attack: Fianchetto Defense,5,Art-Vega,black,exISAMBARD,2476,2362,loss,0.0
NQyhsVTS,2026-02-01T09:14:24.852000+00:00,60+0,standard,bullet,True,mate,white,113,tjychess,BlitzKing92,2949,2765,3,-3,A00,Grob Opening,1,tjychess,white,BlitzKing92,2949,2765,win,1.0
qgPNFYyK,2026-02-01T04:10:27.131000+00:00,60+0,standard,bullet,True,resign,white,79,UTSC_SG,tjychess,2810,2957,7,-8,A05,Zukertort Opening,2,tjychess,black,UTSC_SG,2957,2810,loss,0.0
Dka12Ocs,2026-01-29T16:57:39.030000+00:00,60+0,standard,bullet,True,resign,white,49,sunchess137,tjychess,2946,2977,6,-6,B12,"Caro-Kann Defense: Advance Variation, Botvinnik-Carls Defense",6,tjychess,black,sunchess137,2977,2946,loss,0.0
F6UBvDK0,2026-01-28T19:08:55.738000+00:00,180+0,standard,blitz,True,resign,white,61,tjychess,Italiangangster,2899,2706,3,-2,E90,"King's Indian Defense: Normal Variation, Rare Defenses",9,tjychess,white,Italiangangster,2899,2706,win,1.0
fSRETUia,2026-01-28T19:03:45.745000+00:00,180+0,standard,blitz,True,resign,black,82,Italiangangster,tjychess,2710,2896,-4,3,C78,Ruy Lopez: Morphy Defense,9,tjychess,black,Italiangangster,2896,2710,win,1.0
Y0aAJH6N,2026-01-28T19:02:33.058000+00:00,180+0,standard,blitz,True,resign,white,35,tjychess,Italiangangster,2893,2712,3,-2,E49,"Nimzo-Indian Defense: Normal Variation, Botvinnik System",13,tjychess,white,Italiangangster,2893,2712,win,1.0
pvpiWszJ,2026-01-28T18:57:04.873000+00:00,180+0,standard,blitz,True,draw,,114,Italiangangster,tjychess,2710,2896,2,-3,C54,"Italian Game: Classical Variation, Giuoco Pianissimo",14,tjychess,black,Italiangangster,2896,2710,draw,0.5
ZOLJAln2,2026-01-28T18:52:00.915000+00:00,180+0,standard,blitz,True,draw,,124,tjychess,Italiangangster,2899,2707,-3,3,B51,Sicilian Defense: Moscow Variation,5,tjychess,white,Italiangangster,2899,2707,draw,0.5
CUBwtJiA,2026-01-28T16:53:27.633000+00:00,180+0,standard,blitz,True,draw,,107,BLS-75ah,tjychess,2782,2901,3,-2,A14,"English Opening: Agincourt Defense, Neo-Catalan Declined",11,tjychess,black,BLS-75ah,2901,2782,draw,0.5
2I8QjpRz,2026-01-28T10:54:45.868000+00:00,60+0,standard,bullet,True,resign,black,56,tjychess,Gogithewise,2994,2965,-6,7,A07,King's Indian Attack: Keres Variation,8,tjychess,white,Gogithewise,2994,2965,loss,0.0
BsRHO0U7,2026-01-27T17:25:13.642000+00:00,60+0,standard,bullet,True,resign,black,50,tjychess,golpear,3008,2780,-9,9,A07,King's Indian Attack,3,tjychess,white,golpear,3008,2780,loss,0.0
AP3hzSCm,2026-01-27T06:42:09.351000+00:00,60+0,standard,bullet,True,draw,,97,AsoAjedrezMerida,tjychess,2894,3004,2,-2,C72,"Ruy Lopez: Morphy Defense, Modern Steinitz Defense",9,tjychess,black,AsoAjedrezMerida,3004,2894,draw,0.5
vQVb456G,2026-01-23T14:52:53.245000+00:00,60+0,standard,bullet,True,resign,white,75,carnivoras,tjychess,2866,2987,8,-7,D35,"Queen's Gambit Declined: Exchange Variation, Positional Variation",9,tjychess,black,carnivoras,2987,2866,loss,0.0
9HiKMJJD,2026-01-23T14:50:50.870000+00:00,60+0,standard,bullet,True,mate,black,66,tjychess,carnivoras,2995,2857,-8,9,E65,"King's Indian Defense: Fianchetto Variation, Yugoslav Variation, Exchange Line",16,tjychess,white,carnivoras,2995,2857,loss,0.0
uScKsroY,2026-01-23T14:49:13.232000+00:00,60+0,standard,bullet,True,resign,black,70,carnivoras,tjychess,2861,2992,-4,3,A01,Nimzo-Larsen Attack: Modern Variation,5,tjychess,black,carnivoras,2992,2861,win,1.0
44DO07QR,2026-01-22T16:53:36.093000+00:00,180+0,standard,blitz,True,mate,white,171,tjychess,SublimeWarrior,2897,2800,4,-4,D97,"Grünfeld Defense: Russian Variation, Byrne Variation",14,tjychess,white,SublimeWarrior,2897,2800,win,1.0
XK2fv7em,2026-01-22T16:46:33.395000+00:00,180+0,standard,blitz,True,outoftime,black,264,SublimeWarrior,tjychess,2805,2892,-5,5,A11,"Réti Opening: Anglo-Slav Variation, with g3",8,tjychess,black,SublimeWarrior,2892,2805,win,1.0
SxdS1yot,2026-01-22T16:40:08.412000+00:00,180+0,standard,blitz,True,mate,white,99,tjychess,SublimeWarrior,2888,2809,4,-4,C50,"Italian Game: Giuoco Pianissimo, Normal",8,tjychess,white,SublimeWarrior,2888,2809,win,1.0
w2X76Z5u,2026-01-22T16:31:59.176000+00:00,180+0,standard,blitz,True,resign,white,125,tjychess,Italiangangster,2886,2649,2,-2,B41,"Sicilian Defense: Kan Variation, Maróczy Bind, Réti Variation",9,tjychess,white,Italiangangster,2886,2649,win,1.0
Ii1c4M9l,2026-01-22T16:26:23.154000+00:00,180+0,standard,blitz,True,draw,,94,Albaber1991,tjychess,2734,2888,2,-2,D45,Semi-Slav Defense: Stoltz Variation,13,tjychess,black,Albaber1991,2888,2734,draw,0.5
OFZ9Njmh,2026-01-22T16:17:00.225000+00:00,180+0,standard,blitz,True,resign,white,95,tjychess,No_signs_of_V,2887,2556,1,-2,B11,"Caro-Kann Defense: Two Knights Attack, Mindeno Variation, Retreat Line",8,tjychess,white,No_signs_of_V,2887,2556,win,1.0
LIkIUG2n,2026-01-22T16:12:20.529000+00:00,180+0,standard,blitz,True,draw,,56,tjychess,MelkMaschinenMeister,2890,2699,-3,3,B10,Caro-Kann Defense: Two Knights Attack,5,tjychess,white,MelkMaschinenMeister,2890,2699,draw,0.5
t0Z7HmlL,2026-01-22T16:07:31.068000+00:00,180+0,standard,blitz,True,resign,black,52,Normal_one,tjychess,2645,2887,-2,3,D01,Rapport-Jobava System,6,tjychess,black,Normal_one,2887,2645,win,1.0
9sukbtct,2026-01-22T16:00:03.436000+00:00,180+0,standard,blitz,True,outoftime,black,154,tjychess,SwitzerlandChair,2894,2858,-7,6,B01,Scandinavian Defense: Mieses-Kotroc Variation,4,tjychess,white,SwitzerlandChair,2894,2858,loss,0.0
tTE9LD3n,2026-01-22T05:39:12.820000+00:00,180+0,standard,blitz,True,resign,white,53,tjychess,RomanK_13,2890,2735,4,-3,B51,Sicilian Defense: Moscow Variation,5,tjychess,white,RomanK_13,2890,2735,win,1.0
EC5LK1e4,2026-01-21T17:08:03.044000+00:00,60+0,standard,bullet,True,resign,black,64,bezdelniki,tjychess,2690,3025,-2,2,D02,Queen's Pawn Game: Symmetrical Variation,4,tjychess,black,bezdelniki,3025,2690,win,1.0
u6PCBf1y,2026-01-21T16:10:23.505000+00:00,180+0,standard,blitz,True,draw,,68,tjychess,LegacyOfBob,2889,2954,1,-1,D97,"Grünfeld Defense: Russian Variation, Hungarian Variation",14,tjychess,white,LegacyOfBob,2889,2954,draw,0.5
CfnTNNbw,2026-01-21T16:03:57.879000+00:00,180+0,standard,blitz,True,outoftime,black,134,LegacyOfBob,tjychess,2961,2882,-7,7,D35,"Queen's Gambit Declined: Exchange Variation, Positional Variation",10,tjychess,black,LegacyOfBob,2882,2961,win,1.0
s39vVbTX,2026-01-21T16:01:47.354000+00:00,180+0,standard,blitz,True,draw,,30,tjychess,LegacyOfBob,2881,2962,1,-1,B52,"Sicilian Defense: Moscow Variation, Main Line",6,tjychess,white,LegacyOfBob,2881,2962,draw,0.5
kktNbhwM,2026-01-21T15:56:15.588000+00:00,180+0,standard,blitz,True,resign,white,59,LegacyOfBob,tjychess,2958,2886,4,-5,E20,Nimzo-Indian Defense: Romanishin Variation,7,tjychess,black,LegacyOfBob,2886,2958,loss,0.0
NDdlUwUr,2026-02-01T22:59:53.597000+00:00,60+0,standard,bullet,True,resign,white,45,titanshahmat2003,abudabi22840,2919,3298,10,-10,B12,Caro-Kann Defense: Advance Variation,5,abudabi22840,black,titanshahmat2003,3298,2919,loss,0.0
POedFL0f,2026-02-01T22:34:09.523000+00:00,60+0,standard,bullet,True,outoftime,black,154,PLTchess1,abudabi22840,3082,3291,-3,3,B13,Caro-Kann Defense: Exchange Variation,8,abudabi22840,black,PLTchess1,3291,3082,win,1.0
iDaLtYEp,2026-02-01T13:44:40.682000+00:00,30+0,standard,bullet,True,resign,white,39,abudabi22840,emirislamking,3265,3236,5,-5,D30,Queen's Gambit Declined,4,abudabi22840,white,emirislamking,3265,3236,win,1.0
nrlDx3eg,2026-02-01T13:30:15.338000+00:00,30+0,standard,bullet,True,outoftime,black,126,abudabi22840,emirislamking,3252,3248,-6,6,A00,Saragossa Opening,1,abudabi22840,white,emirislamking,3252,3248,loss,0.0
B3oxoPXq,2026-02-01T13:11:10.539000+00:00,30+0,standard,bullet,True,mate,black,144,emirislamking,abudabi22840,3229,3270,-5,6,A43,Benoni Defense: Old Benoni,2,abudabi22840,black,emirislamking,3270,3229,win,1.0
8hV8T7W1,2026-01-30T14:27:01.795000+00:00,30+0,standard,bullet,True,outoftime,black,72,abudabi22840,SamTakoj,3295,3030,-9,9,B10,Caro-Kann Defense: Endgame Variation,9,abudabi22840,white,SamTakoj,3295,3030,loss,0.0
MElBtZNu,2026-01-30T13:42:13.533000+00:00,30+0,standard,bullet,True,resign,white,46,abudabi22840,TRAININGRIVAL2025,3292,2975,1,-1,A40,Horwitz Defense,2,abudabi22840,white,TRAININGRIVAL2025,3292,2975,win,1.0
kb42nKm1,2026-01-30T13:32:44.297000+00:00,30+0,standard,bullet,True,outoftime,,113,abudabi22840,TRAININGRIVAL2025,3283,2984,-4,4,D00,Queen's Pawn Game: Levitsky Attack,3,abudabi22840,white,TRAININGRIVAL2025,3283,2984,draw,0.5
5GE1aBdk,2026-01-30T13:15:25.658000+00:00,30+0,standard,bullet,True,outoftime,white,67,abudabi22840,TRAININGRIVAL2025,3259,3007,2,-2,A40,Queen's Pawn Game: Modern Defense,2,abudabi22840,white,TRAININGRIVAL2025,3259,3007,win,1.0
Mht9kPE4,2026-01-29T15:08:44.768000+00:00,60+0,standard,bullet,True,outoftime,white,161,abudabi22840,Dr_Tiger,3212,3175,5,-5,A45,Trompowsky Attack,3,abudabi22840,white,Dr_Tiger,3212,3175,win,1.0
irYVRuOb,2026-01-29T15:02:47.207000+00:00,60+0,standard,bullet,True,outoftime,black,96,abudabi22840,KAPUTVSEMU,3221,3076,-8,8,D00,Queen's Pawn Game: Levitsky Attack,3,abudabi22840,white,KAPUTVSEMU,3221,3076,loss,0.0
NTKLL9Ha,2026-01-29T14:57:07.099000+00:00,60+0,standard,bullet,True,mate,white,137,KAPUTVSEMU,abudabi22840,3075,3222,8,-8,A40,Queen's Pawn Game,1,abudabi22840,black,KAPUTVSEMU,3222,3075,loss,0.0
fAxPBBDG,2026-01-29T14:54:49.032000+00:00,60+0,standard,bullet,True,outoftime,black,178,abudabi22840,KAPUTVSEMU,3230,3067,-8,8,A40,Queen's Pawn Game,1,abudabi22840,white,KAPUTVSEMU,3230,3067,loss,0.0
mxgbGhMM,2026-01-29T14:46:30.567000+00:00,60+0,standard,bullet,True,draw,,158,abudabi22840,KAPUTVSEMU,3222,3075,-3,2,A43,Benoni Defense: Old Benoni,2,abudabi22840,white,KAPUTVSEMU,3222,3075,draw,0.5
p9f9sIHq,2026-01-29T14:25:37.475000+00:00,60+0,standard,bullet,True,mate,black,120,Onlybrilliantmoves,abudabi22840,3045,3203,-4,4,B15,Caro-Kann Defense: Alien Gambit,11,abudabi22840,black,Onlybrilliantmoves,3203,3045,win,1.0
kPsn711x,2026-01-29T00:42:58.810000+00:00,30+0,chess960,bullet,True,outoftime,white,159,Hablale26,abudabi22840,2371,2867,10,-11,,,,abudabi22840,black,Hablale26,2867,2371,loss,0.0
f6UdyC71,2026-01-29T00:42:11.654000+00:00,30+0,chess960,bullet,True,mate,white,47,abudabi22840,Hablale26,2867,2371,0,0,,,,abudabi22840,white,Hablale26,2867,2371,win,1.0
E5hYLZM6,2026-01-29T00:41:20.185000+00:00,30+0,chess960,bullet,True,resign,black,54,Hablale26,abudabi22840,2372,2866,-1,1,,,,abudabi22840,black,Hablale26,2866,2372,win,1.0
rODdWK2z,2026-01-29T00:40:44.391000+00:00,30+0,chess960,bullet,True,resign,white,33,abudabi22840,Hablale26,2865,2372,1,0,,,,abudabi22840,white,Hablale26,2865,2372,win,1.0
pSNKlp5K,2026-01-29T00:39:23.322000+00:00,30+0,chess960,bullet,True,mate,black,126,Hablale26,abudabi22840,2373,2865,-1,0,,,,abudabi22840,black,Hablale26,2865,2373,win,1.0
9xKbRbca,2026-01-29T00:21:06.277000+00:00,30+0,chess960,bullet,True,outoftime,black,62,abudabi22840,Hablale26,2862,2376,-11,11,,,,abudabi22840,white,Hablale26,2862,2376,loss,0.0
fjNYNDiQ,2026-01-28T14:43:59.029000+00:00,60+0,standard,bullet,True,mate,white,89,Yulkaaa,abudabi22840,3213,3209,5,-6,A07,King's Indian Attack: Keres Variation,4,abudabi22840,black,Yulkaaa,3209,3213,loss,0.0
50VZeF4T,2026-01-28T14:42:12.017000+00:00,60+0,standard,bullet,True,resign,white,69,abudabi22840,Yulkaaa,3203,3219,6,-6,A45,Trompowsky Attack: Edge Variation,5,abudabi22840,white,Yulkaaa,3203,3219,win,1.0
0ReLvho6,2026-01-28T14:39:58.743000+00:00,60+0,standard,bullet,True,stalemate,,149,Yulkaaa,abudabi22840,3219,3202,0,1,A07,King's Indian Attack: Keres Variation,4,abudabi22840,black,Yulkaaa,3202,3219,draw,0.5
MCEzVQTU,2026-01-28T14:38:36.499000+00:00,60+0,standard,bullet,True,draw,,58,abudabi22840,Yulkaaa,3202,3219,0,0,B13,Caro-Kann Defense: Exchange Variation,5,abudabi22840,white,Yulkaaa,3202,3219,draw,0.5
U0mqI3Ps,2026-01-28T14:36:39.616000+00:00,60+0,standard,bullet,True,resign,white,87,Yulkaaa,abudabi22840,3214,3208,5,-6,A07,King's Indian Attack: Keres Variation,4,abudabi22840,black,Yulkaaa,3208,3214,loss,0.0
mVso7eLE,2026-01-28T14:34:44.422000+00:00,60+0,standard,bullet,True,draw,,97,abudabi22840,Yulkaaa,3208,3214,0,0,B10,Caro-Kann Defense: Endgame Offer,5,abudabi22840,white,Yulkaaa,3208,3214,draw,0.5
cJikzcYB,2026-01-28T14:32:43.856000+00:00,60+0,standard,bullet,True,mate,black,84,Yulkaaa,abudabi22840,3220,3202,-6,6,A07,King's Indian Attack: Keres Variation,4,abudabi22840,black,Yulkaaa,3202,3220,win,1.0
RxdCQsQZ,2026-01-28T14:30:40.106000+00:00,60+0,standard,bullet,True,mate,black,140,abudabi22840,Yulkaaa,3207,3214,-5,6,A45,Trompowsky Attack,3,abudabi22840,white,Yulkaaa,3207,3214,loss,0.0
P9wU3FnQ,2026-01-28T14:30:04.658000+00:00,60+0,standard,bullet,True,resign,black,50,Yulkaaa,abudabi22840,3220,3201,-6,6,A07,King's Indian Attack,3,abudabi22840,black,Yulkaaa,3201,3220,win,1.0
HSqg1iWm,2026-02-01T21:09:07.135000+00:00,180+2,standard,blitz,True,resign,white,47,TryhardTrainingTiger,MGSAFT,2803,2600,7,-3,D06,Queen's Gambit Declined: Austrian Defense,4,TryhardTrainingTiger,white,MGSAFT,2803,2600,win,1.0
DFngQTbO,2026-01-29T21:56:19.028000+00:00,180+2,standard,blitz,True,resign,black,88,MGSAFT,TryhardTrainingTiger,2500,2799,-2,4,A45,Trompowsky Attack: Edge Variation,5,TryhardTrainingTiger,black,MGSAFT,2799,2500,win,1.0
yuk2DaWY,2026-01-29T21:42:11.034000+00:00,180+2,standard,blitz,True,resign,white,71,TryhardTrainingTiger,Amati17,2790,2647,9,-3,A57,Benko Gambit Accepted: Modern Variation,9,TryhardTrainingTiger,white,Amati17,2790,2647,win,1.0
nZjZ191l,2026-01-29T21:30:21.154000+00:00,180+2,standard,blitz,True,resign,black,110,TryhardTrainingTiger,Abatronic,2815,2542,-25,10,D35,"Queen's Gambit Declined: Exchange Variation, Positional Variation",9,TryhardTrainingTiger,white,Abatronic,2815,2542,loss,0.0
ALbrbklh,2026-01-29T21:10:35.696000+00:00,180+2,standard,blitz,True,resign,black,92,Abatronic,TryhardTrainingTiger,2550,2809,-2,6,C42,"Petrov's Defense: Classical Attack, Staunton Variation",16,TryhardTrainingTiger,black,Abatronic,2809,2550,win,1.0
5N47QUo5,2026-01-27T21:40:32.838000+00:00,180+2,standard,blitz,True,outoftime,black,78,Maus7,TryhardTrainingTiger,2685,2798,-5,11,C22,Center Game: Berger Variation,8,TryhardTrainingTiger,black,Maus7,2798,2685,win,1.0
lMW0EZhl,2026-01-27T21:27:24.745000+00:00,180+2,standard,blitz,True,resign,white,85,TryhardTrainingTiger,Dynamovec,2791,2586,7,-3,D17,"Slav Defense: Czech Variation, Carlsbad Variation",16,TryhardTrainingTiger,white,Dynamovec,2791,2586,win,1.0
VKeIgBLn,2026-01-27T21:22:31.970000+00:00,180+2,standard,blitz,True,resign,white,41,TryhardTrainingTiger,gameoftage,2785,2504,6,-2,D26,"Queen's Gambit Accepted: Classical Defense, Steinitz Variation, Development Variation",12,TryhardTrainingTiger,white,gameoftage,2785,2504,win,1.0
yIcjvNW1,2026-01-27T21:12:01.211000+00:00,180+2,standard,blitz,True,resign,white,73,Dudajankrzystofgod,TryhardTrainingTiger,2675,2806,59,-21,A09,Réti Opening: Advance Variation,4,TryhardTrainingTiger,black,Dudajankrzystofgod,2806,2675,loss,0.0
MwPiCIKk,2026-01-27T20:55:33.521000+00:00,180+2,standard,blitz,True,outoftime,white,47,TryhardTrainingTiger,gameoftage,2801,2513,5,-1,E44,Nimzo-Indian Defense: St. Petersburg Variation,9,TryhardTrainingTiger,white,gameoftage,2801,2513,win,1.0
25iZWMYz,2026-01-23T22:09:31.792000+00:00,180+2,standard,blitz,True,resign,black,60,Marek-Kosiorek,TryhardTrainingTiger,2610,2791,-3,10,C54,"Italian Game: Classical Variation, Giuoco Pianissimo",10,TryhardTrainingTiger,black,Marek-Kosiorek,2791,2610,win,1.0
T03LZrdY,2026-01-23T21:34:20.416000+00:00,180+2,standard,blitz,True,resign,black,170,Arencibia,TryhardTrainingTiger,2562,2767,-2,10,C42,Petrov's Defense: Classical Attack,9,TryhardTrainingTiger,black,Arencibia,2767,2562,win,1.0
lFgm6tNG,2026-01-23T21:13:19.908000+00:00,180+2,standard,blitz,True,draw,,145,TryhardTrainingTiger,Arencibia,2778,2571,-11,3,E49,"Nimzo-Indian Defense: Normal Variation, Botvinnik System",13,TryhardTrainingTiger,white,Arencibia,2778,2571,draw,0.5
Rpz22BiM,2025-12-02T21:25:40.465000+00:00,180+2,standard,blitz,True,resign,white,69,TryhardTrainingTiger,Mimma,2752,2534,7,-3,C54,"Italian Game: Classical Variation, Giuoco Pianissimo",14,TryhardTrainingTiger,white,Mimma,2752,2534,win,1.0
vChUisWX,2025-12-02T21:14:41.134000+00:00,180+2,standard,blitz,True,mate,white,59,TryhardTrainingTiger,nooartur,2744,2555,8,-2,E73,King's Indian Defense: Semi-Averbakh System,11,TryhardTrainingTiger,white,nooartur,2744,2555,win,1.0
4xe85Y0N,2025-11-13T21:14:28.813000+00:00,180+2,standard,blitz,True,draw,,43,zipse,TryhardTrainingTiger,2548,2742,3,-8,D24,Queen's Gambit Accepted,9,TryhardTrainingTiger,black,zipse,2742,2548,draw,0.5
5rMV2omh,2025-11-09T21:07:21.452000+00:00,180+2,standard,blitz,True,resign,white,111,TryhardTrainingTiger,KutirovGM,2720,2527,8,-3,D30,Semi-Slav Defense: Quiet Variation,9,TryhardTrainingTiger,white,KutirovGM,2720,2527,win,1.0
VVGlxDcK,2025-11-09T20:53:18.467000+00:00,180+2,standard,blitz,True,resign,black,106,TryhardTrainingTiger,Amati17,2744,2597,-24,8,A57,Benko Gambit Accepted: Modern Variation,9,TryhardTrainingTiger,white,Amati17,2744,2597,loss,0.0
D5FDG4yM,2025-10-01T21:18:23.517000+00:00,180+2,standard,blitz,True,outoftime,black,122,LiVaEv,TryhardTrainingTiger,2570,2731,-3,7,D91,"Grünfeld Defense: Three Knights Variation, Petrosian System",9,TryhardTrainingTiger,black,LiVaEv,2731,2570,win,1.0
S6JJwD6V,2025-10-01T20:59:28.046000+00:00,180+2,standard,blitz,True,resign,black,74,Gogoud,TryhardTrainingTiger,2544,2724,-3,7,C77,"Ruy Lopez: Morphy Defense, Anderssen Variation",9,TryhardTrainingTiger,black,Gogoud,2724,2544,win,1.0
XYhrKHWB,2025-09-20T21:11:42.930000+00:00,180+2,standard,blitz,True,draw,,134,nooartur,TryhardTrainingTiger,2528,2718,3,-6,C68,"Ruy Lopez: Exchange, Alekhine Variation",14,TryhardTrainingTiger,black,nooartur,2718,2528,draw,0.5
7zTabU8v,2025-09-20T20:50:51.307000+00:00,180+2,standard,blitz,True,draw,,88,TryhardTrainingTiger,Lenyas66,2723,2569,-5,3,B32,Sicilian Defense: Kalashnikov Variation,10,TryhardTrainingTiger,white,Lenyas66,2723,2569,draw,0.5
lqnEgdaL,2025-09-15T21:12:43.020000+00:00,180+2,standard,blitz,True,outoftime,black,48,TryhardTrainingTiger,BernhardBorge,2740,2587,-17,8,B03,Alekhine Defense: Four Pawns Attack,9,TryhardTrainingTiger,white,BernhardBorge,2740,2587,loss,0.0
BROShSZ7,2025-09-15T20:58:47.385000+00:00,180+2,standard,blitz,True,outoftime,white,131,LiVaEv,TryhardTrainingTiger,2626,2756,7,-16,D00,Queen's Pawn Game: Accelerated London System,3,TryhardTrainingTiger,black,LiVaEv,2756,2626,loss,0.0
cPrilR5V,2025-09-06T13:48:46.162000+00:00,180+2,standard,blitz,True,stalemate,,126,Dr_BlueDot,TryhardTrainingTiger,2577,2751,3,-5,C50,"Italian Game: Giuoco Pianissimo, Normal",8,TryhardTrainingTiger,black,Dr_BlueDot,2751,2577,draw,0.5
s6PyY0zO,2025-09-06T13:26:54.875000+00:00,180+2,standard,blitz,True,mate,white,57,TryhardTrainingTiger,Tiramisuuti,2743,2624,8,-4,B12,"Caro-Kann Defense: Advance Variation, Short Variation",7,TryhardTrainingTiger,white,Tiramisuuti,2743,2624,win,1.0
ijZN9rzU,2025-08-12T20:53:37.468000+00:00,180+2,standard,blitz,True,resign,white,44,TryhardTrainingTiger,unravelingbrain,2744,2496,4,-2,B76,"Sicilian Defense: Dragon Variation, Yugoslav Attack, Modern Line",17,TryhardTrainingTiger,white,unravelingbrain,2744,2496,win,1.0
uEbTYiNi,2025-08-12T20:38:28.048000+00:00,180+2,standard,blitz,True,resign,black,118,AaronGT24,TryhardTrainingTiger,2506,2740,-4,4,C27,"Vienna Game: Stanley Variation, Monster Declined",10,TryhardTrainingTiger,black,AaronGT24,2740,2506,win,1.0
bseEZbSn,2025-08-12T20:27:05.024000+00:00,180+2,standard,blitz,True,draw,,104,TryhardTrainingTiger,elregresodelaestaka,2745,2528,-5,3,B23,Sicilian Defense: Closed,4,TryhardTrainingTiger,white,elregresodelaestaka,2745,2528,draw,0.5
4WfYyjWT,2025-08-12T20:17:24.506000+00:00,180+2,standard,blitz,True,resign,black,72,Hiditoshi,TryhardTrainingTiger,2604,2739,-3,6,A13,English Opening: Agincourt Defense,2,TryhardTrainingTiger,black,Hiditoshi,2739,2604,win,1.0
hQmUEsvh,2026-02-01T17:26:33.387000+00:00,900+15,standard,classical,True,mate,black,150,Jaiyehhh,Erik_kuz,2299,1901,-10,11,A40,Englund Gambit Declined: Reversed French,3,Jaiyehhh,white,Erik_kuz,2299,1901,loss,0.0
flK7YwIK,2026-02-01T17:03:59.503000+00:00,900+15,standard,classical,True,resign,black,78,Plague_Man,Jaiyehhh,2059,2297,-3,2,C41,Philidor Defense: Exchange Variation,6,Jaiyehhh,black,Plague_Man,2297,2059,win,1.0
4g562NXV,2026-02-01T16:26:03.392000+00:00,900+15,standard,classical,True,resign,black,133,Jaiyehhh,krien,2308,1746,-12,11,D02,"Queen's Pawn Game: Symmetrical Variation, Pseudo-Catalan",5,Jaiyehhh,white,krien,2308,1746,loss,0.0
5e9PyPGY,2026-02-01T15:46:11.643000+00:00,900+15,standard,classical,True,resign,black,115,abelleroyer,Jaiyehhh,1260,2307,-1,1,D31,Semi-Slav Defense: Accelerated Move Order,6,Jaiyehhh,black,abelleroyer,2307,1260,win,1.0
DzrdQoAf,2026-02-01T15:32:27.212000+00:00,900+15,standard,classical,True,draw,,34,Jaiyehhh,Sacha_1989,2308,2281,-1,1,A39,"English Opening: Symmetrical Variation, Mecking Variation",13,Jaiyehhh,white,Sacha_1989,2308,2281,draw,0.5
CHrtRMSp,2026-02-01T15:16:53.440000+00:00,900+15,standard,classical,True,resign,black,48,Erik_kuz,Jaiyehhh,1901,2307,-2,1,D00,Blackmar-Diemer Gambit Accepted: Ziegler Defense,10,Jaiyehhh,black,Erik_kuz,2307,1901,win,1.0
91jOC8op,2026-02-01T15:01:54.451000+00:00,900+15,standard,classical,True,resign,white,75,Jaiyehhh,Gloria1959,2306,1970,1,-2,D02,"Queen's Pawn Game: Symmetrical Variation, Pseudo-Catalan",5,Jaiyehhh,white,Gloria1959,2306,1970,win,1.0
bd3xA0Cj,2026-02-01T14:44:07.090000+00:00,900+15,standard,classical,True,resign,white,71,Jaiyehhh,Oldfox1711,2305,1774,1,0,D02,Queen's Pawn Game: Zukertort Variation,3,Jaiyehhh,white,Oldfox1711,2305,1774,win,1.0
ZcYqYPgW,2026-02-01T13:48:31.239000+00:00,1500+0,standard,classical,True,resign,white,93,Jaiyehhh,alienguys,2303,2058,2,-43,A40,Englund Gambit Declined: Reversed French,3,Jaiyehhh,white,alienguys,2303,2058,win,1.0
WWm7unnW,2026-02-01T13:13:09.022000+00:00,1500+0,standard,classical,True,draw,,60,FatiqPatiq,Jaiyehhh,2113,2305,9,-2,D31,Semi-Slav Defense: Accelerated Move Order,6,Jaiyehhh,black,FatiqPatiq,2305,2113,draw,0.5
OwGya3OT,2026-02-01T11:47:37.341000+00:00,1500+0,standard,classical,True,resign,white,31,Jaiyehhh,penguin_S,2305,1858,0,-3,D02,Queen's Pawn Game: Zukertort Variation,3,Jaiyehhh,white,penguin_S,2305,1858,win,1.0
xqAWyTDg,2026-02-01T11:23:03.225000+00:00,1500+0,standard,classical,True,resign,black,26,littleprince1981,Jaiyehhh,2324,2299,-57,6,C41,Philidor Defense,6,Jaiyehhh,black,littleprince1981,2299,2324,win,1.0
NMqJGq1V,2026-02-01T11:00:25.827000+00:00,1500+0,standard,classical,True,draw,,40,Pedro_11112006,Jaiyehhh,2233,2300,1,-1,D00,Queen's Pawn Game: Accelerated London System,3,Jaiyehhh,black,Pedro_11112006,2300,2233,draw,0.5
TJuIGc6L,2026-02-01T10:32:05.834000+00:00,1500+0,standard,classical,True,mate,white,57,Jaiyehhh,Mrcius,2298,1986,2,-2,D02,Queen's Pawn Game: Zukertort Variation,3,Jaiyehhh,white,Mrcius,2298,1986,win,1.0
zmJwGjzR,2026-02-01T10:22:09.048000+00:00,480+0,standard,rapid,True,resign,white,81,Jaiyehhh,Pejton_bt,2050,1942,7,-4,A41,Queen's Pawn Game,2,Jaiyehhh,white,Pejton_bt,2050,1942,win,1.0
Ps0i98aZ,2026-02-01T07:21:21.981000+00:00,1500+0,standard,classical,True,resign,black,80,Babumyan1986,Jaiyehhh,2013,2296,-22,2,A06,Nimzo-Larsen Attack: Classical Variation,3,Jaiyehhh,black,Babumyan1986,2296,2013,win,1.0
6UWitqIl,2026-02-01T06:48:54.236000+00:00,1500+0,standard,classical,True,resign,black,56,Jaiyehhh,GHM-777,2305,2118,-9,18,D02,Queen's Pawn Game: Zukertort Variation,3,Jaiyehhh,white,GHM-777,2305,2118,loss,0.0
jTVAzgLr,2026-02-01T06:20:51.340000+00:00,1500+0,standard,classical,True,resign,white,35,Nocturnia,Jaiyehhh,2170,2312,17,-7,A36,"English Opening: Symmetrical Variation, Botvinnik System",9,Jaiyehhh,black,Nocturnia,2312,2170,loss,0.0
cRRMR3RO,2026-02-01T05:13:53.763000+00:00,1500+0,standard,classical,True,outoftime,white,83,Jaiyehhh,kultrainstintos_96,2310,2020,2,-42,A49,Indian Defense: Przepiorka Variation,5,Jaiyehhh,white,kultrainstintos_96,2310,2020,win,1.0
C0upZbbT,2026-02-01T04:50:32.731000+00:00,1500+0,standard,classical,True,resign,black,54,JAHONGIRforishdan,Jaiyehhh,2200,2308,-57,2,C24,Bishop's Opening: Berlin Defense,4,Jaiyehhh,black,JAHONGIRforishdan,2308,2200,win,1.0
BDsmLzBu,2026-01-31T22:29:06.519000+00:00,1500+0,standard,classical,True,resign,white,99,Homa3255,Jaiyehhh,1930,2319,19,-11,A38,"English Opening: Symmetrical Variation, Full Symmetry Line",10,Jaiyehhh,black,Homa3255,2319,1930,loss,0.0
ux3To5Y0,2026-01-31T20:29:13.728000+00:00,600+0,standard,rapid,True,outoftime,white,127,Knieggau,Jaiyehhh,2115,2059,21,-9,C41,Philidor Defense,6,Jaiyehhh,black,Knieggau,2059,2115,loss,0.0
s3JgIzVO,2026-01-31T20:08:56.805000+00:00,600+0,standard,rapid,True,outoftime,black,118,Jaiyehhh,Knieggau,2069,2087,-10,28,A40,Queen's Pawn Game,1,Jaiyehhh,white,Knieggau,2069,2087,loss,0.0
PoYMJGjr,2026-01-31T20:00:15.831000+00:00,600+0,standard,rapid,True,resign,black,42,Knieggau,Jaiyehhh,2124,2056,-37,13,C41,Philidor Defense,4,Jaiyehhh,black,Knieggau,2056,2124,win,1.0
evkr4oFN,2026-01-31T19:14:10.286000+00:00,1500+0,standard,classical,True,resign,white,31,Jaiyehhh,ophir123,2316,2098,3,-5,A49,Indian Defense: Przepiorka Variation,5,Jaiyehhh,white,ophir123,2316,2098,win,1.0
9sA7XVOH,2026-01-31T17:01:25.424000+00:00,1500+0,standard,classical,True,resign,black,39,Kanagaraja145,Jaiyehhh,2069,2314,-8,2,A30,English Opening: Symmetrical Variation,2,Jaiyehhh,black,Kanagaraja145,2314,2069,win,1.0
UQTSd02Y,2026-01-31T16:07:00.651000+00:00,1500+0,standard,classical,True,mate,white,105,Jaiyehhh,Culcatz,2312,1940,2,-21,A80,Dutch Defense: Raphael Variation,3,Jaiyehhh,white,Culcatz,2312,1940,win,1.0
OLi8O9PM,2026-01-31T15:49:52.460000+00:00,60+0,standard,bullet,True,outoftime,white,123,Mister_Sicilian,Jaiyehhh,2089,2064,9,-6,A07,King's Indian Attack,3,Jaiyehhh,black,Mister_Sicilian,2064,2089,loss,0.0
so74gbvv,2026-01-31T15:47:28.807000+00:00,60+0,standard,bullet,True,outoftime,black,92,Jaiyehhh,Mister_Sicilian,2070,2080,-6,9,D02,Queen's Pawn Game: Zukertort Variation,3,Jaiyehhh,white,Mister_Sicilian,2070,2080,loss,0.0
YS5RHhqb,2026-01-31T15:44:52.115000+00:00,60+0,standard,bullet,True,outoftime,white,137,Mister_Sicilian,Jaiyehhh,2070,2076,10,-6,C41,Philidor Defense: Exchange Variation,7,Jaiyehhh,black,Mister_Sicilian,2076,2070,loss,0.0
unMW3xO5,2026-02-01T21:28:19.951000+00:00,180+2,standard,blitz,True,resign,black,128,ruthless_Axael,JaroSr,2477,2507,-5,6,A08,King's Indian Attack: French Variation,6,ruthless_Axael,white,JaroSr,2477,2507,loss,0.0
Q3rcVCuP,2026-02-01T21:05:03.865000+00:00,180+2,standard,blitz,True,outoftime,black,90,ruthless_Axael,Dommaraju,2472,2297,-8,8,A46,Indian Defense: Wade-Tartakower Defense,4,ruthless_Axael,white,Dommaraju,2472,2297,loss,0.0
5YyynY3Y,2026-02-01T16:51:16.830000+00:00,180+2,standard,blitz,True,resign,white,63,The_Mule,ruthless_Axael,2401,2464,8,-7,A45,Trompowsky Attack,3,ruthless_Axael,black,The_Mule,2464,2401,loss,0.0
4kQEMcoL,2026-02-01T16:36:56.332000+00:00,180+2,standard,blitz,True,mate,white,93,antony50,ruthless_Axael,2430,2470,6,-6,B12,"Caro-Kann Defense: Advance Variation, Botvinnik-Carls Defense",6,ruthless_Axael,black,antony50,2470,2430,loss,0.0
mHz9EoLt,2026-02-01T16:26:11.440000+00:00,180+2,standard,blitz,True,outoftime,black,82,ruthless_Axael,LevPaukman,2476,2482,-6,6,A15,"English Opening: Anglo-Indian Defense, Queen's Indian Formation",8,ruthless_Axael,white,LevPaukman,2476,2482,loss,0.0
s25WAcgz,2026-02-01T16:19:49.569000+00:00,180+2,standard,blitz,True,mate,white,37,EvgenyBurmakin,ruthless_Axael,2375,2483,8,-7,B10,Caro-Kann Defense: Two Knights Attack,5,ruthless_Axael,black,EvgenyBurmakin,2483,2375,loss,0.0
dxW9x95k,2026-02-01T16:11:17.438000+00:00,180+2,standard,blitz,True,resign,white,101,ruthless_Axael,energetik121,2479,2365,4,-4,A07,"King's Indian Attack, with e6",6,ruthless_Axael,white,energetik121,2479,2365,win,1.0
59zVUulM,2026-02-01T15:52:59.636000+00:00,180+2,standard,blitz,True,outoftime,black,62,ruthless_Axael,HowToSafeThis,2485,2476,-6,6,A05,Zukertort Opening,2,ruthless_Axael,white,HowToSafeThis,2485,2476,loss,0.0
gHadaZNJ,2026-02-01T15:42:58.883000+00:00,180+2,standard,blitz,True,outoftime,black,46,Juancho17,ruthless_Axael,2307,2482,-3,3,A03,Bird Opening: Dutch Variation,2,ruthless_Axael,black,Juancho17,2482,2307,win,1.0
onoMc5Wp,2026-02-01T15:26:55.076000+00:00,180+2,standard,blitz,True,outoftime,black,64,improvingo,ruthless_Axael,2460,2476,-5,6,E91,King's Indian Defense: Orthodox Variation,11,ruthless_Axael,black,improvingo,2476,2460,win,1.0
p0lpazZQ,2026-02-01T15:14:24.338000+00:00,180+2,standard,blitz,True,resign,black,120,ruthless_Axael,falk64,2485,2338,-9,8,A34,"English Opening: Symmetrical Variation, Normal Variation",3,ruthless_Axael,white,falk64,2485,2338,loss,0.0
w5doV2Nc,2026-02-01T14:53:59.712000+00:00,600+0,standard,rapid,True,draw,,107,Yestyn1312,ruthless_Axael,2642,2611,-3,2,A38,"English Opening: Symmetrical Variation, Duchamp Variation",13,ruthless_Axael,black,Yestyn1312,2611,2642,draw,0.5
mLaKNvTT,2026-02-01T02:41:34.931000+00:00,180+2,standard,blitz,True,resign,black,74,orlando70,ruthless_Axael,2442,2479,-6,6,E66,"King's Indian Defense: Fianchetto Variation, Yugoslav Variation, Advance Line",15,ruthless_Axael,black,orlando70,2479,2442,win,1.0
0F9i2FsK,2026-02-01T02:28:01.848000+00:00,180+2,standard,blitz,True,mate,black,56,ruthless_Axael,Lenyas66,2479,2558,-5,4,A00,Clemenz Opening,1,ruthless_Axael,white,Lenyas66,2479,2558,loss,0.0
38hcKheh,2026-02-01T00:04:06.294000+00:00,180+2,standard,blitz,True,resign,white,59,Portomas,ruthless_Axael,2399,2496,7,-7,B12,"Caro-Kann Defense: Advance Variation, Botvinnik-Carls Defense",6,ruthless_Axael,black,Portomas,2496,2399,loss,0.0
KajU6Hly,2026-01-31T23:19:09.212000+00:00,180+2,standard,blitz,True,outoftime,black,110,Farewell_1,ruthless_Axael,2443,2507,-5,4,B10,Caro-Kann Defense: Endgame Variation,9,ruthless_Axael,black,Farewell_1,2507,2443,win,1.0
nMw7f7qs,2026-01-31T23:09:14.224000+00:00,180+2,standard,blitz,True,outoftime,white,63,ruthless_Axael,mEd_D01,2503,2366,4,-3,A45,Indian Defense: Accelerated London System,3,ruthless_Axael,white,mEd_D01,2503,2366,win,1.0
AJV2zccK,2026-01-31T20:11:43.144000+00:00,180+2,standard,blitz,True,resign,white,39,ruthless_Axael,Elder_Student,2497,2538,6,-7,E20,Nimzo-Indian Defense: Kmoch Variation,7,ruthless_Axael,white,Elder_Student,2497,2538,win,1.0
lWG8oQDn,2026-01-31T16:59:38.513000+00:00,180+0,standard,blitz,True,resign,white,97,jethromy_morado,ruthless_Axael,2392,2486,12,-7,E73,"King's Indian Defense: Averbakh Variation, Geller Defense",12,ruthless_Axael,black,jethromy_morado,2486,2392,loss,0.0
0c6sz0TW,2026-01-31T16:27:42.480000+00:00,180+2,standard,blitz,True,outoftime,white,95,Bob808,ruthless_Axael,2520,2486,5,-5,E95,King's Indian Defense: Orthodox Variation,15,ruthless_Axael,black,Bob808,2486,2520,loss,0.0
8oQdoS8t,2026-01-31T16:19:30.555000+00:00,180+2,standard,blitz,True,resign,black,84,Tibetan_Mastiff,ruthless_Axael,2593,2478,-10,8,B12,"Caro-Kann Defense: Advance Variation, Botvinnik-Carls Defense",6,ruthless_Axael,black,Tibetan_Mastiff,2478,2593,win,1.0
UbT6Rdjy,2026-01-31T15:47:41.227000+00:00,180+2,standard,blitz,True,resign,white,59,madra005,ruthless_Axael,2327,2501,8,-8,D01,Rapport-Jobava System,6,ruthless_Axael,black,madra005,2501,2327,loss,0.0
SoIvnM7i,2026-01-31T15:42:13.108000+00:00,180+2,standard,blitz,True,resign,black,48,ruthless_Axael,Lowlita,2508,2428,-7,7,A43,Benoni Defense: Benoni Gambit Accepted,3,ruthless_Axael,white,Lowlita,2508,2428,loss,0.0
X9QUPx4v,2026-01-30T01:12:12.130000+00:00,180+2,standard,blitz,True,outoftime,black,90,olnest1928,ruthless_Axael,2376,2490,-4,4,E95,King's Indian Defense: Orthodox Variation,15,ruthless_Axael,black,olnest1928,2490,2376,win,1.0
doI32Lae,2026-01-30T01:04:48.174000+00:00,180+2,standard,blitz,True,resign,white,67,ruthless_Axael,Satsanga,2485,2448,5,-5,E76,King's Indian Defense: Four Pawns Attack,9,ruthless_Axael,white,Satsanga,2485,2448,win,1.0
LaFLqjdl,2026-01-30T00:48:47.785000+00:00,180+2,standard,blitz,True,outoftime,white,81,olnest1928,ruthless_Axael,2367,2492,8,-7,E95,King's Indian Defense: Orthodox Variation,15,ruthless_Axael,black,olnest1928,2492,2367,loss,0.0
RE21vcXq,2026-01-30T00:40:20.362000+00:00,180+2,standard,blitz,True,resign,white,83,Merovic,ruthless_Axael,2375,2500,7,-8,B13,Caro-Kann Defense: Exchange Variation,8,ruthless_Axael,black,Merovic,2500,2375,loss,0.0
67HAZxe6,2026-01-30T00:32:50.542000+00:00,180+2,standard,blitz,True,resign,white,62,ruthless_Axael,EDWARD_ELRIK,2497,2311,3,-3,E20,Nimzo-Indian Defense,6,ruthless_Axael,white,EDWARD_ELRIK,2497,2311,win,1.0
55Bg5sWp,2026-01-30T00:18:41.100000+00:00,180+2,standard,blitz,True,resign,white,69,Kapsalon,ruthless_Axael,2478,2503,5,-6,E60,King's Indian Defense: Fianchetto Variation,7,ruthless_Axael,black,Kapsalon,2503,2478,loss,0.0
NP2Muk6T,2026-01-29T14:16:05.195000+00:00,180+2,standard,blitz,True,outoftime,white,109,CarloFiat01,ruthless_Axael,2433,2515,12,-6,B10,Caro-Kann Defense: Endgame Variation,9,ruthless_Axael,black,CarloFiat01,2515,2433,loss,0.0
yTqj19Wv,2026-01-31T01:51:17.391000+00:00,180+0,standard,blitz,True,draw,,82,Little_Skib,Zkid,2710,2877,2,-3,C77,"Ruy Lopez: Morphy Defense, Anderssen Variation",9,Zkid,black,Little_Skib,2877,2710,draw,0.5
XycHjbtJ,2026-01-31T01:46:37.099000+00:00,180+0,standard,blitz,True,draw,,88,Zkid,Little_Skib,2880,2707,-3,3,B90,"Sicilian Defense: Najdorf Variation, Adams Attack",11,Zkid,white,Little_Skib,2880,2707,draw,0.5
8CRTHTgi,2026-01-24T17:09:34.903000+00:00,180+0,standard,blitz,True,resign,black,142,Kurse-Aura1,Zkid,2701,2877,-3,3,D00,Queen's Pawn Game,2,Zkid,black,Kurse-Aura1,2877,2701,win,1.0
zw9vUM40,2026-01-24T15:42:22.549000+00:00,180+0,standard,blitz,True,resign,black,116,Chessboy1978,Zkid,2757,2872,-4,5,C79,"Ruy Lopez: Morphy Defense, Steinitz Deferred",10,Zkid,black,Chessboy1978,2872,2757,win,1.0
Cg7jx1ZV,2026-01-24T15:33:27.646000+00:00,180+0,standard,blitz,True,outoftime,white,117,Zkid,RakitinD,2868,2776,4,-4,C40,Latvian Gambit,4,Zkid,white,RakitinD,2868,2776,win,1.0
WOW3mpEN,2026-01-24T15:25:27.560000+00:00,180+0,standard,blitz,True,resign,white,97,Zkid,Khankendi,2865,2705,3,-6,C05,"French Defense: Tarrasch Variation, Closed Variation",6,Zkid,white,Khankendi,2865,2705,win,1.0
vp2QWhc2,2026-01-24T14:44:08.349000+00:00,180+0,standard,blitz,True,draw,,98,NameTheGame,Zkid,2701,2867,2,-2,C79,"Ruy Lopez: Morphy Defense, Steinitz Deferred",10,Zkid,black,NameTheGame,2867,2701,draw,0.5
sBe2wreK,2026-01-24T14:38:24.187000+00:00,180+0,standard,blitz,True,resign,white,117,Zkid,NameTheGame,2864,2704,3,-3,C03,French Defense: Tarrasch Variation,5,Zkid,white,NameTheGame,2864,2704,win,1.0
Mi2r5UIh,2026-01-24T14:32:42.495000+00:00,180+0,standard,blitz,True,resign,black,42,Bratwurstschach,Zkid,2683,2860,-4,4,C77,"Ruy Lopez: Morphy Defense, Wormald Attack",9,Zkid,black,Bratwurstschach,2860,2683,win,1.0
qhr6D6BK,2026-01-21T02:38:29.456000+00:00,180+0,standard,blitz,True,draw,,43,Zkid,SilentMove1,2864,2676,-4,3,C03,"French Defense: Tarrasch Variation, Modern System",6,Zkid,white,SilentMove1,2864,2676,draw,0.5
KBfYjzfS,2026-01-21T01:11:21.615000+00:00,180+0,standard,blitz,True,draw,,125,elconceto,Zkid,2912,2862,-1,2,C55,"Italian Game: Two Knights Defense, Modern Bishop's Opening",7,Zkid,black,elconceto,2862,2912,draw,0.5
1ak0g7MG,2026-01-21T00:49:04.561000+00:00,180+0,standard,blitz,True,resign,black,58,mzh1995,Zkid,2791,2857,-5,5,D50,Queen's Gambit Declined: Modern Variation,7,Zkid,black,mzh1995,2857,2791,win,1.0
Xb4tj11T,2026-01-21T00:43:32.056000+00:00,180+0,standard,blitz,True,resign,white,99,Zkid,mzh1995,2852,2796,5,-5,B62,Sicilian Defense: Richter-Rauzer Variation,13,Zkid,white,mzh1995,2852,2796,win,1.0
R0BRVLa3,2026-01-20T21:10:08.777000+00:00,180+0,standard,blitz,True,mate,black,162,HardWork1996,Zkid,2656,2848,-3,4,C79,"Ruy Lopez: Morphy Defense, Steinitz Deferred",10,Zkid,black,HardWork1996,2848,2656,win,1.0
1d4dfleU,2026-01-20T20:37:21.033000+00:00,180+0,standard,blitz,True,draw,,114,Zkid,elconceto,2847,2913,1,-1,B41,"Sicilian Defense: Kan Variation, Maróczy Bind, Réti Variation",9,Zkid,white,elconceto,2847,2913,draw,0.5
5kONjnjK,2026-01-20T20:21:11.945000+00:00,180+0,standard,blitz,True,draw,,61,emremecitintikam1,Zkid,2842,2847,0,0,C79,"Ruy Lopez: Morphy Defense, Steinitz Deferred",10,Zkid,black,emremecitintikam1,2847,2842,draw,0.5
KTe1z8sP,2026-01-20T19:25:31.557000+00:00,180+0,standard,blitz,True,resign,white,67,Zkid,filolog,2843,2733,4,-4,C64,"Ruy Lopez: Classical Variation, Cordel Gambit",8,Zkid,white,filolog,2843,2733,win,1.0
h0oeZJeV,2026-01-20T19:20:35.155000+00:00,180+0,standard,blitz,True,resign,black,58,SpanishNe7,Zkid,2752,2837,-5,6,C77,"Ruy Lopez: Morphy Defense, Anderssen Variation",9,Zkid,black,SpanishNe7,2837,2752,win,1.0
bfEynYrO,2026-01-20T16:09:45.987000+00:00,180+0,standard,blitz,True,resign,white,111,filolog,Zkid,2723,2846,7,-9,C47,"Four Knights Game: Scotch Variation Accepted, Main Line",17,Zkid,black,filolog,2846,2723,loss,0.0
1WYIXTsn,2026-01-20T15:08:26.917000+00:00,180+0,standard,blitz,True,resign,black,64,Zkid,Aphelios00,2856,2729,-10,9,B41,"Sicilian Defense: Kan Variation, Maróczy Bind, Réti Variation",9,Zkid,white,Aphelios00,2856,2729,loss,0.0
8wYVrVtn,2026-01-20T14:27:55.861000+00:00,180+0,standard,blitz,True,resign,black,124,Zkid,abudabi22840,2862,2953,-6,13,B13,Caro-Kann Defense: Exchange Variation,5,Zkid,white,abudabi22840,2862,2953,loss,0.0
yBROcVSc,2026-01-20T12:35:39.066000+00:00,180+0,standard,blitz,True,resign,white,53,Zkid,fmjoseherrera,2859,2622,3,-2,B90,"Sicilian Defense: Najdorf Variation, Adams Attack",11,Zkid,white,fmjoseherrera,2859,2622,win,1.0
IpHEPkOK,2026-01-20T01:07:25.236000+00:00,180+0,standard,blitz,True,resign,white,119,Zkid,tjychess,2852,2855,7,-6,C71,"Ruy Lopez: Morphy Defense, Modern Steinitz Defense",9,Zkid,white,tjychess,2852,2855,win,1.0
kto54rLl,2026-01-19T03:42:24.795000+00:00,180+0,standard,blitz,True,mate,white,63,QuCq,Zkid,2656,2863,9,-11,E04,Catalan Opening: Open Defense,9,Zkid,black,QuCq,2863,2656,loss,0.0
03egMELu,2026-01-18T16:49:59.642000+00:00,180+0,standard,blitz,True,outoftime,white,123,Dramgar,Zkid,2691,2875,8,-12,C79,"Ruy Lopez: Morphy Defense, Steinitz Deferred",10,Zkid,black,Dramgar,2875,2691,loss,0.0
cukCUELU,2026-01-18T16:48:04.833000+00:00,180+0,standard,blitz,True,resign,white,37,Zkid,Dramgar,2871,2694,4,-3,B90,"Sicilian Defense: Najdorf Variation, Adams Attack",11,Zkid,white,Dramgar,2871,2694,win,1.0
lpcOSrsz,2026-01-18T03:39:19.627000+00:00,180+0,standard,blitz,True,draw,,43,Xavijhz29,Zkid,2659,2875,3,-4,C47,Four Knights Game: Italian Variation,7,Zkid,black,Xavijhz29,2875,2659,draw,0.5
v7bRspSF,2026-01-18T03:24:29.778000+00:00,180+0,standard,blitz,True,outoftime,white,111,Zkid,petrover,2870,2700,5,-3,C77,"Ruy Lopez: Morphy Defense, Anderssen Variation",9,Zkid,white,petrover,2870,2700,win,1.0
2PQxg5Ii,2026-01-18T03:17:57.574000+00:00,180+0,standard,blitz,True,resign,black,58,Swetlove,Zkid,2723,2865,-4,5,A00,Van't Kruijs Opening,1,Zkid,black,Swetlove,2865,2723,win,1.0
hEHcY4R7,2026-01-10T17:55:04.115000+00:00,180+0,standard,blitz,True,resign,white,55,Zkid,madcap_tr,2861,2657,4,-3,C05,"French Defense: Tarrasch Variation, Pawn Center Variation",9,Zkid,white,madcap_tr,2861,2657,win,1.0
UKAyyeSF,2026-01-28T11:36:10.298000+00:00,600+0,standard,rapid,True,resign,black,114,VuvukVuveliy,The_FABIANO,2604,2461,-8,34,C54,"Italian Game: Classical Variation, Giuoco Pianissimo",13,VuvukVuveliy,white,The_FABIANO,2604,2461,loss,0.0
86LlnCuX,2026-01-28T11:20:41.537000+00:00,600+0,standard,rapid,True,resign,black,65,VuvukVuveliy,MaEstRo_234,2611,2504,-7,15,B30,Sicilian Defense: Nyezhmetdinov-Rossolimo Attack,5,VuvukVuveliy,white,MaEstRo_234,2611,2504,loss,0.0
sdPn4dIP,2026-01-27T20:15:07.377000+00:00,600+0,standard,rapid,True,resign,white,107,Hammurapi65,VuvukVuveliy,2476,2619,7,-8,B12,Caro-Kann Defense: Advance Variation,5,VuvukVuveliy,black,Hammurapi65,2619,2476,loss,0.0
SnpuifYd,2026-01-27T10:47:11.029000+00:00,600+0,standard,rapid,True,draw,,61,maxim_Ermakov06,VuvukVuveliy,2524,2621,3,-2,D10,Slav Defense,5,VuvukVuveliy,black,maxim_Ermakov06,2621,2524,draw,0.5
S1W4ZxA5,2026-01-27T10:05:05.331000+00:00,600+0,standard,rapid,True,resign,black,188,VuvukVuveliy,stachista,2629,2489,-8,8,C54,"Italian Game: Classical Variation, Greco Gambit, Dubov Italian",11,VuvukVuveliy,white,stachista,2629,2489,loss,0.0
FRZmcyNL,2026-01-27T09:48:44.292000+00:00,600+0,standard,rapid,True,resign,black,108,SluchaynazPOBEDA,VuvukVuveliy,2494,2625,-5,4,D04,"Queen's Pawn Game: Colle System, Anti-Colle",6,VuvukVuveliy,black,SluchaynazPOBEDA,2625,2494,win,1.0
tQ49Q4T7,2026-01-27T09:26:48.372000+00:00,600+0,standard,rapid,True,outoftime,black,196,VuvukVuveliy,d-pawn,2632,2547,-7,10,B70,"Sicilian Defense: Dragon Variation, Fianchetto Variation",11,VuvukVuveliy,white,d-pawn,2632,2547,loss,0.0
vsq5hbEi,2026-01-27T09:07:51.593000+00:00,600+0,standard,rapid,True,resign,black,106,d-pawn,VuvukVuveliy,2554,2627,-7,5,D00,Queen's Pawn Game: Accelerated London System,3,VuvukVuveliy,black,d-pawn,2627,2554,win,1.0
3Vy46I6w,2026-01-27T08:48:22.300000+00:00,600+0,standard,rapid,True,resign,white,87,VuvukVuveliy,PARKhande,2624,2489,3,-4,B56,"Sicilian Defense: Classical Variation, Fianchetto Variation",11,VuvukVuveliy,white,PARKhande,2624,2489,win,1.0
vpKYnGe2,2026-01-27T08:31:26.333000+00:00,600+0,standard,rapid,True,resign,white,69,VuvukVuveliy,HovYenoqyan12,2621,2361,3,-64,B30,Sicilian Defense: Nyezhmetdinov-Rossolimo Attack,5,VuvukVuveliy,white,HovYenoqyan12,2621,2361,win,1.0
Zivv0Xkd,2026-01-27T08:21:23.207000+00:00,600+0,standard,rapid,True,resign,black,42,stachista,VuvukVuveliy,2493,2617,-4,4,B15,Caro-Kann Defense: Tartakower Variation,10,VuvukVuveliy,black,stachista,2617,2493,win,1.0
3lmqe8gn,2026-01-27T08:05:35.170000+00:00,600+0,standard,rapid,True,resign,white,59,NewGarryKasparov,VuvukVuveliy,2517,2625,25,-8,D10,Slav Defense: Exchange Variation,5,VuvukVuveliy,black,NewGarryKasparov,2625,2517,loss,0.0
HQRIsgHq,2026-01-27T07:55:43.934000+00:00,600+0,standard,rapid,True,draw,,44,VuvukVuveliy,i_hate_dogs,2626,2567,-1,2,C07,"French Defense: Tarrasch Variation, Open System, Euwe-Keres Line",7,VuvukVuveliy,white,i_hate_dogs,2626,2567,draw,0.5
RUH4BdYU,2026-01-26T15:52:35.481000+00:00,600+0,standard,rapid,True,mate,white,185,VuvukVuveliy,Smart_Kotik,2621,2540,5,-4,C07,"French Defense: Tarrasch Variation, Open System, Euwe-Keres Line",7,VuvukVuveliy,white,Smart_Kotik,2621,2540,win,1.0
XbCZ9zv6,2026-01-26T15:34:36.573000+00:00,600+0,standard,rapid,True,draw,,86,Valerie2015,VuvukVuveliy,2583,2622,2,-1,D04,"Queen's Pawn Game: Colle System, Anti-Colle",6,VuvukVuveliy,black,Valerie2015,2622,2583,draw,0.5
Dqr2e6VY,2026-01-26T14:39:11.591000+00:00,600+0,standard,rapid,True,outoftime,white,91,VuvukVuveliy,Smart_Kotik,2617,2538,5,-4,C07,"French Defense: Tarrasch Variation, Open System, Euwe-Keres Line",7,VuvukVuveliy,white,Smart_Kotik,2617,2538,win,1.0
ZYf4ai5w,2026-01-26T14:22:22.401000+00:00,600+0,standard,rapid,True,draw,,88,TheRagozin,VuvukVuveliy,2518,2619,2,-2,B12,Caro-Kann Defense: Advance Variation,5,VuvukVuveliy,black,TheRagozin,2619,2518,draw,0.5
cBYb5q3n,2026-01-26T13:21:02.208000+00:00,600+0,standard,rapid,True,resign,black,90,fiancheeter,VuvukVuveliy,2642,2611,-6,8,A07,"King's Indian Attack, with e6",6,VuvukVuveliy,black,fiancheeter,2611,2642,win,1.0
Ey82qdzp,2026-01-26T13:02:21.140000+00:00,600+0,standard,rapid,True,draw,,122,VuvukVuveliy,fiancheeter,2611,2642,0,0,B06,Modern Defense: Two Knights Variation,7,VuvukVuveliy,white,fiancheeter,2611,2642,draw,0.5
fDHF5DN1,2026-01-26T12:13:21.268000+00:00,600+0,standard,rapid,True,resign,white,101,VuvukVuveliy,tuskesSun,2606,2540,5,-4,C55,"Italian Game: Two Knights Defense, Modern Bishop's Opening",7,VuvukVuveliy,white,tuskesSun,2606,2540,win,1.0
dEDVwwU4,2026-01-26T11:52:04.541000+00:00,600+0,standard,rapid,True,resign,black,34,interestinglandscape,VuvukVuveliy,2546,2600,-5,6,B12,"Caro-Kann Defense: Advance Variation, Tal Variation",7,VuvukVuveliy,black,interestinglandscape,2600,2546,win,1.0
2Ky4ynhI,2026-01-25T19:15:54.924000+00:00,600+0,standard,rapid,True,outoftime,black,134,BigupDionGOAAT,VuvukVuveliy,2479,2595,-19,5,B10,"Caro-Kann Defense: Accelerated Panov Attack, Modern Variation",8,VuvukVuveliy,black,BigupDionGOAAT,2595,2479,win,1.0
eNCC5qnt,2026-01-25T18:59:22.036000+00:00,600+0,standard,rapid,True,draw,,99,AxelKl,VuvukVuveliy,2480,2597,2,-2,B12,"Caro-Kann Defense: Advance Variation, Bayonet Attack",7,VuvukVuveliy,black,AxelKl,2597,2480,draw,0.5
YX53J6d7,2026-01-25T18:40:55.234000+00:00,600+0,standard,rapid,True,resign,black,82,VuvukVuveliy,agg144,2606,2517,-9,8,C02,"French Defense: Advance Variation, Paulsen Attack",9,VuvukVuveliy,white,agg144,2606,2517,loss,0.0
T5ryHs5G,2026-01-25T16:51:38.581000+00:00,600+0,standard,rapid,True,mate,white,89,VuvukVuveliy,orangepuppy,2599,2571,7,-6,B92,"Sicilian Defense: Najdorf Variation, Opocensky Variation, Modern Line",16,VuvukVuveliy,white,orangepuppy,2599,2571,win,1.0
pavGPdrG,2026-01-25T16:30:14.218000+00:00,600+0,standard,rapid,True,mate,black,94,ein-shy-guy,VuvukVuveliy,2548,2593,-5,6,B12,Caro-Kann Defense: Advance Variation,5,VuvukVuveliy,black,ein-shy-guy,2593,2548,win,1.0
A6RFJ03R,2026-01-25T16:09:07.158000+00:00,600+0,standard,rapid,True,outoftime,white,149,elephantstampede,VuvukVuveliy,2469,2603,8,-10,B12,"Caro-Kann Defense: Advance Variation, Tal Variation",7,VuvukVuveliy,black,elephantstampede,2603,2469,loss,0.0
I668CZk5,2026-01-25T15:50:11.182000+00:00,600+0,standard,rapid,True,resign,white,79,VuvukVuveliy,eaglean,2598,2450,5,-4,C54,"Italian Game: Classical Variation, Giuoco Pianissimo",12,VuvukVuveliy,white,eaglean,2598,2450,win,1.0
cEvwk1Bu,2026-01-25T15:34:46.041000+00:00,600+0,standard,rapid,True,resign,white,49,VuvukVuveliy,RexOranis,2593,2492,5,-4,B01,"Scandinavian Defense: Portuguese Gambit, Wuss Variation",7,VuvukVuveliy,white,RexOranis,2593,2492,win,1.0
DQaY9kDK,2026-01-23T22:00:14.944000+00:00,600+0,standard,rapid,True,resign,black,56,Ogetsu,VuvukVuveliy,2444,2588,-3,5,B12,Caro-Kann Defense: Maróczy Variation,5,VuvukVuveliy,black,Ogetsu,2588,2444,win,1.0
j1A1sK4s,2026-02-01T20:02:49.494000+00:00,180+2,standard,blitz,True,resign,black,70,Multilaser20,DevourYourPieces,2419,2456,-6,7,E20,Nimzo-Indian Defense,6,DevourYourPieces,black,Multilaser20,2456,2419,win,1.0
mohtDuRH,2026-02-01T19:53:01.287000+00:00,120+1,standard,bullet,True,resign,white,39,DevourYourPieces,Mokichi,2054,2023,5,-5,E08,Catalan Opening: Closed,13,DevourYourPieces,white,Mokichi,2054,2023,win,1.0
bqzsteaW,2026-02-01T19:41:37.244000+00:00,120+1,standard,bullet,True,resign,black,60,KelsonFred25,DevourYourPieces,2020,2048,-6,6,A80,Dutch Defense,2,DevourYourPieces,black,KelsonFred25,2048,2020,win,1.0
QER3homR,2026-02-01T19:30:52.178000+00:00,120+1,standard,bullet,True,outoftime,white,63,fantoom77,DevourYourPieces,2186,2053,3,-4,B21,"Sicilian Defense: Smith-Morra Gambit Accepted, Paulsen Formation",12,DevourYourPieces,black,fantoom77,2053,2186,loss,0.0
4VBR1P9d,2026-02-01T19:19:17.792000+00:00,600+0,standard,rapid,True,resign,black,42,STKA1969,DevourYourPieces,2480,2540,-5,8,B41,"Sicilian Defense: Kan Variation, Maróczy Bind, Réti Variation",9,DevourYourPieces,black,STKA1969,2540,2480,win,1.0
Kkugp6hp,2026-02-01T19:13:42.550000+00:00,120+1,standard,bullet,True,outoftime,black,58,DevourYourPieces,Eden_0305,2050,2080,-6,6,D38,"Queen's Gambit Declined: Ragozin Defense, Alekhine Variation",9,DevourYourPieces,white,Eden_0305,2050,2080,loss,0.0
liOI3Pvo,2026-02-01T19:02:31.813000+00:00,300+3,standard,blitz,True,resign,white,73,DevourYourPieces,albert_casals,2450,2379,6,-15,D19,"Slav Defense: Czech Variation, Classical System, Main Line",17,DevourYourPieces,white,albert_casals,2450,2379,win,1.0
kL9B3FkM,2026-02-01T18:48:34.221000+00:00,600+0,standard,rapid,True,resign,black,62,Beastonthemic,DevourYourPieces,2328,2536,-4,4,B41,Sicilian Defense: Kan Variation,8,DevourYourPieces,black,Beastonthemic,2536,2328,win,1.0
Wxn5bAmX,2026-01-30T20:53:59.577000+00:00,600+0,standard,rapid,True,outoftime,black,154,DevourYourPieces,kroahmo01ADANAGM,2536,2409,-11,42,D30,Queen's Gambit Declined,4,DevourYourPieces,white,kroahmo01ADANAGM,2536,2409,loss,0.0
EVi1sUKO,2026-01-30T20:33:48.651000+00:00,600+0,standard,rapid,True,resign,white,107,DevourYourPieces,Dindindun84,2529,2486,7,-7,E94,"King's Indian Defense: Orthodox Variation, Glek Defense",14,DevourYourPieces,white,Dindindun84,2529,2486,win,1.0
Em17sW8y,2026-01-30T20:07:45.341000+00:00,600+0,standard,rapid,True,outoftime,white,117,zweidreizehen,DevourYourPieces,2483,2539,7,-10,E01,Catalan Opening: Closed,7,DevourYourPieces,black,zweidreizehen,2539,2483,loss,0.0
CiTTsXJL,2026-01-30T20:00:27.924000+00:00,600+0,standard,rapid,True,resign,black,46,yash_n,DevourYourPieces,2267,2535,-2,4,B43,"Sicilian Defense: Kan Variation, Wing Attack",10,DevourYourPieces,black,yash_n,2535,2267,win,1.0
niQGqVDV,2026-01-30T19:29:32.126000+00:00,120+1,standard,bullet,True,resign,white,53,DevourYourPieces,lineout,2045,2022,5,-5,A50,Slav Indian,4,DevourYourPieces,white,lineout,2045,2022,win,1.0
OiTS3pBc,2026-01-30T19:25:28.080000+00:00,120+1,standard,bullet,True,resign,black,46,lineout,DevourYourPieces,2028,2039,-6,6,A96,"Dutch Defense: Classical Variation, Huisl Variation",14,DevourYourPieces,black,lineout,2039,2028,win,1.0
42KvjGQk,2026-01-30T19:19:27.030000+00:00,120+1,standard,bullet,True,outoftime,white,73,bozonozo12,DevourYourPieces,1980,2046,7,-7,A50,Indian Defense: Normal Variation,3,DevourYourPieces,black,bozonozo12,2046,1980,loss,0.0
Rz1k1cgE,2026-01-29T17:35:54.552000+00:00,300+5,standard,rapid,True,resign,white,71,DevourYourPieces,pawnsnotdead,2537,2343,5,-4,A58,Benko Gambit Accepted: Fully Accepted Variation,9,DevourYourPieces,white,pawnsnotdead,2537,2343,win,1.0
75WpmLbu,2026-01-29T17:29:56.278000+00:00,120+1,standard,bullet,True,resign,white,65,DevourYourPieces,RoyallyBokketa,2041,1992,5,-4,E91,King's Indian Defense: Orthodox Variation,11,DevourYourPieces,white,RoyallyBokketa,2041,1992,win,1.0
0PV5hKnO,2026-01-29T17:23:29.086000+00:00,120+1,standard,bullet,True,outoftime,white,61,mehdighysari123666,DevourYourPieces,1998,2047,8,-6,A45,Trompowsky Attack,3,DevourYourPieces,black,mehdighysari123666,2047,1998,loss,0.0
Jtwg2SLQ,2026-01-29T17:17:18.579000+00:00,120+1,standard,bullet,True,resign,black,54,TadySova,DevourYourPieces,2028,2042,-5,5,B77,"Sicilian Defense: Dragon Variation, Yugoslav Attack",18,DevourYourPieces,black,TadySova,2042,2028,win,1.0
J1Fl8DMz,2026-01-29T17:12:04.231000+00:00,120+1,standard,bullet,True,outoftime,black,58,DevourYourPieces,innostrada,2048,2023,-6,6,A60,Benoni Defense: Modern Variation,6,DevourYourPieces,white,innostrada,2048,2023,loss,0.0
LsznHoOL,2026-01-29T17:08:17.828000+00:00,120+1,standard,bullet,True,resign,black,42,rad2057,DevourYourPieces,1940,2044,-4,4,B50,"Sicilian Defense: Delayed Alapin Variation, with d6",5,DevourYourPieces,black,rad2057,2044,1940,win,1.0
aNlAXICO,2026-01-28T20:33:47.220000+00:00,120+1,standard,bullet,True,outoftime,black,40,Popalyam,DevourYourPieces,2039,2038,-6,6,B21,Sicilian Defense: Smith-Morra Gambit Accepted,6,DevourYourPieces,black,Popalyam,2038,2039,win,1.0
1FVVIXne,2026-01-28T19:36:40.050000+00:00,120+1,standard,bullet,True,mate,white,55,DevourYourPieces,thewhat,2032,2027,6,-6,B13,"Caro-Kann Defense: Panov Attack, Modern Defense, Mieses Line",12,DevourYourPieces,white,thewhat,2032,2027,win,1.0
G4qIeC3d,2026-01-28T19:29:11.102000+00:00,120+1,standard,bullet,True,outoftime,black,90,DevourYourPieces,Ilya_MuRoMeCc,2038,2019,-6,6,D32,Tarrasch Defense: Symmetrical Variation,10,DevourYourPieces,white,Ilya_MuRoMeCc,2038,2019,loss,0.0
NHERQttC,2026-01-28T04:10:26.880000+00:00,120+1,standard,bullet,True,resign,black,42,Diheda,DevourYourPieces,2073,2042,-7,7,E20,Nimzo-Indian Defense,6,DevourYourPieces,black,Diheda,2042,2073,win,1.0
E7NopjyH,2026-01-28T03:53:32.552000+00:00,120+1,standard,bullet,True,resign,white,43,DevourYourPieces,mjbam,2031,1968,5,-7,E97,"King's Indian Defense: Orthodox Variation, Bayonet Attack",17,DevourYourPieces,white,mjbam,2031,1968,win,1.0
gEvo8nyk,2026-01-28T03:42:45.426000+00:00,120+1,standard,bullet,True,outoftime,white,67,Jx7,DevourYourPieces,2082,2042,5,-5,B21,Sicilian Defense: Smith-Morra Gambit Accepted,6,DevourYourPieces,black,Jx7,2042,2082,loss,0.0
btC1UioG,2026-01-27T19:06:57.751000+00:00,300+0,standard,blitz,True,mate,white,87,DevourYourPieces,SpecialIceTea,2442,2298,4,-4,A80,Dutch Defense,2,DevourYourPieces,white,SpecialIceTea,2442,2298,win,1.0
j9xzyqxu,2026-01-27T05:45:45.922000+00:00,600+0,standard,rapid,True,resign,white,57,DevourYourPieces,sparking-genio,2528,2538,9,-8,E04,Catalan Opening: Open Defense,9,DevourYourPieces,white,sparking-genio,2528,2538,win,1.0
740O9Nbk,2026-01-26T23:43:54.801000+00:00,180+3,standard,blitz,True,resign,black,54,hannes777,DevourYourPieces,2220,2438,-3,4,A45,Trompowsky Attack: Classical Defense,4,DevourYourPieces,black,hannes777,2438,2220,win,1.0
Lj54Dvz8,2026-02-01T21:33:41.702000+00:00,180+0,standard,blitz,True,resign,black,80,papasi,superpower4,2779,2605,-8,9,D10,Slav Defense: Exchange Variation,5,papasi,white,superpower4,2779,2605,loss,0.0
Tkw44RCL,2026-02-01T21:29:02.146000+00:00,180+0,standard,blitz,True,resign,black,64,kozenkovvalera,papasi,2537,2777,-2,2,D30,Queen's Gambit Declined,4,papasi,black,kozenkovvalera,2777,2537,win,1.0
CoQZ468a,2026-02-01T21:23:05.172000+00:00,180+0,standard,blitz,True,resign,white,79,papasi,Corre_por_tu_vida,2773,2672,4,-4,E61,King's Indian Defense: Smyslov Variation,9,papasi,white,Corre_por_tu_vida,2773,2672,win,1.0
ayCEL3AD,2026-02-01T21:20:37.605000+00:00,180+0,standard,blitz,True,resign,black,50,BocchoiBoi,papasi,2670,2769,-5,4,A05,Zukertort Opening,2,papasi,black,BocchoiBoi,2769,2670,win,1.0
R1h4V5LK,2026-02-01T21:15:03.936000+00:00,180+0,standard,blitz,True,resign,black,116,fifteen_yo_captain,papasi,2516,2766,-2,3,A47,Pseudo Queen's Indian Defense,4,papasi,black,fifteen_yo_captain,2766,2516,win,1.0
desld9sc,2026-02-01T21:09:46.996000+00:00,180+0,standard,blitz,True,resign,white,121,papasi,superpower4,2763,2613,3,-3,D10,Slav Defense: Exchange Variation,5,papasi,white,superpower4,2763,2613,win,1.0
Z39dn46e,2026-02-01T18:01:39.251000+00:00,180+0,standard,blitz,True,outoftime,white,109,papasi,manu_na,2760,2622,3,-3,E61,King's Indian Defense: Smyslov Variation,9,papasi,white,manu_na,2760,2622,win,1.0
UDKBdUrG,2026-01-30T12:25:21.025000+00:00,180+0,standard,blitz,True,resign,white,115,Vladimir2022,papasi,2714,2766,6,-6,C19,"French Defense: Winawer Variation, Positional Variation",18,papasi,black,Vladimir2022,2766,2714,loss,0.0
n0XTNXCc,2026-01-30T12:16:47.707000+00:00,180+0,standard,blitz,True,resign,white,119,papasi,woshigeshagua,2758,2891,8,-8,E23,"Nimzo-Indian Defense: Spielmann Variation, Romanovsky Gambit",10,papasi,white,woshigeshagua,2758,2891,win,1.0
BX39XtEJ,2026-01-29T23:20:38.724000+00:00,60+0,standard,bullet,True,outoftime,black,76,papasi,amadais,3049,2842,-9,11,D10,Slav Defense: Exchange Variation,5,papasi,white,amadais,3049,2842,loss,0.0
o45x1PPz,2026-01-29T23:01:07.272000+00:00,60+0,standard,bullet,True,outoftime,black,194,Garayev_Kanan,papasi,2998,3032,-7,5,C01,French Defense: Exchange Variation,7,papasi,black,Garayev_Kanan,3032,2998,win,1.0
dtu7NqUm,2026-01-29T22:57:22.396000+00:00,60+0,standard,bullet,True,outoftime,black,122,Amirreza_p,papasi,3089,3018,-7,7,A10,English Opening: Anglo-Scandinavian Defense,2,papasi,black,Amirreza_p,3018,3089,win,1.0
fCJMHBKP,2026-01-29T22:32:30.073000+00:00,60+0,standard,bullet,True,resign,black,100,papasi,Amirreza_p,3034,3073,-5,5,E81,"King's Indian Defense: Sämisch Variation, Bobotsov-Korchnoi-Petrosian Variation",11,papasi,white,Amirreza_p,3034,3073,loss,0.0
pJG1Vx6r,2026-01-29T22:21:57.633000+00:00,60+0,standard,bullet,True,mate,black,136,Amirreza_p,papasi,3070,3037,-7,7,C02,"French Defense: Advance Variation, Euwe Variation",10,papasi,black,Amirreza_p,3037,3070,win,1.0
j0f9J1mF,2026-01-29T20:26:16.634000+00:00,600+0,standard,rapid,True,resign,white,88,papasi,Crodino08,2574,2351,6,-3,E32,"Nimzo-Indian Defense: Classical Variation, Vitolins-Adorjan Gambit",12,papasi,white,Crodino08,2574,2351,win,1.0
AsuctELa,2026-01-29T20:14:53.152000+00:00,600+0,standard,rapid,True,resign,black,90,GreatMaha,papasi,2320,2567,-6,7,C05,"French Defense: Tarrasch Variation, Closed Variation",6,papasi,black,GreatMaha,2567,2320,win,1.0
Qvkwgzx0,2026-01-29T19:56:10.416000+00:00,600+0,standard,rapid,True,outoftime,black,80,ChessMalamute,papasi,2405,2557,-4,10,A01,Nimzo-Larsen Attack: Classical Variation,2,papasi,black,ChessMalamute,2557,2405,win,1.0
VitxeJzq,2026-01-29T19:34:00.346000+00:00,600+0,standard,rapid,True,outoftime,white,93,papasi,StrangerAM,2540,2547,17,-6,A41,Queen's Pawn Game,2,papasi,white,StrangerAM,2540,2547,win,1.0
1SrmkV0y,2026-01-29T19:12:12.695000+00:00,600+0,standard,rapid,True,resign,white,111,papasi,SOTIRIS2,2533,2308,7,-4,E35,"Nimzo-Indian Defense: Classical Variation, Noa Variation",10,papasi,white,SOTIRIS2,2533,2308,win,1.0
p0w4e8Tz,2026-01-29T18:55:12.707000+00:00,600+0,standard,rapid,True,mate,black,64,aminulgamer,papasi,2348,2523,-17,10,C18,"French Defense: Winawer Variation, Advance Variation",11,papasi,black,aminulgamer,2523,2348,win,1.0
5kefTYN6,2026-01-29T18:31:35.383000+00:00,600+0,standard,rapid,True,outoftime,white,139,papasi,Menschenwerk,2508,2442,15,-12,E22,Nimzo-Indian Defense: Spielmann Variation,7,papasi,white,Menschenwerk,2508,2442,win,1.0
2xR1ZGtA,2026-01-29T02:25:12.888000+00:00,60+0,standard,bullet,True,resign,white,135,papasi,GonzaQuirhuayo_UNMSM,3000,3003,6,-6,E61,King's Indian Defense,5,papasi,white,GonzaQuirhuayo_UNMSM,3000,3003,win,1.0
FrwJppuO,2026-01-29T02:20:25.682000+00:00,60+0,standard,bullet,True,resign,black,33,GonzaQuirhuayo_UNMSM,papasi,3015,2988,-6,6,C00,French Defense: Knight Variation,3,papasi,black,GonzaQuirhuayo_UNMSM,2988,3015,win,1.0
ISqvIKcV,2026-01-29T02:03:06.794000+00:00,60+0,standard,bullet,True,mate,black,60,papasi,IronDusanMijat,2986,2822,-9,8,A40,Queen's Pawn Game: Modern Defense,2,papasi,white,IronDusanMijat,2986,2822,loss,0.0
OATStsIa,2026-01-29T01:22:02.844000+00:00,60+0,standard,bullet,True,resign,white,145,papasi,Oganian_Miran,2995,3002,6,-6,D20,"Queen's Gambit Accepted: Old Variation, Christensen Gambit",11,papasi,white,Oganian_Miran,2995,3002,win,1.0
Rt5tRm6m,2026-01-29T01:19:54.156000+00:00,60+0,standard,bullet,True,outoftime,black,110,Oganian_Miran,papasi,3008,2989,-6,6,A01,Nimzo-Larsen Attack: Classical Variation,2,papasi,black,Oganian_Miran,2989,3008,win,1.0
lvW7HYRh,2026-01-29T00:33:51.860000+00:00,60+0,standard,bullet,True,resign,white,45,IronDusanMijat,papasi,2828,2994,8,-8,E09,"Catalan Opening: Closed, Main Line",15,papasi,black,IronDusanMijat,2994,2828,loss,0.0
k1O0esQf,2026-01-28T21:27:25.022000+00:00,180+0,standard,blitz,True,resign,white,37,papasi,TexasMustang,2753,2735,5,-5,B20,"Sicilian Defense: Wing Gambit, Marshall Variation",5,papasi,white,TexasMustang,2753,2735,win,1.0
1cjHFyuX,2026-01-28T21:22:29.751000+00:00,180+0,standard,blitz,True,resign,white,75,TexasMustang,papasi,2729,2759,6,-6,C05,"French Defense: Tarrasch Variation, Pawn Center Variation",9,papasi,black,TexasMustang,2759,2729,loss,0.0
plMTlsks,2026-01-28T21:16:22.050000+00:00,180+0,standard,blitz,True,resign,white,123,papasi,TexasMustang,2754,2734,5,-5,E39,"Nimzo-Indian Defense: Classical Variation, Berlin Variation, Macieja System",14,papasi,white,TexasMustang,2754,2734,win,1.0
R9PfJILq,2026-02-01T20:34:51.946000+00:00,180+0,standard,blitz,True,mate,black,106,Elwarrior80,Jhonsmit,2317,2259,-6,7,D02,Queen's Pawn Game: Zukertort Variation,3,Elwarrior80,white,Jhonsmit,2317,2259,loss,0.0
5fysJeTI,2026-02-01T20:29:23.883000+00:00,180+0,standard,blitz,True,resign,white,41,DmitryK1,Elwarrior80,2379,2322,4,-5,D00,Queen's Pawn Game: Levitsky Attack,3,Elwarrior80,black,DmitryK1,2322,2379,loss,0.0
LEZjNk7f,2026-02-01T20:25:11.491000+00:00,180+0,standard,blitz,True,resign,white,33,Elwarrior80,Wlfi,2318,2194,4,-5,D02,Queen's Pawn Game: Krause Variation,4,Elwarrior80,white,Wlfi,2318,2194,win,1.0
tzlnvTau,2026-02-01T20:24:11.072000+00:00,180+0,standard,blitz,True,resign,white,21,Elwarrior80,todoryl,2315,2207,3,-4,A46,Indian Defense: Spielmann-Indian,4,Elwarrior80,white,todoryl,2315,2207,win,1.0
193oj6KE,2026-02-01T20:18:32.767000+00:00,180+0,standard,blitz,True,outoftime,black,78,Sonnenkopp_TR,Elwarrior80,2215,2310,-4,5,B21,"Sicilian Defense: Smith-Morra Gambit Declined, Push Variation",6,Elwarrior80,black,Sonnenkopp_TR,2310,2215,win,1.0
RXAVuz6Z,2026-02-01T20:12:34.105000+00:00,180+0,standard,blitz,True,resign,white,67,Elwarrior80,Sonics1962,2303,2398,7,-7,D02,"Queen's Pawn Game: London System, with e6",5,Elwarrior80,white,Sonics1962,2303,2398,win,1.0
kM1gQFHb,2026-02-01T20:06:39.822000+00:00,180+0,standard,blitz,True,outoftime,white,121,Marlon_AGD,Elwarrior80,2133,2311,9,-8,D00,Queen's Pawn Game: Accelerated London System,3,Elwarrior80,black,Marlon_AGD,2311,2133,loss,0.0
FUqh8eKY,2026-02-01T20:03:30.061000+00:00,180+0,standard,blitz,True,resign,white,45,Elwarrior80,Wlfi,2308,2203,3,-6,A04,Zukertort Opening: Slav Invitation,2,Elwarrior80,white,Wlfi,2308,2203,win,1.0
kKzumJrz,2026-02-01T20:00:12.442000+00:00,180+0,standard,blitz,True,resign,black,58,alfredor76,Elwarrior80,2120,2304,-3,4,D04,"Queen's Pawn Game: Colle System, Anti-Colle",6,Elwarrior80,black,alfredor76,2304,2120,win,1.0
Ng3v15Dy,2026-02-01T19:55:57.586000+00:00,180+0,standard,blitz,True,resign,white,63,Elwarrior80,LaDamadelTablero,2303,1887,1,-1,D02,Queen's Pawn Game: Zukertort Variation,3,Elwarrior80,white,LaDamadelTablero,2303,1887,win,1.0
RGCqy3CU,2026-02-01T19:51:23.846000+00:00,180+0,standard,blitz,True,resign,black,100,Nikita_wq,Elwarrior80,2251,2298,-5,5,B30,Sicilian Defense: Old Sicilian,4,Elwarrior80,black,Nikita_wq,2298,2251,win,1.0
pZT1jXWq,2026-02-01T19:49:19.798000+00:00,180+0,standard,blitz,True,resign,black,56,Remdan2598,Elwarrior80,1580,2298,0,0,B32,Sicilian Defense: Open,6,Elwarrior80,black,Remdan2598,2298,1580,win,1.0
7zw5mCgy,2026-02-01T19:42:51.697000+00:00,180+0,standard,blitz,True,mate,black,122,Elwarrior80,DanielTF,2308,2046,-10,12,D02,Queen's Pawn Game: London System,5,Elwarrior80,white,DanielTF,2308,2046,loss,0.0
recthwt7,2026-02-01T19:36:06.157000+00:00,180+0,standard,blitz,True,outoftime,black,102,moisesdog,Elwarrior80,2175,2304,-3,4,B33,"Sicilian Defense: Lasker-Pelikan Variation, Schlechter Variation",11,Elwarrior80,black,moisesdog,2304,2175,win,1.0
YF8Jnwyf,2026-02-01T19:31:54.256000+00:00,180+0,standard,blitz,True,resign,white,45,Elwarrior80,Raycho2003,2297,2352,7,-20,A48,"London System, with Bd3",9,Elwarrior80,white,Raycho2003,2297,2352,win,1.0
M2PXD7Lx,2026-02-01T19:28:56.965000+00:00,180+0,standard,blitz,True,resign,black,56,Aleksej1980,Elwarrior80,1458,2297,0,0,A11,English Opening: Caro-Kann Defensive System,2,Elwarrior80,black,Aleksej1980,2297,1458,win,1.0
XFN5j103,2026-02-01T07:34:05.976000+00:00,1500+0,standard,classical,True,mate,white,119,Yucchi_e4,Elwarrior80,2292,2336,9,-6,A05,King's Indian Attack,4,Elwarrior80,black,Yucchi_e4,2336,2292,loss,0.0
slzxOKmw,2026-02-01T05:53:53.322000+00:00,5400+30,standard,classical,True,draw,,137,PSWCM25,Elwarrior80,2102,2339,9,-3,D01,Rapport-Jobava System,5,Elwarrior80,black,PSWCM25,2339,2102,draw,0.5
8HMmU7XO,2026-02-01T04:30:36.120000+00:00,180+0,standard,blitz,True,mate,white,77,Elwarrior80,owkwk,2291,2341,6,-7,D02,Queen's Pawn Game: Krause Variation,4,Elwarrior80,white,owkwk,2291,2341,win,1.0
LvcOBY92,2026-02-01T02:34:29.623000+00:00,60+0,standard,bullet,True,resign,white,53,Elwarrior80,Houdini182,2279,2340,7,-7,A04,Zukertort Opening: Pirc Invitation,2,Elwarrior80,white,Houdini182,2279,2340,win,1.0
LGncz77Y,2026-01-31T19:24:31.984000+00:00,60+0,standard,bullet,True,mate,white,75,Elwarrior80,toramanov,2251,2252,5,-6,D02,Queen's Pawn Game: Chigorin Variation,4,Elwarrior80,white,toramanov,2251,2252,win,1.0
7KrmAay3,2026-01-31T15:38:27.670000+00:00,3600+30,standard,classical,True,draw,,114,Elwarrior80,Avengerhorse,2342,2170,-3,5,A46,Indian Defense: London System,5,Elwarrior80,white,Avengerhorse,2342,2170,draw,0.5
QEohBRvX,2026-01-31T15:26:57.585000+00:00,300+0,standard,blitz,True,resign,black,108,Pion_Naga,Elwarrior80,2220,2281,-5,5,D00,Queen's Pawn Game: Accelerated London System,3,Elwarrior80,black,Pion_Naga,2281,2220,win,1.0
cmIXvrQd,2026-01-31T15:16:36.976000+00:00,300+0,standard,blitz,True,outoftime,white,141,Elwarrior80,IronThroneMaster,2278,2164,3,-4,A04,Zukertort Opening: Queen's Gambit Invitation,2,Elwarrior80,white,IronThroneMaster,2278,2164,win,1.0
2jIbGlId,2026-01-31T15:07:15.895000+00:00,300+0,standard,blitz,True,outoftime,black,74,SQLap,Elwarrior80,2255,2272,-5,6,D02,Queen's Pawn Game: London System,5,Elwarrior80,black,SQLap,2272,2255,win,1.0
hf86ealN,2026-01-31T15:00:32.458000+00:00,300+0,standard,blitz,True,resign,white,87,Elwarrior80,ProntoPresto,2268,2194,4,-5,D02,Queen's Pawn Game: London System,5,Elwarrior80,white,ProntoPresto,2268,2194,win,1.0
eWFB5iqc,2026-01-31T14:54:31.930000+00:00,300+0,standard,blitz,True,resign,black,72,Dredd7,Elwarrior80,2216,2262,-6,6,D30,Queen's Gambit Declined,4,Elwarrior80,black,Dredd7,2262,2216,win,1.0
hCL2iMMa,2026-01-31T14:06:37.481000+00:00,1500+0,standard,classical,True,resign,black,128,Elwarrior80,Jaiyehhh,2354,2304,-6,6,D02,Queen's Pawn Game: Zukertort Variation,3,Elwarrior80,white,Jaiyehhh,2354,2304,loss,0.0
y8FMlSeI,2026-01-31T12:25:21.898000+00:00,3600+30,standard,classical,True,resign,white,115,Chameleonowitch,Elwarrior80,2347,2366,21,-6,D46,Semi-Slav Defense: Chigorin Defense,13,Elwarrior80,black,Chameleonowitch,2366,2347,loss,0.0
R9kH9DKX,2026-01-31T13:12:40.402000+00:00,1500+0,standard,classical,True,outoftime,black,140,Elwarrior80,kenny9900,2357,2544,-3,4,D02,Queen's Pawn Game: London System,5,Elwarrior80,white,kenny9900,2357,2544,loss,0.0
yPAcghdi,2026-01-31T15:35:02.616000+00:00,60+0,standard,bullet,True,resign,black,72,komodo54,halsau,2662,2612,-7,7,A08,King's Indian Attack: French Variation,6,komodo54,white,halsau,2662,2612,loss,0.0
9PLZ0XCF,2026-01-30T12:50:03.296000+00:00,60+0,standard,bullet,True,mate,black,108,lanky_John_Silver,komodo54,2569,2696,-3,4,A00,Van't Kruijs Opening,1,komodo54,black,lanky_John_Silver,2696,2569,win,1.0
aOUM9hRV,2026-01-29T18:51:29.098000+00:00,600+0,standard,rapid,True,resign,white,57,GokuBlack9,komodo54,2260,2550,16,-10,A46,Torre Attack: Classical Defense,5,komodo54,black,GokuBlack9,2550,2260,loss,0.0
NFA2hVE7,2026-01-29T18:20:26.074000+00:00,600+0,standard,rapid,True,resign,black,54,komodo54,ADBG0981,2552,2403,-8,11,E14,Queen's Indian Defense: Spassky System,7,komodo54,white,ADBG0981,2552,2403,loss,0.0
AZYEAzil,2026-01-29T17:57:39.830000+00:00,600+0,standard,rapid,True,resign,white,55,komodo54,Casperrov,2547,2382,3,-3,D11,Slav Defense: Modern Line,5,komodo54,white,Casperrov,2547,2382,win,1.0
PHMG9lB8,2026-01-27T18:50:57.269000+00:00,60+0,standard,bullet,True,resign,black,80,komodo54,NightBirdQueen002,2709,2781,-5,5,A04,Zukertort Opening: Queen's Gambit Invitation,2,komodo54,white,NightBirdQueen002,2709,2781,loss,0.0
RBtHscRz,2026-01-25T10:49:26.444000+00:00,600+0,standard,rapid,True,stalemate,,198,komodo54,Potapych18,2548,2239,-4,4,D02,Queen's Pawn Game: Symmetrical Variation,4,komodo54,white,Potapych18,2548,2239,draw,0.5
2FZ5sIyn,2026-01-24T15:59:53.700000+00:00,600+0,standard,rapid,True,resign,black,76,komodo54,Battousai14,2551,2594,-5,31,E60,"King's Indian Defense: Semi-Classical Variation, Hollywood Variation",12,komodo54,white,Battousai14,2551,2594,loss,0.0
uTQw8IQo,2026-01-23T16:56:35.405000+00:00,600+0,standard,rapid,True,mate,black,54,komodo54,PandaMala,2556,2564,-5,22,E60,"King's Indian Defense: Normal Variation, King's Knight Variation",5,komodo54,white,PandaMala,2556,2564,loss,0.0
BtO3FvQF,2026-01-23T16:37:51.067000+00:00,600+0,standard,rapid,True,resign,white,101,PandaMala,komodo54,2541,2562,23,-6,C27,Vienna Game: Frankenstein-Dracula Variation,6,komodo54,black,PandaMala,2562,2541,loss,0.0
5VyWZXbl,2026-01-23T12:16:50.258000+00:00,60+0,standard,bullet,True,outoftime,white,125,komodo54,Danilkuchma13,2695,2759,7,-35,E68,"King's Indian Defense: Fianchetto Variation, Classical Variation",15,komodo54,white,Danilkuchma13,2695,2759,win,1.0
rgRX0sMG,2026-01-22T09:01:34.408000+00:00,600+0,standard,rapid,True,outoftime,white,125,komodo54,RuslanN88,2557,2367,2,-4,E10,Indian Defense: Anti-Nimzo-Indian,5,komodo54,white,RuslanN88,2557,2367,win,1.0
RW3oWRve,2026-01-19T21:26:27.983000+00:00,600+0,standard,rapid,True,resign,black,82,komodo54,agg144,2559,2563,-6,7,A40,Horwitz Defense,2,komodo54,white,agg144,2559,2563,loss,0.0
fMZkmhta,2026-01-15T22:32:20.779000+00:00,600+0,standard,rapid,True,resign,white,143,komodo54,Sayedkandeel112,2555,2433,4,-4,D61,"Queen's Gambit Declined: Orthodox Defense, Rubinstein Variation",13,komodo54,white,Sayedkandeel112,2555,2433,win,1.0
qatDppfC,2026-01-14T21:48:05.951000+00:00,180+0,standard,blitz,True,resign,black,108,komodo54,HakunaMatata2023,2368,2375,-6,6,D52,Queen's Gambit Declined: Cambridge Springs Defense,12,komodo54,white,HakunaMatata2023,2368,2375,loss,0.0
OU6gCXjx,2026-01-14T21:43:03.914000+00:00,180+0,standard,blitz,True,mate,white,43,komodo54,RisingFideMaster2030,2363,2301,5,-5,C02,"French Defense: Advance Variation, Milner-Barry Gambit, Hector Variation",15,komodo54,white,RisingFideMaster2030,2363,2301,win,1.0
wppTfspl,2026-01-14T20:16:37.582000+00:00,600+0,standard,rapid,True,outoftime,white,153,komodo54,lucianachess,2555,2509,4,-24,E11,Bogo-Indian Defense: Vitolins Variation,8,komodo54,white,lucianachess,2555,2509,win,1.0
KhOIzBia,2026-01-14T20:00:23.187000+00:00,600+0,standard,rapid,True,resign,black,72,KamilKawecki,komodo54,2420,2551,-6,4,A45,Indian Defense: Accelerated London System,3,komodo54,black,KamilKawecki,2551,2420,win,1.0
cpG0HG7Z,2026-01-14T19:38:55.138000+00:00,600+0,standard,rapid,True,draw,,118,komodo54,Jspace02,2552,2511,-1,1,E11,Bogo-Indian Defense: Exchange Variation,8,komodo54,white,Jspace02,2552,2511,draw,0.5
XrwMZNS4,2026-01-14T12:18:16.204000+00:00,600+0,standard,rapid,True,resign,black,60,komodo54,fabiano70,2546,2521,-6,7,A70,"Benoni Defense: Classical Variation, New York Variation",15,komodo54,white,fabiano70,2546,2521,loss,0.0
irgiarkR,2026-01-14T12:10:32.530000+00:00,600+0,standard,rapid,True,resign,white,41,fabiano70,komodo54,2515,2552,6,-6,C47,"Four Knights Game: Scotch Variation, Belgrade Gambit",9,komodo54,black,fabiano70,2552,2515,loss,0.0
KCbye44M,2026-01-14T11:51:47.193000+00:00,600+0,standard,rapid,True,mate,white,79,komodo54,insanreds,2548,2431,4,-3,A44,Benoni Defense: Old Benoni,4,komodo54,white,insanreds,2548,2431,win,1.0
u1XsJyPM,2026-01-14T11:03:42.025000+00:00,600+0,standard,rapid,True,resign,black,118,Glavbukh,komodo54,2375,2545,-4,3,E90,"King's Indian Defense: Normal Variation, Rare Defenses",9,komodo54,black,Glavbukh,2545,2375,win,1.0
Er4hX1Hl,2026-01-13T21:31:28.352000+00:00,600+0,standard,rapid,True,draw,,51,komodo54,CH355D0TC0MN0G00D,2548,2361,-3,3,A40,English Defense,2,komodo54,white,CH355D0TC0MN0G00D,2548,2361,draw,0.5
aO6KsB2I,2026-01-13T20:33:26.034000+00:00,600+0,standard,rapid,True,resign,white,23,komodo54,Nazar_2013,2546,2330,3,-3,E14,Queen's Indian Defense: Spassky System,7,komodo54,white,Nazar_2013,2546,2330,win,1.0
zC1cHvS5,2026-01-12T18:48:34.667000+00:00,600+0,standard,rapid,True,resign,black,116,i_hate_dogs,komodo54,2543,2541,-12,5,C47,Four Knights Game,6,komodo54,black,i_hate_dogs,2541,2543,win,1.0
RYxCcito,2026-01-12T18:34:20.100000+00:00,600+0,standard,rapid,True,resign,black,76,komodo54,DonutDude100,2546,2552,-5,24,E60,"King's Indian Defense: Semi-Classical Variation, Benoni Variation",12,komodo54,white,DonutDude100,2546,2552,loss,0.0
f4Y97a4G,2026-01-12T17:52:50.488000+00:00,600+0,standard,rapid,True,stalemate,,153,komodo54,www68,2540,2595,0,-2,A44,Benoni Defense: Semi-Benoni,6,komodo54,white,www68,2540,2595,draw,0.5
T1CmBQ8E,2026-01-10T16:39:55.531000+00:00,600+0,standard,rapid,True,outoftime,,188,StrangerAM,komodo54,2530,2542,0,0,C68,"Ruy Lopez: Exchange, Alekhine Variation",14,komodo54,black,StrangerAM,2542,2530,draw,0.5
tL4x977m,2026-01-10T16:30:28.814000+00:00,600+0,standard,rapid,True,resign,white,55,komodo54,Youncore,2539,2321,3,-2,E11,Bogo-Indian Defense: Nimzowitsch Variation,8,komodo54,white,Youncore,2539,2321,win,1.0
Q1DUYpHP,2026-01-24T04:18:15.712000+00:00,60+0,standard,bullet,True,resign,black,66,calcu_later,jjosujjosu,2962,3087,-4,4,B29,Sicilian Defense: Nimzowitsch Variation,4,jjosujjosu,black,calcu_later,3087,2962,win,1.0
AELycZ3O,2026-01-24T03:16:37.259000+00:00,180+0,standard,blitz,True,resign,white,55,AngeryTroll,jjosujjosu,2725,2838,11,-12,B29,"Sicilian Defense: Nimzowitsch Variation, Exchange Variation",8,jjosujjosu,black,AngeryTroll,2838,2725,loss,0.0
qKwBeJi6,2026-01-24T03:10:17.576000+00:00,180+0,standard,blitz,True,mate,black,138,jjosujjosu,AngeryTroll,2850,2713,-12,12,B20,Sicilian Defense: Keres Variation,3,jjosujjosu,white,AngeryTroll,2850,2713,loss,0.0
dCSpOsrs,2026-01-24T03:05:26.306000+00:00,180+0,standard,blitz,True,resign,white,83,AngeryTroll,jjosujjosu,2701,2863,12,-13,C00,French Defense: Normal Variation,3,jjosujjosu,black,AngeryTroll,2863,2701,loss,0.0
2arhhDhX,2026-01-24T02:59:07.161000+00:00,180+0,standard,blitz,True,outoftime,,143,jjosujjosu,AngeryTroll,2868,2697,-5,4,A21,"English Opening: King's English Variation, Kramnik-Shirov Counterattack",4,jjosujjosu,white,AngeryTroll,2868,2697,draw,0.5
R486CORw,2026-01-24T02:52:57.326000+00:00,180+0,standard,blitz,True,resign,white,121,jjosujjosu,AngeryTroll,2863,2702,5,-5,C26,Vienna Game: Falkbeer Variation,4,jjosujjosu,white,AngeryTroll,2863,2702,win,1.0
a3Xc5HAS,2026-01-24T02:46:40.269000+00:00,180+0,standard,blitz,True,resign,black,98,AngeryTroll,jjosujjosu,2708,2856,-6,7,B00,Owen Defense: Guatemala Defense,4,jjosujjosu,black,AngeryTroll,2856,2708,win,1.0
CdIZGJPD,2026-01-24T02:39:16.244000+00:00,180+0,standard,blitz,True,outoftime,white,99,jjosujjosu,AngeryTroll,2850,2713,6,-5,A45,Trompowsky Attack,3,jjosujjosu,white,AngeryTroll,2850,2713,win,1.0
e8ROdxZi,2026-01-24T02:34:11.187000+00:00,180+0,standard,blitz,True,resign,black,80,AngeryTroll,jjosujjosu,2720,2843,-7,7,B00,Nimzowitsch Defense: Pseudo-Spanish Variation,3,jjosujjosu,black,AngeryTroll,2843,2720,win,1.0
TN4z88au,2026-01-24T02:30:05.265000+00:00,180+0,standard,blitz,True,resign,white,81,jjosujjosu,AngeryTroll,2836,2727,7,-7,B00,Nimzowitsch Defense: Pseudo-Spanish Variation,3,jjosujjosu,white,AngeryTroll,2836,2727,win,1.0
BqdQtEFP,2026-01-24T02:24:59.729000+00:00,180+0,standard,blitz,True,resign,white,77,AngeryTroll,jjosujjosu,2713,2850,14,-14,B00,Nimzowitsch Defense: Declined Variation,3,jjosujjosu,black,AngeryTroll,2850,2713,loss,0.0
Chyw6bHN,2026-01-24T02:19:35.540000+00:00,180+0,standard,blitz,True,resign,white,77,jjosujjosu,AngeryTroll,2843,2720,7,-7,C20,King's Pawn Game: Alapin Opening,3,jjosujjosu,white,AngeryTroll,2843,2720,win,1.0
CMY672Xq,2026-01-24T02:13:14.357000+00:00,180+0,standard,blitz,True,mate,black,120,AngeryTroll,jjosujjosu,2728,2835,-8,8,A00,Van't Kruijs Opening,1,jjosujjosu,black,AngeryTroll,2835,2728,win,1.0
Gg0tKZAw,2026-01-24T02:09:42.426000+00:00,180+0,standard,blitz,True,resign,white,61,jjosujjosu,AngeryTroll,2826,2736,9,-8,B20,Sicilian Defense: Keres Variation,3,jjosujjosu,white,AngeryTroll,2826,2736,win,1.0
Oyst1r7C,2026-01-24T02:06:20.953000+00:00,180+0,standard,blitz,True,mate,white,51,AngeryTroll,jjosujjosu,2721,2842,15,-16,B10,Caro-Kann Defense: Goldman Variation,5,jjosujjosu,black,AngeryTroll,2842,2721,loss,0.0
xkWTctDT,2026-01-24T02:01:38.838000+00:00,180+0,standard,blitz,True,resign,white,65,jjosujjosu,AngeryTroll,2833,2729,9,-8,A06,Nimzo-Larsen Attack: Classical Variation,3,jjosujjosu,white,AngeryTroll,2833,2729,win,1.0
Z5mjQoAx,2026-01-24T01:57:41.955000+00:00,180+0,standard,blitz,True,resign,black,64,AngeryTroll,jjosujjosu,2739,2823,-10,10,C00,French Defense: Chigorin Variation,3,jjosujjosu,black,AngeryTroll,2823,2739,win,1.0
MfGbLCqv,2026-01-24T01:53:34.960000+00:00,180+0,standard,blitz,True,resign,black,64,jjosujjosu,AngeryTroll,2841,2721,-18,18,B10,Caro-Kann Defense: Goldman Variation,5,jjosujjosu,white,AngeryTroll,2841,2721,loss,0.0
f60x806s,2026-01-24T01:50:39.792000+00:00,180+0,standard,blitz,True,resign,black,48,AngeryTroll,jjosujjosu,2731,2831,-10,10,C60,Ruy Lopez,5,jjosujjosu,black,AngeryTroll,2831,2731,win,1.0
KmbBbm3B,2026-01-24T01:44:28.523000+00:00,180+0,standard,blitz,True,outoftime,white,87,jjosujjosu,AngeryTroll,2820,2741,11,-10,C25,Vienna Game: Anderssen Defense,4,jjosujjosu,white,AngeryTroll,2820,2741,win,1.0
4YFZnSVw,2026-01-24T01:39:11.515000+00:00,180+0,standard,blitz,True,outoftime,black,194,AngeryTroll,jjosujjosu,2754,2806,-13,14,B40,Sicilian Defense: French Variation,4,jjosujjosu,black,AngeryTroll,2806,2754,win,1.0
TXlUs2hz,2026-01-24T01:33:19.296000+00:00,180+0,standard,blitz,True,resign,black,98,jjosujjosu,AngeryTroll,2826,2735,-20,19,A05,King's Indian Attack: Spassky Variation,4,jjosujjosu,white,AngeryTroll,2826,2735,loss,0.0
awGA3nK2,2026-01-19T06:07:54.596000+00:00,60+0,standard,bullet,True,resign,black,60,jjosujjosu,waltallen11,3077,2793,-9,10,A04,Zukertort Opening: Kingside Fianchetto,2,jjosujjosu,white,waltallen11,3077,2793,loss,0.0
BlIc9oUN,2026-01-18T01:06:00.562000+00:00,180+2,kingOfTheHill,blitz,True,variantEnd,white,89,Alliswell998,jjosujjosu,2323,2452,7,-26,A40,Mikenas Defense,2,jjosujjosu,black,Alliswell998,2452,2323,loss,0.0
drqXa0nR,2026-01-18T01:02:32.467000+00:00,180+2,kingOfTheHill,blitz,True,mate,white,71,jjosujjosu,Alliswell998,2438,2327,14,-4,B52,"Sicilian Defense: Moscow Variation, Main Line",6,jjosujjosu,white,Alliswell998,2438,2327,win,1.0
dcOcUAyd,2026-01-18T00:55:14.492000+00:00,180+2,kingOfTheHill,blitz,True,mate,black,80,Alliswell998,jjosujjosu,2331,2422,-4,16,B90,"Sicilian Defense: Najdorf Variation, English Attack",11,jjosujjosu,black,Alliswell998,2422,2331,win,1.0
99W2exzW,2026-01-18T00:51:23.375000+00:00,180+2,kingOfTheHill,blitz,True,mate,white,61,jjosujjosu,Alliswell998,2403,2335,19,-4,B54,"Sicilian Defense: Modern Variations, Main Line",8,jjosujjosu,white,Alliswell998,2403,2335,win,1.0
Lzwz5Ml3,2026-01-18T00:44:47.889000+00:00,180+2,kingOfTheHill,blitz,True,variantEnd,black,48,Alliswell998,jjosujjosu,2340,2381,-5,22,C57,"Italian Game: Two Knights Defense, Fritz, Gruber Variation",15,jjosujjosu,black,Alliswell998,2381,2340,win,1.0
vpCGqG8m,2026-01-18T00:42:08.859000+00:00,180+2,kingOfTheHill,blitz,True,resign,black,47,jjosujjosu,Alliswell998,2414,2333,-33,7,B63,"Sicilian Defense: Richter-Rauzer Variation, Classical Variation",14,jjosujjosu,white,Alliswell998,2414,2333,loss,0.0
JMOUqojW,2026-01-18T00:38:15.145000+00:00,180+2,kingOfTheHill,blitz,True,variantEnd,black,54,Alliswell998,jjosujjosu,2338,2390,-5,24,B23,Sicilian Defense: Grand Prix Attack,5,jjosujjosu,black,Alliswell998,2390,2338,win,1.0
DCee7QEl,2026-01-29T21:58:43.847000+00:00,30+0,standard,bullet,True,mate,black,92,Blazinq,ElPetitRei,3103,2842,-10,9,D01,Rapport-Jobava System,5,Blazinq,white,ElPetitRei,3103,2842,loss,0.0
4ZmeRKGQ,2026-01-29T21:57:58.412000+00:00,30+0,standard,bullet,True,mate,white,61,ElPetitRei,Blazinq,2832,3112,10,-9,A00,Lasker Simul Special,2,Blazinq,black,ElPetitRei,3112,2832,loss,0.0
b4Sbe1C9,2026-01-29T19:28:57.537000+00:00,15+0,standard,ultraBullet,True,mate,black,52,Blazinq,DiggingForFire,2581,2240,-11,11,A00,Mieses Opening,1,Blazinq,white,DiggingForFire,2581,2240,loss,0.0
2LI5HIZj,2026-01-29T19:18:34.452000+00:00,15+0,standard,ultraBullet,True,outoftime,black,86,Blazinq,DiggingForFire,2587,2233,-10,10,A40,Englund Gambit,2,Blazinq,white,DiggingForFire,2587,2233,loss,0.0
QqBxOtnD,2026-01-29T19:17:56.814000+00:00,15+0,standard,ultraBullet,True,outoftime,white,79,DiggingForFire,Blazinq,2222,2598,11,-11,A00,Mieses Opening,1,Blazinq,black,DiggingForFire,2598,2222,loss,0.0
J8tuB33c,2026-01-29T19:03:01.458000+00:00,30+0,standard,bullet,True,outoftime,white,115,Eagle_Xx,Blazinq,2650,3112,11,-10,A43,Benoni Defense: Old Benoni,2,Blazinq,black,Eagle_Xx,3112,2650,loss,0.0
lKuNPopg,2026-01-29T18:44:41.995000+00:00,30+0,kingOfTheHill,bullet,True,resign,black,60,Blazinq,Hill_Theory,2418,2140,-35,9,C25,Vienna Game,3,Blazinq,white,Hill_Theory,2418,2140,loss,0.0
51scsEK8,2026-01-29T18:43:45.916000+00:00,30+0,kingOfTheHill,bullet,True,resign,white,43,Hill_Theory,Blazinq,2130,2455,10,-37,C02,French Defense: Advance Variation,5,Blazinq,black,Hill_Theory,2455,2130,loss,0.0
ELC6zkSP,2026-01-29T18:41:58.783000+00:00,30+0,kingOfTheHill,bullet,True,resign,white,57,Hill_Theory,Blazinq,2122,2490,10,-41,D38,Queen's Gambit Declined: Ragozin Defense,8,Blazinq,black,Hill_Theory,2490,2122,loss,0.0
JNHoUaqI,2026-01-29T18:41:17.485000+00:00,30+0,kingOfTheHill,bullet,True,mate,white,41,Blazinq,Hill_Theory,2484,2124,6,-2,A00,Van Geet Opening: Kluever Gambit,5,Blazinq,white,Hill_Theory,2484,2124,win,1.0
dqkp1JzF,2026-01-29T18:40:33.498000+00:00,30+0,kingOfTheHill,bullet,True,mate,black,46,Hill_Theory,Blazinq,2125,2479,-1,5,D35,Queen's Gambit Declined: Exchange Variation,7,Blazinq,black,Hill_Theory,2479,2125,win,1.0
H2Uo6BiL,2026-01-29T14:17:29.216000+00:00,30+0,standard,bullet,True,mate,white,55,Blazinq,Matviy2009,3105,3012,4,-4,B06,"Pterodactyl Defense: Eastern, Pterodactyl",8,Blazinq,white,Matviy2009,3105,3012,win,1.0
O16DPZED,2026-01-29T14:13:52.502000+00:00,30+0,standard,bullet,True,mate,white,121,Blazinq,Matviy2009,3087,3030,4,-5,B06,Modern Defense: Pseudo-Austrian Attack,7,Blazinq,white,Matviy2009,3087,3030,win,1.0
YBi7Gse8,2026-01-29T14:08:25.475000+00:00,30+0,standard,bullet,True,outoftime,black,122,Blazinq,Matviy2009,3106,3011,-8,7,A43,Benoni Defense: Benoni Gambit Accepted,3,Blazinq,white,Matviy2009,3106,3011,loss,0.0
CsXbwYGK,2026-01-29T13:31:05.489000+00:00,30+0,standard,bullet,True,outoftime,black,58,RookNinja,Blazinq,2736,3108,-2,1,B13,Caro-Kann Defense: Exchange Variation,8,Blazinq,black,RookNinja,3108,2736,win,1.0
YT9FJ7d9,2026-01-29T13:29:53.410000+00:00,15+0,standard,ultraBullet,True,outoftime,white,85,hello_328,Blazinq,2231,2610,11,-10,A00,Lasker Simul Special,2,Blazinq,black,hello_328,2610,2231,loss,0.0
5TL3I5XL,2026-01-29T13:24:31.853000+00:00,15+0,standard,ultraBullet,True,mate,white,37,hello_328,Blazinq,2226,2615,11,-11,A00,Lasker Simul Special,2,Blazinq,black,hello_328,2615,2226,loss,0.0
JenCqRYU,2026-01-29T13:24:08.147000+00:00,15+0,standard,ultraBullet,True,mate,black,44,Blazinq,hello_328,2626,2216,-11,10,A43,Benoni Defense: Benoni Gambit Accepted,3,Blazinq,white,hello_328,2626,2216,loss,0.0
OsJ8EFn8,2026-01-29T13:22:39.622000+00:00,30+0,standard,bullet,True,mate,black,60,Blazinq,EnPassantMerchant,3114,3018,-7,8,D01,Rapport-Jobava System,5,Blazinq,white,EnPassantMerchant,3114,3018,loss,0.0
vLR1AYdR,2026-01-29T13:08:32.338000+00:00,30+0,standard,bullet,True,mate,black,110,Blazinq,EnPassantMerchant,3138,2998,-8,8,A45,Indian Defense,2,Blazinq,white,EnPassantMerchant,3138,2998,loss,0.0
kS9JxkS8,2026-01-25T21:51:05.609000+00:00,30+0,standard,bullet,True,outoftime,black,134,chess-art-us,Blazinq,3297,3145,-8,8,A07,King's Indian Attack: Omega-Delta Gambit,4,Blazinq,black,chess-art-us,3145,3297,win,1.0
7REhyjby,2026-01-25T15:26:27.818000+00:00,30+0,standard,bullet,True,resign,white,59,RakitinD,Blazinq,3113,3165,6,-7,A05,Zukertort Opening,2,Blazinq,black,RakitinD,3165,3113,loss,0.0
7a7az6fy,2026-01-23T23:09:09.448000+00:00,30+0,standard,bullet,True,mate,black,72,Mishka_The_Great,Blazinq,3121,3167,-5,5,A04,Zukertort Opening: Herrstrom Gambit,2,Blazinq,black,Mishka_The_Great,3167,3121,win,1.0
tyYMNd37,2026-01-23T23:07:59.401000+00:00,30+0,standard,bullet,True,outoftime,white,111,Blazinq,Mishka_The_Great,3162,3126,5,-5,B07,"Lion Defense: Anti-Philidor, Lion's Cave",8,Blazinq,white,Mishka_The_Great,3162,3126,win,1.0
fCoFOR3y,2026-01-23T17:01:54.707000+00:00,15+0,standard,ultraBullet,True,resign,white,55,Ediz_Gurel,Blazinq,2757,2628,6,-3,A43,Benoni Defense: Old Benoni,2,Blazinq,black,Ediz_Gurel,2628,2757,loss,0.0
5wYV9o3B,2026-01-23T16:54:44.457000+00:00,15+0,standard,ultraBullet,True,mate,black,88,Blazinq,Ediz_Gurel,2624,2761,-4,9,C01,French Defense: Exchange Variation,7,Blazinq,white,Ediz_Gurel,2624,2761,loss,0.0
kNPZpwys,2026-01-23T16:52:00.674000+00:00,15+0,standard,ultraBullet,True,outoftime,white,129,Blazinq,Ediz_Gurel,2615,2784,8,-21,D00,Blackmar-Diemer Gambit Declined: Brombacher Countergambit,8,Blazinq,white,Ediz_Gurel,2615,2784,win,1.0
aIu26Ysp,2026-01-22T20:26:34.443000+00:00,30+0,standard,bullet,True,outoftime,black,106,Sasha_Lopatnikova,Blazinq,2796,3159,-2,2,C41,Philidor Defense: Lion Variation,8,Blazinq,black,Sasha_Lopatnikova,3159,2796,win,1.0
YPJ7KYKP,2026-01-22T20:25:48.642000+00:00,30+0,standard,bullet,True,resign,white,63,Blazinq,Sasha_Lopatnikova,3158,2797,1,-1,D01,Rapport-Jobava System,6,Blazinq,white,Sasha_Lopatnikova,3158,2797,win,1.0
2PAFGRsD,2026-01-22T20:21:10.544000+00:00,15+0,standard,ultraBullet,True,outoftime,black,110,Blazinq,TrixR4Kidzzz,2646,2630,-6,6,B00,Rat Defense: Antal Defense,4,Blazinq,white,TrixR4Kidzzz,2646,2630,loss,0.0
cznPQSUF,2026-02-01T14:48:13.460000+00:00,60+0,standard,bullet,True,resign,black,56,TamagoChess,Aronyak1,2909,3110,-3,3,A08,King's Indian Attack: Sicilian Variation,5,Aronyak1,black,TamagoChess,3110,2909,win,1.0
eEe47Yaj,2026-01-28T18:20:58.107000+00:00,60+0,standard,bullet,True,resign,black,50,Aronyak1,Heydarova,3180,2995,-9,9,B40,"Sicilian Defense: French Variation, Open",6,Aronyak1,white,Heydarova,3180,2995,loss,0.0
Rr3nSbdw,2026-01-28T18:06:18.723000+00:00,60+0,standard,bullet,True,mate,black,80,dwkd,Aronyak1,2929,3175,-3,2,D01,Rapport-Jobava System,5,Aronyak1,black,dwkd,3175,2929,win,1.0
AC4JOAB1,2026-01-28T12:02:12.897000+00:00,60+0,standard,bullet,True,draw,,81,favouriteoffailures,Aronyak1,3030,3158,2,-2,D00,Blackmar-Diemer Gambit: von Popiel Gambit,7,Aronyak1,black,favouriteoffailures,3158,3030,draw,0.5
nQksrJdz,2026-01-28T11:58:02.089000+00:00,60+0,standard,bullet,True,resign,white,99,Aronyak1,favouriteoffailures,3159,3029,4,-4,A43,Benoni Defense: Old Benoni,2,Aronyak1,white,favouriteoffailures,3159,3029,win,1.0
QGhXmGCZ,2026-01-27T19:25:25.247000+00:00,60+0,standard,bullet,True,resign,white,55,Aronyak1,Gahan-MG,3161,2936,2,-2,A01,Nimzo-Larsen Attack: Indian Variation,2,Aronyak1,white,Gahan-MG,3161,2936,win,1.0
H6rclXfV,2026-01-27T15:55:05.152000+00:00,60+0,standard,bullet,True,resign,black,64,dfsocial,Aronyak1,3004,3162,-3,4,A00,Hungarian Opening: Indian Defense,2,Aronyak1,black,dfsocial,3162,3004,win,1.0
N8TQ6GxF,2026-01-27T15:52:46.653000+00:00,60+0,standard,bullet,True,resign,black,112,Aronyak1,dfsocial,3171,2996,-9,8,D04,Queen's Pawn Game: Colle System,5,Aronyak1,white,dfsocial,3171,2996,loss,0.0
79l52OYk,2026-01-27T14:05:20.519000+00:00,60+0,standard,bullet,True,resign,white,83,Aronyak1,britishscottishcat,3168,2984,3,-3,C25,Vienna Game,3,Aronyak1,white,britishscottishcat,3168,2984,win,1.0
9cDJfNry,2026-01-27T13:59:44.859000+00:00,60+0,standard,bullet,True,resign,black,88,britishscottishcat,Aronyak1,2993,3158,-3,3,A47,Pseudo Queen's Indian Defense,4,Aronyak1,black,britishscottishcat,3158,2993,win,1.0
1Bg3Btwn,2026-01-27T12:52:12.947000+00:00,60+0,standard,bullet,True,resign,black,102,ChessDarkForce,Aronyak1,3039,3144,-4,4,A28,"English Opening: King's English Variation, Four Knights Variation, Quiet Line",10,Aronyak1,black,ChessDarkForce,3144,3039,win,1.0
Vyi4JQgx,2026-01-27T12:50:28.281000+00:00,60+0,standard,bullet,True,draw,,81,Aronyak1,ChessDarkForce,3146,3037,-2,2,A07,King's Indian Attack: Double Fianchetto,4,Aronyak1,white,ChessDarkForce,3146,3037,draw,0.5
WI73eKMn,2026-01-27T12:49:40.240000+00:00,60+0,standard,bullet,True,resign,white,35,ChessDarkForce,Aronyak1,3030,3153,7,-7,D31,Queen's Gambit Declined: Queen's Knight Variation,5,Aronyak1,black,ChessDarkForce,3153,3030,loss,0.0
qJcwDU7l,2026-01-27T12:40:22.713000+00:00,60+0,standard,bullet,True,outoftime,black,104,Sherlockholm,Aronyak1,2976,3138,-9,4,B02,Alekhine Defense: Scandinavian Variation,4,Aronyak1,black,Sherlockholm,3138,2976,win,1.0
HMpAR03f,2026-01-27T12:36:02.244000+00:00,60+0,standard,bullet,True,mate,black,182,Sherlockholm,Aronyak1,2960,3144,-8,3,C48,"Four Knights Game: Spanish Variation, Rubinstein Variation Accepted",9,Aronyak1,black,Sherlockholm,3144,2960,win,1.0
gJpqphYM,2026-01-26T17:14:14.899000+00:00,60+0,standard,bullet,True,resign,black,108,Aronyak1,Nozdrachev_Vladislav,3145,3009,-8,8,E60,"King's Indian Defense: Fianchetto Variation, Immediate Fianchetto",5,Aronyak1,white,Nozdrachev_Vladislav,3145,3009,loss,0.0
rokGelJm,2026-01-23T17:32:08.938000+00:00,60+0,standard,bullet,True,mate,white,115,Aronyak1,chxrnish,3172,2975,3,-2,E05,"Catalan Opening: Open Defense, Classical Line",12,Aronyak1,white,chxrnish,3172,2975,win,1.0
Quyf5sJw,2026-01-22T19:05:53.582000+00:00,60+0,standard,bullet,True,resign,black,112,Di2323ma,Aronyak1,2821,3159,-1,1,D30,Queen's Gambit Declined,4,Aronyak1,black,Di2323ma,3159,2821,win,1.0
VUlxZjko,2026-01-22T16:23:00.193000+00:00,60+0,standard,bullet,True,resign,black,70,Aronyak1,argo77,3162,2821,-10,10,B06,Modern Defense,2,Aronyak1,white,argo77,3162,2821,loss,0.0
Bnr1sJsN,2026-01-21T13:52:47.727000+00:00,60+0,standard,bullet,True,resign,white,45,Aronyak1,AlwaysLookingForMore,3153,2895,2,-2,E10,Indian Defense: Anti-Nimzo-Indian,5,Aronyak1,white,AlwaysLookingForMore,3153,2895,win,1.0
FUOpxB0a,2026-01-21T13:49:34.727000+00:00,60+0,standard,bullet,True,resign,white,43,Aronyak1,AlwaysLookingForMore,3148,2899,2,-2,E10,Indian Defense: Anti-Nimzo-Indian,5,Aronyak1,white,AlwaysLookingForMore,3148,2899,win,1.0
3EfKF1D9,2026-01-21T13:43:29.670000+00:00,60+0,standard,bullet,True,outoftime,black,160,AlwaysLookingForMore,Aronyak1,2906,3141,-2,3,E10,Indian Defense: Anti-Nimzo-Indian,5,Aronyak1,black,AlwaysLookingForMore,3141,2906,win,1.0
ZMm0nIaX,2026-01-21T13:29:35.754000+00:00,60+0,standard,bullet,True,outoftime,white,131,Aronyak1,chieater00000007,3137,2937,2,-2,A01,Nimzo-Larsen Attack,1,Aronyak1,white,chieater00000007,3137,2937,win,1.0
jDP8rgr3,2026-01-20T17:35:42.077000+00:00,60+0,standard,bullet,True,resign,white,53,AbasovN,Aronyak1,3111,3137,6,-5,A13,"English Opening: Agincourt Defense, Catalan Defense Accepted",8,Aronyak1,black,AbasovN,3137,3111,loss,0.0
47qDkFC6,2026-01-20T17:33:21.185000+00:00,60+0,standard,bullet,True,outoftime,white,127,Aronyak1,AbasovN,3132,3117,5,-6,D35,"Queen's Gambit Declined: Exchange Variation, Positional Variation",9,Aronyak1,white,AbasovN,3132,3117,win,1.0
eifSiCgW,2026-01-20T17:31:29.754000+00:00,60+0,standard,bullet,True,draw,,95,AbasovN,Aronyak1,3117,3132,0,0,A00,Lasker Simul Special,2,Aronyak1,black,AbasovN,3132,3117,draw,0.5
DfsFVqwk,2026-01-20T17:27:00.259000+00:00,60+0,standard,bullet,True,resign,black,82,AbasovN,Aronyak1,3122,3127,-6,6,A46,Indian Defense: London System,5,Aronyak1,black,AbasovN,3127,3122,win,1.0
8YSEdlb5,2026-01-20T17:25:35.351000+00:00,60+0,standard,bullet,True,draw,,84,Aronyak1,AbasovN,3127,3122,0,0,A50,Slav Indian,4,Aronyak1,white,AbasovN,3127,3122,draw,0.5
DLYRUqDX,2026-01-20T13:40:34.394000+00:00,60+0,standard,bullet,True,draw,,115,Aronyak1,Ilya993,3141,2941,-3,3,B08,"Pirc Defense: Classical Variation, Quiet System, Chigorin Line",12,Aronyak1,white,Ilya993,3141,2941,draw,0.5
JWNR6ZKh,2026-01-19T06:12:14.582000+00:00,60+0,standard,bullet,True,resign,white,54,Aronyak1,Sultai,3126,2884,2,-2,B01,Scandinavian Defense: Valencian Variation,6,Aronyak1,white,Sultai,3126,2884,win,1.0
9RgS06gW,2026-01-27T17:35:00.765000+00:00,1800+0,standard,classical,True,resign,black,92,Justephen,Icegrinder45,2127,2273,-23,4,C21,Danish Gambit Accepted: Classical Defense,10,Icegrinder45,black,Justephen,2273,2127,win,1.0
qzuG49eo,2026-01-22T17:35:03.576000+00:00,1800+0,standard,classical,True,resign,white,105,Icegrinder45,Sergii_Pokhitonov,2268,2192,5,-91,D46,Semi-Slav Defense: Chigorin Defense,12,Icegrinder45,white,Sergii_Pokhitonov,2268,2192,win,1.0
Fc0hmr1x,2026-01-17T15:23:57.362000+00:00,1800+0,standard,classical,True,mate,white,69,Icegrinder45,bkamber,2261,2358,8,-15,A43,Indian Defense: Pseudo-Benko,6,Icegrinder45,white,bkamber,2261,2358,win,1.0
z74hrqia,2026-01-16T17:02:44.887000+00:00,1800+0,standard,classical,True,resign,black,42,LwaziNkoe,Icegrinder45,2162,2261,-24,5,C64,"Ruy Lopez: Classical Variation, Central Variation",7,Icegrinder45,black,LwaziNkoe,2261,2162,win,1.0
17UsLX9z,2026-01-16T15:23:15.398000+00:00,900+10,standard,rapid,True,mate,white,83,Icegrinder45,Mohamedrdwan,1895,1817,79,-8,A41,Old Indian Defense,3,Icegrinder45,white,Mohamedrdwan,1895,1817,win,1.0
BNaQw9JX,2026-01-15T16:50:24.961000+00:00,1800+0,standard,classical,True,resign,white,76,HCM-HaiDang2009,Icegrinder45,2424,2259,7,-4,D00,Queen's Pawn Game: Accelerated London System,3,Icegrinder45,black,HCM-HaiDang2009,2259,2424,loss,0.0
slfAfsRt,2026-01-15T16:05:23.764000+00:00,1800+0,standard,classical,True,resign,white,99,shouryachahal007,Icegrinder45,2403,2263,12,-4,C65,Ruy Lopez: Berlin Defense,7,Icegrinder45,black,shouryachahal007,2263,2403,loss,0.0
oosrN8Qw,2026-01-14T17:23:51.451000+00:00,900+10,standard,rapid,True,resign,white,89,Icegrinder45,Valconst,1741,1773,154,-4,C50,Italian Game: Giuoco Piano,6,Icegrinder45,white,Valconst,1741,1773,win,1.0
4pqiYSD0,2026-01-14T15:30:02.139000+00:00,1800+0,standard,classical,True,resign,white,114,Icegrinder45,snow152,2255,2336,8,-12,B45,Sicilian Defense: Four Knights Variation,10,Icegrinder45,white,snow152,2255,2336,win,1.0
adnbxzRy,2026-01-13T17:53:35.805000+00:00,1800+0,standard,classical,True,mate,black,50,Tsim2022,Icegrinder45,2137,2250,-15,5,A01,Nimzo-Larsen Attack: Classical Variation,2,Icegrinder45,black,Tsim2022,2250,2137,win,1.0
HCm9SQ6s,2026-01-13T17:06:32.820000+00:00,1800+0,standard,classical,True,resign,white,67,Icegrinder45,Tsim2022,2245,2153,5,-16,B00,Pirc Defense,2,Icegrinder45,white,Tsim2022,2245,2153,win,1.0
N5uLm1QC,2026-01-12T15:02:53.416000+00:00,1800+0,standard,classical,True,mate,black,70,Icegrinder45,elephantstampede,2251,2307,-6,19,C42,Petrov's Defense: Three Knights Game,5,Icegrinder45,white,elephantstampede,2251,2307,loss,0.0
XDifhLRX,2026-01-11T14:36:18.508000+00:00,1800+0,standard,classical,True,mate,black,122,tirid,Icegrinder45,2244,2244,-20,7,C25,Vienna Game: Max Lange Defense,4,Icegrinder45,black,tirid,2244,2244,win,1.0
Ed9DBH0e,2026-01-10T14:38:09.818000+00:00,1800+0,standard,classical,True,resign,white,41,pochitawai,Icegrinder45,2105,2253,10,-9,C23,Bishop's Opening: Boi Variation,4,Icegrinder45,black,pochitawai,2253,2105,loss,0.0
O8krpcFH,2026-01-09T13:52:07.912000+00:00,1800+0,standard,classical,True,mate,black,106,Whattimedoyoumakeit,Icegrinder45,2106,2249,-75,4,A05,King's Indian Attack,4,Icegrinder45,black,Whattimedoyoumakeit,2249,2106,win,1.0
inTaMmfC,2026-01-08T16:57:49.541000+00:00,1800+0,standard,classical,True,outoftime,white,99,Icegrinder45,FHS97220,2245,2155,4,-6,C54,"Italian Game: Classical Variation, Giuoco Pianissimo",10,Icegrinder45,white,FHS97220,2245,2155,win,1.0
2nwtyVZ1,2026-01-07T18:22:23.670000+00:00,1800+0,standard,classical,True,draw,,87,grrrrrrr_r,Icegrinder45,2349,2243,-4,2,C25,Vienna Game: Max Lange Defense,4,Icegrinder45,black,grrrrrrr_r,2243,2349,draw,0.5
pLKOW0qZ,2026-01-07T14:49:19.832000+00:00,1800+0,standard,classical,True,resign,black,72,MingJie2026,Icegrinder45,2169,2237,-15,6,A21,"English Opening: King's English Variation, Reversed Sicilian",3,Icegrinder45,black,MingJie2026,2237,2169,win,1.0
zaGLOZia,2026-01-07T14:23:12.342000+00:00,1800+0,standard,classical,True,resign,white,39,Icegrinder45,CHESSNO001,2232,2184,5,-6,B27,"Pterodactyl Defense: Western, Rhamphorhynchus",8,Icegrinder45,white,CHESSNO001,2232,2184,win,1.0
avysaXvE,2026-01-06T17:43:50.238000+00:00,1800+0,standard,classical,True,mate,white,81,Icegrinder45,Nur_akhmet,2227,2123,5,-10,A46,Indian Defense: London System,5,Icegrinder45,white,Nur_akhmet,2227,2123,win,1.0
Jgz3eB72,2026-01-06T15:17:23.842000+00:00,1800+0,standard,classical,True,resign,white,103,Icegrinder45,Ilnur_I,2223,2107,4,-30,B12,"Caro-Kann Defense: Advance Variation, Botvinnik-Carls Defense",6,Icegrinder45,white,Ilnur_I,2223,2107,win,1.0
0neD7TYI,2026-01-06T14:15:10.967000+00:00,1800+0,standard,classical,True,draw,,123,Knight_is_dangerous,Icegrinder45,2376,2220,-21,3,C44,Scotch Game,5,Icegrinder45,black,Knight_is_dangerous,2220,2376,draw,0.5
iutRUY13,2026-01-05T14:38:11.304000+00:00,1800+0,standard,classical,True,resign,black,72,Icegrinder45,Ngandung,2227,2230,-7,6,D37,Queen's Gambit Declined: Harrwitz Attack,9,Icegrinder45,white,Ngandung,2227,2230,loss,0.0
78XSzs2x,2026-01-03T15:15:03.152000+00:00,1800+0,standard,classical,True,resign,black,38,Warvold,Icegrinder45,2111,2222,-12,5,D01,Rapport-Jobava System,5,Icegrinder45,black,Warvold,2222,2111,win,1.0
HT9GPX5i,2026-01-02T15:47:02.007000+00:00,1800+0,standard,classical,True,resign,black,107,swainsambitranjan,Icegrinder45,2091,2218,-42,4,D04,"Queen's Pawn Game: Colle System, Anti-Colle",6,Icegrinder45,black,swainsambitranjan,2218,2091,win,1.0
sVwhOatW,2026-01-02T04:18:00.291000+00:00,1800+0,standard,classical,True,resign,white,71,Icegrinder45,ABOM08,2213,2144,5,-25,D13,Slav Defense: Exchange Variation,8,Icegrinder45,white,ABOM08,2213,2144,win,1.0
F6e8PMxa,2026-01-02T03:18:34.481000+00:00,1800+0,standard,classical,True,resign,black,56,chesspsychology22,Icegrinder45,2219,2206,-10,7,C24,Bishop's Opening: Vienna Hybrid,7,Icegrinder45,black,chesspsychology22,2206,2219,win,1.0
qq4yi4iP,2026-01-01T16:32:11.428000+00:00,1800+0,standard,classical,True,resign,black,44,mathaias,Icegrinder45,2048,2202,-4,4,C45,Scotch Game: Mieses Variation,11,Icegrinder45,black,mathaias,2202,2048,win,1.0
OHX7og6i,2026-01-01T15:27:03.154000+00:00,1800+0,standard,classical,True,resign,white,43,Icegrinder45,Omar7500,2197,2094,5,-20,D37,Queen's Gambit Declined: Harrwitz Attack,9,Icegrinder45,white,Omar7500,2197,2094,win,1.0
huVJL0bY,2026-01-01T02:42:36.831000+00:00,1800+0,standard,classical,True,draw,,120,Icegrinder45,yodha_n,2198,2147,-1,1,E12,Queen's Indian Defense: Kasparov Variation,7,Icegrinder45,white,yodha_n,2198,2147,draw,0.5
OMWHhGwT,2026-01-31T18:48:00.666000+00:00,1200+10,standard,classical,True,resign,white,33,mayfester,Hades532,2334,2225,10,-13,D00,Queen's Pawn Game: Chigorin Variation,3,mayfester,white,Hades532,2334,2225,win,1.0
CCpeDxqJ,2026-01-30T20:02:37.740000+00:00,3600+30,standard,classical,True,resign,black,66,mayfester,nimda001,2358,2041,-24,88,D01,Rapport-Jobava System,5,mayfester,white,nimda001,2358,2041,loss,0.0
PpAWIbEO,2026-01-28T20:53:13.140000+00:00,1500+5,standard,classical,True,resign,white,136,mayfester,BunnyAaron,2355,1973,3,-3,D01,Rapport-Jobava System,6,mayfester,white,BunnyAaron,2355,1973,win,1.0
8qRYkO7i,2026-01-28T04:29:22.454000+00:00,180+2,standard,blitz,True,outoftime,black,92,Exito76,mayfester,2338,2336,-5,13,B40,Sicilian Defense: French Variation,4,mayfester,black,Exito76,2336,2338,win,1.0
ipO7vN9h,2026-01-27T22:14:12.550000+00:00,2700+15,standard,classical,True,resign,black,70,mayfester,miwi2,2376,2241,-21,10,D01,"Rapport-Jobava System, with e6",5,mayfester,white,miwi2,2376,2241,loss,0.0
ZD9hx2un,2026-01-27T21:33:31.676000+00:00,900+15,standard,classical,True,resign,black,69,mayfester,Joe_Manco,2389,2357,-17,22,D01,Rapport-Jobava System,5,mayfester,white,Joe_Manco,2389,2357,loss,0.0
7ugQLcH3,2026-01-27T21:10:13.041000+00:00,900+15,standard,classical,True,outoftime,black,46,ganz123,mayfester,2038,2389,-4,4,B43,"Sicilian Defense: Kan Variation, Wing Attack",10,mayfester,black,ganz123,2389,2038,win,1.0
hS59gh4d,2026-01-27T20:43:05.505000+00:00,900+15,standard,classical,True,resign,black,52,Joe_Manco,mayfester,2378,2372,-21,17,B40,Sicilian Defense: Kramnik Variation,5,mayfester,black,Joe_Manco,2372,2378,win,1.0
3L9uDXaD,2026-01-23T21:59:24.628000+00:00,180+2,standard,blitz,True,resign,white,25,mayfester,olawsson,2326,2300,10,-5,B00,Nimzowitsch Defense: Mikenas Variation,4,mayfester,white,olawsson,2326,2300,win,1.0
onxbYSYI,2026-01-23T21:50:46.072000+00:00,180+2,standard,blitz,True,outoftime,white,59,mayfester,Askeladd00,2315,2298,11,-6,D01,Rapport-Jobava System,5,mayfester,white,Askeladd00,2315,2298,win,1.0
ZC6DOBDh,2026-01-22T21:21:22.925000+00:00,3600+30,standard,classical,True,mate,white,63,mayfester,DiegoAngelini,2357,2324,15,-18,A45,Indian Defense: Reversed Chigorin Defense,4,mayfester,white,DiegoAngelini,2357,2324,win,1.0
ZCccytrs,2026-01-21T20:00:47.608000+00:00,2700+45,standard,classical,True,draw,,70,mayfester,Annapurna51,2365,2208,-8,4,A40,Horwitz Defense,2,mayfester,white,Annapurna51,2365,2208,draw,0.5
7wTtR6Rt,2026-01-18T07:02:37.208000+00:00,1800+0,standard,classical,True,resign,white,27,mayfester,Kartikeyan_2012,2355,2213,10,-3,B08,"Pirc Defense: Classical Variation, Quiet System",9,mayfester,white,Kartikeyan_2012,2355,2213,win,1.0
htbwDgUs,2026-01-17T21:53:23.625000+00:00,3600+30,standard,classical,True,resign,black,72,mattchessic,mayfester,2170,2344,-9,11,B22,Sicilian Defense: Alapin Variation,3,mayfester,black,mattchessic,2344,2170,win,1.0
0YGZpxoa,2026-01-15T02:02:33.753000+00:00,2700+45,standard,classical,True,resign,black,86,irongalaxy,mayfester,2224,2331,-22,13,B42,"Sicilian Defense: Kan Variation, Polugaevsky Variation",10,mayfester,black,irongalaxy,2331,2224,win,1.0
IvPnS9mK,2026-01-11T01:41:46.184000+00:00,180+0,standard,blitz,True,resign,black,64,alexeygr,mayfester,2155,2311,-3,9,B23,Sicilian Defense: Closed,4,mayfester,black,alexeygr,2311,2155,win,1.0
boCVuBrn,2026-01-11T01:35:59.853000+00:00,180+2,standard,blitz,True,resign,white,57,mayfester,scyll,2299,2238,12,-4,D01,Rapport-Jobava System,5,mayfester,white,scyll,2299,2238,win,1.0
5ovWxUQt,2026-01-11T01:31:27.104000+00:00,180+2,standard,blitz,True,resign,white,43,Kasteajedrez,mayfester,2454,2308,3,-9,D00,Queen's Pawn Game: Mason Attack,3,mayfester,black,Kasteajedrez,2308,2454,loss,0.0
TlfjnTnM,2026-01-11T01:21:30.876000+00:00,180+2,standard,blitz,True,resign,white,75,mayfester,ponysaltarin,2298,2165,10,-3,A45,Indian Defense,2,mayfester,white,ponysaltarin,2298,2165,win,1.0
wqksIjOA,2026-01-11T01:17:22.380000+00:00,180+2,standard,blitz,True,mate,white,31,hallahwakbar,mayfester,2274,2317,6,-19,B22,Sicilian Defense: Alapin Variation,3,mayfester,black,hallahwakbar,2317,2274,loss,0.0
kYkIboyK,2026-01-08T23:20:28.109000+00:00,180+2,standard,blitz,True,resign,white,77,mayfester,AdygzhyKuular,2302,2253,15,-5,D01,Rapport-Jobava System,5,mayfester,white,AdygzhyKuular,2302,2253,win,1.0
JrwlSnfz,2026-01-03T19:56:50.134000+00:00,3600+30,standard,classical,True,resign,white,125,mayfester,mattchessic,2319,2210,12,-12,D00,Queen's Pawn Game: Chigorin Variation,3,mayfester,white,mattchessic,2319,2210,win,1.0
rMjhkLYm,2026-01-01T23:52:45.528000+00:00,60+0,standard,bullet,True,resign,white,41,mayfester,saurai3h,1871,1892,105,-4,D01,Rapport-Jobava System,6,mayfester,white,saurai3h,1871,1892,win,1.0
uZX0OtvT,2025-12-22T21:02:08.026000+00:00,3600+30,standard,classical,True,draw,,72,PostMortemChesscom,mayfester,2381,2316,-8,3,A07,"King's Indian Attack, with e6",6,mayfester,black,PostMortemChesscom,2316,2381,draw,0.5
s3m4wuWN,2025-12-19T23:10:01.526000+00:00,1500+0,standard,classical,True,resign,black,80,mayfester,matteorf2b,2323,2576,-7,7,D01,Rapport-Jobava System,5,mayfester,white,matteorf2b,2323,2576,loss,0.0
HjiSHREi,2025-12-19T22:46:30.451000+00:00,1500+0,standard,classical,True,resign,white,65,matteorf2b,mayfester,2569,2330,7,-7,A07,"King's Indian Attack, with e6",6,mayfester,black,matteorf2b,2330,2569,loss,0.0
KZ3pzl93,2025-12-18T20:01:29.457000+00:00,3600+30,standard,classical,True,resign,white,51,mayfester,Max_Ing,2322,2102,8,-9,D01,Rapport-Jobava System,5,mayfester,white,Max_Ing,2322,2102,win,1.0
I9bGa5KK,2025-12-15T06:12:35.336000+00:00,180+2,standard,blitz,True,outoftime,white,71,bigwh,mayfester,2316,2317,5,-15,D02,"Queen's Pawn Game: Symmetrical Variation, Pseudo-Catalan",5,mayfester,black,bigwh,2317,2316,loss,0.0
wrVv72pP,2025-12-14T23:56:26.095000+00:00,180+2,standard,blitz,True,draw,,110,mayfester,romanar2006,2317,2312,0,1,A80,Dutch Defense: Raphael Variation,3,mayfester,white,romanar2006,2317,2312,draw,0.5
2i7ixj35,2025-12-14T23:46:54.878000+00:00,120+2,standard,blitz,True,outoftime,white,41,mayfester,Lubiteli,2311,2067,6,-2,D01,Rapport-Jobava System,5,mayfester,white,Lubiteli,2311,2067,win,1.0
QAe3DxVT,2026-01-26T17:00:01.611000+00:00,60+0,standard,bullet,True,draw,,124,dfsocial,Bigellow,3013,3159,3,-2,A15,"English Opening: Anglo-Indian Defense, King's Indian Formation, Double Fianchetto",8,Bigellow,black,dfsocial,3159,3013,draw,0.5
ak34EN8j,2026-01-26T16:40:16.632000+00:00,60+0,standard,bullet,True,resign,white,89,Di2323ma,Bigellow,2823,3178,10,-10,A50,Queen's Indian Accelerated,4,Bigellow,black,Di2323ma,3178,2823,loss,0.0
sshDgYTJ,2026-01-06T16:43:24.421000+00:00,60+0,standard,bullet,True,mate,white,35,Bigellow,CakeinSpace,3193,3079,3,-4,A40,Englund Gambit Declined: Reversed Alekhine,3,Bigellow,white,CakeinSpace,3193,3079,win,1.0
Wf7wZXgf,2026-01-06T16:39:51.153000+00:00,60+0,standard,bullet,True,resign,black,62,Bigellow,CakeinSpace,3196,3075,-8,8,A04,Zukertort Opening: Dutch Variation,2,Bigellow,white,CakeinSpace,3196,3075,loss,0.0
PylZkvGY,2026-01-06T16:38:30.967000+00:00,60+0,standard,bullet,True,resign,black,58,CakeinSpace,Bigellow,3079,3192,-4,4,A45,Indian Defense: Omega Gambit,3,Bigellow,black,CakeinSpace,3192,3079,win,1.0
fWzSfxNr,2026-01-06T16:36:27.110000+00:00,60+0,standard,bullet,True,resign,white,77,Bigellow,CakeinSpace,3188,3084,4,-5,B06,Modern Defense,2,Bigellow,white,CakeinSpace,3188,3084,win,1.0
ghorjJRp,2026-01-06T16:23:52.810000+00:00,60+0,standard,bullet,True,resign,black,72,AnonymousGMplayer,Bigellow,2978,3204,-2,3,A00,Mieses Opening,1,Bigellow,black,AnonymousGMplayer,3204,2978,win,1.0
zSCEe6gM,2026-01-05T12:35:36.498000+00:00,60+0,standard,bullet,True,resign,black,56,NextAbracadabra,Bigellow,2905,3201,-2,2,D00,Queen's Pawn Game,3,Bigellow,black,NextAbracadabra,3201,2905,win,1.0
bYZPsg7C,2026-01-05T12:34:19.753000+00:00,60+0,standard,bullet,True,resign,white,53,Bigellow,NextAbracadabra,3199,2906,2,-1,C10,"French Defense: Rubinstein Variation, Blackburne Defense",8,Bigellow,white,NextAbracadabra,3199,2906,win,1.0
2jQIQGRS,2026-01-05T12:33:34.620000+00:00,60+0,standard,bullet,True,resign,black,42,NextAbracadabra,Bigellow,2908,3197,-2,2,A40,Englund Gambit Declined: Reversed French,3,Bigellow,black,NextAbracadabra,3197,2908,win,1.0
ISdV8a85,2026-01-05T12:32:29.388000+00:00,60+0,standard,bullet,True,resign,white,51,Bigellow,NextAbracadabra,3195,2910,2,-2,A04,Zukertort Opening: Queen's Gambit Invitation,2,Bigellow,white,NextAbracadabra,3195,2910,win,1.0
3jWFpatF,2026-01-05T12:26:52.585000+00:00,60+0,standard,bullet,True,mate,black,106,NextAbracadabra,Bigellow,2906,3193,-2,2,A45,Indian Defense,2,Bigellow,black,NextAbracadabra,3193,2906,win,1.0
xoOkPQWj,2026-01-05T12:24:13.890000+00:00,60+0,standard,bullet,True,mate,white,75,Bigellow,Best_player3,3191,2854,2,-1,B27,Sicilian Defense: Hyperaccelerated Pterodactyl,6,Bigellow,white,Best_player3,3191,2854,win,1.0
GpIF7ido,2026-01-05T12:20:57.065000+00:00,60+0,standard,bullet,True,outoftime,black,86,NextAbracadabra,Bigellow,2908,3188,-2,3,A45,Indian Defense,2,Bigellow,black,NextAbracadabra,3188,2908,win,1.0
hkVWXjtv,2026-01-05T12:19:52.651000+00:00,60+0,standard,bullet,True,resign,white,35,Bigellow,o3gx,3186,2899,2,-2,C48,"Four Knights Game: Spanish Variation, Rubinstein Variation",8,Bigellow,white,o3gx,3186,2899,win,1.0
ekpIRTqm,2026-01-05T12:17:21.909000+00:00,60+0,standard,bullet,True,mate,white,127,Sengdorzh,Bigellow,2906,3198,9,-12,C10,French Defense: Rubinstein Variation,6,Bigellow,black,Sengdorzh,3198,2906,loss,0.0
0VpPMDMg,2026-01-05T12:15:50.053000+00:00,60+0,standard,bullet,True,resign,white,57,Bigellow,tsunami10,3195,2944,3,-2,A04,Zukertort Opening: Kingside Fianchetto,2,Bigellow,white,tsunami10,3195,2944,win,1.0
5A7Ox3lA,2025-12-14T11:50:49.488000+00:00,60+0,standard,bullet,True,outoftime,white,157,Dr_Tiger,Bigellow,3196,3201,5,-6,B00,Pirc Defense,4,Bigellow,black,Dr_Tiger,3201,3196,loss,0.0
td6KdW5r,2025-12-14T11:48:23.779000+00:00,60+0,standard,bullet,True,mate,white,115,Bigellow,Dr_Tiger,3195,3201,6,-5,A01,Nimzo-Larsen Attack: Indian Variation,2,Bigellow,white,Dr_Tiger,3195,3201,win,1.0
jupjN13h,2025-12-14T00:34:29.630000+00:00,60+0,standard,bullet,True,resign,black,74,Bigellow,Ali_rastbod,3203,3050,-8,8,A00,Van't Kruijs Opening,1,Bigellow,white,Ali_rastbod,3203,3050,loss,0.0
IdDBpyJc,2025-12-14T00:31:50.046000+00:00,60+0,standard,bullet,True,outoftime,white,147,GlasnostPerestroika,Bigellow,3101,3211,8,-8,C41,Philidor Defense: Lion Variation,8,Bigellow,black,GlasnostPerestroika,3211,3101,loss,0.0
jc6QlY8C,2025-12-14T00:29:28.554000+00:00,60+0,standard,bullet,True,mate,black,118,Bigellow,GlasnostPerestroika,3218,3093,-7,8,D15,Slav Defense: Three Knights Variation,7,Bigellow,white,GlasnostPerestroika,3218,3093,loss,0.0
f7VXZ5I3,2025-12-14T00:26:40.048000+00:00,60+0,standard,bullet,True,outoftime,black,124,Barbara_Streizen_uUu,Bigellow,3061,3215,-11,3,B00,Pirc Defense,4,Bigellow,black,Barbara_Streizen_uUu,3215,3061,win,1.0
ApUc1A36,2025-12-14T00:23:01.348000+00:00,60+0,standard,bullet,True,outoftime,white,147,Bigellow,KaleybarBuffaloRider,3213,2984,2,-2,A00,Van't Kruijs Opening,1,Bigellow,white,KaleybarBuffaloRider,3213,2984,win,1.0
exKV1ko4,2025-12-14T00:20:40.702000+00:00,60+0,standard,bullet,True,draw,,139,KaleybarBuffaloRider,Bigellow,2981,3216,3,-3,E46,Nimzo-Indian Defense: Normal Variation,8,Bigellow,black,KaleybarBuffaloRider,3216,2981,draw,0.5
ieJnz20U,2025-12-14T00:19:10.010000+00:00,60+0,standard,bullet,True,resign,white,71,Bigellow,KaleybarBuffaloRider,3213,2983,3,-2,B23,Sicilian Defense: Closed,3,Bigellow,white,KaleybarBuffaloRider,3213,2983,win,1.0
ak6y12Jg,2025-12-14T00:18:10.480000+00:00,60+0,standard,bullet,True,resign,black,52,KaleybarBuffaloRider,Bigellow,2986,3211,-3,2,A54,Old Indian Defense: Ukrainian Variation,6,Bigellow,black,KaleybarBuffaloRider,3211,2986,win,1.0
1u249TGa,2025-12-07T15:45:40.037000+00:00,60+0,standard,bullet,True,mate,black,150,Bigellow,Heisenberg01,3193,3269,-4,4,B08,Pirc Defense: Classical Variation,8,Bigellow,white,Heisenberg01,3193,3269,loss,0.0
P9lwOR3u,2025-12-07T15:43:56.222000+00:00,60+0,standard,bullet,True,resign,white,105,Heisenberg01,Bigellow,3264,3198,5,-5,B00,Pirc Defense,2,Bigellow,black,Heisenberg01,3198,3264,loss,0.0
DuFkkm6C,2025-12-07T15:42:50.622000+00:00,60+0,standard,bullet,True,resign,black,64,Bigellow,Heisenberg01,3203,3259,-5,5,A04,Zukertort Opening: Kingside Fianchetto,2,Bigellow,white,Heisenberg01,3203,3259,loss,0.0
o7ae7RX9,2026-02-01T14:40:04.742000+00:00,600+0,standard,rapid,True,resign,black,68,nepoloh686,Knightdwarf,2567,2345,-9,9,D85,Grünfeld Defense: Exchange Variation,8,nepoloh686,white,Knightdwarf,2567,2345,loss,0.0
GZVMWbmB,2026-02-01T14:22:46.633000+00:00,600+0,standard,rapid,True,mate,white,91,cingozchess,nepoloh686,2405,2575,9,-8,A07,King's Indian Attack: Yugoslav Variation,8,nepoloh686,black,cingozchess,2575,2405,loss,0.0
5CF1ilZx,2026-02-01T14:06:14.027000+00:00,600+0,standard,rapid,True,resign,white,61,nepoloh686,FoxRiverGhost,2570,2588,5,-14,E10,Indian Defense: Anti-Nimzo-Indian,5,nepoloh686,white,FoxRiverGhost,2570,2588,win,1.0
pkJ1vGAm,2026-02-01T13:51:39.466000+00:00,600+0,standard,rapid,True,resign,white,95,nepoloh686,G03ns,2565,2479,5,-15,A40,Horwitz Defense,2,nepoloh686,white,G03ns,2565,2479,win,1.0
GkOPpZ6e,2026-02-01T11:05:42.121000+00:00,600+0,standard,rapid,True,resign,black,105,InSergey,nepoloh686,2311,2563,-3,2,B12,"Caro-Kann Defense: Advance Variation, Tal Variation",7,nepoloh686,black,InSergey,2563,2311,win,1.0
ttj5F1QH,2026-01-31T16:05:36.378000+00:00,600+0,standard,rapid,True,resign,white,94,Caschmirr,nepoloh686,2452,2570,7,-7,B17,Caro-Kann Defense: Karpov Variation,8,nepoloh686,black,Caschmirr,2570,2452,loss,0.0
N0g90bv4,2026-01-31T15:37:36.141000+00:00,600+0,standard,rapid,True,resign,white,113,nepoloh686,PomonaBB35,2566,2452,4,-4,A40,English Defense,4,nepoloh686,white,PomonaBB35,2566,2452,win,1.0
DElVzKGL,2026-01-31T15:10:05.228000+00:00,600+0,standard,rapid,True,mate,black,62,fad666,nepoloh686,2433,2562,-6,4,B12,"Caro-Kann Defense: Advance Variation, Short Variation",7,nepoloh686,black,fad666,2562,2433,win,1.0
GuRQWrLK,2026-01-28T16:18:21.667000+00:00,180+2,standard,blitz,True,resign,white,53,Bond_Ivan,nepoloh686,2466,2374,4,-13,B12,"Caro-Kann Defense: Advance Variation, Tal Variation",7,nepoloh686,black,Bond_Ivan,2374,2466,loss,0.0
sGCggm75,2026-01-27T18:21:39.946000+00:00,600+0,standard,rapid,True,resign,white,51,Magistr_YODA_V_Tope,nepoloh686,2469,2569,22,-7,A06,Nimzo-Larsen Attack: Classical Variation,3,nepoloh686,black,Magistr_YODA_V_Tope,2569,2469,loss,0.0
TtfS7osW,2026-01-27T16:02:26.261000+00:00,600+0,standard,rapid,True,resign,white,99,nepoloh686,Radiohead_Enjoyer,2565,2449,4,-4,D35,Queen's Gambit Declined: Normal Defense,6,nepoloh686,white,Radiohead_Enjoyer,2565,2449,win,1.0
JWtDFLfZ,2026-01-27T13:39:28.808000+00:00,600+0,standard,rapid,True,resign,black,45,nepoloh686,vkplay16,2574,2400,-9,9,E04,Catalan Opening: Open Defense,9,nepoloh686,white,vkplay16,2574,2400,loss,0.0
yclKA6Lm,2026-01-27T13:22:01.499000+00:00,600+0,standard,rapid,True,resign,white,103,maxim_Ermakov06,nepoloh686,2528,2580,11,-6,A45,Trompowsky Attack,3,nepoloh686,black,maxim_Ermakov06,2580,2528,loss,0.0
uKMOzfuA,2026-01-27T11:30:35.339000+00:00,600+0,standard,rapid,True,resign,white,31,nepoloh686,harleyboy,2578,2369,2,-3,A43,Benoni Defense: Old Benoni,2,nepoloh686,white,harleyboy,2578,2369,win,1.0
DBfi2Vzw,2026-01-27T11:21:07.778000+00:00,600+0,standard,rapid,True,resign,black,52,Caschmirr,nepoloh686,2443,2574,-4,4,B17,Caro-Kann Defense: Karpov Variation,8,nepoloh686,black,Caschmirr,2574,2443,win,1.0
r4cK8bhu,2026-01-26T18:06:30.127000+00:00,600+0,standard,rapid,True,resign,black,132,FourknightAttack,nepoloh686,2484,2569,-10,5,B13,"Caro-Kann Defense: Exchange Variation, Rubinstein Variation",11,nepoloh686,black,FourknightAttack,2569,2484,win,1.0
gGXByeP4,2026-01-26T17:48:39.936000+00:00,600+0,standard,rapid,True,resign,black,56,nepoloh686,emandr,2575,2575,-6,6,E18,"Queen's Indian Defense: Classical Variation, Traditional Variation",13,nepoloh686,white,emandr,2575,2575,loss,0.0
BIQBoDou,2026-01-26T16:12:52.286000+00:00,600+0,standard,rapid,True,draw,,116,SiRota83,nepoloh686,2385,2578,4,-3,E69,"King's Indian Defense: Fianchetto Variation, Classical Main Line",17,nepoloh686,black,SiRota83,2578,2385,draw,0.5
iTd4dbz4,2026-01-25T11:46:06.057000+00:00,600+0,standard,rapid,True,mate,black,120,nepoloh686,dudalodudalo,2586,2430,-8,9,A07,"King's Indian Attack, with e6",6,nepoloh686,white,dudalodudalo,2586,2430,loss,0.0
7uMnO6HC,2026-01-25T09:04:42.719000+00:00,600+0,standard,rapid,True,draw,,132,RexOranis,nepoloh686,2453,2588,2,-2,B12,"Caro-Kann Defense: Advance Variation, Tal Variation",7,nepoloh686,black,RexOranis,2588,2453,draw,0.5
tXI0HACs,2026-01-24T14:18:20.041000+00:00,600+0,standard,rapid,True,resign,black,81,nepoloh686,RichardHaiden_Alarma,2595,2514,-7,8,D85,Grünfeld Defense: Exchange Variation,8,nepoloh686,white,RichardHaiden_Alarma,2595,2514,loss,0.0
2sjRZxyt,2026-01-24T12:59:53.680000+00:00,600+0,standard,rapid,True,resign,black,112,nepoloh686,emandr,2599,2578,-7,7,E19,"Queen's Indian Defense: Classical Variation, Traditional Variation, Main Line",17,nepoloh686,white,emandr,2599,2578,loss,0.0
B7m0OwQX,2026-01-24T10:50:49.309000+00:00,600+0,standard,rapid,True,draw,,111,RichardHaiden_Alarma,nepoloh686,2505,2600,1,-1,E65,"King's Indian Defense: Fianchetto Variation, Yugoslav Variation",13,nepoloh686,black,RichardHaiden_Alarma,2600,2505,draw,0.5
7IbwiuA3,2026-01-22T18:39:02.345000+00:00,600+0,standard,rapid,True,resign,black,74,nepoloh686,iyisatranc,2607,2527,-7,9,E85,"King's Indian Defense: Sämisch Variation, Orthodox Variation",12,nepoloh686,white,iyisatranc,2607,2527,loss,0.0
k1otGrwI,2026-01-22T12:32:16.629000+00:00,600+0,standard,rapid,True,draw,,124,nepoloh686,Hammurapi65,2608,2552,-1,1,A52,"Indian Defense: Budapest Defense, Adler Variation",7,nepoloh686,white,Hammurapi65,2608,2552,draw,0.5
gE741NFn,2026-01-22T09:59:57.929000+00:00,600+0,standard,rapid,True,resign,black,76,HenryChesspro,nepoloh686,2522,2604,-5,4,B10,Caro-Kann Defense: Breyer Variation,3,nepoloh686,black,HenryChesspro,2604,2522,win,1.0
8QREM1xm,2026-01-22T09:51:44.207000+00:00,600+0,standard,rapid,True,draw,,39,Sultai,nepoloh686,2507,2605,2,-1,B11,"Caro-Kann Defense: Two Knights Attack, Mindeno Variation, Exchange Line",8,nepoloh686,black,Sultai,2605,2507,draw,0.5
flG9Yzt0,2026-01-21T15:54:41.298000+00:00,600+0,standard,rapid,True,draw,,138,nepoloh686,Safari_Aspari,2608,2428,-3,3,A53,"Old Indian Defense: Czech Variation, with Nc3",6,nepoloh686,white,Safari_Aspari,2608,2428,draw,0.5
7SAYGhxg,2026-01-21T09:20:52.559000+00:00,600+0,standard,rapid,True,stalemate,,160,Sportcomplex,nepoloh686,2391,2611,3,-3,B10,Caro-Kann Defense: Accelerated Panov Attack,4,nepoloh686,black,Sportcomplex,2611,2391,draw,0.5
sDTSGF5P,2026-01-20T18:22:55.044000+00:00,600+0,standard,rapid,True,resign,white,42,nepoloh686,somerandomanon,2608,2417,3,-5,A50,Mexican Defense,4,nepoloh686,white,somerandomanon,2608,2417,win,1.0
SrQydoty,2026-01-28T20:01:25.912000+00:00,180+0,standard,blitz,True,resign,black,110,kira1110,beranboyeokuzde,2703,2775,-5,6,E11,Bogo-Indian Defense: Retreat Variation,16,beranboyeokuzde,black,kira1110,2775,2703,win,1.0
ZNwJkwjp,2026-01-28T19:55:06.093000+00:00,180+0,standard,blitz,True,draw,,140,ErikSantarius,beranboyeokuzde,2692,2776,2,-1,B50,Sicilian Defense: Modern Variations,4,beranboyeokuzde,black,ErikSantarius,2776,2692,draw,0.5
WG2vZOZQ,2026-01-28T19:48:58.987000+00:00,180+0,standard,blitz,True,mate,black,130,beranboyeokuzde,jgeg,2789,2571,-13,9,D37,Queen's Gambit Declined: Barmen Variation,8,beranboyeokuzde,white,jgeg,2789,2571,loss,0.0
2YXwdjiF,2026-01-27T14:25:54.238000+00:00,180+0,standard,blitz,True,resign,black,54,Valerii1122334455,beranboyeokuzde,2678,2775,-4,7,E11,Bogo-Indian Defense: Retreat Variation,13,beranboyeokuzde,black,Valerii1122334455,2775,2678,win,1.0
qCiXLEA8,2026-01-27T14:20:43.297000+00:00,180+0,standard,blitz,True,resign,white,81,beranboyeokuzde,Valerii1122334455,2769,2682,6,-4,B13,"Caro-Kann Defense: Panov Attack, Modern Defense, Mieses Line",12,beranboyeokuzde,white,Valerii1122334455,2769,2682,win,1.0
iPCy29av,2026-01-27T14:10:57.475000+00:00,180+0,standard,blitz,True,resign,white,57,beranboyeokuzde,GoFar,2762,2730,7,-6,E18,"Queen's Indian Defense: Classical Variation, Traditional Variation",13,beranboyeokuzde,white,GoFar,2762,2730,win,1.0
T9Bne0Xg,2026-01-27T13:32:39.703000+00:00,180+0,standard,blitz,True,resign,white,33,beranboyeokuzde,SackOnTheKing930,2735,2702,9,-5,E60,"Indian Defense: Anti-Grünfeld, Basman-Williams Attack",5,beranboyeokuzde,white,SackOnTheKing930,2735,2702,win,1.0
RLlKqmKJ,2026-01-07T13:05:30.108000+00:00,60+0,standard,bullet,True,mate,black,70,beranboyeokuzde,Sengdorzh,3133,2876,-13,9,D11,Slav Defense: Modern Line,5,beranboyeokuzde,white,Sengdorzh,3133,2876,loss,0.0
mc2jrhv6,2026-01-01T10:36:47.467000+00:00,180+0,standard,blitz,True,resign,black,72,Buyofl,beranboyeokuzde,2748,2734,-6,7,C67,"Ruy Lopez: Berlin Defense, Rio Gambit Accepted",8,beranboyeokuzde,black,Buyofl,2734,2748,win,1.0
8Znh0l0s,2025-12-28T10:15:29.641000+00:00,180+0,standard,blitz,True,resign,black,86,SamTakoj,beranboyeokuzde,2688,2732,-5,6,E11,Bogo-Indian Defense: Retreat Variation,12,beranboyeokuzde,black,SamTakoj,2732,2688,win,1.0
PkQFUs4P,2025-12-21T14:55:22.269000+00:00,180+0,standard,blitz,True,resign,white,57,Toro123,beranboyeokuzde,2660,2735,7,-7,A45,Trompowsky Attack,3,beranboyeokuzde,black,Toro123,2735,2660,loss,0.0
1cS0w48K,2025-12-20T21:52:46.162000+00:00,180+2,standard,blitz,True,resign,black,98,beranboyeokuzde,mengsihan,2740,2673,-7,7,E10,Indian Defense: Anti-Nimzo-Indian,5,beranboyeokuzde,white,mengsihan,2740,2673,loss,0.0
jRqIfy11,2025-12-20T21:43:07.551000+00:00,180+2,standard,blitz,True,resign,white,139,beranboyeokuzde,Hripach007,2741,2802,7,-7,D30,Queen's Gambit Declined,4,beranboyeokuzde,white,Hripach007,2741,2802,win,1.0
3x1TEO87,2025-12-20T21:38:27.684000+00:00,180+2,standard,blitz,True,resign,black,120,beranboyeokuzde,Berserk2600,2748,2679,-7,7,D41,"Queen's Gambit Declined: Semi-Tarrasch Defense, Pillsbury Variation",11,beranboyeokuzde,white,Berserk2600,2748,2679,loss,0.0
D1t8Od29,2025-12-20T21:33:55.785000+00:00,180+2,standard,blitz,True,resign,white,157,tacticthunder,beranboyeokuzde,2757,2754,5,-6,B54,Sicilian Defense: Prins Variation,9,beranboyeokuzde,black,tacticthunder,2754,2757,loss,0.0
hbMJlYH6,2025-12-20T21:31:02.984000+00:00,180+2,standard,blitz,True,draw,,64,beranboyeokuzde,BenjaminBokTwitch,2754,2745,0,0,D46,Semi-Slav Defense: Chigorin Defense,15,beranboyeokuzde,white,BenjaminBokTwitch,2754,2745,draw,0.5
zMQzQuWJ,2025-12-20T21:27:48.591000+00:00,180+2,standard,blitz,True,resign,black,111,lattykk,beranboyeokuzde,2665,2749,-5,5,B51,Sicilian Defense: Moscow Variation,5,beranboyeokuzde,black,lattykk,2749,2665,win,1.0
CcdsdPxD,2025-12-20T21:26:27.168000+00:00,180+2,standard,blitz,True,resign,white,43,BetterCollSoul,beranboyeokuzde,3066,2751,2,-2,B21,"Sicilian Defense: Smith-Morra Gambit Declined, Push Variation",6,beranboyeokuzde,black,BetterCollSoul,2751,3066,loss,0.0
n0ElUyok,2025-12-20T21:24:26.017000+00:00,180+2,standard,blitz,True,resign,white,69,beranboyeokuzde,emirislamking,2745,2743,6,-5,D37,"Queen's Gambit Declined: Harrwitz Attack, Orthodox Defense",12,beranboyeokuzde,white,emirislamking,2745,2743,win,1.0
5xMSMBax,2025-12-20T21:23:37.770000+00:00,180+2,standard,blitz,True,resign,white,25,BenjaminBokTwitch,beranboyeokuzde,2751,2751,6,-6,E32,Nimzo-Indian Defense: Classical Variation,7,beranboyeokuzde,black,BenjaminBokTwitch,2751,2751,loss,0.0
jJVz7dGk,2025-12-20T21:18:28.848000+00:00,180+2,standard,blitz,True,draw,,69,beranboyeokuzde,toivok3,2748,2755,0,0,D02,Queen's Pawn Game: Krause Variation,4,beranboyeokuzde,white,toivok3,2748,2755,draw,0.5
55LWQR2U,2025-12-20T21:16:26.496000+00:00,180+2,standard,blitz,True,resign,white,53,beranboyeokuzde,hamidtahmasebiii,2744,2662,4,-6,A59,Benko Gambit Accepted: King Walk Variation,21,beranboyeokuzde,white,hamidtahmasebiii,2744,2662,win,1.0
v6rt09gr,2025-12-20T21:14:56.558000+00:00,180+2,standard,blitz,True,draw,,56,chesslover3833,beranboyeokuzde,2545,2746,3,-2,A08,King's Indian Attack: French Variation,6,beranboyeokuzde,black,chesslover3833,2746,2545,draw,0.5
2tKJbLcO,2025-12-20T21:12:52.927000+00:00,180+2,standard,blitz,True,draw,,62,beranboyeokuzde,Shant7777777,2744,2883,2,-2,B06,Modern Defense: Norwegian Defense,4,beranboyeokuzde,white,Shant7777777,2744,2883,draw,0.5
XO82hAiT,2025-12-20T21:08:22.048000+00:00,180+2,standard,blitz,True,resign,black,78,Pap-G,beranboyeokuzde,2818,2737,-7,7,B21,"Sicilian Defense: Smith-Morra Gambit Declined, Push Variation",6,beranboyeokuzde,black,Pap-G,2737,2818,win,1.0
amPTdic7,2025-12-20T21:04:57.326000+00:00,180+2,standard,blitz,True,resign,white,127,beranboyeokuzde,penguingim1,2732,2715,5,-10,A13,English Opening: Agincourt Defense,2,beranboyeokuzde,white,penguingim1,2732,2715,win,1.0
vhPuPIUv,2025-12-20T20:59:03.547000+00:00,180+2,standard,blitz,True,mate,black,168,beranboyeokuzde,Parakon1,2738,2718,-6,7,D37,Queen's Gambit Declined: Three Knights Variation,7,beranboyeokuzde,white,Parakon1,2738,2718,loss,0.0
Hiy8RB7J,2025-12-20T20:53:25.469000+00:00,180+2,standard,blitz,True,resign,black,109,Pap-G,beranboyeokuzde,2854,2730,-8,8,B50,"Sicilian Defense: Delayed Alapin Variation, with d6",5,beranboyeokuzde,black,Pap-G,2730,2854,win,1.0
E8eUpOSR,2025-12-20T20:48:57.750000+00:00,180+2,standard,blitz,True,resign,black,50,comrade2001,beranboyeokuzde,2490,2723,-6,2,B23,Sicilian Defense: Closed,3,beranboyeokuzde,black,comrade2001,2723,2490,win,1.0
qPAAhK7e,2025-12-20T20:44:35.302000+00:00,180+2,standard,blitz,True,resign,black,80,beranboyeokuzde,Parakon1,2729,2707,-6,8,D02,Queen's Pawn Game: London System,5,beranboyeokuzde,white,Parakon1,2729,2707,loss,0.0
MoWvypvb,2026-01-28T22:24:38.654000+00:00,30+0,standard,bullet,True,resign,black,54,Matviy2009,ARM-777777,3057,3234,-3,3,A46,Indian Defense: Wade-Tartakower Defense,4,ARM-777777,black,Matviy2009,3234,3057,win,1.0
sW5JTQgh,2026-01-27T21:08:33.955000+00:00,30+0,standard,bullet,True,resign,white,45,emirislamking,ARM-777777,3204,3243,7,-6,A04,Zukertort Opening: Ross Gambit,2,ARM-777777,black,emirislamking,3243,3204,loss,0.0
1V1czIsj,2026-01-27T21:05:30.108000+00:00,30+0,standard,bullet,True,resign,black,58,ARM-777777,emirislamking,3245,3203,-6,6,A04,Zukertort Opening: Ross Gambit,2,ARM-777777,white,emirislamking,3245,3203,loss,0.0
2FTpAEs9,2026-01-27T20:57:46.379000+00:00,30+0,standard,bullet,True,resign,black,100,emirislamking,ARM-777777,3209,3239,-6,5,A46,Indian Defense: Knights Variation,3,ARM-777777,black,emirislamking,3239,3209,win,1.0
GRz3JtOH,2026-01-27T20:54:58.139000+00:00,30+0,standard,bullet,True,resign,black,78,ARM-777777,emirislamking,3234,3214,-6,6,A04,Zukertort Opening: Queen's Gambit Invitation,2,ARM-777777,white,emirislamking,3234,3214,loss,0.0
MeqdyDR3,2026-01-27T20:53:40.470000+00:00,30+0,standard,bullet,True,outoftime,,137,emirislamking,ARM-777777,3213,3234,1,0,A04,Zukertort Opening: Ross Gambit,2,ARM-777777,black,emirislamking,3234,3213,draw,0.5
N1xZejE3,2026-01-25T22:28:30.644000+00:00,30+0,standard,bullet,True,outoftime,black,124,ARM-777777,chess-art-us,3284,3319,-5,6,A05,Zukertort Opening,2,ARM-777777,white,chess-art-us,3284,3319,loss,0.0
whWwn10I,2026-01-24T22:54:35.722000+00:00,30+0,standard,bullet,True,mate,black,94,ElPorcionzon,ARM-777777,2949,3314,-1,1,A45,Indian Defense,2,ARM-777777,black,ElPorcionzon,3314,2949,win,1.0
FMlDIo6j,2026-01-24T22:49:04.063000+00:00,30+0,standard,bullet,True,resign,white,47,ElPorcionzon,ARM-777777,2945,3318,11,-11,A45,Indian Defense,2,ARM-777777,black,ElPorcionzon,3318,2945,loss,0.0
OymOjVpU,2026-01-14T22:41:56.238000+00:00,30+0,standard,bullet,True,mate,white,87,ARM-777777,Arkadiy_Khromaev,3308,3426,8,-8,A04,Zukertort Opening: Kingside Fianchetto,2,ARM-777777,white,Arkadiy_Khromaev,3308,3426,win,1.0
z3prIj6O,2026-01-14T22:41:02.076000+00:00,30+0,standard,bullet,True,resign,black,102,Arkadiy_Khromaev,ARM-777777,3433,3300,-7,8,A45,Indian Defense,2,ARM-777777,black,Arkadiy_Khromaev,3300,3433,win,1.0
YpPs3yfq,2026-01-14T22:40:06.588000+00:00,30+0,standard,bullet,True,mate,black,90,ARM-777777,Arkadiy_Khromaev,3304,3430,-4,3,A04,Zukertort Opening: Kingside Fianchetto,2,ARM-777777,white,Arkadiy_Khromaev,3304,3430,loss,0.0
Sp6Kk0c2,2026-01-14T22:39:31.610000+00:00,30+0,standard,bullet,True,mate,white,47,Arkadiy_Khromaev,ARM-777777,3426,3308,4,-4,A45,Indian Defense,2,ARM-777777,black,Arkadiy_Khromaev,3308,3426,loss,0.0
1zNKOnB1,2026-01-14T22:39:04.450000+00:00,30+0,standard,bullet,True,resign,black,36,ARM-777777,Arkadiy_Khromaev,3312,3422,-4,4,A04,Zukertort Opening: Kingside Fianchetto,2,ARM-777777,white,Arkadiy_Khromaev,3312,3422,loss,0.0
JX9EV9tq,2026-01-14T22:37:45.360000+00:00,30+0,standard,bullet,True,resign,black,41,ARM-777777,Arkadiy_Khromaev,3308,3425,-4,4,D00,"Queen's Pawn Game: Chigorin Variation, Fianchetto Defense",6,ARM-777777,white,Arkadiy_Khromaev,3308,3425,loss,0.0
NGdVSICh,2026-01-14T22:36:55.704000+00:00,30+0,standard,bullet,True,mate,black,74,Arkadiy_Khromaev,ARM-777777,3433,3300,-8,8,A45,Indian Defense,2,ARM-777777,black,Arkadiy_Khromaev,3300,3433,win,1.0
cOFUsyMO,2026-01-14T22:35:50.558000+00:00,30+0,standard,bullet,True,outoftime,white,117,ARM-777777,Arkadiy_Khromaev,3292,3441,8,-8,A04,Zukertort Opening: Kingside Fianchetto,2,ARM-777777,white,Arkadiy_Khromaev,3292,3441,win,1.0
wHzqShzF,2026-01-14T22:34:33.999000+00:00,30+0,standard,bullet,True,outoftime,white,171,Arkadiy_Khromaev,ARM-777777,3438,3296,3,-4,A45,Indian Defense,2,ARM-777777,black,Arkadiy_Khromaev,3296,3438,loss,0.0
y2F5LB6u,2026-01-14T22:33:41.737000+00:00,30+0,standard,bullet,True,resign,white,57,ARM-777777,Arkadiy_Khromaev,3288,3446,8,-8,A04,Zukertort Opening: Kingside Fianchetto,2,ARM-777777,white,Arkadiy_Khromaev,3288,3446,win,1.0
gapKCWeu,2026-01-14T22:32:26.992000+00:00,30+0,standard,bullet,True,outoftime,white,151,Arkadiy_Khromaev,ARM-777777,3442,3291,4,-3,A43,Benoni Defense: Old Benoni,2,ARM-777777,black,Arkadiy_Khromaev,3291,3442,loss,0.0
BUVcWxer,2026-01-14T22:31:11.382000+00:00,30+0,standard,bullet,True,outoftime,black,150,ARM-777777,Arkadiy_Khromaev,3294,3439,-3,3,A04,Zukertort Opening: Kingside Fianchetto,2,ARM-777777,white,Arkadiy_Khromaev,3294,3439,loss,0.0
T3YaZGLC,2026-01-14T22:30:07.120000+00:00,30+0,standard,bullet,True,mate,white,113,Arkadiy_Khromaev,ARM-777777,3435,3298,4,-4,A43,Benoni Defense: Old Benoni,2,ARM-777777,black,Arkadiy_Khromaev,3298,3435,loss,0.0
9UjqtuKF,2026-01-14T22:28:59.548000+00:00,30+0,standard,bullet,True,mate,black,88,ARM-777777,Arkadiy_Khromaev,3302,3431,-4,4,A04,Zukertort Opening: Kingside Fianchetto,2,ARM-777777,white,Arkadiy_Khromaev,3302,3431,loss,0.0
7m3QNo57,2026-01-14T22:28:14.272000+00:00,30+0,standard,bullet,True,resign,white,61,Arkadiy_Khromaev,ARM-777777,3428,3305,3,-3,A45,Indian Defense,2,ARM-777777,black,Arkadiy_Khromaev,3305,3428,loss,0.0
8FyieEpS,2026-01-14T22:26:59.349000+00:00,30+0,standard,bullet,True,outoftime,,142,ARM-777777,Arkadiy_Khromaev,3303,3430,2,-2,A04,Zukertort Opening: Kingside Fianchetto,2,ARM-777777,white,Arkadiy_Khromaev,3303,3430,draw,0.5
Chktp5my,2026-01-14T22:23:50.470000+00:00,30+0,standard,bullet,True,outoftime,white,145,Arkadiy_Khromaev,ARM-777777,3430,3303,4,-4,A43,Benoni Defense: Old Benoni,2,ARM-777777,black,Arkadiy_Khromaev,3303,3430,loss,0.0
ErDwft0x,2026-01-14T22:23:15.410000+00:00,30+0,standard,bullet,True,mate,black,40,ARM-777777,Arkadiy_Khromaev,3307,3426,-4,4,A04,Zukertort Opening: Kingside Fianchetto,2,ARM-777777,white,Arkadiy_Khromaev,3307,3426,loss,0.0
jnXq23bR,2026-01-14T22:22:27.548000+00:00,30+0,standard,bullet,True,resign,white,71,Arkadiy_Khromaev,ARM-777777,3422,3310,4,-3,A43,Benoni Defense: Old Benoni,2,ARM-777777,black,Arkadiy_Khromaev,3310,3422,loss,0.0
jzwgT8g9,2026-01-14T22:20:08.660000+00:00,30+0,standard,bullet,True,outoftime,black,140,Arkadiy_Khromaev,ARM-777777,3426,3307,-8,8,A43,Benoni Defense: Old Benoni,2,ARM-777777,black,Arkadiy_Khromaev,3307,3426,win,1.0
edsiTJzy,2026-01-14T22:18:56.059000+00:00,30+0,standard,bullet,True,mate,black,136,ARM-777777,Arkadiy_Khromaev,3311,3422,-4,4,A04,Zukertort Opening: Kingside Fianchetto,2,ARM-777777,white,Arkadiy_Khromaev,3311,3422,loss,0.0
E4SLjisD,2026-02-01T17:51:45.128000+00:00,180+0,standard,blitz,True,mate,black,42,KCIOWA,JakobMankel,2136,2100,-7,6,D02,Queen's Pawn Game: Krause Variation,4,KCIOWA,white,JakobMankel,2136,2100,loss,0.0
CnKIPN6S,2026-02-01T17:32:30.116000+00:00,180+0,standard,blitz,True,draw,,127,KCIOWA,mib_tr,2118,2110,0,0,D02,Queen's Pawn Game: Zukertort Variation,3,KCIOWA,white,mib_tr,2118,2110,draw,0.5
padyr0rS,2026-02-01T13:53:33.026000+00:00,180+0,standard,blitz,True,outoftime,black,66,amin_d10,KCIOWA,2144,2095,-9,6,B07,Pirc Defense,6,KCIOWA,black,amin_d10,2095,2144,win,1.0
FQ8bWSPZ,2026-02-01T08:49:02.603000+00:00,60+6,crazyhouse,blitz,True,mate,black,86,KCIOWA,enocent,1884,1813,-10,7,D02,Queen's Pawn Game: Zukertort Variation,3,KCIOWA,white,enocent,1884,1813,loss,0.0
P5MjzqJR,2026-01-31T22:00:25.321000+00:00,180+0,standard,blitz,True,mate,white,77,SanAntonio10,KCIOWA,2144,2111,46,-5,B00,Pirc Defense,4,KCIOWA,black,SanAntonio10,2111,2144,loss,0.0
HC95aGL5,2026-01-31T07:11:06.672000+00:00,180+0,standard,blitz,True,resign,black,86,scorpy87,KCIOWA,2085,2100,-6,5,A04,Zukertort Opening: Pirc Invitation,2,KCIOWA,black,scorpy87,2100,2085,win,1.0
QELmR4PV,2026-01-31T05:51:23.849000+00:00,180+0,standard,blitz,True,mate,black,110,KCIOWA,safetyf1rst,2111,2140,-5,5,D02,Queen's Pawn Game: London System,5,KCIOWA,white,safetyf1rst,2111,2140,loss,0.0
VJ6nufc5,2026-01-30T19:54:29.253000+00:00,180+0,standard,blitz,True,resign,white,123,KCIOWA,tomamisz,2113,2053,5,-5,D02,"Queen's Pawn Game: London System, with e6",5,KCIOWA,white,tomamisz,2113,2053,win,1.0
UgUroi4h,2026-01-28T09:38:18.335000+00:00,180+0,standard,blitz,True,mate,black,76,KCIOWA,kingkroool,2111,2117,-5,6,D02,"Queen's Pawn Game: London System, with e6",5,KCIOWA,white,kingkroool,2111,2117,loss,0.0
Dg0IsIXe,2026-01-27T14:00:40.120000+00:00,1200+10,standard,classical,True,resign,white,114,KCIOWA,journeyto3001,2371,2225,8,-49,D00,Queen's Pawn Game,2,KCIOWA,white,journeyto3001,2371,2225,win,1.0
HYYbrSXA,2026-01-26T06:03:31.788000+00:00,600+0,standard,rapid,True,draw,,51,karakosh,KCIOWA,2440,2578,2,-4,B07,Pirc Defense,6,KCIOWA,black,karakosh,2578,2440,draw,0.5
dIxvfO3W,2026-01-26T03:35:07.145000+00:00,180+0,standard,blitz,True,resign,white,77,AMPaunescu,KCIOWA,2078,2108,6,-6,D00,Queen's Pawn Game: Stonewall Attack,5,KCIOWA,black,AMPaunescu,2108,2078,loss,0.0
ZGpKLZJY,2026-01-25T16:50:25.483000+00:00,180+0,standard,blitz,True,mate,black,124,KCIOWA,LanzAbu329,2107,2088,-6,6,A41,Wade Defense,4,KCIOWA,white,LanzAbu329,2107,2088,loss,0.0
OkfgI0SH,2026-01-25T08:08:43.420000+00:00,180+0,standard,blitz,True,outoftime,black,96,KCIOWA,KoshenovBatyrbek78,2108,2136,-6,5,A40,Englund Gambit,2,KCIOWA,white,KoshenovBatyrbek78,2108,2136,loss,0.0
dl8Cngjc,2026-01-25T07:52:22.218000+00:00,180+2,crazyhouse,blitz,True,resign,black,36,HUSIT333,KCIOWA,1732,1895,-11,6,D02,Queen's Pawn Game: London System,5,KCIOWA,black,HUSIT333,1895,1732,win,1.0
5LgNE6uv,2026-01-25T07:46:52.396000+00:00,180+2,crazyhouse,blitz,True,mate,white,65,KCIOWA,HUSIT333,1889,1742,6,-10,A48,London System,8,KCIOWA,white,HUSIT333,1889,1742,win,1.0
PupDnprr,2026-01-25T07:39:31.938000+00:00,180+2,crazyhouse,blitz,True,mate,black,66,HUSIT333,KCIOWA,1756,1882,-14,7,D02,Queen's Pawn Game: London System,5,KCIOWA,black,HUSIT333,1882,1756,win,1.0
ilK1WrjI,2026-01-24T19:04:16.085000+00:00,180+0,standard,blitz,True,outoftime,black,148,earias22,KCIOWA,1959,2098,-6,4,B00,Pirc Defense,2,KCIOWA,black,earias22,2098,1959,win,1.0
EP0NLFu7,2026-01-24T17:31:25.294000+00:00,180+0,standard,blitz,True,draw,,111,KCIOWA,MichelBotvinnik,2093,2149,1,-1,D02,Queen's Pawn Game: London System,5,KCIOWA,white,MichelBotvinnik,2093,2149,draw,0.5
7JgwpSUh,2026-01-24T10:47:43.088000+00:00,180+2,standard,blitz,True,mate,white,83,Suren2012AV,KCIOWA,2068,2106,12,-6,B01,Scandinavian Defense: Main Line,6,KCIOWA,black,Suren2012AV,2106,2068,loss,0.0
LG3KJK9f,2026-01-23T17:23:40.609000+00:00,180+0,standard,blitz,True,outoftime,white,101,KCIOWA,accaesar,2101,2088,5,-5,D02,Queen's Pawn Game: London System,5,KCIOWA,white,accaesar,2101,2088,win,1.0
lDPBb7pZ,2026-01-23T09:54:25.992000+00:00,180+0,standard,blitz,True,mate,black,54,KCIOWA,cusk,2101,2105,-6,6,A40,Mikenas Defense,2,KCIOWA,white,cusk,2101,2105,loss,0.0
88iXgYPM,2026-01-23T03:48:28.952000+00:00,180+0,standard,blitz,True,mate,black,62,KCIOWA,cachila4,2112,2123,-6,6,A46,Indian Defense: Wade-Tartakower Defense,4,KCIOWA,white,cachila4,2112,2123,loss,0.0
5NITCtZK,2026-01-22T07:51:13.779000+00:00,180+0,standard,blitz,True,resign,white,111,KCIOWA,Xigalo-chess1987,2107,2061,5,-5,D02,Queen's Pawn Game: Zukertort Variation,3,KCIOWA,white,Xigalo-chess1987,2107,2061,win,1.0
L7M7Bl3q,2026-01-22T06:40:45.544000+00:00,180+0,standard,blitz,True,mate,white,119,HLbullet,KCIOWA,2059,2119,7,-6,E71,King's Indian Defense: Makogonov Variation,9,KCIOWA,black,HLbullet,2119,2059,loss,0.0
q8ZOUKeM,2026-01-21T04:54:04.846000+00:00,60+0,standard,bullet,True,outoftime,black,90,KCIOWA,Studies_Galore,2403,2386,-6,6,A40,Englund Gambit Declined: Reversed Krebs,4,KCIOWA,white,Studies_Galore,2403,2386,loss,0.0
uJT6mExy,2026-01-20T06:18:32.291000+00:00,1800+20,standard,classical,True,resign,white,56,pererasadewrashmika,KCIOWA,2083,2396,10,-25,B01,Scandinavian Defense: Main Line,6,KCIOWA,black,pererasadewrashmika,2396,2083,loss,0.0
dV2T0isX,2026-01-20T04:59:56.328000+00:00,180+0,standard,blitz,True,mate,white,129,Johncepot,KCIOWA,2129,2128,6,-6,D15,Slav Defense: Three Knights Variation,7,KCIOWA,black,Johncepot,2128,2129,loss,0.0
ijgr8DlA,2026-01-19T06:03:02.294000+00:00,1500+0,standard,classical,True,resign,black,84,KCIOWA,Sewminaq,2401,2747,-5,27,D02,Queen's Pawn Game: London System,5,KCIOWA,white,Sewminaq,2401,2747,loss,0.0
YK7590pc,2026-01-18T18:00:55.385000+00:00,180+0,standard,blitz,True,resign,black,70,vasek-2011,KCIOWA,2030,2118,-5,4,B00,Pirc Defense,2,KCIOWA,black,vasek-2011,2118,2030,win,1.0
9j92IQFs,2026-01-29T17:23:08.540000+00:00,600+0,standard,rapid,True,draw,,87,JeanLassalle64,Smart_Kotik,2579,2525,-3,1,D02,Queen's Pawn Game: London System,5,JeanLassalle64,white,Smart_Kotik,2579,2525,draw,0.5
V9US3nrB,2026-01-21T17:32:18.230000+00:00,600+0,standard,rapid,True,resign,white,45,JeanLassalle64,baazigar08,2572,2387,7,-4,A08,Zukertort Opening: Reversed Grünfeld,7,JeanLassalle64,white,baazigar08,2572,2387,win,1.0
RsFt8YKT,2026-01-14T16:41:23.719000+00:00,480+3,standard,rapid,True,resign,white,79,JeanLassalle64,MURARIGANGA,2567,2310,5,-2,D11,Slav Defense: Modern Line,5,JeanLassalle64,white,MURARIGANGA,2567,2310,win,1.0
eW9DiG0S,2026-01-14T16:21:02.918000+00:00,480+3,standard,rapid,True,resign,white,53,JeanLassalle64,Jersonpf,2563,2267,4,-2,A40,Mikenas Defense,2,JeanLassalle64,white,Jersonpf,2563,2267,win,1.0
sij6ASOR,2026-01-13T19:24:06.401000+00:00,480+3,standard,rapid,True,resign,white,101,Studyflix,JeanLassalle64,2351,2563,74,-19,C11,French Defense: Classical Variation,7,JeanLassalle64,black,Studyflix,2563,2351,loss,0.0
UNhwHPZU,2026-01-08T15:25:34.242000+00:00,600+0,standard,rapid,True,resign,black,112,sparking-genio,JeanLassalle64,2495,2551,-7,12,D37,Queen's Gambit Declined: Barmen Variation,8,JeanLassalle64,black,sparking-genio,2551,2495,win,1.0
LDhBCp2M,2026-01-08T15:13:36.845000+00:00,480+3,standard,rapid,True,resign,black,26,AlfaZeroInFlesh,JeanLassalle64,2284,2546,-3,5,C11,French Defense: Classical Variation,7,JeanLassalle64,black,AlfaZeroInFlesh,2546,2284,win,1.0
WUdv09Ih,2026-01-06T19:02:15.970000+00:00,480+3,standard,rapid,True,resign,black,246,JeanLassalle64,emandr,2560,2568,-14,6,E17,"Queen's Indian Defense: Classical Variation, Polugaevsky Gambit",15,JeanLassalle64,white,emandr,2560,2568,loss,0.0
nM1gzJAW,2026-01-06T18:45:56.245000+00:00,480+3,standard,rapid,True,resign,white,99,Sri_king,JeanLassalle64,2428,2581,8,-21,B13,"Caro-Kann Defense: Panov Attack, Modern Defense",10,JeanLassalle64,black,Sri_king,2581,2428,loss,0.0
HME3hcl9,2025-12-22T22:17:09.426000+00:00,480+3,standard,rapid,True,draw,,94,kkarimi,JeanLassalle64,2311,2589,11,-8,D16,Slav Defense: Soultanbeieff Variation,10,JeanLassalle64,black,kkarimi,2589,2311,draw,0.5
xMCpLnl3,2025-12-22T16:12:18.681000+00:00,360+3,standard,rapid,True,draw,,26,JeanLassalle64,joseantonio270570,2596,2407,-7,3,E94,King's Indian Defense: Orthodox Variation,13,JeanLassalle64,white,joseantonio270570,2596,2407,draw,0.5
xEFGyNik,2025-12-18T17:20:43.299000+00:00,480+3,standard,rapid,True,draw,,102,Dmitry_Timurovich,JeanLassalle64,2459,2601,4,-5,B12,"Caro-Kann Defense: Advance Variation, Tal Variation",7,JeanLassalle64,black,Dmitry_Timurovich,2601,2459,draw,0.5
wYKvC0Qt,2025-12-18T12:52:00.101000+00:00,600+0,standard,rapid,True,mate,white,101,JeanLassalle64,Hammurapi65,2591,2499,10,-4,A04,Zukertort Opening: Sicilian Invitation,2,JeanLassalle64,white,Hammurapi65,2591,2499,win,1.0
sH2x4Ozb,2025-12-17T19:36:15.566000+00:00,480+3,standard,rapid,True,outoftime,white,91,JeanLassalle64,DPTIOA,2585,2342,6,-3,A08,King's Indian Attack: Sicilian Variation,5,JeanLassalle64,white,DPTIOA,2585,2342,win,1.0
XmQUm7Dk,2025-12-16T19:22:02.709000+00:00,600+0,standard,rapid,True,resign,black,72,Hyperbulletdragon,JeanLassalle64,2474,2574,-4,11,C02,"French Defense: Advance Variation, Euwe Variation",10,JeanLassalle64,black,Hyperbulletdragon,2574,2474,win,1.0
wc8c5PqW,2025-12-13T14:46:30.638000+00:00,480+3,standard,rapid,True,mate,white,75,JeanLassalle64,catalanplayer14,2570,2239,4,-12,E05,"Catalan Opening: Open Defense, Classical Line",12,JeanLassalle64,white,catalanplayer14,2570,2239,win,1.0
ifOPRUUH,2025-12-13T14:38:11.046000+00:00,480+3,standard,rapid,True,resign,white,31,JeanLassalle64,Ahmedfathallah1,2569,2056,1,-1,A04,Zukertort Opening: Sicilian Invitation,2,JeanLassalle64,white,Ahmedfathallah1,2569,2056,win,1.0
58xgQlOK,2025-12-13T14:05:13.893000+00:00,480+3,standard,rapid,True,resign,white,107,conjugated0allen,JeanLassalle64,2508,2586,31,-17,A47,Pseudo Queen's Indian Defense,4,JeanLassalle64,black,conjugated0allen,2586,2508,loss,0.0
hPlBc5nf,2025-12-11T17:09:57.167000+00:00,600+0,standard,rapid,True,mate,black,52,StrangerAM,JeanLassalle64,2553,2571,-5,15,C09,"French Defense: Tarrasch Variation, Open System, Main Line",10,JeanLassalle64,black,StrangerAM,2571,2553,win,1.0
xHEFPQ6F,2025-12-11T15:37:25.736000+00:00,300+5,standard,rapid,True,outoftime,white,71,JeanLassalle64,LEADER09,2559,2467,12,-4,D02,Queen's Pawn Game: London System,5,JeanLassalle64,white,LEADER09,2559,2467,win,1.0
1v0vTDEu,2025-12-10T12:34:34.873000+00:00,600+0,standard,rapid,True,resign,white,49,JeanLassalle64,albertus123456,2550,2400,9,-4,A20,English Opening: King's English Variation,2,JeanLassalle64,white,albertus123456,2550,2400,win,1.0
tDl7FXrH,2025-12-09T23:23:40.191000+00:00,600+0,standard,rapid,True,resign,black,116,Dubov-ii,JeanLassalle64,2388,2539,-4,11,C11,French Defense: Classical Variation,7,JeanLassalle64,black,Dubov-ii,2539,2388,win,1.0
jMQFS8AA,2025-12-09T22:56:13.560000+00:00,480+3,standard,rapid,True,outoftime,white,145,JeanLassalle64,Charlemagne2009,2530,2346,9,-5,A49,Indian Defense: Przepiorka Variation,5,JeanLassalle64,white,Charlemagne2009,2530,2346,win,1.0
zbu4y3l3,2025-12-09T19:22:47.082000+00:00,480+3,standard,rapid,True,resign,black,70,Derdirthyflagger,JeanLassalle64,2226,2523,-4,7,C08,"French Defense: Tarrasch Variation, Open System",8,JeanLassalle64,black,Derdirthyflagger,2523,2226,win,1.0
JF1SSirI,2025-12-04T17:23:29.771000+00:00,480+0,standard,rapid,True,draw,,93,JeanLassalle64,messiofchessssssssss,2530,2404,-7,4,A37,"English Opening: Symmetrical Variation, Three Knights, Fianchetto Variation",9,JeanLassalle64,white,messiofchessssssssss,2530,2404,draw,0.5
q1gnmmWE,2025-12-02T19:25:25.929000+00:00,600+0,standard,rapid,True,resign,black,48,Midosantos,JeanLassalle64,2439,2514,-4,16,D16,Slav Defense: Soultanbeieff Variation,10,JeanLassalle64,black,Midosantos,2514,2439,win,1.0
4OU24UAt,2025-11-26T16:35:47.481000+00:00,480+3,standard,rapid,True,resign,white,99,JeanLassalle64,mikhailromanovich13,2507,2264,7,-3,A04,Zukertort Opening: Queenside Fianchetto Variation,2,JeanLassalle64,white,mikhailromanovich13,2507,2264,win,1.0
Q0SCfXSx,2025-11-26T12:55:43.200000+00:00,600+0,standard,rapid,True,outoftime,white,223,JeanLassalle64,Bandhawk,2481,2598,26,-8,A04,Zukertort Opening: Dutch Variation,2,JeanLassalle64,white,Bandhawk,2481,2598,win,1.0
NMl3F5Tg,2025-11-26T12:33:31.968000+00:00,480+3,standard,rapid,True,outoftime,white,29,Hrithika1234,JeanLassalle64,2479,2503,8,-22,C02,"French Defense: Advance Variation, Euwe Variation",10,JeanLassalle64,black,Hrithika1234,2503,2479,loss,0.0
PpgTubIA,2025-11-25T19:29:04.119000+00:00,600+0,standard,rapid,True,mate,white,69,Picinio,JeanLassalle64,2417,2531,7,-28,D01,Rapport-Jobava System,6,JeanLassalle64,black,Picinio,2531,2417,loss,0.0
yUwPHI7H,2026-01-31T10:00:02.023000+00:00,180+2,standard,blitz,True,resign,black,50,Met0,Abik02,2290,2830,-1,1,C11,"French Defense: Classical Variation, Steinitz Variation",7,Abik02,black,Met0,2830,2290,win,1.0
2b9lYykt,2026-01-31T09:54:42.950000+00:00,180+2,standard,blitz,True,resign,white,72,Abik02,Met0,2830,2290,0,0,D00,"Queen's Pawn Game: Accelerated London System, Steinitz Countergambit",4,Abik02,white,Met0,2830,2290,win,1.0
47WhReyP,2026-01-31T09:43:01.332000+00:00,180+2,standard,blitz,True,outoftime,black,160,Met0,Abik02,2291,2829,-1,1,A45,Trompowsky Attack: Raptor Variation,5,Abik02,black,Met0,2829,2291,win,1.0
Y8jC4j9M,2026-01-31T09:39:20.817000+00:00,180+2,standard,blitz,True,resign,white,37,Abik02,Met0,2829,2291,0,0,D00,Queen's Pawn Game: Accelerated London System,3,Abik02,white,Met0,2829,2291,win,1.0
vI4K04uE,2026-01-31T09:32:19.816000+00:00,180+2,standard,blitz,True,resign,black,72,Met0,Abik02,2292,2828,-1,1,C32,"King's Gambit Declined: Falkbeer Countergambit, Charousek Gambit Accepted",9,Abik02,black,Met0,2828,2292,win,1.0
VDT0xodK,2026-01-31T09:25:41.856000+00:00,180+2,standard,blitz,True,draw,,53,Abik02,Met0,2833,2287,-5,5,B01,Scandinavian Defense: Bronstein Variation,10,Abik02,white,Met0,2833,2287,draw,0.5
yHvsb8wz,2026-01-31T09:18:02.020000+00:00,180+2,standard,blitz,True,resign,black,64,Met0,Abik02,2287,2833,0,0,C11,"French Defense: Classical Variation, Burn Variation, Morozevich Line",12,Abik02,black,Met0,2833,2287,win,1.0
7phDnvWt,2026-01-30T22:40:45.064000+00:00,180+0,standard,blitz,True,draw,,79,Abik02,KoSCHeI2017,2836,2630,-3,3,C07,"French Defense: Tarrasch Variation, Open System, Euwe-Keres Line",7,Abik02,white,KoSCHeI2017,2836,2630,draw,0.5
Zz0aVw3L,2026-01-30T22:33:38.749000+00:00,180+0,standard,blitz,True,resign,white,61,Abik02,Byakagon,2834,2565,2,-2,B81,"Sicilian Defense: Scheveningen Variation, Keres Attack",11,Abik02,white,Byakagon,2834,2565,win,1.0
sJjhMgam,2026-01-30T22:26:36.372000+00:00,180+0,standard,blitz,True,resign,white,97,Abik02,BocchoiBoi,2831,2690,3,-4,B76,"Sicilian Defense: Dragon Variation, Yugoslav Attack, Modern Line",17,Abik02,white,BocchoiBoi,2831,2690,win,1.0
JJJBxAAV,2026-01-29T21:59:16.293000+00:00,180+0,standard,blitz,True,resign,white,75,Valerii1122334455,Abik02,2693,2838,8,-7,D07,"Queen's Gambit Declined: Chigorin Defense, Lazard Gambit",6,Abik02,black,Valerii1122334455,2838,2693,loss,0.0
eoIEXfgO,2026-01-29T21:53:15.840000+00:00,180+0,standard,blitz,True,resign,white,89,Abik02,Valerii1122334455,2835,2696,3,-3,B45,"Sicilian Defense: Four Knights Variation, Exchange Variation",11,Abik02,white,Valerii1122334455,2835,2696,win,1.0
92f2N8NB,2026-01-29T21:48:45.828000+00:00,180+0,standard,blitz,True,resign,black,80,Valerii1122334455,Abik02,2700,2831,-4,4,A13,English Opening: Neo-Catalan,6,Abik02,black,Valerii1122334455,2831,2700,win,1.0
pS7oI4vH,2026-01-28T23:21:16.227000+00:00,180+0,standard,blitz,True,resign,black,74,Abik02,winx_m,2836,2921,-5,4,B56,Sicilian Defense: Classical Variation,10,Abik02,white,winx_m,2836,2921,loss,0.0
xcboJ7rj,2026-01-28T23:15:29.862000+00:00,180+0,standard,blitz,True,resign,black,74,winx_m,Abik02,2928,2828,-7,8,D02,Queen's Pawn Game: Chigorin Variation,4,Abik02,black,winx_m,2828,2928,win,1.0
TSD91tJE,2026-01-28T22:15:10.194000+00:00,180+0,standard,blitz,True,resign,white,79,wuzhaobing,Abik02,2716,2836,8,-8,C40,Elephant Gambit,4,Abik02,black,wuzhaobing,2836,2716,loss,0.0
aFrSG4US,2026-01-28T22:09:17.420000+00:00,180+0,standard,blitz,True,resign,black,90,TimAina1,Abik02,2806,2830,-8,6,C24,Bishop's Opening: Berlin Defense,4,Abik02,black,TimAina1,2830,2806,win,1.0
eafclYqc,2026-01-28T22:01:13.783000+00:00,180+0,standard,blitz,True,outoftime,white,91,Abik02,FBINC,2826,2738,4,-5,B91,"Sicilian Defense: Najdorf Variation, Zagreb Variation",11,Abik02,white,FBINC,2826,2738,win,1.0
TwNqAMG9,2026-01-28T21:55:12.923000+00:00,180+0,standard,blitz,True,resign,white,93,Abik02,pashpash,2823,2634,3,-3,B76,"Sicilian Defense: Dragon Variation, Yugoslav Attack, Modern Line",17,Abik02,white,pashpash,2823,2634,win,1.0
m9ELjtmT,2026-01-28T20:40:33.499000+00:00,180+0,standard,blitz,True,resign,black,70,Byakagon,Abik02,2593,2821,-2,2,C40,Elephant Gambit,4,Abik02,black,Byakagon,2821,2593,win,1.0
LDFWQeLi,2026-01-28T14:49:14.350000+00:00,180+0,standard,blitz,True,resign,black,96,ZhohoFF,Abik02,2629,2817,-3,4,C40,Elephant Gambit,4,Abik02,black,ZhohoFF,2817,2629,win,1.0
HAS3iRqW,2026-01-28T13:56:15.597000+00:00,180+0,standard,blitz,True,draw,,124,Abik02,Italiangangster,2819,2715,-2,2,B91,"Sicilian Defense: Najdorf Variation, Zagreb Variation",11,Abik02,white,Italiangangster,2819,2715,draw,0.5
WCCxdKHc,2026-01-28T13:49:36.607000+00:00,180+0,standard,blitz,True,resign,white,111,Abik02,Artem9630,2817,2613,2,-3,B91,"Sicilian Defense: Najdorf Variation, Zagreb Variation",11,Abik02,white,Artem9630,2817,2613,win,1.0
eOKOV90P,2026-01-28T10:21:51.279000+00:00,180+0,standard,blitz,True,resign,white,51,Bardiya___Daneshvar,Abik02,2813,2822,12,-5,A09,"Réti Opening: Advance Variation, Michel Gambit",6,Abik02,black,Bardiya___Daneshvar,2822,2813,loss,0.0
b4eHwLzU,2026-01-28T10:16:13.180000+00:00,180+0,standard,blitz,True,mate,black,92,Abik02,Bardiya___Daneshvar,2829,2799,-7,14,C03,"French Defense: Tarrasch Variation, Morozevich Variation",6,Abik02,white,Bardiya___Daneshvar,2829,2799,loss,0.0
NQNwPCPN,2026-01-27T22:49:08.586000+00:00,180+0,standard,blitz,True,resign,black,48,Abik02,wuzhaobing,2836,2706,-7,8,B76,"Sicilian Defense: Dragon Variation, Yugoslav Attack, Modern Line",17,Abik02,white,wuzhaobing,2836,2706,loss,0.0
3LEPRKfg,2026-01-27T22:42:41.120000+00:00,180+0,standard,blitz,True,outoftime,white,155,wuzhaobing,Abik02,2698,2844,8,-8,C40,Elephant Gambit,4,Abik02,black,wuzhaobing,2844,2698,loss,0.0
19dFxx5e,2026-01-27T22:34:13.978000+00:00,180+0,standard,blitz,True,resign,white,57,Abik02,Burma555,2842,2561,2,-2,B06,Modern Defense: Standard Line,5,Abik02,white,Burma555,2842,2561,win,1.0
2n8QoHkK,2026-01-27T22:27:54.176000+00:00,180+0,standard,blitz,True,outoftime,black,96,JackHenry,Abik02,2628,2840,-3,2,A13,"English Opening: Agincourt Defense, Bogoljubow Defense",8,Abik02,black,JackHenry,2840,2628,win,1.0
XE379eAY,2026-01-27T21:57:01.426000+00:00,180+0,standard,blitz,True,resign,black,42,Abik02,kill_mms,2849,2598,-9,9,C07,"French Defense: Tarrasch Variation, Eliskases Variation",12,Abik02,white,kill_mms,2849,2598,loss,0.0
P3wzCxff,2026-01-26T15:41:41.448000+00:00,600+0,standard,rapid,True,mate,black,186,fiancheeter,chessmount,2649,2667,-5,11,A14,"English Opening: Agincourt Defense, Neo-Catalan Declined",14,chessmount,black,fiancheeter,2667,2649,win,1.0
hMedbBYa,2026-01-26T13:54:26.683000+00:00,600+0,standard,rapid,True,resign,white,59,BalalaykaRussian,chessmount,2439,2699,10,-19,B95,Sicilian Defense: Najdorf Variation,12,chessmount,black,BalalaykaRussian,2699,2439,loss,0.0
8YIoyeWX,2026-01-26T13:07:26.819000+00:00,600+0,standard,rapid,True,draw,,122,chessmount,Na_Ferrari,2706,2478,-7,11,E11,Bogo-Indian Defense: Retreat Variation,15,chessmount,white,Na_Ferrari,2706,2478,draw,0.5
Q4qGopMU,2026-01-25T13:15:10.876000+00:00,600+0,standard,rapid,True,outoftime,black,64,PeterBolwerk,chessmount,2494,2700,-3,6,B90,Sicilian Defense: Najdorf Variation,10,chessmount,black,PeterBolwerk,2700,2494,win,1.0
XTL1fPGz,2026-01-10T12:01:09.843000+00:00,180+0,standard,blitz,True,stalemate,,130,Shallapinioo,chessmount,2432,2473,0,-1,B23,Sicilian Defense: Grand Prix Attack,5,chessmount,black,Shallapinioo,2473,2432,draw,0.5
4myrxiOB,2026-01-10T11:54:41.273000+00:00,180+0,standard,blitz,True,resign,white,39,Fabsid,chessmount,2713,2485,2,-3,D02,Queen's Pawn Game: Symmetrical Variation,4,chessmount,black,Fabsid,2485,2713,loss,0.0
nxakrV37,2026-01-10T11:49:00.418000+00:00,180+0,standard,blitz,True,resign,black,97,chessmount,Fabsid,2489,2710,-4,3,E05,"Catalan Opening: Open Defense, Classical Line",12,chessmount,white,Fabsid,2489,2710,loss,0.0
bP2FFTy2,2026-01-10T10:29:23.798000+00:00,600+0,standard,rapid,True,outoftime,white,91,JJPlayz,chessmount,2500,2717,9,-17,B95,Sicilian Defense: Najdorf Variation,12,chessmount,black,JJPlayz,2717,2500,loss,0.0
MjZnIfTQ,2026-01-09T12:27:03.114000+00:00,180+2,standard,blitz,True,outoftime,black,58,TargetPractice22,chessmount,2637,2494,-10,12,E53,"Nimzo-Indian Defense: Normal Variation, Gligoric System, Keres Variation",14,chessmount,black,TargetPractice22,2494,2637,win,1.0
jR025eRx,2026-01-09T12:12:53.671000+00:00,180+2,standard,blitz,True,resign,white,97,chessmount,KairovKBR,2483,2565,11,-6,A60,Benoni Defense: Modern Variation,6,chessmount,white,KairovKBR,2483,2565,win,1.0
HfNtNg2M,2026-01-09T12:02:08.752000+00:00,180+2,standard,blitz,True,resign,black,88,EM1211,chessmount,2437,2474,-5,9,D38,"Queen's Gambit Declined: Ragozin Defense, Alekhine Variation",9,chessmount,black,EM1211,2474,2437,win,1.0
XlsxWOUQ,2025-12-12T14:51:44.014000+00:00,180+2,standard,blitz,True,resign,black,60,chessmount,Chozen01,2505,2554,-5,5,A13,"English Opening: Agincourt Defense, Bogoljubow Defense",8,chessmount,white,Chozen01,2505,2554,loss,0.0
2WhK6aMy,2025-12-12T06:51:34.738000+00:00,180+2,standard,blitz,True,resign,white,47,chest_master_Josh,chessmount,2630,2505,7,-4,E06,Catalan Opening: Closed,9,chessmount,black,chest_master_Josh,2505,2630,loss,0.0
7pWwu7YD,2025-12-12T06:18:31.003000+00:00,180+2,standard,blitz,True,resign,black,86,ruthless_Axael,chessmount,2478,2499,-5,6,E27,Nimzo-Indian Defense: Sämisch Variation,10,chessmount,black,ruthless_Axael,2499,2478,win,1.0
HIfgxb0j,2025-12-12T05:58:28.032000+00:00,180+2,standard,blitz,True,resign,white,51,Iprotiv,chessmount,2518,2517,6,-5,E05,"Catalan Opening: Open Defense, Classical Line",12,chessmount,black,Iprotiv,2517,2518,loss,0.0
z6rO1VR8,2025-12-11T15:27:48.905000+00:00,180+2,standard,blitz,True,resign,black,42,LevGutman,chessmount,2479,2506,-6,5,E05,"Catalan Opening: Open Defense, Classical Line",12,chessmount,black,LevGutman,2506,2479,win,1.0
kpcLq1fs,2025-12-11T15:21:00.978000+00:00,180+2,standard,blitz,True,resign,black,50,chessmount,LevGutman,2512,2472,-6,7,D78,"Neo-Grünfeld Defense: Classical Variation, Original Defense",12,chessmount,white,LevGutman,2512,2472,loss,0.0
3ERHvOxL,2025-12-10T10:46:08.169000+00:00,180+2,standard,blitz,True,resign,black,120,chessmount,RaffaelloSanti,2507,2715,-3,3,A50,Slav Indian,4,chessmount,white,RaffaelloSanti,2507,2715,loss,0.0
C5JsgCpS,2025-12-10T10:38:02.504000+00:00,180+2,standard,blitz,True,resign,white,63,RaffaelloSanti,chessmount,2713,2510,2,-3,D03,Queen's Pawn Game: Torre Attack,5,chessmount,black,RaffaelloSanti,2510,2713,loss,0.0
5w207z9V,2025-12-10T10:13:24.193000+00:00,600+0,standard,rapid,True,outoftime,white,149,chessmount,unluckyyyyy,2713,2525,4,-6,E70,King's Indian Defense: Normal Variation,7,chessmount,white,unluckyyyyy,2713,2525,win,1.0
VI05fZnH,2025-12-01T06:03:26.926000+00:00,180+2,standard,blitz,True,outoftime,black,74,BonnieLiX,chessmount,2566,2487,-18,7,A45,Trompowsky Attack,3,chessmount,black,BonnieLiX,2487,2566,win,1.0
2fX0wXi8,2025-11-30T10:20:00.325000+00:00,180+0,standard,blitz,True,resign,white,75,chessmount,Chesspattern_on_IG,2475,2494,6,-6,A05,King's Indian Attack: Symmetrical Defense,4,chessmount,white,Chesspattern_on_IG,2475,2494,win,1.0
93UofWyS,2025-11-30T09:19:25.525000+00:00,600+0,standard,rapid,True,resign,black,94,Londonmainer,chessmount,2597,2709,-8,4,D02,Queen's Pawn Game: London System,5,chessmount,black,Londonmainer,2709,2597,win,1.0
YIZ5sfME,2025-11-30T09:03:05.674000+00:00,180+0,standard,blitz,True,resign,black,44,chessmount,easyn1,2485,2477,-6,6,A58,Benko Gambit Accepted: Fully Accepted Variation,9,chessmount,white,easyn1,2485,2477,loss,0.0
J38sf4DN,2025-11-30T08:53:04.681000+00:00,180+0,standard,blitz,True,resign,black,58,chessmount,MyArenaAcc,2491,2507,-6,5,A57,Benko Gambit,6,chessmount,white,MyArenaAcc,2491,2507,loss,0.0
4CFPLbOg,2025-11-29T10:49:16.765000+00:00,180+0,standard,blitz,True,outoftime,black,214,LittlePawnFriends,chessmount,2467,2480,-6,6,A45,Trompowsky Attack,3,chessmount,black,LittlePawnFriends,2480,2467,win,1.0
u5aXbvwp,2025-11-28T15:13:25.697000+00:00,180+0,standard,blitz,True,resign,white,86,titan00013,chessmount,2619,2491,3,-4,B90,"Sicilian Defense: Najdorf Variation, English Attack",11,chessmount,black,titan00013,2491,2619,loss,0.0
vG3ukmin,2025-11-28T12:45:47.075000+00:00,180+2,standard,blitz,True,resign,white,85,chessmount,MisterQ60,2491,2473,5,-6,E71,King's Indian Defense: Makogonov Variation,9,chessmount,white,MisterQ60,2491,2473,win,1.0
Cp0JckPw,2025-11-27T13:08:22.918000+00:00,600+0,standard,rapid,True,draw,,87,chessmount,darkness_24,2711,2373,-4,31,E18,"Queen's Indian Defense: Classical Variation, Traditional Variation",13,chessmount,white,darkness_24,2711,2373,draw,0.5
547vDi1b,2025-11-27T12:51:19.860000+00:00,600+0,standard,rapid,True,mate,black,70,hamidebh001,chessmount,2690,2705,-16,6,E20,Nimzo-Indian Defense: Kmoch Variation,7,chessmount,black,hamidebh001,2705,2690,win,1.0
IAjfFpT5,2026-02-01T20:25:37.418000+00:00,180+0,standard,blitz,True,resign,black,82,SaraciNderim,Ss1c37,2811,2825,-6,5,A00,Anderssen's Opening,1,SaraciNderim,white,Ss1c37,2811,2825,loss,0.0
7ycjRZ1x,2026-02-01T20:19:56.968000+00:00,180+0,standard,blitz,True,resign,black,72,Burma555,SaraciNderim,2563,2809,-2,2,A01,Nimzo-Larsen Attack,1,SaraciNderim,black,Burma555,2809,2563,win,1.0
Ubfj4UWu,2026-02-01T20:17:01.189000+00:00,180+0,standard,blitz,True,resign,black,48,Ellery1729,SaraciNderim,2568,2806,-3,3,B00,Carr Defense,2,SaraciNderim,black,Ellery1729,2806,2568,win,1.0
tmR36qmt,2026-01-31T13:32:01.120000+00:00,180+0,standard,blitz,True,mate,white,117,SaraciNderim,specteryamasaki,2803,2666,3,-4,C40,Latvian Gambit,4,SaraciNderim,white,specteryamasaki,2803,2666,win,1.0
KLyygbmh,2026-01-31T13:25:34.007000+00:00,180+0,standard,blitz,True,outoftime,black,142,specteryamasaki,SaraciNderim,2669,2799,-3,4,B20,Sicilian Defense,2,SaraciNderim,black,specteryamasaki,2799,2669,win,1.0
l4YYsPDx,2026-01-31T13:20:14.710000+00:00,180+0,standard,blitz,True,resign,white,75,SaraciNderim,specteryamasaki,2795,2673,4,-4,C50,Italian Game,5,SaraciNderim,white,specteryamasaki,2795,2673,win,1.0
THccAezu,2026-01-31T13:18:18.698000+00:00,180+0,standard,blitz,True,resign,black,32,specteryamasaki,SaraciNderim,2677,2791,-4,4,B10,Caro-Kann Defense,4,SaraciNderim,black,specteryamasaki,2791,2677,win,1.0
ocwwf19Z,2026-01-31T13:12:51.715000+00:00,180+0,standard,blitz,True,resign,white,99,SaraciNderim,specteryamasaki,2787,2681,4,-4,C50,Italian Game,5,SaraciNderim,white,specteryamasaki,2787,2681,win,1.0
wyQ076Gu,2026-01-31T13:09:07.124000+00:00,180+0,standard,blitz,True,resign,white,73,specteryamasaki,SaraciNderim,2673,2795,8,-8,B30,Sicilian Defense: Old Sicilian,4,SaraciNderim,black,specteryamasaki,2795,2673,loss,0.0
QhI28tlM,2026-01-31T13:07:30.366000+00:00,180+0,standard,blitz,True,mate,white,35,SaraciNderim,Respectful_Dave,2792,2599,3,-3,A01,Nimzo-Larsen Attack,1,SaraciNderim,white,Respectful_Dave,2792,2599,win,1.0
Pbdix3VE,2026-01-31T13:02:07.129000+00:00,180+0,standard,blitz,True,resign,black,78,Do_Not_Care,SaraciNderim,2686,2788,-4,4,D02,Queen's Pawn Game: Zukertort Variation,3,SaraciNderim,black,Do_Not_Care,2788,2686,win,1.0
7wZpQm8A,2026-01-31T12:53:31.515000+00:00,180+0,standard,blitz,True,resign,black,62,SaraciNderim,specteryamasaki,2796,2665,-8,8,C50,Italian Game,5,SaraciNderim,white,specteryamasaki,2796,2665,loss,0.0
RYJQH54n,2026-01-31T12:47:10.213000+00:00,180+0,standard,blitz,True,mate,white,79,vistagusta,SaraciNderim,2765,2802,6,-6,D10,Slav Defense: Exchange Variation,5,SaraciNderim,black,vistagusta,2802,2765,loss,0.0
H8CZBsy3,2026-01-30T11:57:11.853000+00:00,180+0,standard,blitz,True,resign,black,94,SaraciNderim,Andrey11976,2808,2803,-6,6,B10,Caro-Kann Defense: Breyer Variation,3,SaraciNderim,white,Andrey11976,2808,2803,loss,0.0
gwTHG5Nb,2026-01-28T21:17:29.129000+00:00,180+0,standard,blitz,True,outoftime,black,144,liczner,SaraciNderim,2808,2802,-6,6,B19,"Caro-Kann Defense: Classical Variation, Lobron System",24,SaraciNderim,black,liczner,2802,2808,win,1.0
0ThIlQHP,2026-01-26T22:36:59.913000+00:00,180+0,standard,blitz,True,resign,black,58,GABUZYAN_CHESSMOOD,SaraciNderim,2714,2797,-5,5,C25,"Vienna Gambit, with Max Lange Defense: Knight Variation",7,SaraciNderim,black,GABUZYAN_CHESSMOOD,2797,2714,win,1.0
LQZmmrze,2026-01-26T22:32:03.021000+00:00,180+0,standard,blitz,True,resign,white,81,SaraciNderim,GABUZYAN_CHESSMOOD,2793,2720,4,-6,A01,Nimzo-Larsen Attack: English Variation,2,SaraciNderim,white,GABUZYAN_CHESSMOOD,2793,2720,win,1.0
q53ipsBK,2026-01-26T22:19:52.283000+00:00,180+0,standard,blitz,True,resign,black,156,SaraciNderim,ManofCourage,2801,2642,-8,9,A01,Nimzo-Larsen Attack: Symmetrical Variation,2,SaraciNderim,white,ManofCourage,2801,2642,loss,0.0
fXoBrJlU,2026-01-26T18:25:48.639000+00:00,180+0,standard,blitz,True,draw,,127,TigerSiberian,SaraciNderim,2845,2800,0,1,C47,Four Knights Game: Glek System,7,SaraciNderim,black,TigerSiberian,2800,2845,draw,0.5
lXke0WjX,2026-01-26T18:19:51.825000+00:00,180+0,standard,blitz,True,resign,black,76,SublimeWarrior,SaraciNderim,2815,2794,-6,6,E04,Catalan Opening: Open Defense,10,SaraciNderim,black,SublimeWarrior,2794,2815,win,1.0
nGmC1gbN,2026-01-26T18:13:20.269000+00:00,180+0,standard,blitz,True,resign,black,100,SaraciNderim,AttackSparrow,2802,2630,-8,9,A01,Nimzo-Larsen Attack: Modern Variation,5,SaraciNderim,white,AttackSparrow,2802,2630,loss,0.0
2sufbJI7,2026-01-26T18:06:27.658000+00:00,180+0,standard,blitz,True,resign,black,112,great_nezhmetdinov2,SaraciNderim,2622,2799,-4,3,B22,Sicilian Defense: Alapin Variation,3,SaraciNderim,black,great_nezhmetdinov2,2799,2622,win,1.0
splZXG5i,2026-01-26T18:01:14.635000+00:00,180+0,standard,blitz,True,resign,white,59,SaraciNderim,Ex-retired,2796,2606,3,-3,A01,Nimzo-Larsen Attack: Classical Variation,2,SaraciNderim,white,Ex-retired,2796,2606,win,1.0
drZ6Y4rE,2026-01-26T17:53:27.881000+00:00,180+0,standard,blitz,True,draw,,91,Tayip99,SaraciNderim,2564,2800,3,-4,A05,King's Indian Attack: Spassky Variation,4,SaraciNderim,black,Tayip99,2800,2564,draw,0.5
JXEniByZ,2026-01-26T17:49:35.722000+00:00,180+0,standard,blitz,True,resign,white,69,SaraciNderim,manneredmonkey,2797,2627,3,-3,B07,Pirc Defense: Bayonet Attack,9,SaraciNderim,white,manneredmonkey,2797,2627,win,1.0
ubWC2xzS,2026-01-26T17:43:02.758000+00:00,180+0,standard,blitz,True,resign,black,146,drdrunckenstein,SaraciNderim,2691,2792,-4,5,A00,Hungarian Opening: Symmetrical Variation,2,SaraciNderim,black,drdrunckenstein,2792,2691,win,1.0
hS0HiYPv,2026-01-26T17:38:25.064000+00:00,180+0,standard,blitz,True,resign,black,86,SaraciNderim,ErikSantarius,2800,2695,-8,18,C00,French Defense: King's Indian Attack,3,SaraciNderim,white,ErikSantarius,2800,2695,loss,0.0
lMyOlNHY,2026-01-26T17:30:22.274000+00:00,180+0,standard,blitz,True,resign,white,109,london_2021,SaraciNderim,2757,2806,7,-6,C23,Bishop's Opening,3,SaraciNderim,black,london_2021,2806,2757,loss,0.0
Aw9YGivO,2026-01-25T19:40:53.903000+00:00,180+0,standard,blitz,True,resign,white,69,SaraciNderim,Konkurs_prognozov,2804,2582,2,-2,C41,Philidor Defense: Lion Variation,8,SaraciNderim,white,Konkurs_prognozov,2804,2582,win,1.0
wyEpYCZw,2026-01-25T19:34:57.313000+00:00,180+0,standard,blitz,True,resign,black,130,Konkurs_prognozov,SaraciNderim,2585,2801,-3,3,D02,Queen's Pawn Game: Zukertort Variation,3,SaraciNderim,black,Konkurs_prognozov,2801,2585,win,1.0
jSKMzCaQ,2026-01-30T23:31:30.244000+00:00,180+0,standard,blitz,True,outoftime,black,136,Valentun_Hulka,GraysonRorrer,2748,2794,-5,6,C11,"French Defense: Steinitz Variation, Boleslavsky Variation",13,GraysonRorrer,black,Valentun_Hulka,2794,2748,win,1.0
uxPF7LCJ,2026-01-28T00:14:39.902000+00:00,180+0,standard,blitz,True,mate,black,96,Nargilaa,GraysonRorrer,2848,2786,-26,8,A07,King's Indian Attack: Double Fianchetto,4,GraysonRorrer,black,Nargilaa,2786,2848,win,1.0
VxEL0XTC,2026-01-28T00:07:11.017000+00:00,180+0,standard,blitz,True,outoftime,white,105,GraysonRorrer,DimaPanzershrekovic,2782,2697,4,-5,D30,Queen's Gambit Declined,4,GraysonRorrer,white,DimaPanzershrekovic,2782,2697,win,1.0
IhlgTvoD,2026-01-28T00:04:28.066000+00:00,180+0,standard,blitz,True,resign,white,25,GraysonRorrer,paintingmoves,2778,2623,4,-3,B07,Pirc Defense,6,GraysonRorrer,white,paintingmoves,2778,2623,win,1.0
srHKn7xU,2026-01-27T23:57:55.644000+00:00,180+0,standard,blitz,True,outoftime,black,136,iCe_eNerGyTeaM,GraysonRorrer,2581,2775,-3,3,A46,Torre Attack: Classical Defense,5,GraysonRorrer,black,iCe_eNerGyTeaM,2775,2581,win,1.0
VdrwcREK,2026-01-27T23:51:08.911000+00:00,180+0,standard,blitz,True,outoftime,black,148,GraysonRorrer,HomaBiorKro,2782,2766,-7,6,C79,"Ruy Lopez: Morphy Defense, Steinitz Deferred",10,GraysonRorrer,white,HomaBiorKro,2782,2766,loss,0.0
Gz3kd65t,2026-01-27T23:44:29.750000+00:00,180+0,standard,blitz,True,outoftime,black,72,Burma555,GraysonRorrer,2549,2779,-3,3,A01,Nimzo-Larsen Attack: Symmetrical Variation,2,GraysonRorrer,black,Burma555,2779,2549,win,1.0
3uCkPp7u,2026-01-27T01:00:00.835000+00:00,180+0,standard,blitz,True,resign,white,85,GraysonRorrer,winx_m,2770,2892,9,-8,A56,Benoni Defense: Czech Benoni Defense,6,GraysonRorrer,white,winx_m,2770,2892,win,1.0
gy19z6Ce,2026-01-27T00:54:13.476000+00:00,180+0,standard,blitz,True,resign,black,90,RealCopyOfCopy,GraysonRorrer,2604,2766,-3,4,C11,"French Defense: Steinitz Variation, Boleslavsky Variation",13,GraysonRorrer,black,RealCopyOfCopy,2766,2604,win,1.0
9BWSkuKk,2026-01-27T00:48:09.694000+00:00,180+0,standard,blitz,True,resign,black,104,Ratatal,GraysonRorrer,2545,2763,-3,3,C11,"French Defense: Steinitz Variation, Boleslavsky Variation",13,GraysonRorrer,black,Ratatal,2763,2545,win,1.0
KQX5zG0d,2026-01-27T00:41:38.594000+00:00,180+0,standard,blitz,True,outoftime,white,111,GraysonRorrer,Zock,2759,2603,4,-3,B07,Modern Defense: Geller's System,7,GraysonRorrer,white,Zock,2759,2603,win,1.0
MzbI7OD9,2026-01-27T00:37:50.607000+00:00,180+0,standard,blitz,True,resign,black,72,Blu-Jay123,GraysonRorrer,2596,2754,-4,5,A40,Horwitz Defense,2,GraysonRorrer,black,Blu-Jay123,2754,2596,win,1.0
0MmA8PAJ,2026-01-27T00:32:40.929000+00:00,180+0,standard,blitz,True,outoftime,black,94,GraysonRorrer,IgorVershinin2009,2762,2741,-8,6,C77,"Ruy Lopez: Morphy Defense, Anderssen Variation",9,GraysonRorrer,white,IgorVershinin2009,2762,2741,loss,0.0
geMzGNqI,2026-01-27T00:26:24.187000+00:00,180+0,standard,blitz,True,resign,black,114,GraysonRorrer,el_cavernicola,2770,2755,-8,6,E00,Catalan Opening,5,GraysonRorrer,white,el_cavernicola,2770,2755,loss,0.0
zgG12wHB,2026-01-27T00:19:47.502000+00:00,180+0,standard,blitz,True,outoftime,white,125,el_cavernicola,GraysonRorrer,2749,2778,6,-8,C11,"French Defense: Classical Variation, Shirov-Anand Variation",9,GraysonRorrer,black,el_cavernicola,2778,2749,loss,0.0
LBZComsh,2026-01-27T00:13:15.080000+00:00,180+0,standard,blitz,True,outoftime,white,113,GraysonRorrer,el_cavernicola,2771,2754,7,-5,B90,"Sicilian Defense: Najdorf Variation, Lipnitsky Attack",11,GraysonRorrer,white,el_cavernicola,2771,2754,win,1.0
nB92WbIt,2026-01-26T00:09:15.738000+00:00,180+0,standard,blitz,True,resign,black,110,JelenaZ,GraysonRorrer,2628,2766,-4,5,C01,French Defense: Exchange Variation,5,GraysonRorrer,black,JelenaZ,2766,2628,win,1.0
0LONba6X,2026-01-26T00:04:03.337000+00:00,180+0,standard,blitz,True,resign,white,79,GraysonRorrer,JelenaZ,2761,2631,5,-3,A53,Old Indian Defense: Janowski Variation,6,GraysonRorrer,white,JelenaZ,2761,2631,win,1.0
46XKnDLd,2026-01-25T23:56:55.593000+00:00,180+0,standard,blitz,True,outoftime,black,158,Aphelios00,GraysonRorrer,2664,2755,-4,6,C11,"French Defense: Classical Variation, Burn Variation",8,GraysonRorrer,black,Aphelios00,2755,2664,win,1.0
t97CDfnR,2026-01-25T23:50:12.735000+00:00,180+0,standard,blitz,True,outoftime,white,129,GraysonRorrer,Aphelios00,2748,2668,7,-4,A50,Queen's Indian Accelerated,4,GraysonRorrer,white,Aphelios00,2748,2668,win,1.0
OaQP0pyZ,2026-01-25T23:43:51.832000+00:00,180+0,standard,blitz,True,outoftime,black,116,Aphelios00,GraysonRorrer,2673,2741,-5,7,A13,English Opening: Agincourt Defense,4,GraysonRorrer,black,Aphelios00,2741,2673,win,1.0
v2ZH8KJA,2026-01-25T23:38:36.063000+00:00,180+0,standard,blitz,True,resign,white,69,GraysonRorrer,Aphelios00,2734,2678,7,-5,B27,Sicilian Defense: Hyperaccelerated Dragon,4,GraysonRorrer,white,Aphelios00,2734,2678,win,1.0
9Id6cdYJ,2026-01-25T23:33:09.279000+00:00,180+0,standard,blitz,True,resign,black,66,GraysonRorrer,Janjan123,2748,2554,-14,9,B90,"Sicilian Defense: Najdorf Variation, Lipnitsky Attack",11,GraysonRorrer,white,Janjan123,2748,2554,loss,0.0
OQpVyoWQ,2026-01-23T01:23:33.931000+00:00,180+0,standard,blitz,True,draw,,90,Anatoliy1983,GraysonRorrer,2841,2745,-1,3,A46,Indian Defense: London System,5,GraysonRorrer,black,Anatoliy1983,2745,2841,draw,0.5
rWWjqexi,2026-01-23T01:18:10.031000+00:00,180+0,standard,blitz,True,draw,,109,GraysonRorrer,Anatoliy1983,2743,2843,2,-2,A01,Nimzo-Larsen Attack,1,GraysonRorrer,white,Anatoliy1983,2743,2843,draw,0.5
igo4HwSV,2026-01-23T01:12:18.456000+00:00,180+0,standard,blitz,True,draw,,106,Anatoliy1983,GraysonRorrer,2844,2740,-1,3,D00,"Queen's Pawn Game: Accelerated London System, Steinitz Countergambit",4,GraysonRorrer,black,Anatoliy1983,2740,2844,draw,0.5
WfGrv48A,2026-01-23T01:06:44.565000+00:00,180+0,standard,blitz,True,draw,,82,GraysonRorrer,Anatoliy1983,2738,2846,2,-2,A01,Nimzo-Larsen Attack,1,GraysonRorrer,white,Anatoliy1983,2738,2846,draw,0.5
hVAIeEEN,2026-01-23T01:01:16.504000+00:00,180+0,standard,blitz,True,resign,white,98,Anatoliy1983,GraysonRorrer,2842,2744,4,-6,A46,Indian Defense: London System,5,GraysonRorrer,black,Anatoliy1983,2744,2842,loss,0.0
aDnActxq,2026-01-23T00:56:00.337000+00:00,180+0,standard,blitz,True,draw,,79,GraysonRorrer,Anatoliy1983,2742,2843,2,-1,A00,Hungarian Opening: Symmetrical Variation,2,GraysonRorrer,white,Anatoliy1983,2742,2843,draw,0.5
yLONML2a,2026-01-23T00:52:04.225000+00:00,180+0,standard,blitz,True,resign,white,59,Anatoliy1983,GraysonRorrer,2839,2749,4,-7,A46,Indian Defense: London System,5,GraysonRorrer,black,Anatoliy1983,2749,2839,loss,0.0
IF2NLGWo,2026-01-31T21:59:12.966000+00:00,60+0,standard,bullet,True,outoftime,black,168,yyoochess,DIANOCHKA_LOVE11,3273,3138,-8,8,B15,Caro-Kann Defense: Tartakower Variation,10,DIANOCHKA_LOVE11,black,yyoochess,3138,3273,win,1.0
NDEY0NoL,2026-01-31T21:57:34.414000+00:00,60+0,standard,bullet,True,resign,black,68,DIANOCHKA_LOVE11,Night-King96,3142,3260,-4,5,A41,Queen's Pawn Game,2,DIANOCHKA_LOVE11,white,Night-King96,3142,3260,loss,0.0
T4WKgdSo,2026-01-31T21:56:11.822000+00:00,60+0,standard,bullet,True,mate,black,76,caching,DIANOCHKA_LOVE11,3092,3137,-5,5,A00,Barnes Opening,1,DIANOCHKA_LOVE11,black,caching,3137,3092,win,1.0
TJ3wJvUe,2026-01-31T21:54:11.091000+00:00,60+0,standard,bullet,True,draw,,102,DIANOCHKA_LOVE11,wizard98,3138,3105,-1,1,A43,Benoni Defense: Old Benoni,2,DIANOCHKA_LOVE11,white,wizard98,3138,3105,draw,0.5
4aYURpe0,2026-01-31T21:51:49.035000+00:00,60+0,standard,bullet,True,outoftime,,188,specteryamasaki,DIANOCHKA_LOVE11,2957,3141,2,-3,A01,Nimzo-Larsen Attack: Classical Variation,2,DIANOCHKA_LOVE11,black,specteryamasaki,3141,2957,draw,0.5
SMZH5Bde,2026-01-31T21:50:53.472000+00:00,60+0,standard,bullet,True,resign,white,53,DIANOCHKA_LOVE11,evilhamburger,3137,2981,4,-3,A45,Trompowsky Attack,3,DIANOCHKA_LOVE11,white,evilhamburger,3137,2981,win,1.0
jvrbg3PG,2026-01-31T21:49:18.775000+00:00,60+0,standard,bullet,True,resign,white,69,DIANOCHKA_LOVE11,Night-King96,3130,3260,7,-7,A45,Trompowsky Attack,3,DIANOCHKA_LOVE11,white,Night-King96,3130,3260,win,1.0
SpjHwGlA,2026-01-31T21:48:39.600000+00:00,60+0,standard,bullet,True,resign,black,40,chess-art-us,DIANOCHKA_LOVE11,3274,3122,-8,8,A07,King's Indian Attack: Keres Variation,4,DIANOCHKA_LOVE11,black,chess-art-us,3122,3274,win,1.0
oBfd0hnl,2026-01-31T21:45:44.302000+00:00,60+0,standard,bullet,True,outoftime,white,181,wizard98,DIANOCHKA_LOVE11,3110,3127,6,-5,B15,Caro-Kann Defense: Main Line,7,DIANOCHKA_LOVE11,black,wizard98,3127,3110,loss,0.0
cfUn6u10,2026-01-31T21:44:31.513000+00:00,60+0,standard,bullet,True,resign,white,63,DIANOCHKA_LOVE11,AngelitoRT,3120,3244,7,-7,A40,Kangaroo Defense,4,DIANOCHKA_LOVE11,white,AngelitoRT,3120,3244,win,1.0
XVhxRojV,2026-01-31T21:43:33.847000+00:00,60+0,standard,bullet,True,resign,black,46,SamTakoj,DIANOCHKA_LOVE11,3048,3115,-5,5,B10,Caro-Kann Defense,2,DIANOCHKA_LOVE11,black,SamTakoj,3115,3048,win,1.0
TGFgVhG6,2026-01-31T21:41:38.495000+00:00,60+0,standard,bullet,True,resign,white,101,DIANOCHKA_LOVE11,OhanyanEminChess,3108,3173,7,-6,D00,Queen's Pawn Game: Levitsky Attack,3,DIANOCHKA_LOVE11,white,OhanyanEminChess,3108,3173,win,1.0
ysNIZcIu,2026-01-31T21:40:01.644000+00:00,60+0,standard,bullet,True,resign,white,55,Ediz_Gurel,DIANOCHKA_LOVE11,3339,3111,3,-3,B10,Caro-Kann Defense: Two Knights Attack,5,DIANOCHKA_LOVE11,black,Ediz_Gurel,3111,3339,loss,0.0
8OGO0crN,2026-01-31T21:38:43.377000+00:00,60+0,standard,bullet,True,mate,white,135,DIANOCHKA_LOVE11,RakitinD,3107,2975,4,-4,A45,Trompowsky Attack: Classical Defense,4,DIANOCHKA_LOVE11,white,RakitinD,3107,2975,win,1.0
q6ntAdwn,2026-01-31T21:37:22.878000+00:00,60+0,standard,bullet,True,resign,white,45,tamojerry,DIANOCHKA_LOVE11,3129,3112,5,-5,B12,"Caro-Kann Defense: Advance Variation, Van der Wiel Attack",7,DIANOCHKA_LOVE11,black,tamojerry,3112,3129,loss,0.0
PBDbDTG6,2026-01-31T21:36:41.530000+00:00,60+0,standard,bullet,True,resign,white,36,DIANOCHKA_LOVE11,RakitinD,3109,2984,3,-3,A41,Queen's Pawn Game,2,DIANOCHKA_LOVE11,white,RakitinD,3109,2984,win,1.0
hBSyh8JE,2026-01-31T21:34:29.389000+00:00,60+0,standard,bullet,True,outoftime,black,164,OhanyanEminChess,DIANOCHKA_LOVE11,3187,3101,-7,8,D02,Queen's Pawn Game: Anti-Torre,4,DIANOCHKA_LOVE11,black,OhanyanEminChess,3101,3187,win,1.0
yRviTcjY,2026-01-31T21:32:48.414000+00:00,60+0,standard,bullet,True,outoftime,white,77,DIANOCHKA_LOVE11,junglebook1,3092,3323,9,-9,A40,Queen's Pawn Game: Modern Defense,2,DIANOCHKA_LOVE11,white,junglebook1,3092,3323,win,1.0
aelp5DZ3,2026-01-31T21:30:01.572000+00:00,60+0,standard,bullet,True,outoftime,black,204,AngelitoRT,DIANOCHKA_LOVE11,3248,3084,-8,8,D02,Queen's Pawn Game: Anti-Torre,4,DIANOCHKA_LOVE11,black,AngelitoRT,3084,3248,win,1.0
Jb7mhZug,2026-01-31T21:28:10.732000+00:00,60+0,standard,bullet,True,resign,black,86,DrMelekess,DIANOCHKA_LOVE11,3023,3079,-5,5,D04,Queen's Pawn Game: Colle System,5,DIANOCHKA_LOVE11,black,DrMelekess,3079,3023,win,1.0
hwHMbOFA,2026-01-31T21:25:40.009000+00:00,60+0,standard,bullet,True,mate,white,151,DIANOCHKA_LOVE11,AngelitoRT,3071,3255,8,-8,A46,Torre Attack: Classical Defense,5,DIANOCHKA_LOVE11,white,AngelitoRT,3071,3255,win,1.0
nXktkDKY,2026-01-31T21:24:07.037000+00:00,60+0,standard,bullet,True,resign,white,101,DIANOCHKA_LOVE11,chess-art-us,3062,3285,9,-9,A45,Trompowsky Attack,3,DIANOCHKA_LOVE11,white,chess-art-us,3062,3285,win,1.0
HfO2w6XH,2026-01-31T21:18:47.239000+00:00,60+0,standard,bullet,True,outoftime,black,134,chess-art-us,DIANOCHKA_LOVE11,3295,3044,-9,9,A04,Zukertort Opening: Kingside Fianchetto,2,DIANOCHKA_LOVE11,black,chess-art-us,3044,3295,win,1.0
vAEoq2J5,2026-01-31T21:10:12.432000+00:00,60+0,standard,bullet,True,outoftime,black,128,Night-King96,DIANOCHKA_LOVE11,3267,3016,-10,10,A40,Queen's Pawn Game,1,DIANOCHKA_LOVE11,black,Night-King96,3016,3267,win,1.0
LZ65oIeA,2026-01-31T21:03:58.739000+00:00,60+0,standard,bullet,True,resign,black,104,DrMelekess,DIANOCHKA_LOVE11,3044,3011,-7,7,D12,"Slav Defense: Quiet Variation, Schallopp Defense",10,DIANOCHKA_LOVE11,black,DrMelekess,3011,3044,win,1.0
LkVKExX9,2026-01-31T21:02:59.040000+00:00,60+0,standard,bullet,True,mate,black,64,DIANOCHKA_LOVE11,gepard2014,3021,2747,-10,10,A00,Saragossa Opening,1,DIANOCHKA_LOVE11,white,gepard2014,3021,2747,loss,0.0
ZcMzeWJT,2026-01-31T21:01:26.323000+00:00,60+0,standard,bullet,True,outoftime,black,144,DIANOCHKA_LOVE11,Andrey11976,3025,3122,-4,5,D00,Queen's Pawn Game: Levitsky Attack,3,DIANOCHKA_LOVE11,white,Andrey11976,3025,3122,loss,0.0
3WjgyUdI,2026-01-31T20:58:18.553000+00:00,60+0,standard,bullet,True,resign,black,70,DIANOCHKA_LOVE11,AngelitoRT,3022,3218,-3,3,A40,Horwitz Defense,2,DIANOCHKA_LOVE11,white,AngelitoRT,3022,3218,loss,0.0
fxdvV1zO,2026-01-31T20:38:43.885000+00:00,60+0,standard,bullet,True,outoftime,white,135,DIANOCHKA_LOVE11,junglebook1,2998,3360,10,-10,A45,Trompowsky Attack,3,DIANOCHKA_LOVE11,white,junglebook1,2998,3360,win,1.0
pQKs63iQ,2026-01-31T20:25:01.457000+00:00,60+0,standard,bullet,True,outoftime,white,155,DIANOCHKA_LOVE11,yyoochess,2961,3235,9,-23,A40,Queen's Pawn Game: Modern Defense,2,DIANOCHKA_LOVE11,white,yyoochess,2961,3235,win,1.0
3y82PtQE,2026-01-29T07:18:44.201000+00:00,600+5,standard,rapid,True,resign,white,73,matv3hoda14,mpk93,2298,2378,11,-11,B52,"Sicilian Defense: Moscow Variation, Sokolsky Variation",9,matv3hoda14,white,mpk93,2298,2378,win,1.0
bwOw4Ntl,2026-01-28T17:05:45.880000+00:00,600+5,standard,rapid,True,mate,black,74,Pouya_11289,matv3hoda14,2285,2288,-9,10,D00,Queen's Pawn Game: Accelerated London System,3,matv3hoda14,black,Pouya_11289,2288,2285,win,1.0
kkO77vmc,2026-01-27T19:59:19.223000+00:00,600+5,standard,rapid,True,resign,black,86,Monzza,matv3hoda14,2436,2274,-37,14,C67,"Ruy Lopez: Berlin Defense, Rio Gambit Accepted",8,matv3hoda14,black,Monzza,2274,2436,win,1.0
PFQLMPMc,2026-01-26T19:53:07.034000+00:00,600+5,standard,rapid,True,mate,black,72,BarmyWinner7912,matv3hoda14,2234,2278,-12,9,C32,"King's Gambit Declined: Falkbeer Countergambit, Charousek Gambit Accepted",9,matv3hoda14,black,BarmyWinner7912,2278,2234,win,1.0
ruaXaSlD,2026-01-25T12:06:27.937000+00:00,600+5,standard,rapid,True,resign,white,60,matv3hoda14,GrandDisaster,2270,2220,8,-4,B07,"Lion Defense: Anti-Philidor, Lion's Cave",8,matv3hoda14,white,GrandDisaster,2270,2220,win,1.0
4kS6iylE,2026-01-25T11:55:03.921000+00:00,600+5,standard,rapid,True,resign,white,50,igorkuznetsov10,matv3hoda14,2326,2278,5,-8,D18,"Slav Defense: Czech Variation, Classical System",11,matv3hoda14,black,igorkuznetsov10,2278,2326,loss,0.0
NOh5z0ma,2026-01-24T17:12:18.769000+00:00,600+5,standard,rapid,True,resign,white,63,matv3hoda14,mnianskurtadkar,2266,2348,12,-21,B30,Sicilian Defense: Nyezhmetdinov-Rossolimo Attack,5,matv3hoda14,white,mnianskurtadkar,2266,2348,win,1.0
26ssdNQc,2026-01-24T16:51:19.678000+00:00,600+5,standard,rapid,True,resign,white,51,matv3hoda14,Mirek666996,2258,2155,8,-4,B02,Alekhine Defense: Brooklyn Variation,4,matv3hoda14,white,Mirek666996,2258,2155,win,1.0
ix1dwq3X,2026-01-23T17:54:47.256000+00:00,1200+10,standard,classical,True,resign,white,49,matv3hoda14,Shyamananda28,2322,1912,2,-1,B40,Sicilian Defense: French Variation,4,matv3hoda14,white,Shyamananda28,2322,1912,win,1.0
WHiIhaEZ,2026-01-23T17:32:53.278000+00:00,1200+10,standard,classical,True,resign,black,44,robinfields84,matv3hoda14,1909,2314,-3,2,C45,Scotch Game: Blumenfeld Attack,11,matv3hoda14,black,robinfields84,2314,1909,win,1.0
n7HTx5Sp,2026-01-23T17:28:13.568000+00:00,1200+10,standard,classical,True,resign,black,54,MishaVar_2015,matv3hoda14,1151,2314,0,0,C01,French Defense: Exchange Variation,7,matv3hoda14,black,MishaVar_2015,2314,1151,win,1.0
EsbitdsF,2026-01-23T17:00:54.413000+00:00,1200+10,standard,classical,True,mate,white,129,matv3hoda14,grossmeyster19,2308,2155,6,-6,B13,Caro-Kann Defense: Exchange Variation,5,matv3hoda14,white,grossmeyster19,2308,2155,win,1.0
S4kbadXI,2026-01-23T09:35:23.651000+00:00,600+5,standard,rapid,True,resign,black,66,Junoraii,matv3hoda14,2408,2242,-9,16,A11,"Réti Opening: Anglo-Slav Variation, with g3",8,matv3hoda14,black,Junoraii,2242,2408,win,1.0
9lxjKlly,2026-01-22T16:53:39.677000+00:00,180+2,standard,blitz,True,mate,black,68,gescat,matv3hoda14,1884,1945,-5,11,C26,"Bishop's Opening: Vienna Hybrid, Spielmann Attack",7,matv3hoda14,black,gescat,1945,1884,win,1.0
5MVVzhQO,2026-01-22T08:28:59.800000+00:00,600+5,standard,rapid,True,resign,white,73,matv3hoda14,Jujoma111,2228,2324,14,-8,B27,Sicilian Defense: Hyperaccelerated Fianchetto,5,matv3hoda14,white,Jujoma111,2228,2324,win,1.0
zhCp9F1k,2026-01-22T07:58:12.130000+00:00,600+5,standard,rapid,True,resign,white,77,matv3hoda14,IanClayton,2215,2259,13,-6,C45,Scotch Game: Mieses Variation,11,matv3hoda14,white,IanClayton,2215,2259,win,1.0
ERlXmG0g,2026-01-21T16:46:29.036000+00:00,600+5,standard,rapid,True,resign,white,47,matv3hoda14,borchuck547,2203,2237,12,-21,C14,"French Defense: Classical Variation, Steinitz Variation",13,matv3hoda14,white,borchuck547,2203,2237,win,1.0
chWo4jV1,2026-01-21T09:36:42.031000+00:00,600+5,standard,rapid,True,timeout,black,68,Majedov,matv3hoda14,2182,2190,-6,13,D10,Slav Defense,4,matv3hoda14,black,Majedov,2190,2182,win,1.0
y8VkG8I5,2026-01-19T09:37:37.456000+00:00,600+5,standard,rapid,True,mate,black,82,hesham13579,matv3hoda14,2188,2177,-6,13,C54,"Italian Game: Classical Variation, Giuoco Pianissimo",11,matv3hoda14,black,hesham13579,2177,2188,win,1.0
83HtdJDy,2026-01-17T15:51:29.951000+00:00,180+1,atomic,blitz,True,resign,black,34,SWAPNAMVIMAL,matv3hoda14,1657,1363,-10,13,,,,matv3hoda14,black,SWAPNAMVIMAL,1363,1657,win,1.0
l3YpndkL,2026-01-17T15:41:53.064000+00:00,180+2,atomic,blitz,True,resign,white,31,matv3hoda14,Sekai001,1344,1462,9,-62,,,,matv3hoda14,white,Sekai001,1344,1462,win,1.0
ehIAqoQF,2026-01-17T15:01:08.502000+00:00,300+30,standard,classical,True,resign,black,64,RumusJulli,matv3hoda14,2383,2294,-7,14,A11,English Opening: Caro-Kann Defensive System,2,matv3hoda14,black,RumusJulli,2294,2383,win,1.0
b1TOSSEC,2026-01-16T19:08:19.649000+00:00,1200+10,standard,classical,True,resign,black,78,aguar,matv3hoda14,1989,2290,-12,4,D02,Queen's Pawn Game: London System,5,matv3hoda14,black,aguar,2290,1989,win,1.0
6Forx5mH,2026-01-16T18:40:30.742000+00:00,1200+10,standard,classical,True,resign,white,39,matv3hoda14,knightrunner,2287,1956,3,-1,C41,Philidor Defense: Philidor Countergambit,6,matv3hoda14,white,knightrunner,2287,1956,win,1.0
05JaHeAG,2026-01-16T18:30:44.009000+00:00,1200+10,standard,classical,True,resign,black,46,JMTM57,matv3hoda14,1592,2287,0,0,C45,Scotch Game: Classical Variation,8,matv3hoda14,black,JMTM57,2287,1592,win,1.0
QIw4Br8c,2026-01-16T18:10:38.300000+00:00,1200+10,standard,classical,True,mate,white,45,matv3hoda14,Ali001122,2287,1511,0,-3,C44,Scotch Game,5,matv3hoda14,white,Ali001122,2287,1511,win,1.0
gB93hCHz,2026-01-15T08:30:21.787000+00:00,600+5,standard,rapid,True,resign,black,32,lundag,matv3hoda14,2108,2166,-5,11,C65,Ruy Lopez: Berlin Defense,6,matv3hoda14,black,lundag,2166,2108,win,1.0
fp7jHUWw,2026-01-14T19:44:35.737000+00:00,180+3,atomic,blitz,True,variantEnd,white,53,matv3hoda14,KingZephiel,1309,1374,9,-71,,,,matv3hoda14,white,KingZephiel,1309,1374,win,1.0
TzlJl8sK,2026-01-14T19:27:32.006000+00:00,600+5,standard,rapid,True,mate,white,23,Unemati77,matv3hoda14,2075,2182,8,-16,C25,"Vienna Game: Stanley Variation, Meitner-Mieses Gambit",9,matv3hoda14,black,Unemati77,2182,2075,loss,0.0
0nU59SQ6,2026-01-13T18:15:14.632000+00:00,1800+20,standard,classical,True,mate,black,142,matv3hoda14,Ak47_l,2293,2445,-6,13,C16,"French Defense: Winawer Variation, Advance Variation",7,matv3hoda14,white,Ak47_l,2293,2445,loss,0.0
xm9eKWhr,2026-01-26T12:30:02.244000+00:00,180+0,standard,blitz,True,outoftime,white,125,CSB7,wuzhaobing,2788,2711,7,-4,A61,Benoni Defense,12,CSB7,white,wuzhaobing,2788,2711,win,1.0
eKr07gir,2026-01-26T12:24:05.077000+00:00,180+0,standard,blitz,True,outoftime,black,98,wuzhaobing,CSB7,2716,2780,-5,8,C43,"Petrov's Defense: Modern Attack, Center Attack",9,CSB7,black,wuzhaobing,2780,2716,win,1.0
7CIgeoJZ,2026-01-26T12:17:42.822000+00:00,180+0,standard,blitz,True,outoftime,black,146,CSB7,wuzhaobing,2792,2709,-12,7,A61,Benoni Defense,12,CSB7,white,wuzhaobing,2792,2709,loss,0.0
fGRHSIS6,2026-01-26T12:11:56.743000+00:00,180+0,standard,blitz,True,resign,black,109,wuzhaobing,CSB7,2713,2784,-4,8,B51,Sicilian Defense: Moscow Variation,5,CSB7,black,wuzhaobing,2784,2713,win,1.0
o78X02Lw,2026-01-26T12:08:14.763000+00:00,180+0,standard,blitz,True,resign,black,50,CSB7,wuzhaobing,2797,2706,-13,7,A61,Benoni Defense,12,CSB7,white,wuzhaobing,2797,2706,loss,0.0
kGxYZLij,2026-01-26T12:02:37.129000+00:00,180+0,standard,blitz,True,draw,,93,wuzhaobing,CSB7,2705,2799,1,-2,C45,Scotch Game: Mieses Variation,11,CSB7,black,wuzhaobing,2799,2705,draw,0.5
eoGXw9Bg,2026-01-26T11:56:54.585000+00:00,180+0,standard,blitz,True,resign,white,81,CSB7,wuzhaobing,2791,2709,8,-4,A77,"Benoni Defense: Classical Variation, Czerniak Defense, Tal Line",19,CSB7,white,wuzhaobing,2791,2709,win,1.0
jYDMvSFk,2026-01-26T11:50:45.931000+00:00,180+0,standard,blitz,True,outoftime,black,92,wuzhaobing,CSB7,2714,2782,-5,9,A05,King's Indian Attack,4,CSB7,black,wuzhaobing,2782,2714,win,1.0
7OegSXAp,2026-01-23T11:48:23.821000+00:00,180+0,standard,blitz,True,outoftime,black,122,Pastukhov_Nicolay,CSB7,2581,2776,-3,6,D13,Slav Defense: Exchange Variation,8,CSB7,black,Pastukhov_Nicolay,2776,2581,win,1.0
UPSwAB75,2026-01-23T11:44:57.869000+00:00,180+0,standard,blitz,True,resign,white,41,CSB7,Pastukhov_Nicolay,2771,2584,5,-3,D15,Slav Defense: Chebanenko Variation,8,CSB7,white,Pastukhov_Nicolay,2771,2584,win,1.0
eIfvPBf6,2026-01-23T11:41:47.634000+00:00,180+0,standard,blitz,True,draw,,68,Pastukhov_Nicolay,CSB7,2581,2776,3,-5,E32,Nimzo-Indian Defense: Classical Variation,7,CSB7,black,Pastukhov_Nicolay,2776,2581,draw,0.5
kJT7DFng,2026-01-23T11:38:01.644000+00:00,180+0,standard,blitz,True,resign,white,53,CSB7,Pastukhov_Nicolay,2770,2584,6,-3,D15,Slav Defense: Chebanenko Variation,8,CSB7,white,Pastukhov_Nicolay,2770,2584,win,1.0
wxLw9v69,2026-01-23T11:31:46.981000+00:00,180+0,standard,blitz,True,outoftime,black,160,Pastukhov_Nicolay,CSB7,2587,2763,-3,7,D35,Queen's Gambit Declined: Exchange Variation,7,CSB7,black,Pastukhov_Nicolay,2763,2587,win,1.0
7OJH4FIt,2026-01-18T19:06:16.989000+00:00,0+1,standard,bullet,True,mate,white,67,Kmenbert,CSB7,2525,2882,10,-46,D35,Queen's Gambit Declined: Normal Defense,6,CSB7,black,Kmenbert,2882,2525,loss,0.0
YIAnSBiR,2026-01-18T19:04:08.796000+00:00,0+1,standard,bullet,True,resign,black,64,Kmenbert,CSB7,2528,2868,-2,8,D10,Slav Defense,6,CSB7,black,Kmenbert,2868,2528,win,1.0
Zc9aoJQO,2026-01-18T19:01:18.475000+00:00,0+1,standard,bullet,True,mate,black,70,CSB7,Kmenbert,2909,2521,-57,10,E18,"Queen's Indian Defense: Classical Variation, Traditional Variation, Nimzowitsch Line",14,CSB7,white,Kmenbert,2909,2521,loss,0.0
2EJ6g1ru,2026-01-18T18:56:19.753000+00:00,180+0,standard,blitz,True,resign,white,41,CSB7,jsprr,2758,2530,5,-2,E04,Catalan Opening: Open Defense,9,CSB7,white,jsprr,2758,2530,win,1.0
WpLfi0Ll,2026-01-17T21:04:07.241000+00:00,180+0,standard,blitz,True,resign,white,123,CSB7,gepard2014,2751,2584,7,-3,D26,"Queen's Gambit Accepted: Classical Defense, Steinitz Variation, Exchange Variation",12,CSB7,white,gepard2014,2751,2584,win,1.0
JXZiYBSr,2026-01-17T20:58:35.651000+00:00,180+0,standard,blitz,True,resign,black,96,novik70,CSB7,2510,2746,-2,5,C54,"Italian Game: Classical Variation, Giuoco Pianissimo",12,CSB7,black,novik70,2746,2510,win,1.0
MEEZIzxM,2026-01-17T20:56:15.660000+00:00,180+0,standard,blitz,True,resign,black,30,lagartodeleyende,CSB7,2540,2739,-3,7,D47,"Semi-Slav Defense: Meran Variation, Wade Variation",16,CSB7,black,lagartodeleyende,2739,2540,win,1.0
ZW7qbrCc,2026-01-17T20:51:10.597000+00:00,180+0,standard,blitz,True,resign,white,93,CSB7,Dregon_Defon,2736,2358,3,-1,B00,Nimzowitsch Defense: Declined Variation,3,CSB7,white,Dregon_Defon,2736,2358,win,1.0
lMd0VrJB,2026-01-17T20:47:31.862000+00:00,180+0,standard,blitz,True,resign,white,37,CSB7,PablosEscobar,2733,2407,3,-2,B32,Sicilian Defense: Löwenthal Variation,8,CSB7,white,PablosEscobar,2733,2407,win,1.0
81NHogyf,2026-01-17T20:43:51.004000+00:00,180+0,standard,blitz,True,resign,black,42,Shivananda1964,CSB7,2379,2729,-2,4,B30,Sicilian Defense: Old Sicilian,4,CSB7,black,Shivananda1964,2729,2379,win,1.0
eKl1okVA,2026-01-17T20:40:58.460000+00:00,180+0,standard,blitz,True,resign,white,59,CSB7,No_Enemy_MasterOfsh,2726,2381,3,-3,B41,"Sicilian Defense: Kan Variation, Maróczy Bind, Réti Variation",9,CSB7,white,No_Enemy_MasterOfsh,2726,2381,win,1.0
HNu1bYS5,2026-01-17T20:34:27.699000+00:00,180+0,standard,blitz,True,stalemate,,218,Hanbutaev_2012,CSB7,2461,2735,5,-9,A50,Indian Defense: Normal Variation,3,CSB7,black,Hanbutaev_2012,2735,2461,draw,0.5
Zka1X3kw,2026-01-17T20:29:12.282000+00:00,180+0,standard,blitz,True,outoftime,white,135,chesscode93,CSB7,2391,2761,10,-26,A00,Kádas Opening,1,CSB7,black,chesscode93,2761,2391,loss,0.0
w7KyBgaT,2026-01-17T20:23:06.715000+00:00,180+0,standard,blitz,True,resign,black,86,GuadalupeBesso,CSB7,2102,2761,0,0,A45,Indian Defense,2,CSB7,black,GuadalupeBesso,2761,2102,win,1.0
RVfYBa9i,2026-01-17T20:18:03.331000+00:00,180+0,standard,blitz,True,outoftime,white,133,CSB7,Maksym_537,2753,2566,8,-4,C54,"Italian Game: Classical Variation, Giuoco Pianissimo",10,CSB7,white,Maksym_537,2753,2566,win,1.0
w3H5NaDk,2026-01-17T20:13:07.183000+00:00,180+0,standard,blitz,True,resign,white,59,CSB7,alekhinnemanaba,2749,2422,4,-1,E11,Bogo-Indian Defense: Nimzowitsch Variation,8,CSB7,white,alekhinnemanaba,2749,2422,win,1.0
m1vaTZZU,2025-12-26T10:18:18.921000+00:00,180+0,standard,blitz,True,resign,black,66,ice2breaker,CSB7,2657,2737,-5,12,A50,Queen's Indian Accelerated,4,CSB7,black,ice2breaker,2737,2657,win,1.0
UV3G7dXh,2026-01-30T04:28:39.494000+00:00,360+6,standard,rapid,True,resign,white,71,nmiq,KamYi93,2544,2361,8,-2,C15,"French Defense: Winawer Variation, Delayed Exchange Variation",7,nmiq,white,KamYi93,2544,2361,win,1.0
8wV3voXk,2026-01-30T04:09:21.371000+00:00,600+0,standard,rapid,True,resign,black,56,Limp2020,nmiq,2418,2532,-4,12,A48,East Indian Defense,4,nmiq,black,Limp2020,2532,2418,win,1.0
Z0nzhcfo,2026-01-24T16:51:22.030000+00:00,180+0,standard,blitz,True,draw,,94,nmiq,damithk,2414,2452,1,-1,B06,Modern Defense: Standard Line,5,nmiq,white,damithk,2414,2452,draw,0.5
rDoXFo5F,2026-01-19T01:43:41.109000+00:00,180+0,standard,blitz,True,outoftime,white,87,playablecharacter,nmiq,2484,2420,15,-6,A05,Zukertort Opening: Nimzo-Larsen Variation,3,nmiq,black,playablecharacter,2420,2484,loss,0.0
0CtIRBl7,2025-12-17T23:43:10.970000+00:00,180+0,standard,blitz,True,timeout,black,26,nmiq,mattmachtmatt,2427,2296,-8,8,C00,French Defense: Baeuerle Gambit,4,nmiq,white,mattmachtmatt,2427,2296,loss,0.0
NNfyBVVR,2025-12-14T02:26:30.382000+00:00,60+0,standard,bullet,True,mate,black,124,nmiq,FrankRibbery,2549,2477,-7,42,B12,"Caro-Kann Defense: Advance Variation, Botvinnik-Carls Defense",6,nmiq,white,FrankRibbery,2549,2477,loss,0.0
dhPBS5BC,2025-12-14T01:10:51.381000+00:00,180+0,standard,blitz,True,outoftime,black,152,oehyeung,nmiq,2418,2425,-13,6,B40,Sicilian Defense: French Variation,4,nmiq,black,oehyeung,2425,2418,win,1.0
1ZsW4gSS,2025-12-09T15:49:00.766000+00:00,60+0,standard,bullet,True,resign,white,91,nmiq,extazy_uzb_01,2544,2474,5,-4,B12,Caro-Kann Defense: Advance Variation,5,nmiq,white,extazy_uzb_01,2544,2474,win,1.0
YCwJkIav,2025-12-01T01:45:58.590000+00:00,600+0,standard,rapid,True,outoftime,black,130,nmiq,DiamondChampion,2551,2383,-19,13,B47,"Sicilian Defense: Taimanov Variation, Bastrikov Variation",10,nmiq,white,DiamondChampion,2551,2383,loss,0.0
ZU3gfdQH,2025-11-29T21:07:37.237000+00:00,180+0,standard,blitz,True,resign,white,57,nmiq,KonanderBarbar,2420,2394,6,-5,B90,"Sicilian Defense: Najdorf Variation, English Attack",11,nmiq,white,KonanderBarbar,2420,2394,win,1.0
E8qCaBCR,2025-11-29T04:50:43.057000+00:00,60+0,standard,bullet,True,outoftime,white,99,khaled_senna,nmiq,2513,2582,6,-7,A05,King's Indian Attack: Symmetrical Defense,4,nmiq,black,khaled_senna,2582,2513,loss,0.0
5edKnyeJ,2025-11-26T03:40:30.436000+00:00,180+2,standard,blitz,True,resign,black,44,Gold_dust_games,nmiq,2267,2423,-4,3,C43,"Petrov's Defense: Modern Attack, Center Variation",7,nmiq,black,Gold_dust_games,2423,2267,win,1.0
uZzPoJ0u,2025-11-26T03:31:43.540000+00:00,180+2,standard,blitz,True,outoftime,black,58,nmiq,arno111,2428,2478,-5,5,B30,Sicilian Defense: Nyezhmetdinov-Rossolimo Attack,5,nmiq,white,arno111,2428,2478,loss,0.0
hG5YPBXZ,2025-11-26T03:20:44.396000+00:00,180+2,standard,blitz,True,resign,black,122,nmiq,Yuteno,2436,2279,-8,17,B31,"Sicilian Defense: Nyezhmetdinov-Rossolimo Attack, Fianchetto Variation",6,nmiq,white,Yuteno,2436,2279,loss,0.0
eI9hwhkZ,2025-11-25T04:49:57.080000+00:00,180+0,standard,blitz,True,mate,black,46,tylerket,nmiq,2328,2444,-4,4,C42,Petrov's Defense: Damiano Variation,6,nmiq,black,tylerket,2444,2328,win,1.0
Q20dS6FL,2025-11-25T04:44:22.137000+00:00,180+0,standard,blitz,True,resign,white,85,nmiq,BRAINGOSLING,2439,2425,5,-19,C48,Four Knights Game: Spanish Variation,7,nmiq,white,BRAINGOSLING,2439,2425,win,1.0
h9zC1ZbR,2025-11-25T04:38:14.049000+00:00,180+0,standard,blitz,True,outoftime,black,78,ErgRaider,nmiq,2475,2432,-7,7,D90,Grünfeld Defense: Three Knights Variation,8,nmiq,black,ErgRaider,2432,2475,win,1.0
o7tx1FsL,2025-11-25T02:48:53.991000+00:00,180+0,standard,blitz,True,outoftime,white,83,Ibra12345678,nmiq,2347,2445,7,-7,D93,"Grünfeld Defense: Three Knights Variation, Hungarian Variation",11,nmiq,black,Ibra12345678,2445,2347,loss,0.0
j8mNUYW6,2025-11-25T01:23:38.590000+00:00,180+0,standard,blitz,True,outoftime,black,66,nmiq,rarestfrozen,2445,2428,-6,16,C15,"French Defense: Winawer Variation, Delayed Exchange Variation",7,nmiq,white,rarestfrozen,2445,2428,loss,0.0
42tHNrz5,2025-11-22T03:52:04.452000+00:00,60+0,standard,bullet,True,outoftime,black,102,Mozartus,nmiq,2613,2568,-7,7,D77,Neo-Grünfeld Defense: Classical Variation,11,nmiq,black,Mozartus,2568,2613,win,1.0
jNFZePw9,2025-11-20T03:26:19.809000+00:00,480+0,standard,rapid,True,resign,black,94,nmiq,BlueJayBro,2567,2594,-12,14,B30,Sicilian Defense: Nyezhmetdinov-Rossolimo Attack,5,nmiq,white,BlueJayBro,2567,2594,loss,0.0
LGMy6CHi,2025-11-19T22:35:17.656000+00:00,600+0,standard,rapid,True,mate,white,145,nmiq,GojoSensei345,2561,2366,6,-2,C48,"Four Knights Game: Spanish Variation, Ranken Variation",9,nmiq,white,GojoSensei345,2561,2366,win,1.0
bOSfbgB8,2025-11-19T05:11:55.232000+00:00,600+0,standard,rapid,True,resign,black,84,Shustrick,nmiq,2524,2547,-8,14,C27,Vienna Game: Frankenstein-Dracula Variation,6,nmiq,black,Shustrick,2547,2524,win,1.0
7ZbIlvhR,2025-11-19T04:53:05.375000+00:00,600+0,standard,rapid,True,resign,white,67,nmiq,Shustrick,2533,2533,14,-9,B30,Sicilian Defense: Nyezhmetdinov-Rossolimo Attack,5,nmiq,white,Shustrick,2533,2533,win,1.0
Bhj3ZVjV,2025-11-19T03:52:24.940000+00:00,600+0,standard,rapid,True,mate,white,45,nmiq,NewGarryKasparov,2520,2492,13,-15,B72,Sicilian Defense: Dragon Variation,11,nmiq,white,NewGarryKasparov,2520,2492,win,1.0
aw6Vup3I,2025-11-19T03:27:47.809000+00:00,600+0,standard,rapid,True,resign,black,64,Trubnik,nmiq,2418,2499,-5,13,C29,"Vienna Game: Vienna Gambit, Modern Variation",9,nmiq,black,Trubnik,2499,2418,win,1.0
qjJpOkd4,2025-11-15T08:17:02.536000+00:00,180+0,standard,blitz,True,resign,white,61,Sonics1962,nmiq,2413,2451,6,-6,A04,Zukertort Opening: Kingside Fianchetto,2,nmiq,black,Sonics1962,2451,2413,loss,0.0
u9G8UnT8,2025-11-12T06:59:04.896000+00:00,180+0,standard,blitz,True,resign,black,44,AdowbongManacc,nmiq,2440,2431,-6,5,C42,"Petrov's Defense: Damiano Variation, Kholmov Gambit",8,nmiq,black,AdowbongManacc,2431,2440,win,1.0
ZM9Ns4X2,2025-11-10T08:05:23.994000+00:00,60+0,standard,bullet,True,mate,black,42,nmiq,Agentbishop,2637,2639,-6,6,D10,Slav Defense,6,nmiq,white,Agentbishop,2637,2639,loss,0.0
lJq0hDD3,2025-11-08T16:51:25.250000+00:00,180+0,standard,blitz,True,outoftime,black,70,nmiq,Baluk,2451,2403,-7,7,B76,"Sicilian Defense: Dragon Variation, Yugoslav Attack, Modern Line",17,nmiq,white,Baluk,2451,2403,loss,0.0
GThjZoK5,2026-01-30T15:50:39.071000+00:00,60+0,crazyhouse,bullet,True,mate,black,50,Salomon_V,Ezengwori,2208,2155,-11,7,B07,Pirc Defense: Kholmov System,7,Salomon_V,white,Ezengwori,2208,2155,loss,0.0
A1S6XT8O,2026-01-22T16:15:43.748000+00:00,900+15,standard,classical,True,resign,black,44,Salomon_V,xzxm,2316,2095,-19,18,C54,"Italian Game: Classical Variation, Giuoco Pianissimo, with a6",10,Salomon_V,white,xzxm,2316,2095,loss,0.0
NdGSm81g,2026-01-22T15:58:47.920000+00:00,180+0,standard,blitz,True,resign,white,53,Salomon_V,artmaxgen,2324,2269,6,-5,B01,Scandinavian Defense: Valencian Variation,6,Salomon_V,white,artmaxgen,2324,2269,win,1.0
MmIUn3ku,2026-01-22T15:53:03.612000+00:00,180+0,standard,blitz,True,draw,,66,Salomon_V,waste_a_moment,2325,2310,-1,0,B00,Pirc Defense,2,Salomon_V,white,waste_a_moment,2325,2310,draw,0.5
cWZ9Wpm3,2026-01-22T15:42:56.526000+00:00,180+0,standard,blitz,True,resign,black,132,DmitryCherepov,Salomon_V,2333,2316,-6,9,A28,"English Opening: King's English Variation, Four Knights Variation, Flexible Line",7,Salomon_V,black,DmitryCherepov,2316,2333,win,1.0
sL4Xd8HS,2026-01-21T17:04:40.858000+00:00,180+0,crazyhouse,blitz,True,mate,white,71,Orxan_Hasanov,Salomon_V,2061,2222,8,-11,C00,French Defense: Mediterranean Defense,4,Salomon_V,black,Orxan_Hasanov,2222,2061,loss,0.0
0k60gVZM,2026-01-21T01:32:49.421000+00:00,180+0,standard,blitz,True,outoftime,white,139,Rin_po_chess_5,Salomon_V,2324,2324,6,-8,A45,Indian Defense,2,Salomon_V,black,Rin_po_chess_5,2324,2324,loss,0.0
NrqhTZvo,2026-01-20T16:10:17.929000+00:00,180+0,standard,blitz,True,resign,black,52,Salomon_V,Dannielito,2329,2490,-5,3,B15,Caro-Kann Defense: Main Line,7,Salomon_V,white,Dannielito,2329,2490,loss,0.0
SniVaQtD,2026-01-20T15:49:52.356000+00:00,1500+10,standard,classical,True,resign,white,59,Salomon_V,MithreshD,2313,1969,3,-1,C53,"Italian Game: Classical Variation, La Bourdonnais Variation",12,Salomon_V,white,MithreshD,2313,1969,win,1.0
MZ1iHEjL,2026-01-19T21:25:11.557000+00:00,1500+0,standard,classical,True,resign,white,35,trening33,Salomon_V,2277,2327,18,-14,A45,Indian Defense: Accelerated London System,3,Salomon_V,black,trening33,2327,2277,loss,0.0
tqAOPfzG,2026-01-19T21:18:14.230000+00:00,180+0,standard,blitz,True,resign,black,46,Salomon_V,dimon-piston,2339,2231,-10,8,B01,Scandinavian Defense: Marshall Variation,6,Salomon_V,white,dimon-piston,2339,2231,loss,0.0
hJjtDsee,2026-01-19T21:12:16.370000+00:00,180+2,crazyhouse,blitz,True,resign,white,37,bvanvliet9,Salomon_V,2250,2228,5,-6,B00,Nimzowitsch Defense: Franco-Nimzowitsch Variation,4,Salomon_V,black,bvanvliet9,2228,2250,loss,0.0
ALpmFq7H,2026-01-19T16:47:42.991000+00:00,180+2,crazyhouse,blitz,True,resign,black,64,Salomon_V,gsvc,2218,2820,-1,1,C47,Four Knights Game: Italian Variation,7,Salomon_V,white,gsvc,2218,2820,loss,0.0
kaxX9xBQ,2026-01-18T20:24:56.861000+00:00,180+0,standard,blitz,True,resign,black,28,Salomon_V,Fidgi0910,2344,2486,-5,4,B47,"Sicilian Defense: Taimanov Variation, Bastrikov Variation",10,Salomon_V,white,Fidgi0910,2344,2486,loss,0.0
2PUMM1OL,2026-01-18T20:21:26.511000+00:00,180+0,standard,blitz,True,resign,white,67,Fidgi0910,Salomon_V,2483,2349,3,-5,E93,"King's Indian Defense: Petrosian Variation, Normal Defense",14,Salomon_V,black,Fidgi0910,2349,2483,loss,0.0
TDpajDaT,2026-01-18T20:19:43.022000+00:00,15+0,standard,ultraBullet,True,outoftime,white,71,emptymoon,Salomon_V,1759,2022,9,-16,A00,Mieses Opening,1,Salomon_V,black,emptymoon,2022,1759,loss,0.0
WqJt7eQq,2026-01-18T20:18:23.725000+00:00,15+0,standard,ultraBullet,True,mate,white,59,emptymoon,Salomon_V,1752,2036,9,-18,A00,Mieses Opening,1,Salomon_V,black,emptymoon,2036,1752,loss,0.0
mRHgqkNO,2026-01-16T17:53:06.763000+00:00,60+0,chess960,bullet,True,outoftime,black,76,Sultai,Salomon_V,2602,2283,-10,12,,,,Salomon_V,black,Sultai,2283,2602,win,1.0
9mzeP5Pk,2026-01-16T17:14:17.398000+00:00,1200+10,standard,classical,True,resign,black,56,Ey3inthesky,Salomon_V,2038,2322,-3,5,C59,"Italian Game: Two Knights Defense, Polerio Defense, Suhle Defense",16,Salomon_V,black,Ey3inthesky,2322,2038,win,1.0
3CDCNGpK,2026-01-02T15:00:55.296000+00:00,900+15,standard,classical,True,resign,black,110,Salomon_V,RumusJulli,2332,2357,-10,10,C07,"French Defense: Tarrasch Variation, Open System, Euwe-Keres Line",7,Salomon_V,white,RumusJulli,2332,2357,loss,0.0
OaPF9r0r,2025-12-30T05:05:19.998000+00:00,1500+10,standard,classical,True,resign,white,139,Dude128,Salomon_V,2129,2348,8,-16,E60,King's Indian Defense: Fianchetto Variation,7,Salomon_V,black,Dude128,2348,2129,loss,0.0
WceX21PT,2025-12-28T22:51:48.179000+00:00,300+3,standard,blitz,True,resign,black,76,Salomon_V,Taktychenko,2365,2315,-6,7,E20,Nimzo-Indian Defense: Kmoch Variation,7,Salomon_V,white,Taktychenko,2365,2315,loss,0.0
dGKNUQ23,2025-12-28T22:22:40.923000+00:00,300+3,standard,blitz,True,resign,black,94,j_coca,Salomon_V,2209,2360,-4,4,C20,King's Pawn Game: King's Head Opening,5,Salomon_V,black,j_coca,2360,2209,win,1.0
yUef5Boh,2025-12-28T20:07:41.157000+00:00,300+3,standard,blitz,True,resign,black,46,Taktychenko,Salomon_V,2291,2390,-4,5,C08,"French Defense: Tarrasch Variation, Open System",8,Salomon_V,black,Taktychenko,2390,2291,win,1.0
JYTPdM8E,2025-12-28T18:56:18.367000+00:00,300+3,standard,blitz,True,resign,black,48,ChessMasterXtreme420,Salomon_V,2258,2381,-4,4,C15,"French Defense: Winawer Variation, Delayed Exchange Variation",7,Salomon_V,black,ChessMasterXtreme420,2381,2258,win,1.0
D92X63Ih,2025-12-28T16:14:11.892000+00:00,300+3,standard,blitz,True,resign,black,48,Salomon_V,IT_Is_RaJ,2383,2031,-10,10,B23,"Sicilian Defense: Closed, Traditional",4,Salomon_V,white,IT_Is_RaJ,2383,2031,loss,0.0
nZN9ka74,2025-12-28T05:33:18.090000+00:00,300+3,standard,blitz,True,outoftime,black,76,Salomon_V,GGivero_2013_AgSur,2392,2113,-10,15,B23,Sicilian Defense: Closed,3,Salomon_V,white,GGivero_2013_AgSur,2392,2113,loss,0.0
Aq5I4I3I,2025-12-28T05:05:43.522000+00:00,300+3,standard,blitz,True,resign,black,74,Salomon_V,ElTostadinho,2401,2483,-4,30,C50,"Italian Game: Classical Variation, Albin Gambit",9,Salomon_V,white,ElTostadinho,2401,2483,loss,0.0
ZFYzwVvF,2025-12-28T02:54:03.563000+00:00,300+3,standard,blitz,True,resign,black,68,CoachAnton,Salomon_V,2421,2422,-6,6,C00,French Defense: Schlechter Variation,5,Salomon_V,black,CoachAnton,2422,2421,win,1.0
1ARX1uwU,2025-12-28T02:43:08.656000+00:00,300+3,standard,blitz,True,resign,black,84,Clivy,Salomon_V,2029,2418,-2,1,C05,"French Defense: Tarrasch Variation, Closed Variation",12,Salomon_V,black,Clivy,2418,2029,win,1.0
FgyyBltr,2026-01-29T13:15:00.757000+00:00,180+0,standard,blitz,True,resign,black,58,Bardiya___Daneshvar,italyastageleri,2816,2768,-11,7,A05,King's Indian Attack: Symmetrical Defense,4,Bardiya___Daneshvar,white,italyastageleri,2816,2768,loss,0.0
iCdOXRO7,2026-01-29T13:08:44.351000+00:00,180+0,standard,blitz,True,resign,white,79,Bardiya___Daneshvar,MelkMaschinenMeister,2810,2664,6,-4,B10,Caro-Kann Defense: Endgame Offer,5,Bardiya___Daneshvar,white,MelkMaschinenMeister,2810,2664,win,1.0
78ySxYdR,2026-01-29T13:02:39.366000+00:00,180+0,standard,blitz,True,resign,black,154,MelkMaschinenMeister,Bardiya___Daneshvar,2667,2804,-3,6,A15,"English Opening: Anglo-Indian Defense, Queen's Indian Formation",4,Bardiya___Daneshvar,black,MelkMaschinenMeister,2804,2667,win,1.0
TT4kfe7A,2026-01-29T12:57:15.796000+00:00,180+0,standard,blitz,True,resign,white,93,Bardiya___Daneshvar,MelkMaschinenMeister,2798,2671,6,-4,A07,King's Indian Attack,3,Bardiya___Daneshvar,white,MelkMaschinenMeister,2798,2671,win,1.0
cclDcSOs,2026-01-29T12:55:45.060000+00:00,180+0,standard,blitz,True,resign,black,52,MelkMaschinenMeister,Bardiya___Daneshvar,2675,2791,-4,7,A15,"English Opening: Anglo-Indian Defense, Anti-Anti-Grünfeld",7,Bardiya___Daneshvar,black,MelkMaschinenMeister,2791,2675,win,1.0
hREJ78Ss,2026-01-29T12:54:32.090000+00:00,180+0,standard,blitz,True,resign,white,39,Bardiya___Daneshvar,MelkMaschinenMeister,2784,2679,7,-4,A06,Nimzo-Larsen Attack: Classical Variation,3,Bardiya___Daneshvar,white,MelkMaschinenMeister,2784,2679,win,1.0
aTCqFfaw,2026-01-29T12:48:21.663000+00:00,180+0,standard,blitz,True,draw,,168,MelkMaschinenMeister,Bardiya___Daneshvar,2677,2787,2,-3,A15,"English Opening: Anglo-Indian Defense, Anti-Anti-Grünfeld",7,Bardiya___Daneshvar,black,MelkMaschinenMeister,2787,2677,draw,0.5
GaViZ06w,2026-01-29T12:45:25.196000+00:00,180+0,standard,blitz,True,resign,white,71,Bardiya___Daneshvar,MelkMaschinenMeister,2780,2681,7,-4,A13,"English Opening: Agincourt Defense, Catalan Defense",9,Bardiya___Daneshvar,white,MelkMaschinenMeister,2780,2681,win,1.0
7X8LzSvf,2026-01-28T10:43:15.569000+00:00,180+0,standard,blitz,True,outoftime,black,142,Bardiya___Daneshvar,SublimeWarrior,2791,2802,-11,5,A35,"English Opening: Symmetrical Variation, Four Knights Variation",6,Bardiya___Daneshvar,white,SublimeWarrior,2791,2802,loss,0.0
7hHc9mCr,2026-01-28T10:37:22.907000+00:00,180+0,standard,blitz,True,resign,white,83,SublimeWarrior,Bardiya___Daneshvar,2796,2801,6,-10,A56,Benoni Defense,4,Bardiya___Daneshvar,black,SublimeWarrior,2801,2796,loss,0.0
Df2g7BE4,2026-01-28T10:31:11.810000+00:00,180+0,standard,blitz,True,resign,white,103,elconceto,Bardiya___Daneshvar,2911,2809,4,-8,E71,King's Indian Defense: Makogonov Variation,9,Bardiya___Daneshvar,black,elconceto,2809,2911,loss,0.0
qJ8y9xXy,2026-01-28T10:24:55.360000+00:00,180+0,standard,blitz,True,resign,black,78,Bardiya___Daneshvar,Barys74,2825,2707,-16,8,A04,Zukertort Opening: Sicilian Invitation,2,Bardiya___Daneshvar,white,Barys74,2825,2707,loss,0.0
eOKOV90P,2026-01-28T10:21:51.279000+00:00,180+0,standard,blitz,True,resign,white,51,Bardiya___Daneshvar,Abik02,2813,2822,12,-5,A09,"Réti Opening: Advance Variation, Michel Gambit",6,Bardiya___Daneshvar,white,Abik02,2813,2822,win,1.0
b4eHwLzU,2026-01-28T10:16:13.180000+00:00,180+0,standard,blitz,True,mate,black,92,Abik02,Bardiya___Daneshvar,2829,2799,-7,14,C03,"French Defense: Tarrasch Variation, Morozevich Variation",6,Bardiya___Daneshvar,black,Abik02,2799,2829,win,1.0
EZm2dja6,2025-12-19T16:30:02.885000+00:00,120+0,standard,bullet,True,outoftime,,162,Riquelme93,Bardiya___Daneshvar,3076,3087,0,0,A48,London System,8,Bardiya___Daneshvar,black,Riquelme93,3087,3076,draw,0.5
3RWd5bWv,2025-10-25T19:43:57.137000+00:00,60+0,standard,bullet,True,resign,white,73,Night-King96,Bardiya___Daneshvar,3223,3092,4,-5,A40,Queen's Pawn Game,1,Bardiya___Daneshvar,black,Night-King96,3092,3223,loss,0.0
KYK46GFP,2025-10-25T19:41:30.763000+00:00,60+0,standard,bullet,True,outoftime,white,117,tamojerry,Bardiya___Daneshvar,3040,3101,9,-9,B01,Scandinavian Defense: Valencian Variation,6,Bardiya___Daneshvar,black,tamojerry,3101,3040,loss,0.0
VCiOvJaY,2025-10-25T19:36:05.231000+00:00,60+0,standard,bullet,True,outoftime,black,188,Bardiya___Daneshvar,chesscode93,3106,2718,-14,10,A07,King's Indian Attack,3,Bardiya___Daneshvar,white,chesscode93,3106,2718,loss,0.0
1Kt5qmqy,2025-10-25T19:23:27.200000+00:00,60+0,standard,bullet,True,resign,black,108,Bardiya___Daneshvar,KontraJaKO,3104,3120,-8,6,A04,Zukertort Opening: Sicilian Invitation,2,Bardiya___Daneshvar,white,KontraJaKO,3104,3120,loss,0.0
5sXSgkIu,2025-10-25T19:03:14.521000+00:00,60+0,standard,bullet,True,outoftime,black,120,supermanA,Bardiya___Daneshvar,2866,3081,-3,5,A45,Indian Defense: Accelerated London System,3,Bardiya___Daneshvar,black,supermanA,3081,2866,win,1.0
R2zzpgLM,2025-10-20T20:06:52.272000+00:00,300+0,standard,blitz,True,resign,black,28,Bardiya___Daneshvar,bomba777,2812,2360,-13,13,B01,"Scandinavian Defense: Main Line, Mieses Variation",8,Bardiya___Daneshvar,white,bomba777,2812,2360,loss,0.0
SN8YR7sY,2025-10-20T20:04:23.331000+00:00,300+0,standard,blitz,True,resign,white,65,dfsocial,Bardiya___Daneshvar,2702,2821,8,-9,E62,"King's Indian Defense: Fianchetto Variation, Lesser Simagin (Spassky)",14,Bardiya___Daneshvar,black,dfsocial,2821,2702,loss,0.0
JKyYzt15,2025-10-20T20:00:01.139000+00:00,300+0,standard,blitz,True,resign,black,118,Bardiya___Daneshvar,Arsen_Chess,2830,2727,-9,9,A05,King's Indian Attack,4,Bardiya___Daneshvar,white,Arsen_Chess,2830,2727,loss,0.0
0XbOPxDO,2025-10-14T11:07:29.377000+00:00,180+0,standard,blitz,True,resign,white,55,Andrey11976,Bardiya___Daneshvar,2832,2836,6,-6,A45,Trompowsky Attack,3,Bardiya___Daneshvar,black,Andrey11976,2836,2832,loss,0.0
VAAMtGH0,2025-10-11T20:58:24.739000+00:00,180+0,standard,blitz,True,draw,,73,Bardiya___Daneshvar,EricRosen,2840,2641,-4,3,A07,"King's Indian Attack, with e6",6,Bardiya___Daneshvar,white,EricRosen,2840,2641,draw,0.5
VhRYeSts,2025-10-11T20:57:55.867000+00:00,180+0,standard,blitz,True,draw,,23,Bardiya___Daneshvar,tacticthunder,2842,2730,-2,2,A04,Zukertort Opening: Sicilian Invitation,2,Bardiya___Daneshvar,white,tacticthunder,2842,2730,draw,0.5
vfxW5Swu,2025-10-11T20:55:00.394000+00:00,180+0,standard,blitz,True,resign,white,109,Zhigalko_Sergei,Bardiya___Daneshvar,2779,2850,6,-8,B22,Sicilian Defense: Delayed Alapin Variation,10,Bardiya___Daneshvar,black,Zhigalko_Sergei,2850,2779,loss,0.0
be5c6NaY,2025-10-11T20:52:06.970000+00:00,180+0,standard,blitz,True,resign,black,130,Zaven_ChessMood,Bardiya___Daneshvar,2708,2846,-4,4,B23,Sicilian Defense: Closed,3,Bardiya___Daneshvar,black,Zaven_ChessMood,2846,2708,win,1.0
P1uytDlg,2025-10-11T20:48:42.528000+00:00,180+0,standard,blitz,True,draw,,147,AngelitoRT,Bardiya___Daneshvar,2880,2845,-1,1,A45,Trompowsky Attack,3,Bardiya___Daneshvar,black,AngelitoRT,2845,2880,draw,0.5
l12Jyoaw,2025-10-11T20:45:46.966000+00:00,180+0,standard,blitz,True,resign,white,107,Bardiya___Daneshvar,Zhigalko_Sergei,2839,2776,6,-4,A07,King's Indian Attack,3,Bardiya___Daneshvar,white,Zhigalko_Sergei,2839,2776,win,1.0
aFrSG4US,2026-01-28T22:09:17.420000+00:00,180+0,standard,blitz,True,resign,black,90,TimAina1,Abik02,2806,2830,-8,6,C24,Bishop's Opening: Berlin Defense,4,TimAina1,white,Abik02,2806,2830,loss,0.0
WlICTf76,2026-01-12T14:58:52.272000+00:00,180+0,standard,blitz,True,resign,white,27,TimAina1,sergolvz,2802,2635,4,-3,D02,"Queen's Pawn Game: London System, with e6",5,TimAina1,white,sergolvz,2802,2635,win,1.0
q0bTXX5l,2025-12-23T21:40:07.983000+00:00,180+0,standard,blitz,True,resign,black,40,TimAina1,Tigran-Harutyunyan,2809,2838,-7,9,D02,"Queen's Pawn Game: Symmetrical Variation, Pseudo-Catalan",5,TimAina1,white,Tigran-Harutyunyan,2809,2838,loss,0.0
KY1pEmFp,2025-12-11T08:48:36.682000+00:00,180+0,standard,blitz,True,outoftime,black,56,Lanvig,TimAina1,2591,2805,-3,4,B32,Sicilian Defense: Godiva Variation,8,TimAina1,black,Lanvig,2805,2591,win,1.0
qiuMzvIa,2025-12-04T11:16:57.407000+00:00,180+0,standard,blitz,True,resign,black,140,TimAina1,Bryakin_Mikhail,2812,2796,-7,19,B31,"Sicilian Defense: Nyezhmetdinov-Rossolimo Attack, Fianchetto Variation",6,TimAina1,white,Bryakin_Mikhail,2812,2796,loss,0.0
f9JLfAPT,2025-11-30T00:48:38.544000+00:00,180+0,standard,blitz,True,resign,white,123,TimAina1,Aristarch_Kukuev,2807,2746,5,-8,A00,Van't Kruijs Opening,1,TimAina1,white,Aristarch_Kukuev,2807,2746,win,1.0
Y2iOxBEX,2025-11-30T00:28:21.912000+00:00,180+0,standard,blitz,True,resign,black,64,Speedrunto2800e,TimAina1,2663,2804,-15,3,A80,Dutch Defense,2,TimAina1,black,Speedrunto2800e,2804,2663,win,1.0
QsERsRBH,2025-11-28T13:17:03.392000+00:00,180+0,standard,blitz,True,outoftime,white,107,TimAina1,wonderland305,2797,2840,7,-6,B25,Sicilian Defense: Closed,11,TimAina1,white,wonderland305,2797,2840,win,1.0
2LBNSV8J,2025-11-28T10:48:37.956000+00:00,180+0,standard,blitz,True,resign,black,82,Prul1979,TimAina1,2630,2794,-3,3,A80,Dutch Defense,2,TimAina1,black,Prul1979,2794,2630,win,1.0
rwzRw2kK,2025-11-27T18:03:28.101000+00:00,180+0,standard,blitz,True,resign,black,112,Cyprain_W,TimAina1,2781,2788,-6,6,A00,Van Geet Opening,1,TimAina1,black,Cyprain_W,2788,2781,win,1.0
VPKKRw8U,2025-11-27T15:12:56.437000+00:00,180+0,standard,blitz,True,resign,black,60,TimAina1,kacper05,2795,2717,-7,11,A03,Bird Opening: Dutch Variation,2,TimAina1,white,kacper05,2795,2717,loss,0.0
7qYdV7Ni,2025-11-27T15:07:02.420000+00:00,180+0,standard,blitz,True,resign,white,83,TimAina1,FranklinAPalomo,2791,2703,4,-4,A02,Bird Opening,1,TimAina1,white,FranklinAPalomo,2791,2703,win,1.0
fKRchKi4,2025-11-27T14:08:46.021000+00:00,180+0,standard,blitz,True,outoftime,black,136,theonlyoneshoo,TimAina1,2598,2788,-3,3,B00,Pirc Defense,3,TimAina1,black,theonlyoneshoo,2788,2598,win,1.0
9OtKryxx,2025-11-27T13:59:28.850000+00:00,180+0,standard,blitz,True,resign,black,96,BreadPitt2011,TimAina1,2520,2785,-2,3,B09,Pirc Defense: Austrian Attack,7,TimAina1,black,BreadPitt2011,2785,2520,win,1.0
RMM0gOHN,2025-11-27T13:39:40.341000+00:00,180+0,standard,blitz,True,mate,white,71,TimAina1,Malakhov_Igor,2782,2631,3,-3,A02,Bird Opening,1,TimAina1,white,Malakhov_Igor,2782,2631,win,1.0
f2QVZk7I,2025-11-27T13:30:40.671000+00:00,180+0,standard,blitz,True,outoftime,white,141,TimAina1,withyourmoney,2777,2692,5,-4,A01,Nimzo-Larsen Attack: Indian Variation,2,TimAina1,white,withyourmoney,2777,2692,win,1.0
WPwYCVIx,2025-11-27T13:23:13.598000+00:00,180+0,standard,blitz,True,resign,black,42,Perdamburetsky007,TimAina1,2728,2772,-6,5,B06,Modern Defense: Standard Defense,6,TimAina1,black,Perdamburetsky007,2772,2728,win,1.0
DWuOfTpd,2025-11-27T13:18:46.767000+00:00,180+0,standard,blitz,True,resign,black,54,Perdamburetsky007,TimAina1,2733,2766,-5,6,B06,Modern Defense: Standard Defense,6,TimAina1,black,Perdamburetsky007,2766,2733,win,1.0
4BTmioQY,2025-11-26T17:14:02.591000+00:00,60+0,standard,bullet,True,resign,white,25,TimAina1,urpok23,2911,2791,4,-4,C42,Petrov's Defense: Stafford Gambit,8,TimAina1,white,urpok23,2911,2791,win,1.0
Nr0OHU4I,2025-11-23T18:28:44.352000+00:00,180+0,standard,blitz,True,mate,black,72,notrashopenings,TimAina1,2646,2761,-4,5,D13,Slav Defense: Exchange Variation,8,TimAina1,black,notrashopenings,2761,2646,win,1.0
x1WGi8bB,2025-11-18T21:54:42.470000+00:00,180+0,standard,blitz,True,mate,black,88,TimAina1,AP-2804,2768,2755,-7,6,A02,Bird Opening,1,TimAina1,white,AP-2804,2768,2755,loss,0.0
XcnV8DrC,2025-11-17T23:12:44.663000+00:00,60+0,standard,bullet,True,resign,black,84,TimAina1,RD-2,2917,2878,-6,13,A04,Zukertort Opening: Sicilian Invitation,2,TimAina1,white,RD-2,2917,2878,loss,0.0
uKHfFSei,2025-11-12T14:30:50.884000+00:00,180+0,standard,blitz,True,resign,black,63,TimAina1,gmmitkov,2776,2570,-8,9,A40,Horwitz Defense,2,TimAina1,white,gmmitkov,2776,2570,loss,0.0
WtPn75eZ,2025-11-10T09:55:42.724000+00:00,180+0,standard,blitz,True,draw,,29,Futurexxx,TimAina1,2669,2778,2,-2,C11,"French Defense: Classical Variation, Swiss Variation",7,TimAina1,black,Futurexxx,2778,2669,draw,0.5
Mup6Xvr7,2025-11-10T09:48:33.875000+00:00,180+0,standard,blitz,True,resign,black,76,TimAina1,IgorVershinin2009,2785,2748,-7,6,A45,Indian Defense: Accelerated London System,3,TimAina1,white,IgorVershinin2009,2785,2748,loss,0.0
1CZBusDs,2025-11-10T09:42:20.312000+00:00,180+0,standard,blitz,True,outoftime,white,99,TimAina1,Eldoradoremi,2781,2612,4,-4,A45,Indian Defense: Accelerated London System,3,TimAina1,white,Eldoradoremi,2781,2612,win,1.0
UvcqBiIe,2025-11-06T14:56:53.414000+00:00,180+0,standard,blitz,True,resign,black,76,superatos,TimAina1,2481,2780,-2,1,B14,"Caro-Kann Defense: Panov Attack, Main Line",12,TimAina1,black,superatos,2780,2481,win,1.0
losgxd0k,2025-11-06T14:50:46.705000+00:00,180+0,standard,blitz,True,resign,black,55,cn_ua,TimAina1,2702,2775,-4,5,A10,English Opening: Anglo-Dutch Defense,2,TimAina1,black,cn_ua,2775,2702,win,1.0
d0wlVkpK,2025-11-06T10:44:17.294000+00:00,180+0,standard,blitz,True,resign,white,51,cheburashka15,TimAina1,2670,2783,9,-8,A43,Benoni Defense: Old Benoni,4,TimAina1,black,cheburashka15,2783,2670,loss,0.0
cklTLD0h,2025-11-05T16:18:30.196000+00:00,180+0,standard,blitz,True,outoftime,white,147,TimAina1,HardWork1996,2779,2638,4,-4,A03,Bird Opening: Dutch Variation,2,TimAina1,white,HardWork1996,2779,2638,win,1.0
aTUHsnZi,2026-01-29T17:15:27.078000+00:00,60+0,standard,bullet,True,resign,white,103,GrigoriiTer-Saakian,Tyumenskiy_KMC,3148,3066,5,-4,B02,Alekhine Defense: Sämisch Attack,5,GrigoriiTer-Saakian,white,Tyumenskiy_KMC,3148,3066,win,1.0
YJwbdLGD,2026-01-29T01:22:25.713000+00:00,30+0,standard,bullet,True,outoftime,white,95,Panashe47112229,GrigoriiTer-Saakian,2190,3158,12,-11,A04,Zukertort Opening: Kingside Fianchetto,2,GrigoriiTer-Saakian,black,Panashe47112229,3158,2190,loss,0.0
0ZDrgqe8,2026-01-28T20:21:53.457000+00:00,60+0,standard,bullet,True,outoftime,white,171,GrigoriiTer-Saakian,Ediz_Gurel,3161,3395,9,-9,B15,Caro-Kann Defense: Tartakower Variation,10,GrigoriiTer-Saakian,white,Ediz_Gurel,3161,3395,win,1.0
8JWXTtj9,2026-01-27T00:53:27.174000+00:00,60+0,standard,bullet,True,resign,white,47,NextAbracadabra,GrigoriiTer-Saakian,2929,3182,9,-9,A45,Indian Defense,2,GrigoriiTer-Saakian,black,NextAbracadabra,3182,2929,loss,0.0
w4M2R1ID,2026-01-27T00:27:48.373000+00:00,60+0,standard,bullet,True,resign,black,92,GrigoriiTer-Saakian,NextAbracadabra,3184,2926,-9,9,B40,"Sicilian Defense: Delayed Alapin Variation, with e6",5,GrigoriiTer-Saakian,white,NextAbracadabra,3184,2926,loss,0.0
6030dA4Z,2026-01-26T22:45:20.856000+00:00,60+0,standard,bullet,True,resign,black,30,pozvonochek,GrigoriiTer-Saakian,3058,3155,-4,4,A45,Trompowsky Attack,3,GrigoriiTer-Saakian,black,pozvonochek,3155,3058,win,1.0
V6yMc8Ei,2026-01-26T22:07:51.030000+00:00,60+0,standard,bullet,True,draw,,158,GrigoriiTer-Saakian,o3gx,3158,2913,-3,4,C47,Four Knights Game,6,GrigoriiTer-Saakian,white,o3gx,3158,2913,draw,0.5
r89lF4U1,2026-01-26T00:47:22.259000+00:00,60+0,standard,bullet,True,resign,black,72,pozvonochek,GrigoriiTer-Saakian,3005,3148,-4,3,A45,Trompowsky Attack,3,GrigoriiTer-Saakian,black,pozvonochek,3148,3005,win,1.0
ZgK8m72L,2026-01-26T00:39:20.574000+00:00,60+0,standard,bullet,True,mate,white,63,GrigoriiTer-Saakian,pozvonochek,3141,3011,4,-4,C47,Four Knights Game,6,GrigoriiTer-Saakian,white,pozvonochek,3141,3011,win,1.0
DvKq0iCu,2026-01-26T00:34:37.271000+00:00,60+0,standard,bullet,True,resign,white,49,pozvonochek,GrigoriiTer-Saakian,3011,3141,7,-7,A45,Trompowsky Attack,3,GrigoriiTer-Saakian,black,pozvonochek,3141,3011,loss,0.0
WyXoVeZE,2026-01-26T00:29:14.825000+00:00,60+0,standard,bullet,True,resign,white,49,GrigoriiTer-Saakian,pozvonochek,3130,3022,4,-4,C41,"Philidor Defense: Lion Variation, Shirov Gambit",9,GrigoriiTer-Saakian,white,pozvonochek,3130,3022,win,1.0
irWOs4As,2026-01-25T22:53:58.781000+00:00,15+0,standard,ultraBullet,True,mate,black,72,grandmaster322,GrigoriiTer-Saakian,2117,2072,-7,124,A04,Zukertort Opening: Kingside Fianchetto,2,GrigoriiTer-Saakian,black,grandmaster322,2072,2117,win,1.0
sthHrJkz,2026-01-25T22:50:11.754000+00:00,15+0,standard,ultraBullet,True,mate,white,43,GrigoriiTer-Saakian,Ilovehyperbulletxo,1975,1871,97,-33,B00,Pirc Defense,2,GrigoriiTer-Saakian,white,Ilovehyperbulletxo,1975,1871,win,1.0
2B5pApan,2026-01-25T22:39:10.446000+00:00,30+0,standard,bullet,True,outoftime,black,38,Lubiteli,GrigoriiTer-Saakian,1964,3108,0,0,D00,Blackmar-Diemer Gambit: von Popiel Gambit,7,GrigoriiTer-Saakian,black,Lubiteli,3108,1964,win,1.0
W2CVK4tp,2026-01-25T19:20:02.876000+00:00,60+0,standard,bullet,True,draw,,133,GrigoriiTer-Saakian,ErmolaevAndrey,3116,2925,-3,3,C11,"French Defense: Steinitz Variation, Boleslavsky Variation",13,GrigoriiTer-Saakian,white,ErmolaevAndrey,3116,2925,draw,0.5
XvC29qxl,2026-01-25T16:34:04.779000+00:00,30+0,standard,bullet,True,outoftime,white,105,GrigoriiTer-Saakian,RakitinD,3119,3149,6,-6,C41,Philidor Defense: Lion Variation,8,GrigoriiTer-Saakian,white,RakitinD,3119,3149,win,1.0
gv5NWK1H,2026-01-25T15:36:00.172000+00:00,60+0,standard,bullet,True,resign,black,104,Bigmiller,GrigoriiTer-Saakian,2857,3115,-2,3,B00,Nimzowitsch Defense,2,GrigoriiTer-Saakian,black,Bigmiller,3115,2857,win,1.0
x0e15pp7,2026-01-25T15:34:43.352000+00:00,60+0,standard,bullet,True,resign,white,57,GrigoriiTer-Saakian,Bigmiller,3113,2859,2,-2,B06,Modern Defense: Standard Line,5,GrigoriiTer-Saakian,white,Bigmiller,3113,2859,win,1.0
76BqpHBs,2026-01-23T22:30:06.405000+00:00,60+0,standard,bullet,True,mate,black,90,GrigoriiTer-Saakian,KostyaRehsibyRussia,3105,3110,-6,6,B30,Sicilian Defense: Nyezhmetdinov-Rossolimo Attack,5,GrigoriiTer-Saakian,white,KostyaRehsibyRussia,3105,3110,loss,0.0
YWqC7gin,2026-01-23T00:10:56.317000+00:00,60+0,standard,bullet,True,mate,black,134,GrigoriiTer-Saakian,Alamzhi,3098,3021,-7,7,B01,"Scandinavian Defense: Main Line, Leonhardt Gambit",7,GrigoriiTer-Saakian,white,Alamzhi,3098,3021,loss,0.0
JYLs0vgQ,2026-01-22T20:23:51.912000+00:00,180+0,standard,blitz,True,resign,black,24,GrigoriiTer-Saakian,KIS_BAGOLY,2428,2531,-4,7,B22,Sicilian Defense: Delayed Alapin Variation,10,GrigoriiTer-Saakian,white,KIS_BAGOLY,2428,2531,loss,0.0
XZZiwDo0,2026-01-22T20:18:13.917000+00:00,180+0,standard,blitz,True,resign,white,55,realcyberbird,GrigoriiTer-Saakian,2454,2433,5,-5,A40,Queen's Pawn Game: Modern Defense,2,GrigoriiTer-Saakian,black,realcyberbird,2433,2454,loss,0.0
ytqagWET,2026-01-22T20:14:34.064000+00:00,180+0,standard,blitz,True,resign,black,80,GrigoriiTer-Saakian,Odnoobraz,2438,2548,-5,4,B06,"Modern Defense: Two Knights Variation, Suttles Variation",8,GrigoriiTer-Saakian,white,Odnoobraz,2438,2548,loss,0.0
SezO8sFK,2026-01-22T20:10:36.211000+00:00,180+0,standard,blitz,True,resign,black,146,ThirdRook,GrigoriiTer-Saakian,2251,2434,-3,4,A04,Zukertort Opening: Pirc Invitation,2,GrigoriiTer-Saakian,black,ThirdRook,2434,2251,win,1.0
f8WB0BK9,2026-01-22T20:09:40.800000+00:00,180+0,standard,blitz,True,resign,black,30,GrigoriiTer-Saakian,Serg_01,2438,2581,-4,3,B01,Scandinavian Defense: Valencian Variation,6,GrigoriiTer-Saakian,white,Serg_01,2438,2581,loss,0.0
pENubROq,2026-01-22T20:07:45.974000+00:00,180+0,standard,blitz,True,resign,black,68,DmitriyBiryuk777,GrigoriiTer-Saakian,2534,2431,-7,7,B07,Pirc Defense,6,GrigoriiTer-Saakian,black,DmitriyBiryuk777,2431,2534,win,1.0
VWnHlHfz,2026-01-22T20:05:29.882000+00:00,180+0,standard,blitz,True,mate,black,84,terra87,GrigoriiTer-Saakian,2335,2426,-5,5,D85,Grünfeld Defense: Exchange Variation,8,GrigoriiTer-Saakian,black,terra87,2426,2335,win,1.0
EGDrVijb,2026-01-22T20:00:54.167000+00:00,180+0,standard,blitz,True,outoftime,white,75,GrigoriiTer-Saakian,rnv23xxx,2423,2223,3,-3,B00,Pirc Defense,4,GrigoriiTer-Saakian,white,rnv23xxx,2423,2223,win,1.0
Pwn6iHQ5,2026-01-22T19:55:50.662000+00:00,180+0,standard,blitz,True,outoftime,white,89,GrigoriiTer-Saakian,ArtiedaGreggD,2422,2099,1,-1,B01,Scandinavian Defense: Modern Variation,4,GrigoriiTer-Saakian,white,ArtiedaGreggD,2422,2099,win,1.0
h1xTnmO6,2026-01-22T19:52:36.081000+00:00,180+0,standard,blitz,True,draw,,90,realcyberbird,GrigoriiTer-Saakian,2442,2421,-1,1,A41,Old Indian Defense,3,GrigoriiTer-Saakian,black,realcyberbird,2421,2442,draw,0.5
dgjyNRuf,2026-02-01T20:20:05.523000+00:00,1800+0,standard,classical,True,resign,white,119,renselmatthew,grrrrrrr_r,2346,2343,11,-12,C50,"Italian Game: Giuoco Pianissimo, Italian Four Knights Variation",9,grrrrrrr_r,black,renselmatthew,2343,2346,loss,0.0
OPNPuUA9,2026-02-01T18:29:04.473000+00:00,60+0,standard,bullet,True,mate,white,43,Bugs_45,grrrrrrr_r,2608,2654,7,-6,B35,"Sicilian Defense: Accelerated Dragon, Modern Bc4 Variation",13,grrrrrrr_r,black,Bugs_45,2654,2608,loss,0.0
KnNDEiJq,2026-02-01T00:34:58.473000+00:00,1800+0,standard,classical,True,draw,,141,FlyingLemon,grrrrrrr_r,2272,2345,1,-2,C70,"Ruy Lopez: Morphy Defense, Schliemann Defense Deferred",8,grrrrrrr_r,black,FlyingLemon,2345,2272,draw,0.5
q70bfquJ,2026-01-30T23:40:23.724000+00:00,180+0,threeCheck,blitz,True,resign,black,70,grrrrrrr_r,Good_Knight_Mare,2163,1879,-24,12,C00,French Defense: Queen's Knight,3,grrrrrrr_r,white,Good_Knight_Mare,2163,1879,loss,0.0
US2F0HT5,2026-01-30T23:17:02.159000+00:00,180+0,threeCheck,blitz,True,variantEnd,black,52,grrrrrrr_r,Good_Knight_Mare,2142,1851,-29,14,A00,Van Geet Opening,1,grrrrrrr_r,white,Good_Knight_Mare,2142,1851,loss,0.0
BvTC55Ms,2026-01-27T00:50:47.563000+00:00,180+2,standard,blitz,True,resign,white,45,grrrrrrr_r,MANgGugULO_LAnG,2430,2461,10,-6,A37,"English Opening: Symmetrical Variation, Botvinnik System Reversed, with Nf3",13,grrrrrrr_r,white,MANgGugULO_LAnG,2430,2461,win,1.0
XOD4G50o,2026-01-26T14:53:31.899000+00:00,1800+0,standard,classical,True,mate,black,58,ChampionBaku1,grrrrrrr_r,2256,2335,-10,10,C56,"Italian Game: Scotch Gambit, Anderssen Attack",15,grrrrrrr_r,black,ChampionBaku1,2335,2256,win,1.0
AYJNOlDf,2026-01-25T17:34:29.086000+00:00,1500+0,standard,classical,True,mate,white,125,grrrrrrr_r,boec-2021,2322,2356,13,-8,B00,Pirc Defense,4,grrrrrrr_r,white,boec-2021,2322,2356,win,1.0
BSQyimrZ,2026-01-25T17:01:52.555000+00:00,1800+0,standard,classical,True,resign,black,70,boec-2021,grrrrrrr_r,2366,2306,-10,16,E32,Nimzo-Indian Defense: Classical Variation,7,grrrrrrr_r,black,boec-2021,2306,2366,win,1.0
4T3obhDg,2026-01-25T03:13:58.882000+00:00,60+0,standard,bullet,True,mate,white,49,daniiruizz,grrrrrrr_r,2795,2660,4,-3,B06,Modern Defense: Two Knights Variation,7,grrrrrrr_r,black,daniiruizz,2660,2795,loss,0.0
RMlxwFHG,2026-01-25T03:07:45.898000+00:00,60+0,standard,bullet,True,mate,white,101,grrrrrrr_r,AniDG,2650,2461,2,-3,A00,Hungarian Opening: Symmetrical Variation,2,grrrrrrr_r,white,AniDG,2650,2461,win,1.0
QNdCIGph,2026-01-24T21:12:48.949000+00:00,60+0,standard,bullet,True,resign,white,63,grrrrrrr_r,Landmijn,2643,2587,5,-5,A00,Hungarian Opening,1,grrrrrrr_r,white,Landmijn,2643,2587,win,1.0
slZutrDV,2026-01-23T21:13:25.701000+00:00,1800+0,standard,classical,True,resign,white,117,boec-2021,grrrrrrr_r,2338,2336,10,-13,A56,Benoni Defense,4,grrrrrrr_r,black,boec-2021,2336,2338,loss,0.0
sHusZxgU,2026-01-23T20:15:12.079000+00:00,1800+0,standard,classical,True,resign,white,93,Antonesko1999,grrrrrrr_r,2151,2358,10,-22,A00,Grob Opening: Keene Defense,6,grrrrrrr_r,black,Antonesko1999,2358,2151,loss,0.0
i1Okmmrw,2026-01-22T01:55:45.763000+00:00,1800+0,standard,classical,True,mate,white,143,grrrrrrr_r,GRANDMASTER-MADE,2351,2154,7,-3,B10,Caro-Kann Defense: Endgame Variation,9,grrrrrrr_r,white,GRANDMASTER-MADE,2351,2154,win,1.0
S6aeU2Ua,2026-01-19T19:55:46.051000+00:00,0+4,racingKings,bullet,True,resign,white,39,grrrrrrr_r,pla13131313,1746,1969,73,-8,,,,grrrrrrr_r,white,pla13131313,1746,1969,win,1.0
sjAcUPMg,2026-01-17T15:22:40.673000+00:00,60+0,standard,bullet,True,resign,white,43,TYNCHTYKBEK,grrrrrrr_r,2510,2619,8,-7,B06,"Pterodactyl Defense: Eastern, Anhanguera",7,grrrrrrr_r,black,TYNCHTYKBEK,2619,2510,loss,0.0
fb0NNSLY,2026-01-11T19:45:47.927000+00:00,1800+0,standard,classical,True,outoftime,white,83,grrrrrrr_r,polipekodbytu,2343,2211,8,-21,B10,Caro-Kann Defense: Endgame Variation,9,grrrrrrr_r,white,polipekodbytu,2343,2211,win,1.0
e4arUjJl,2026-01-10T02:27:38.241000+00:00,1800+0,standard,classical,True,resign,black,30,Gameoverbruh,grrrrrrr_r,2189,2345,-4,9,A56,Benoni Defense,4,grrrrrrr_r,black,Gameoverbruh,2345,2189,win,1.0
2nwtyVZ1,2026-01-07T18:22:23.670000+00:00,1800+0,standard,classical,True,draw,,87,grrrrrrr_r,Icegrinder45,2349,2243,-4,2,C25,Vienna Game: Max Lange Defense,4,grrrrrrr_r,white,Icegrinder45,2349,2243,draw,0.5
gyWuTNU4,2026-01-04T17:19:09.367000+00:00,1800+0,standard,classical,True,resign,white,69,emandr,grrrrrrr_r,2384,2341,15,-13,C50,"Italian Game: Giuoco Pianissimo, Normal",8,grrrrrrr_r,black,emandr,2341,2384,loss,0.0
6uk8b01N,2026-01-04T15:49:25.024000+00:00,180+2,standard,blitz,True,resign,white,45,bielaj,grrrrrrr_r,2520,2449,12,-6,A00,Hungarian Opening,1,grrrrrrr_r,black,bielaj,2449,2520,loss,0.0
uFbriHzh,2026-01-03T23:54:17.522000+00:00,1800+0,standard,classical,True,outoftime,white,133,Tita-por-siempre,grrrrrrr_r,2232,2362,16,-21,C70,"Ruy Lopez: Morphy Defense, Schliemann Defense Deferred, Jaenisch Gambit Deferred",9,grrrrrrr_r,black,Tita-por-siempre,2362,2232,loss,0.0
lc2rHICv,2026-01-02T22:24:40.392000+00:00,1800+0,standard,classical,True,resign,white,49,grrrrrrr_r,vonWerlich,2350,2254,12,-16,C25,Vienna Game: Max Lange Defense,4,grrrrrrr_r,white,vonWerlich,2350,2254,win,1.0
xmQvLMSj,2026-01-01T22:39:48.451000+00:00,1800+0,standard,classical,True,resign,white,41,grrrrrrr_r,VuvukVuveliy,2334,2343,16,-20,B10,Caro-Kann Defense: Endgame Offer,5,grrrrrrr_r,white,VuvukVuveliy,2334,2343,win,1.0
Qd3NhhKC,2025-12-29T16:49:18.589000+00:00,180+2,standard,blitz,True,mate,white,69,gross7,grrrrrrr_r,2471,2487,8,-8,C42,Petrov's Defense,5,grrrrrrr_r,black,gross7,2487,2471,loss,0.0
1GYfNlat,2025-12-28T16:05:35.416000+00:00,180+2,standard,blitz,True,mate,white,83,Maci,grrrrrrr_r,2386,2483,7,-9,A43,Benoni Defense: Benoni-Indian Defense,4,grrrrrrr_r,black,Maci,2483,2386,loss,0.0
kgQ38TsO,2025-12-28T15:34:20.876000+00:00,180+2,standard,blitz,True,resign,white,49,grrrrrrr_r,shae11,2471,2614,11,-10,B15,Caro-Kann Defense: Tartakower Variation,10,grrrrrrr_r,white,shae11,2471,2614,win,1.0
Ue2APTCn,2025-12-26T15:59:30.302000+00:00,180+2,standard,blitz,True,resign,black,68,L0cust,grrrrrrr_r,2451,2452,-10,8,A43,Benoni Defense: Benoni-Indian Defense,4,grrrrrrr_r,black,L0cust,2452,2451,win,1.0
XOmbpOTT,2025-12-26T05:11:42.423000+00:00,180+2,standard,blitz,True,draw,,82,grrrrrrr_r,Iprotiv,2442,2489,1,0,C50,"Italian Game: Giuoco Pianissimo, Italian Four Knights Variation",9,grrrrrrr_r,white,Iprotiv,2442,2489,draw,0.5
TphuAcQD,2026-01-05T12:47:36.960000+00:00,60+0,standard,bullet,True,outoftime,black,102,Abik02,WTFIsThatOpening,3230,3101,-41,9,B00,Pirc Defense,2,WTFIsThatOpening,black,Abik02,3101,3230,win,1.0
0MY87EyZ,2025-12-24T14:10:35.466000+00:00,60+0,standard,bullet,True,resign,white,49,WTFIsThatOpening,cp_dcm,3090,2883,3,-2,A00,Kádas Opening,1,WTFIsThatOpening,white,cp_dcm,3090,2883,win,1.0
aSxpOveS,2025-12-23T21:50:18.342000+00:00,60+0,standard,bullet,True,mate,black,132,Romaa2011,WTFIsThatOpening,3085,3090,-6,6,B00,Ware Defense,2,WTFIsThatOpening,black,Romaa2011,3090,3085,win,1.0
s95lHmHl,2025-12-23T15:29:38.254000+00:00,15+0,standard,ultraBullet,True,outoftime,black,40,mdcard,WTFIsThatOpening,1487,1423,-5,134,A40,Englund Gambit,2,WTFIsThatOpening,black,mdcard,1423,1487,win,1.0
ZUtTIfDw,2025-12-22T15:14:54.796000+00:00,60+0,standard,bullet,True,mate,white,65,WTFIsThatOpening,promacherrrr,3068,3024,5,-5,A00,Kádas Opening,1,WTFIsThatOpening,white,promacherrrr,3068,3024,win,1.0
Qzp4nWNS,2025-12-21T23:48:49.416000+00:00,60+0,standard,bullet,True,resign,black,52,pozvonochek,WTFIsThatOpening,3028,3056,-5,5,A40,Queen's Pawn Game,1,WTFIsThatOpening,black,pozvonochek,3056,3028,win,1.0
PRbPnEhB,2025-12-21T14:43:39.814000+00:00,60+0,standard,bullet,True,draw,,77,WTFIsThatOpening,Nozdrachev_Vladislav,3057,2961,-1,2,A00,Kádas Opening,1,WTFIsThatOpening,white,Nozdrachev_Vladislav,3057,2961,draw,0.5
xUUEvu4Q,2025-12-21T14:18:35.972000+00:00,60+0,standard,bullet,True,mate,black,118,chad_paterson,WTFIsThatOpening,2869,3054,-4,3,A01,Nimzo-Larsen Attack,1,WTFIsThatOpening,black,chad_paterson,3054,2869,win,1.0
b5Gi3aKb,2025-12-21T13:57:15.240000+00:00,60+0,standard,bullet,True,resign,white,45,WTFIsThatOpening,Menyxtas,3051,2890,3,-3,A00,Kádas Opening,1,WTFIsThatOpening,white,Menyxtas,3051,2890,win,1.0
EwNB8rwJ,2025-12-21T12:25:31.252000+00:00,60+0,standard,bullet,True,resign,black,62,SouthAfricanWolf,WTFIsThatOpening,2861,3048,-3,3,A40,Queen's Pawn Game,1,WTFIsThatOpening,black,SouthAfricanWolf,3048,2861,win,1.0
BPIhInVZ,2025-12-20T14:14:07.569000+00:00,60+0,standard,bullet,True,resign,white,83,WTFIsThatOpening,yankitaspinar,3043,2983,5,-4,A00,Kádas Opening,1,WTFIsThatOpening,white,yankitaspinar,3043,2983,win,1.0
iIIX2RLT,2025-12-20T13:59:08.549000+00:00,60+0,standard,bullet,True,mate,black,66,TelephonePlayer,WTFIsThatOpening,2989,3038,-5,5,A10,English Opening,1,WTFIsThatOpening,black,TelephonePlayer,3038,2989,win,1.0
37O2SsbF,2025-12-20T13:55:03.223000+00:00,60+0,standard,bullet,True,draw,,65,WTFIsThatOpening,Nozdrachev_Vladislav,3040,2952,-2,2,A00,Kádas Opening,1,WTFIsThatOpening,white,Nozdrachev_Vladislav,3040,2952,draw,0.5
80WL9APG,2025-12-20T03:31:01.074000+00:00,60+0,standard,bullet,True,resign,black,66,Chess-Network,WTFIsThatOpening,2883,3036,-4,4,B00,Ware Defense,2,WTFIsThatOpening,black,Chess-Network,3036,2883,win,1.0
jVdSag1Y,2025-12-19T01:49:27.252000+00:00,60+0,standard,bullet,True,resign,white,29,calcu_later,WTFIsThatOpening,3023,3042,6,-6,A40,Queen's Pawn Game,1,WTFIsThatOpening,black,calcu_later,3042,3023,loss,0.0
6HBECF8I,2025-12-19T01:44:59.701000+00:00,60+0,standard,bullet,True,resign,white,103,WTFIsThatOpening,Anwesh9792,3038,2922,4,-4,A00,Kádas Opening,1,WTFIsThatOpening,white,Anwesh9792,3038,2922,win,1.0
RDqmRSp3,2025-12-19T00:29:23.534000+00:00,60+0,standard,bullet,True,resign,white,67,WTFIsThatOpening,Alex200505,3034,2880,4,-3,A00,Kádas Opening,1,WTFIsThatOpening,white,Alex200505,3034,2880,win,1.0
bFgE7vqN,2025-12-18T12:25:47.515000+00:00,60+0,standard,bullet,True,resign,black,70,Hausigel,WTFIsThatOpening,2988,3029,-6,5,A10,English Opening,1,WTFIsThatOpening,black,Hausigel,3029,2988,win,1.0
J5ajaPEW,2025-12-18T12:21:47.736000+00:00,60+0,standard,bullet,True,mate,white,61,WTFIsThatOpening,marekreliga_alt2,3024,2912,5,-4,A00,Kádas Opening,1,WTFIsThatOpening,white,marekreliga_alt2,3024,2912,win,1.0
QcHhROU8,2025-12-16T12:05:11.429000+00:00,60+0,standard,bullet,True,mate,white,79,WTFIsThatOpening,Alamzhi,3025,2967,5,-5,A00,Kádas Opening,1,WTFIsThatOpening,white,Alamzhi,3025,2967,win,1.0
7kkzwzoq,2025-12-15T13:18:01.578000+00:00,60+0,standard,bullet,True,resign,black,62,Polyclinical,WTFIsThatOpening,3057,3018,-7,7,A00,Hungarian Opening,1,WTFIsThatOpening,black,Polyclinical,3018,3057,win,1.0
9QtoPePO,2025-12-15T13:10:27.316000+00:00,60+0,standard,bullet,True,mate,black,74,Ditrealman,WTFIsThatOpening,2982,3012,-5,6,B00,Goldsmith Defense,2,WTFIsThatOpening,black,Ditrealman,3012,2982,win,1.0
qunIb7Lw,2025-12-15T02:47:15.105000+00:00,60+0,standard,bullet,True,mate,black,154,WTFIsThatOpening,ThePatrick27,3022,2821,-10,9,A00,Kádas Opening,1,WTFIsThatOpening,white,ThePatrick27,3022,2821,loss,0.0
SieGhNAD,2025-12-15T01:00:40.414000+00:00,60+0,standard,bullet,True,resign,white,49,WTFIsThatOpening,Rumbitttos,3018,2893,4,-3,A00,Kádas Opening,1,WTFIsThatOpening,white,Rumbitttos,3018,2893,win,1.0
wmdAejlp,2025-12-13T21:37:26.801000+00:00,60+0,standard,bullet,True,mate,black,130,soon_in_June,WTFIsThatOpening,2799,3014,-2,4,A40,Queen's Pawn Game,1,WTFIsThatOpening,black,soon_in_June,3014,2799,win,1.0
lF9ETDU1,2025-12-12T13:57:45.950000+00:00,60+0,standard,bullet,True,resign,white,67,WTFIsThatOpening,ZigZagBB,3010,2902,4,-4,A00,Kádas Opening,1,WTFIsThatOpening,white,ZigZagBB,3010,2902,win,1.0
QJ08pfGY,2025-12-12T04:59:04.694000+00:00,60+0,standard,bullet,True,resign,black,74,Peko1234,WTFIsThatOpening,2842,3006,-3,4,B00,Ware Defense,2,WTFIsThatOpening,black,Peko1234,3006,2842,win,1.0
71gohX4K,2025-12-11T04:02:27.242000+00:00,60+0,standard,bullet,True,resign,black,64,JurgenSanchez97,WTFIsThatOpening,3017,3000,-6,6,B00,Ware Defense,2,WTFIsThatOpening,black,JurgenSanchez97,3000,3017,win,1.0
D6giNHL0,2025-12-05T13:24:53.187000+00:00,60+0,standard,bullet,True,mate,black,74,CyberSpace_xd,WTFIsThatOpening,2845,2993,-4,4,A40,Queen's Pawn Game,1,WTFIsThatOpening,black,CyberSpace_xd,2993,2845,win,1.0
7LeZozRJ,2025-11-30T18:58:47.407000+00:00,60+0,standard,bullet,True,mate,black,152,I_Am_The_Wise_Raven,WTFIsThatOpening,2776,2983,-3,3,A00,Clemenz Opening,1,WTFIsThatOpening,black,I_Am_The_Wise_Raven,2983,2776,win,1.0
BQKUZiqK,2026-01-31T21:58:34.042000+00:00,60+0,standard,bullet,True,mate,white,161,wizard98,Ediz_Gurel,3094,3303,8,-9,B01,Scandinavian Defense: Modern Variation,4,Ediz_Gurel,black,wizard98,3303,3094,loss,0.0
JOapWkXZ,2026-01-31T21:56:57.285000+00:00,60+0,standard,bullet,True,resign,black,110,Ediz_Gurel,chess-art-us,3309,3272,-6,6,A46,Indian Defense: Knights Variation,3,Ediz_Gurel,white,chess-art-us,3309,3272,loss,0.0
A6pxV6p5,2026-01-31T21:42:38.225000+00:00,60+0,standard,bullet,True,resign,white,95,evilhamburger,Ediz_Gurel,2957,3335,10,-11,B01,Scandinavian Defense: Panov Transfer,6,Ediz_Gurel,black,evilhamburger,3335,2957,loss,0.0
ysNIZcIu,2026-01-31T21:40:01.644000+00:00,60+0,standard,bullet,True,resign,white,55,Ediz_Gurel,DIANOCHKA_LOVE11,3339,3111,3,-3,B10,Caro-Kann Defense: Two Knights Attack,5,Ediz_Gurel,white,DIANOCHKA_LOVE11,3339,3111,win,1.0
XYbDJDYC,2026-01-31T21:23:11.351000+00:00,60+0,standard,bullet,True,mate,white,89,evilhamburger,Ediz_Gurel,2956,3335,11,-10,B14,"Caro-Kann Defense: Panov Attack, Fianchetto Defense",10,Ediz_Gurel,black,evilhamburger,3335,2956,loss,0.0
FcOHFG2T,2026-01-31T21:18:26.557000+00:00,60+0,standard,bullet,True,outoftime,white,163,Zhigalko_Sergei,Ediz_Gurel,3143,3345,9,-9,C54,"Italian Game: Classical Variation, Giuoco Pianissimo",13,Ediz_Gurel,black,Zhigalko_Sergei,3345,3143,loss,0.0
wEP4brLK,2026-01-31T20:59:34.778000+00:00,60+0,standard,bullet,True,resign,white,29,junglebook1,Ediz_Gurel,3347,3344,6,-6,C25,"Vienna Gambit, with Max Lange Defense: Knight Variation",7,Ediz_Gurel,black,junglebook1,3344,3347,loss,0.0
3ZtfQ65o,2026-01-31T20:57:22.827000+00:00,60+0,standard,bullet,True,mate,black,110,Ediz_Gurel,Hooligan64,3351,3226,-7,8,B23,Sicilian Defense: Closed,3,Ediz_Gurel,white,Hooligan64,3351,3226,loss,0.0
spjQRA6T,2026-01-31T20:45:20.208000+00:00,60+0,standard,bullet,True,resign,white,77,Ediz_Gurel,specteryamasaki,3376,3017,1,-1,C00,French Defense: Chigorin Variation,3,Ediz_Gurel,white,specteryamasaki,3376,3017,win,1.0
K55CO8FH,2026-01-31T20:40:18.996000+00:00,60+0,standard,bullet,True,resign,black,56,wizard98,Ediz_Gurel,3079,3367,-2,2,B02,Alekhine Defense: Scandinavian Variation,4,Ediz_Gurel,black,wizard98,3367,3079,win,1.0
RdUETsvT,2026-01-31T20:38:06.617000+00:00,60+0,standard,bullet,True,mate,black,110,Ediz_Gurel,AngelitoRT,3375,3198,-8,9,A46,Torre Attack: Classical Defense,5,Ediz_Gurel,white,AngelitoRT,3375,3198,loss,0.0
0vtCd7yP,2026-01-31T20:32:29.431000+00:00,60+0,standard,bullet,True,resign,black,72,Zhigalko_Sergei,Ediz_Gurel,3155,3379,-2,2,C58,"Italian Game: Two Knights Defense, Polerio Defense, Bishop Check Line",11,Ediz_Gurel,black,Zhigalko_Sergei,3379,3155,win,1.0
9kYDYImv,2026-01-31T20:31:17.179000+00:00,60+0,standard,bullet,True,resign,white,77,Ediz_Gurel,Night-King96,3375,3244,4,-4,A01,Nimzo-Larsen Attack: Classical Variation,2,Ediz_Gurel,white,Night-King96,3375,3244,win,1.0
RC4jjcYh,2026-01-31T20:23:28.548000+00:00,60+0,standard,bullet,True,resign,white,83,Bardyk01,Ediz_Gurel,3043,3397,11,-10,A05,Zukertort Opening: Nimzo-Larsen Variation,3,Ediz_Gurel,black,Bardyk01,3397,3043,loss,0.0
uQdhX6u1,2026-01-31T20:15:11.865000+00:00,60+0,standard,bullet,True,outoftime,black,94,Night-King96,Ediz_Gurel,3254,3388,-4,4,C41,"Philidor Defense: Lion Variation, Forcing Line",15,Ediz_Gurel,black,Night-King96,3388,3254,win,1.0
1k48d1TH,2026-01-31T20:09:36.985000+00:00,60+0,standard,bullet,True,mate,white,75,Bardyk01,Ediz_Gurel,3020,3392,12,-10,B13,Caro-Kann Defense: Exchange Variation,5,Ediz_Gurel,black,Bardyk01,3392,3020,loss,0.0
3VqRyYG9,2026-01-31T20:03:42.328000+00:00,60+0,standard,bullet,True,outoftime,white,97,Ediz_Gurel,crazyluzhinTh3,3389,2742,1,-1,B08,Pirc Defense: Classical Variation,8,Ediz_Gurel,white,crazyluzhinTh3,3389,2742,win,1.0
AR8H6bgp,2026-01-31T20:01:16.111000+00:00,60+0,standard,bullet,True,outoftime,,134,yyoochess,Ediz_Gurel,3161,3393,10,-4,B10,Caro-Kann Defense,4,Ediz_Gurel,black,yyoochess,3393,3161,draw,0.5
ibQFfMGs,2026-01-31T20:00:01.959000+00:00,60+0,standard,bullet,True,resign,black,84,chess-art-us,Ediz_Gurel,3400,3386,-6,7,A07,"King's Indian Attack, with e6",6,Ediz_Gurel,black,chess-art-us,3386,3400,win,1.0
RxVUpmU6,2026-01-29T10:06:50.342000+00:00,15+0,standard,ultraBullet,True,outoftime,black,122,Ediz_Gurel,mraquariyaz67,2764,2761,-6,6,A10,English Opening: Great Snake Variation,2,Ediz_Gurel,white,mraquariyaz67,2764,2761,loss,0.0
4CjFN2aT,2026-01-29T10:04:45.473000+00:00,15+0,standard,ultraBullet,True,outoftime,white,115,mraquariyaz67,Ediz_Gurel,2761,2764,5,-6,B06,Modern Defense: Standard Defense,6,Ediz_Gurel,black,mraquariyaz67,2764,2761,loss,0.0
tGVh6YLg,2026-01-29T10:04:01.522000+00:00,15+0,standard,ultraBullet,True,outoftime,white,115,Ediz_Gurel,mraquariyaz67,2758,2766,6,-5,A01,Nimzo-Larsen Attack: Indian Variation,2,Ediz_Gurel,white,mraquariyaz67,2758,2766,win,1.0
6PMSw0ZE,2026-01-29T10:02:40.550000+00:00,15+0,standard,ultraBullet,True,mate,white,45,Ediz_Gurel,mraquariyaz67,2752,2772,6,-5,B06,Modern Defense,2,Ediz_Gurel,white,mraquariyaz67,2752,2772,win,1.0
XSyyhrgB,2026-01-29T09:59:05.383000+00:00,15+0,standard,ultraBullet,True,outoftime,black,84,Ediz_Gurel,mraquariyaz67,2762,2762,-6,6,A01,Nimzo-Larsen Attack: Modern Variation,4,Ediz_Gurel,white,mraquariyaz67,2762,2762,loss,0.0
sAtlJVmx,2026-01-29T09:57:17.882000+00:00,15+0,standard,ultraBullet,True,outoftime,white,109,mraquariyaz67,Ediz_Gurel,2756,2767,6,-5,B01,Scandinavian Defense,2,Ediz_Gurel,black,mraquariyaz67,2767,2756,loss,0.0
Tmj4SHQ9,2026-01-29T09:56:10.561000+00:00,15+0,standard,ultraBullet,True,resign,black,56,mraquariyaz67,Ediz_Gurel,2755,2768,-5,6,A43,Benoni Defense: Old Benoni,2,Ediz_Gurel,black,mraquariyaz67,2768,2755,win,1.0
pedsm1qn,2026-01-29T09:48:14.285000+00:00,15+0,standard,ultraBullet,True,outoftime,white,113,mraquariyaz67,Ediz_Gurel,2765,2757,6,-5,B06,Modern Defense: Standard Defense,6,Ediz_Gurel,black,mraquariyaz67,2757,2765,loss,0.0
aqj6pPAf,2026-01-29T09:46:14.983000+00:00,15+0,standard,ultraBullet,True,mate,white,55,Ediz_Gurel,mraquariyaz67,2751,2771,6,-6,A01,Nimzo-Larsen Attack: Modern Variation,4,Ediz_Gurel,white,mraquariyaz67,2751,2771,win,1.0
0ZDrgqe8,2026-01-28T20:21:53.457000+00:00,60+0,standard,bullet,True,outoftime,white,171,GrigoriiTer-Saakian,Ediz_Gurel,3161,3395,9,-9,B15,Caro-Kann Defense: Tartakower Variation,10,Ediz_Gurel,black,GrigoriiTer-Saakian,3395,3161,loss,0.0
hRLJyTaL,2026-01-27T16:38:24.413000+00:00,60+0,standard,bullet,True,resign,white,45,Ediz_Gurel,junglebook1,3379,3377,5,-5,C65,"Ruy Lopez: Classical Variation, Zukertort Gambit",9,Ediz_Gurel,white,junglebook1,3379,3377,win,1.0
9XJMsudR,2026-01-30T21:52:51.887000+00:00,1200+10,standard,classical,True,mate,white,65,quintof,ErMejo63,2291,1721,0,-1,A18,English Opening: Mikenas-Carls Variation,5,quintof,white,ErMejo63,2291,1721,win,1.0
sEB4xgt9,2026-01-30T13:17:24.457000+00:00,60+0,standard,bullet,True,outoftime,white,95,yurs09,quintof,2138,2469,10,-12,A43,Benoni Defense: Old Benoni,2,quintof,black,yurs09,2469,2138,loss,0.0
3E4uD0tf,2026-01-25T08:17:16.462000+00:00,60+1,standard,bullet,True,outoftime,white,59,quintof,kinkohyo,2482,2116,2,-2,B10,"Caro-Kann Defense: Accelerated Panov Attack, Modern Variation",8,quintof,white,kinkohyo,2482,2116,win,1.0
iI84xmpw,2026-01-23T20:30:00.710000+00:00,1500+3,standard,classical,True,outoftime,white,129,quintof,faudrez,2289,1843,2,0,A18,English Opening: Mikenas-Carls Variation,5,quintof,white,faudrez,2289,1843,win,1.0
dI9dVtE4,2026-01-22T18:25:59.749000+00:00,60+0,chess960,bullet,True,outoftime,white,67,Juvenilia,quintof,2246,2155,4,-6,,,,quintof,black,Juvenilia,2155,2246,loss,0.0
i9qsg6mk,2026-01-21T18:00:03.120000+00:00,1800+0,standard,classical,True,mate,black,88,TheAmaury,quintof,1721,2289,-1,0,A00,Hungarian Opening,1,quintof,black,TheAmaury,2289,1721,win,1.0
KPHYf5cZ,2026-01-21T17:29:20.838000+00:00,120+1,chess960,bullet,True,outoftime,black,72,GermanTresJaques,quintof,2133,2155,-6,7,,,,quintof,black,GermanTresJaques,2155,2133,win,1.0
umcEaGm6,2026-01-20T16:28:35.136000+00:00,60+1,standard,bullet,True,outoftime,black,72,ShamneAnton,quintof,2204,2479,-4,2,B42,"Sicilian Defense: Kan Variation, Polugaevsky Variation",10,quintof,black,ShamneAnton,2479,2204,win,1.0
qsH5CDPQ,2026-01-20T16:11:02.387000+00:00,60+1,standard,bullet,True,mate,white,87,quintof,kaduleyajithey,2478,1366,0,0,A10,English Opening,1,quintof,white,kaduleyajithey,2478,1366,win,1.0
Qhx3Vpsd,2026-01-16T21:18:17.546000+00:00,1500+3,standard,classical,True,resign,black,58,Eigen0121,quintof,1974,2286,-27,3,D27,"Queen's Gambit Accepted: Classical Defense, Rubinstein Variation",13,quintof,black,Eigen0121,2286,1974,win,1.0
VEAVu6lg,2026-01-16T20:30:00.077000+00:00,1500+3,standard,classical,True,resign,white,51,quintof,alex11star,2285,1921,1,-1,A25,"English Opening: King's English Variation, Reversed Closed Sicilian",4,quintof,white,alex11star,2285,1921,win,1.0
uJg8GeBX,2026-01-15T19:44:00.062000+00:00,600+0,standard,rapid,True,resign,black,66,muged,quintof,1193,2257,0,0,A00,Van't Kruijs Opening,1,quintof,black,muged,2257,1193,win,1.0
pNcsltTT,2026-01-14T18:58:58.630000+00:00,1800+0,standard,classical,True,resign,black,140,IliaChess80,quintof,1720,2284,-1,1,A09,Réti Opening: Réti Accepted,4,quintof,black,IliaChess80,2284,1720,win,1.0
GtNwGLve,2026-01-14T17:15:06.614000+00:00,1500+3,standard,classical,True,resign,white,51,Hormisdas,quintof,1981,2297,33,-13,D37,"Queen's Gambit Declined: Three Knights, Vienna Variation",8,quintof,black,Hormisdas,2297,1981,loss,0.0
333qMsyO,2026-01-14T16:26:21.756000+00:00,1500+3,standard,classical,True,resign,white,93,quintof,samkof,2295,1892,2,-1,A25,"English Opening: King's English Variation, Reversed Closed Sicilian",4,quintof,white,samkof,2295,1892,win,1.0
Z3H4f3K3,2026-01-14T15:28:02.021000+00:00,1500+3,standard,classical,True,resign,black,46,lasmatanzas,quintof,1769,2294,-1,1,B23,Sicilian Defense: Closed,4,quintof,black,lasmatanzas,2294,1769,win,1.0
lemJ1qs0,2026-01-13T15:18:37.303000+00:00,1500+3,standard,classical,True,resign,black,162,vkmonster1979,quintof,1620,2294,-5,0,B40,"Sicilian Defense: Delayed Alapin Variation, with e6",5,quintof,black,vkmonster1979,2294,1620,win,1.0
Ft6UQbhr,2026-01-13T14:51:41.860000+00:00,180+0,standard,blitz,True,mate,white,47,quintof,geburator,2335,1579,1,0,A21,"English Opening: King's English Variation, Reversed Sicilian",3,quintof,white,geburator,2335,1579,win,1.0
BUF9jpbW,2026-01-12T19:39:11.348000+00:00,1800+0,standard,classical,True,mate,black,88,Minu99,quintof,1898,2292,-6,2,D00,Queen's Pawn Game,3,quintof,black,Minu99,2292,1898,win,1.0
0OjMRb4p,2026-01-12T19:34:25.295000+00:00,60+0,standard,bullet,True,resign,black,52,Timoha_chess20,quintof,2584,2456,-16,7,A06,Zukertort Opening: Old Indian Attack,3,quintof,black,Timoha_chess20,2456,2584,win,1.0
f7UxbNcq,2026-01-12T17:53:09.509000+00:00,1500+3,standard,classical,True,outoftime,black,150,Chess_Wictor,quintof,2057,2289,-16,3,B21,Sicilian Defense: McDonnell Attack,3,quintof,black,Chess_Wictor,2289,2057,win,1.0
6ZmpQUAP,2026-01-12T17:50:17.471000+00:00,60+0,standard,bullet,True,outoftime,black,86,oiledaniel,quintof,1881,2453,-1,0,D02,"Queen's Pawn Game: London System, with e6",5,quintof,black,oiledaniel,2453,1881,win,1.0
gRxlDHh9,2026-01-12T16:53:48.679000+00:00,1500+3,standard,classical,True,mate,black,128,quintof,Aaronjhernandez,2302,1991,-13,22,A10,English Opening,1,quintof,white,Aaronjhernandez,2302,1991,loss,0.0
cYV1mNQQ,2026-01-12T16:12:21.761000+00:00,1500+3,standard,classical,True,outoftime,black,70,Lenin111,quintof,1977,2300,-4,2,B43,"Sicilian Defense: Kan Variation, Knight Variation",9,quintof,black,Lenin111,2300,1977,win,1.0
dRT4fqaN,2026-01-12T15:29:00.371000+00:00,1500+3,standard,classical,True,resign,white,51,quintof,Kobayashix1,2299,1609,1,-1,A36,"English Opening: Symmetrical Variation, Two Knights, Fianchetto Variation",5,quintof,white,Kobayashix1,2299,1609,win,1.0
bhnmQJDf,2026-01-11T20:30:01.718000+00:00,60+1,standard,bullet,True,mate,white,37,PsoyKorolenko,quintof,2280,2454,8,-8,B40,Sicilian Defense: Kramnik Variation,5,quintof,black,PsoyKorolenko,2454,2280,loss,0.0
mYytCiGT,2026-01-11T20:03:58.655000+00:00,0+1,standard,bullet,True,outoftime,white,53,kingkillerr,quintof,2169,2479,9,-9,B15,Caro-Kann Defense: Campomanes Attack,6,quintof,black,kingkillerr,2479,2169,loss,0.0
Es5qXGAa,2026-01-11T13:21:44.902000+00:00,60+0,standard,bullet,True,mate,white,69,quintof,ChessTrianer,2481,1744,0,-1,A21,"English Opening: King's English Variation, Reversed Sicilian",3,quintof,white,ChessTrianer,2481,1744,win,1.0
W3dOBpln,2026-01-11T11:43:06.522000+00:00,1500+3,standard,classical,True,resign,black,124,monica_belluci76,quintof,1799,2299,-1,0,D27,"Queen's Gambit Accepted: Classical Defense, Rubinstein Variation",13,quintof,black,monica_belluci76,2299,1799,win,1.0
qUGdzBAQ,2026-01-11T10:48:58.722000+00:00,1500+3,standard,classical,True,draw,,156,quintof,fighting1,2301,2210,-2,2,A16,"English Opening: Anglo-Indian Defense, Anglo-Grünfeld Variation",10,quintof,white,fighting1,2301,2210,draw,0.5
H1yiDH0M,2026-02-01T22:43:50.191000+00:00,60+0,standard,bullet,True,outoftime,white,75,verRookt,Jagulep,1824,2164,10,-10,A45,Indian Defense: Accelerated London System,3,Jagulep,black,verRookt,2164,1824,loss,0.0
bKKfgMgE,2026-02-01T22:39:36.804000+00:00,60+0,standard,bullet,True,mate,white,55,Jagulep,radoslawski,2159,2134,5,-6,B07,Czech Defense,6,Jagulep,white,radoslawski,2159,2134,win,1.0
ATt12EM1,2026-02-01T12:36:32.807000+00:00,60+0,standard,bullet,True,outoftime,black,86,Jagulep,Tucsonhacker,2172,1843,-10,10,C10,French Defense: Paulsen Variation,5,Jagulep,white,Tucsonhacker,2172,1843,loss,0.0
msdsVTMa,2026-02-01T10:48:23.664000+00:00,60+0,standard,bullet,True,mate,white,135,Jagulep,EgorAgapitov_2013,2151,2292,8,-8,C44,"Scotch Game: Scotch Gambit, Göring Gambit Declined",8,Jagulep,white,EgorAgapitov_2013,2151,2292,win,1.0
4WJebtwW,2026-02-01T10:42:27.495000+00:00,60+0,standard,bullet,True,mate,white,65,Grimuald,Jagulep,1923,2160,9,-9,A00,Van Geet Opening,1,Jagulep,black,Grimuald,2160,1923,loss,0.0
QTBfEs9S,2026-02-01T07:51:50.524000+00:00,60+0,standard,bullet,True,mate,white,87,DarkOnBerserk,Jagulep,2214,2168,11,-5,D02,Queen's Pawn Game: Chigorin Variation,4,Jagulep,black,DarkOnBerserk,2168,2214,loss,0.0
F2BaCjkf,2026-02-01T07:22:25.019000+00:00,60+0,standard,bullet,True,outoftime,white,77,Jagulep,andoytx,2163,1764,1,-1,B21,"Sicilian Defense: Morphy Gambit, Andreaschek Gambit",7,Jagulep,white,andoytx,2163,1764,win,1.0
Q33GbtwF,2026-02-01T05:50:07.207000+00:00,60+0,standard,bullet,True,outoftime,black,74,Jagulep,Barsa1984,2179,1726,-11,11,C20,King's Pawn Game: Beyer Gambit,4,Jagulep,white,Barsa1984,2179,1726,loss,0.0
U69tawjv,2026-02-01T04:32:23.890000+00:00,60+0,standard,bullet,True,outoftime,white,59,Jagulep,BengHao,2179,1801,1,-1,B21,Sicilian Defense: Smith-Morra Gambit Accepted,6,Jagulep,white,BengHao,2179,1801,win,1.0
SV7pGwZp,2026-02-01T04:26:46.042000+00:00,60+0,standard,bullet,True,outoftime,white,77,HenrySEvangelista,Jagulep,2070,2186,8,-7,A10,English Opening: Anglo-Scandinavian Defense,2,Jagulep,black,HenrySEvangelista,2186,2070,loss,0.0
ZNE8S39w,2026-02-01T02:21:44.865000+00:00,60+0,standard,bullet,True,outoftime,white,85,Jagulep,Wallstreetjunky,2169,2290,8,-8,B21,Sicilian Defense: Smith-Morra Gambit Accepted,6,Jagulep,white,Wallstreetjunky,2169,2290,win,1.0
fKA9dxzV,2026-02-01T02:05:24.612000+00:00,60+0,standard,bullet,True,outoftime,white,49,Jagulep,troncosov24,2144,2118,5,-5,B00,Pirc Defense,3,Jagulep,white,troncosov24,2144,2118,win,1.0
faOK51QP,2026-02-01T01:50:27.505000+00:00,60+0,standard,bullet,True,outoftime,white,125,Jagulep,Killerlion,2127,2433,9,-9,C21,Danish Gambit Accepted,6,Jagulep,white,Killerlion,2127,2433,win,1.0
NDWhHjQJ,2026-02-01T01:33:58.994000+00:00,60+0,standard,bullet,True,outoftime,black,68,apple84928249,Jagulep,2364,2108,-9,10,A10,English Opening: Anglo-Scandinavian Defense,2,Jagulep,black,apple84928249,2108,2364,win,1.0
OaZYB6YM,2026-01-31T10:42:49+00:00,60+0,standard,bullet,True,outoftime,black,86,Jagulep,blueanomoly,2109,2353,-2,4,C44,"Scotch Game: Scotch Gambit, Göring Gambit Declined",8,Jagulep,white,blueanomoly,2109,2353,loss,0.0
GxzclOjq,2026-01-31T09:19:02.589000+00:00,60+0,standard,bullet,True,mate,white,89,yvonnelight,Jagulep,1438,2129,11,-11,B01,Scandinavian Defense: Mieses-Kotroc Variation,4,Jagulep,black,yvonnelight,2129,1438,loss,0.0
Tuyfu7La,2026-01-31T09:08:14.536000+00:00,60+0,standard,bullet,True,mate,black,124,Jagulep,berto777,2141,2356,-3,3,B21,"Sicilian Defense: Smith-Morra Gambit Declined, Push Variation",6,Jagulep,white,berto777,2141,2356,loss,0.0
kYdwC8jl,2026-01-31T08:40:53.887000+00:00,60+0,standard,bullet,True,outoftime,black,64,Jagulep,imnoobiiimnoob,2143,1997,-8,8,D00,Blackmar-Diemer Gambit: Netherlands Variation,6,Jagulep,white,imnoobiiimnoob,2143,1997,loss,0.0
Tm3yuPLr,2026-01-31T08:14:40.394000+00:00,60+0,standard,bullet,True,mate,white,33,Jagulep,Janwronski,2136,1781,1,-2,B06,Modern Defense: Standard Defense,6,Jagulep,white,Janwronski,2136,1781,win,1.0
akn270hE,2026-01-31T04:28:14.779000+00:00,180+0,fromPosition,blitz,True,mate,black,60,Jagulep,bsb_chess,2137,1785,-10,10,,,,Jagulep,white,bsb_chess,2137,1785,loss,0.0
k2qqDnBa,2026-01-31T04:07:26.548000+00:00,180+0,fromPosition,blitz,True,mate,white,49,Joker2703,Jagulep,1884,2141,10,-9,,,,Jagulep,black,Joker2703,2141,1884,loss,0.0
058T7fha,2026-01-31T03:25:28.197000+00:00,60+0,fromPosition,bullet,True,mate,white,57,tomahawkthundervolt,Jagulep,1946,2155,9,-9,,,,Jagulep,black,tomahawkthundervolt,2155,1946,loss,0.0
snyrMkD6,2026-01-31T03:04:19.059000+00:00,60+0,fromPosition,bullet,True,mate,white,59,Valen4000,Jagulep,2014,2171,8,-8,,,,Jagulep,black,Valen4000,2171,2014,loss,0.0
nABYxPgF,2026-01-30T20:43:24.702000+00:00,1200+10,standard,classical,True,mate,white,141,Muhammadabdulvagabov,Jagulep,2052,2297,31,-23,A31,"English Opening: Symmetrical Variation, Anti-Benoni Variation",5,Jagulep,black,Muhammadabdulvagabov,2297,2052,loss,0.0
RbmTP0tq,2026-01-30T12:13:25.445000+00:00,60+0,standard,bullet,True,mate,black,36,Jagulep,DakhileM,2186,1759,-10,11,B00,Nimzowitsch Defense: Kennedy Variation,4,Jagulep,white,DakhileM,2186,1759,loss,0.0
FGpEZNkQ,2026-01-30T10:07:15.187000+00:00,60+0,standard,bullet,True,outoftime,black,84,Jagulep,Her_TCCStars,2188,1936,-9,11,C44,Scotch Game: Lolli Variation,6,Jagulep,white,Her_TCCStars,2188,1936,loss,0.0
uRfXQ2WG,2026-01-30T09:36:30.337000+00:00,60+0,standard,bullet,True,mate,white,63,Ibrohim_10,Jagulep,1939,2211,11,-9,A45,Indian Defense,2,Jagulep,black,Ibrohim_10,2211,1939,loss,0.0
bKo2B0VG,2026-01-30T07:22:09.670000+00:00,60+0,standard,bullet,True,mate,white,69,Lekax99,Jagulep,1602,2233,11,-11,B01,Scandinavian Defense: Mieses-Kotroc Variation,4,Jagulep,black,Lekax99,2233,1602,loss,0.0
kC4utRIt,2026-01-30T07:05:01.634000+00:00,60+0,standard,bullet,True,mate,white,61,ARSENIKUM-1986,Jagulep,2089,2240,8,-8,B01,Scandinavian Defense: Mieses-Kotroc Variation,4,Jagulep,black,ARSENIKUM-1986,2240,2089,loss,0.0
RcDKr4qK,2026-01-30T06:54:49.074000+00:00,60+0,standard,bullet,True,outoftime,black,130,Jagulep,Coach13,2235,2791,0,0,B21,"Sicilian Defense: Smith-Morra Gambit Accepted, Chicago Defense",18,Jagulep,white,Coach13,2235,2791,loss,0.0
6dzqXgBS,2026-01-27T14:51:49.897000+00:00,180+0,standard,blitz,True,resign,white,59,TheRealGenghisKhan,JakobPajeken,2780,2672,4,-3,D01,Rapport-Jobava System,5,TheRealGenghisKhan,white,JakobPajeken,2780,2672,win,1.0
FzwXtgeJ,2026-01-26T15:47:58.875000+00:00,180+0,standard,blitz,True,mate,white,47,TheRealGenghisKhan,cant_handle_h5,2779,2635,4,-3,D01,Rapport-Jobava System,5,TheRealGenghisKhan,white,cant_handle_h5,2779,2635,win,1.0
Nw083FXe,2026-01-26T15:29:51.729000+00:00,180+0,standard,blitz,True,resign,black,102,Vagizovich,TheRealGenghisKhan,2640,2770,-4,4,B01,"Scandinavian Defense: Modern Variation, Gipslis Variation",8,TheRealGenghisKhan,black,Vagizovich,2770,2640,win,1.0
QIBlDLGW,2026-01-26T12:19:46.651000+00:00,180+0,standard,blitz,True,resign,white,21,TheRealGenghisKhan,Romsta,2773,2552,2,-3,B13,Caro-Kann Defense: Exchange Variation,8,TheRealGenghisKhan,white,Romsta,2773,2552,win,1.0
umAPbgcj,2026-01-26T11:45:46.782000+00:00,180+0,standard,blitz,True,resign,black,128,Fabsid,TheRealGenghisKhan,2800,2778,-7,7,E91,King's Indian Defense: Orthodox Variation,11,TheRealGenghisKhan,black,Fabsid,2778,2800,win,1.0
39pjZ6HV,2026-01-26T11:07:09.928000+00:00,180+0,standard,blitz,True,draw,,41,TheRealGenghisKhan,Fabsid,2783,2805,0,0,D03,"Queen's Pawn Game: Torre Attack, Gossip Variation",6,TheRealGenghisKhan,white,Fabsid,2783,2805,draw,0.5
ikkLOrZX,2026-01-25T20:13:43.782000+00:00,180+0,standard,blitz,True,mate,white,105,TheRealGenghisKhan,Girke1976,2777,2675,4,-4,A45,Indian Defense: Reversed Chigorin Defense,4,TheRealGenghisKhan,white,Girke1976,2777,2675,win,1.0
fcPv6tq7,2026-01-25T20:00:42.274000+00:00,180+0,standard,blitz,True,resign,black,70,Odetaaari,TheRealGenghisKhan,2845,2767,-14,7,E97,"King's Indian Defense: Orthodox Variation, Bayonet Attack",17,TheRealGenghisKhan,black,Odetaaari,2767,2845,win,1.0
rAD2Anvk,2026-01-25T11:55:36.970000+00:00,180+0,standard,blitz,True,timeout,black,110,TheRealGenghisKhan,Buhmann,2773,2764,-6,6,A00,Hungarian Opening,1,TheRealGenghisKhan,white,Buhmann,2773,2764,loss,0.0
XaKaUh4f,2026-01-25T11:45:11.019000+00:00,180+0,standard,blitz,True,resign,white,55,TheRealGenghisKhan,SeekingCompensation,2767,2560,2,-3,A00,Hungarian Opening,1,TheRealGenghisKhan,white,SeekingCompensation,2767,2560,win,1.0
mAOxM5WP,2026-01-25T11:35:29.828000+00:00,180+0,standard,blitz,True,resign,black,44,umbrella5000,TheRealGenghisKhan,2539,2771,-3,2,A04,Zukertort Opening: Queenside Fianchetto Variation,2,TheRealGenghisKhan,black,umbrella5000,2771,2539,win,1.0
gP2KU7dU,2026-01-25T11:30:20.904000+00:00,180+0,standard,blitz,True,resign,black,68,TheRealGenghisKhan,filolog,2778,2726,-7,7,A00,Hungarian Opening,1,TheRealGenghisKhan,white,filolog,2778,2726,loss,0.0
KOWwyvrz,2026-01-23T19:30:52.043000+00:00,180+0,standard,blitz,True,resign,black,116,TheChessKiller3,TheRealGenghisKhan,2628,2771,-3,3,A48,East Indian Defense,4,TheRealGenghisKhan,black,TheChessKiller3,2771,2628,win,1.0
DGdlhJ4G,2026-01-23T19:14:50.225000+00:00,180+0,standard,blitz,True,mate,white,91,TheRealGenghisKhan,RakitinD,2765,2754,6,-6,A01,Nimzo-Larsen Attack: Modern Variation,2,TheRealGenghisKhan,white,RakitinD,2765,2754,win,1.0
4ot60fog,2026-01-23T19:09:27.403000+00:00,180+0,standard,blitz,True,mate,white,79,RakitinD,TheRealGenghisKhan,2748,2771,6,-6,B00,Owen Defense,2,TheRealGenghisKhan,black,RakitinD,2771,2748,loss,0.0
oGa6fRvO,2026-01-23T19:03:30.401000+00:00,180+0,standard,blitz,True,resign,white,117,TheRealGenghisKhan,RakitinD,2766,2753,5,-5,A01,Nimzo-Larsen Attack: Modern Variation,2,TheRealGenghisKhan,white,RakitinD,2766,2753,win,1.0
dQapeUia,2026-01-23T18:53:18.142000+00:00,180+0,standard,blitz,True,resign,white,53,filolog,TheRealGenghisKhan,2722,2768,6,-6,B22,"Sicilian Defense: Alapin Variation, Smith-Morra Declined",8,TheRealGenghisKhan,black,filolog,2768,2722,loss,0.0
Pxmpgycd,2026-01-23T18:48:37.734000+00:00,180+0,standard,blitz,True,resign,white,83,TheRealGenghisKhan,BartoszSocko,2762,2802,6,-7,A41,Queen's Pawn Game,2,TheRealGenghisKhan,white,BartoszSocko,2762,2802,win,1.0
Qftc947k,2026-01-23T18:39:30.797000+00:00,180+0,standard,blitz,True,resign,white,47,Roshka_Yevgeniy,TheRealGenghisKhan,2773,2764,7,-6,A57,Benko Gambit Accepted: Dlugy Variation,9,TheRealGenghisKhan,black,Roshka_Yevgeniy,2764,2773,loss,0.0
3c3nBVPQ,2026-01-23T18:34:29.432000+00:00,180+0,standard,blitz,True,resign,black,44,TheRealGenghisKhan,MitsisGeorgios02,2769,2615,-8,9,C00,French Defense: Hoffmann Gambit,8,TheRealGenghisKhan,white,MitsisGeorgios02,2769,2615,loss,0.0
M3Tm3BYa,2026-01-23T18:32:27.060000+00:00,180+0,standard,blitz,True,resign,white,39,Roshka_Yevgeniy,TheRealGenghisKhan,2760,2775,8,-6,A07,"King's Indian Attack, with e6",6,TheRealGenghisKhan,black,Roshka_Yevgeniy,2775,2760,loss,0.0
4YAD7Pvq,2026-01-23T16:56:03.066000+00:00,180+0,standard,blitz,True,mate,black,92,JoeAssaad,TheRealGenghisKhan,2648,2771,-4,4,B20,Sicilian Defense: Mengarini Variation,3,TheRealGenghisKhan,black,JoeAssaad,2771,2648,win,1.0
iY8tqfjn,2026-01-23T13:15:51.326000+00:00,180+0,standard,blitz,True,draw,,5,TheRealGenghisKhan,justwanttoplay0,2773,2648,-2,2,B23,"Sicilian Defense: Closed, Traditional",4,TheRealGenghisKhan,white,justwanttoplay0,2773,2648,draw,0.5
G8hvk9tA,2026-01-22T18:51:33.013000+00:00,180+0,standard,blitz,True,resign,white,73,TheRealGenghisKhan,SublimeWarrior,2769,2811,6,-6,C50,"Italian Game: Giuoco Pianissimo, Normal",8,TheRealGenghisKhan,white,SublimeWarrior,2769,2811,win,1.0
yaNQiwXS,2026-01-22T18:48:06.212000+00:00,180+0,standard,blitz,True,resign,black,36,Sultai,TheRealGenghisKhan,2631,2765,-3,4,B40,"Sicilian Defense: Delayed Alapin Variation, with e6",5,TheRealGenghisKhan,black,Sultai,2765,2631,win,1.0
sFvtqwKl,2026-01-20T15:40:47.087000+00:00,180+0,standard,blitz,True,resign,white,56,Dr_Tiger,TheRealGenghisKhan,2912,2767,3,-4,A11,English Opening: Caro-Kann Defensive System,2,TheRealGenghisKhan,black,Dr_Tiger,2767,2912,loss,0.0
UBdmnJY2,2026-01-20T15:18:47.970000+00:00,180+0,standard,blitz,True,resign,black,60,Sultai,TheRealGenghisKhan,2585,2764,-3,3,B01,"Scandinavian Defense: Valencian Variation, Main Line",10,TheRealGenghisKhan,black,Sultai,2764,2585,win,1.0
l23nkXPX,2026-01-20T15:13:51.768000+00:00,180+0,standard,blitz,True,resign,black,86,TheRealGenghisKhan,HardWork1996,2772,2631,-8,9,B20,Sicilian Defense,2,TheRealGenghisKhan,white,HardWork1996,2772,2631,loss,0.0
xBeFWBwn,2026-01-20T15:00:29.277000+00:00,180+0,standard,blitz,True,resign,black,88,Buhmann,TheRealGenghisKhan,2735,2760,-6,5,B38,"Sicilian Defense: Accelerated Dragon, Maróczy Bind",11,TheRealGenghisKhan,black,Buhmann,2760,2735,win,1.0
ufHUhsOm,2026-01-20T14:58:33.445000+00:00,180+0,standard,blitz,True,resign,black,46,TheRealGenghisKhan,abudabi22840,2763,2942,-3,8,D01,Rapport-Jobava System,5,TheRealGenghisKhan,white,abudabi22840,2763,2942,loss,0.0
LzQERsdT,2026-02-01T20:35:29.549000+00:00,600+0,standard,rapid,True,resign,black,50,Endgame2801,YaaasQueen,2527,2556,-6,11,B90,Sicilian Defense: Najdorf Variation,10,YaaasQueen,black,Endgame2801,2556,2527,win,1.0
yDl5kzrS,2026-02-01T13:14:06.969000+00:00,180+0,standard,blitz,True,stalemate,,138,superpower4,YaaasQueen,2574,2514,-1,1,B51,Sicilian Defense: Moscow Variation,5,YaaasQueen,black,superpower4,2514,2574,draw,0.5
bMzuNC01,2026-01-31T12:45:05.522000+00:00,600+0,standard,rapid,True,resign,black,114,Unknown_Dark_knight,YaaasQueen,2402,2549,-5,7,B96,Sicilian Defense: Najdorf Variation,13,YaaasQueen,black,Unknown_Dark_knight,2549,2402,win,1.0
NNONSRlA,2026-01-30T23:09:57.977000+00:00,180+0,standard,blitz,True,resign,black,90,YaaasQueen,playablecharacter,2515,2386,-7,8,B19,Caro-Kann Defense: Classical Variation,14,YaaasQueen,white,playablecharacter,2515,2386,loss,0.0
LNzRrTgw,2026-01-30T01:49:49.478000+00:00,180+0,standard,blitz,True,resign,white,63,Bajanista,YaaasQueen,2457,2533,7,-6,B54,"Sicilian Defense: Modern Variations, Main Line",8,YaaasQueen,black,Bajanista,2533,2457,loss,0.0
MzNOEGkD,2026-01-30T01:15:07.081000+00:00,180+2,standard,blitz,True,mate,black,78,IamALLsadness,YaaasQueen,2375,2526,-4,3,E44,Nimzo-Indian Defense: St. Petersburg Variation,9,YaaasQueen,black,IamALLsadness,2526,2375,win,1.0
PcKDwxsd,2026-01-29T23:36:43.554000+00:00,180+0,standard,blitz,True,mate,white,91,YaaasQueen,leonteo,2530,2390,3,-3,C02,"French Defense: Advance Variation, Milner-Barry Gambit",11,YaaasQueen,white,leonteo,2530,2390,win,1.0
b3yR7LX2,2026-01-29T23:29:38.515000+00:00,180+0,standard,blitz,True,resign,black,82,B-A-N-K-A-I,YaaasQueen,2426,2525,-5,5,D43,Semi-Slav Defense,8,YaaasQueen,black,B-A-N-K-A-I,2525,2426,win,1.0
muoIuXnh,2026-01-29T15:00:01.437000+00:00,180+0,standard,blitz,True,draw,,138,YaaasQueen,Alexboy14,2520,2687,2,-2,B00,St. George Defense,2,YaaasQueen,white,Alexboy14,2520,2687,draw,0.5
8zwY6VkE,2026-01-28T18:46:08.308000+00:00,180+0,standard,blitz,True,outoftime,white,117,YaaasQueen,Benek77,2500,2555,6,-7,B22,Sicilian Defense: Alapin Variation,3,YaaasQueen,white,Benek77,2500,2555,win,1.0
lHKMJqDm,2026-01-28T11:23:56.152000+00:00,180+0,standard,blitz,True,resign,black,54,nuitet87673,YaaasQueen,2485,2509,-6,5,B96,Sicilian Defense: Najdorf Variation,13,YaaasQueen,black,nuitet87673,2509,2485,win,1.0
q2PRTTRv,2026-01-28T02:29:09.720000+00:00,180+0,standard,blitz,True,draw,,105,YaaasQueen,R_ojito,2509,2487,0,1,C47,Four Knights Game: Glek System,7,YaaasQueen,white,R_ojito,2509,2487,draw,0.5
l8rGRZ4t,2026-01-27T23:47:45.883000+00:00,180+0,standard,blitz,True,resign,white,67,YaaasQueen,besfighter,2504,2496,5,-5,B22,Sicilian Defense: Alapin Variation,3,YaaasQueen,white,besfighter,2504,2496,win,1.0
vYHD13Yz,2026-01-27T12:33:32.635000+00:00,60+0,standard,bullet,True,resign,white,61,Reisr,YaaasQueen,2502,2682,8,-9,B50,Sicilian Defense: Modern Variations,4,YaaasQueen,black,Reisr,2682,2502,loss,0.0
9Q0BcJ8N,2026-01-23T19:22:33.775000+00:00,180+0,standard,blitz,True,mate,black,38,Ngazio2000,YaaasQueen,2454,2504,-5,5,B96,Sicilian Defense: Najdorf Variation,13,YaaasQueen,black,Ngazio2000,2504,2454,win,1.0
fRqKIffa,2026-01-23T14:23:57.772000+00:00,180+0,standard,blitz,True,resign,white,57,YaaasQueen,jncool68,2502,2633,8,-7,C50,Italian Game,5,YaaasQueen,white,jncool68,2502,2633,win,1.0
74Wqy6Pz,2026-01-21T22:12:17.106000+00:00,180+0,standard,blitz,True,resign,white,31,YaaasQueen,ChessDama2021,2526,2594,7,-7,B22,"Sicilian Defense: Alapin Variation, Barmen Defense",6,YaaasQueen,white,ChessDama2021,2526,2594,win,1.0
9SWgQeFB,2026-01-20T22:40:03.721000+00:00,60+0,standard,bullet,True,outoftime,white,85,songokuzinho,YaaasQueen,2565,2690,8,-7,B20,Sicilian Defense: King David's Opening,3,YaaasQueen,black,songokuzinho,2690,2565,loss,0.0
phG41Rzy,2026-01-18T15:48:04.732000+00:00,180+0,standard,blitz,True,resign,white,71,GoodKnightRookie,YaaasQueen,2459,2488,6,-6,B90,"Sicilian Defense: Najdorf Variation, Freak Attack",11,YaaasQueen,black,GoodKnightRookie,2488,2459,loss,0.0
dGguHeAm,2026-01-16T14:31:45.919000+00:00,180+0,standard,blitz,True,resign,black,88,YaaasQueen,BraveEagle,2527,2386,-8,8,B06,Modern Defense,4,YaaasQueen,white,BraveEagle,2527,2386,loss,0.0
vUXWkCrB,2026-01-15T16:58:07.388000+00:00,180+0,standard,blitz,True,resign,black,62,YaaasQueen,DiogenesSinopeus,2518,2588,-4,5,C71,"Ruy Lopez: Morphy Defense, Modern Steinitz Defense",8,YaaasQueen,white,DiogenesSinopeus,2518,2588,loss,0.0
rtbNcGND,2026-01-15T13:11:33.369000+00:00,180+0,standard,blitz,True,mate,white,81,YaaasQueen,Din-don-dan,2515,2354,3,-3,C02,"French Defense: Advance Variation, Paulsen Attack",9,YaaasQueen,white,Din-don-dan,2515,2354,win,1.0
EmlcxfOx,2026-01-13T17:18:20.091000+00:00,60+0,standard,bullet,True,resign,white,49,pmlmail,YaaasQueen,2656,2679,6,-6,A46,Torre Attack: Classical Defense,5,YaaasQueen,black,pmlmail,2679,2656,loss,0.0
3uupzQZG,2026-01-12T14:56:17.750000+00:00,180+0,standard,blitz,True,resign,white,111,JustAnAppleToday,YaaasQueen,2528,2529,6,-6,D35,"Queen's Gambit Declined: Exchange Variation, Positional Variation",10,YaaasQueen,black,JustAnAppleToday,2529,2528,loss,0.0
THVJAt1s,2026-01-11T12:52:16.662000+00:00,180+0,standard,blitz,True,resign,black,57,chocolate10,YaaasQueen,2446,2532,-11,4,A05,Zukertort Opening,2,YaaasQueen,black,chocolate10,2532,2446,win,1.0
MOZuLJhe,2026-01-11T12:46:55.742000+00:00,180+0,standard,blitz,True,resign,white,25,YaaasQueen,IamNeneu,2527,2454,5,-5,C02,"French Defense: Advance Variation, Euwe Variation",10,YaaasQueen,white,IamNeneu,2527,2454,win,1.0
Wg3TwUWZ,2026-01-11T12:44:02.531000+00:00,180+0,standard,blitz,True,resign,black,46,senior_pomid0r,YaaasQueen,2363,2524,-4,3,B21,Sicilian Defense: Smith-Morra Gambit,3,YaaasQueen,black,senior_pomid0r,2524,2363,win,1.0
eVXctAHH,2026-01-10T03:09:23.441000+00:00,180+0,standard,blitz,True,resign,white,79,YaaasQueen,kranlegends,2507,2382,4,-3,C02,"French Defense: Advance Variation, Extended Bishop Swap",6,YaaasQueen,white,kranlegends,2507,2382,win,1.0
xnGhttkV,2026-01-09T14:34:58.836000+00:00,180+0,standard,blitz,True,mate,white,97,NaTalJa_er3,YaaasQueen,2512,2527,6,-6,B96,Sicilian Defense: Najdorf Variation,13,YaaasQueen,black,NaTalJa_er3,2527,2512,loss,0.0
KvqJQgCN,2026-01-09T12:12:42.023000+00:00,180+0,standard,blitz,True,resign,white,77,YaaasQueen,ManofCourage,2510,2691,8,-9,C54,"Italian Game: Classical Variation, Giuoco Pianissimo",13,YaaasQueen,white,ManofCourage,2510,2691,win,1.0
