game_id,date_utc,time_control,variant,speed,rated,status,winner,ply_count,white_username,black_username,white_elo,black_elo,white_elo_diff,black_elo_diff,opening_eco,opening_name,opening_ply,target_username,target_color,opponent_username,target_elo,opponent_elo,target_result,target_score
da2d7PjT,2026-01-31T22:57:41.171000+00:00,600+0,standard,rapid,True,resign,black,42,Mahlermaniaco,aspiringstar,2545,2704,-4,6,A22,"English Opening: King's English Variation, Adhiban Gambit",8,aspiringstar,black,Mahlermaniaco,2704,2545,win,1.0
gxxujy90,2026-01-31T22:32:06.351000+00:00,600+0,standard,rapid,True,resign,white,83,aspiringstar,JJPlayz,2701,2451,3,-2,B92,"Sicilian Defense: Najdorf Variation, Opocensky Variation, Modern Line",16,aspiringstar,white,JJPlayz,2701,2451,win,1.0
gWJrXNpv,2026-01-31T22:06:53.488000+00:00,600+0,standard,rapid,True,draw,,71,Mikevs,aspiringstar,2527,2705,5,-4,C47,"Four Knights Game: Scotch Variation, Schmid Defense",10,aspiringstar,black,Mikevs,2705,2527,draw,0.5
4vz0bVAg,2026-01-26T00:50:41.493000+00:00,600+0,standard,rapid,True,resign,white,73,aspiringstar,mrwyy1,2698,2634,7,-6,C84,"Ruy Lopez: Closed, Martinez Variation",11,aspiringstar,white,mrwyy1,2698,2634,win,1.0
LKU7kqw1,2026-01-23T00:52:05.207000+00:00,600+0,standard,rapid,True,resign,black,88,fiancheeter,aspiringstar,2625,2691,-6,7,A00,Hungarian Opening,1,aspiringstar,black,fiancheeter,2691,2625,win,1.0
89TsRwaf,2026-01-23T00:08:53.544000+00:00,600+0,standard,rapid,True,mate,black,90,elephantstampede,aspiringstar,2465,2686,-3,5,C44,Ponziani Opening: Steinitz Variation,8,aspiringstar,black,elephantstampede,2686,2465,win,1.0
iLbhIDN0,2026-01-22T23:33:59.052000+00:00,600+0,standard,rapid,True,outoftime,white,73,aspiringstar,Enygmaa,2684,2356,2,-2,B41,Sicilian Defense: Kan Variation,8,aspiringstar,white,Enygmaa,2684,2356,win,1.0
DFKbZEUW,2026-01-14T23:52:50.398000+00:00,600+0,standard,rapid,True,resign,white,125,aspiringstar,orangepuppy,2678,2585,6,-10,B92,"Sicilian Defense: Najdorf Variation, Opocensky Variation, Traditional Line",16,aspiringstar,white,orangepuppy,2678,2585,win,1.0
ZuOqmEI6,2026-01-14T23:10:47.165000+00:00,600+0,standard,rapid,True,resign,black,108,MoreChaoticSensei,aspiringstar,2504,2674,-5,4,E46,Nimzo-Indian Defense: Normal Variation,8,aspiringstar,black,MoreChaoticSensei,2674,2504,win,1.0
S8b7dula,2026-01-14T23:08:44.076000+00:00,600+0,standard,rapid,True,resign,white,29,aspiringstar,MoreChaoticSensei,2669,2508,5,-4,C11,"French Defense: Steinitz Variation, Boleslavsky Variation",13,aspiringstar,white,MoreChaoticSensei,2669,2508,win,1.0
OEzA5F8U,2026-01-14T03:25:21.179000+00:00,600+0,standard,rapid,True,resign,black,64,Daniel_ChessTraining,aspiringstar,2343,2667,-24,2,D37,"Queen's Gambit Declined: Vienna Variation, Quiet Variation",9,aspiringstar,black,Daniel_ChessTraining,2667,2343,win,1.0
AI7nzlg5,2026-01-14T00:31:17.821000+00:00,600+0,standard,rapid,True,resign,white,57,aspiringstar,Mathe-Ass,2662,2488,5,-4,B78,"Sicilian Defense: Dragon Variation, Yugoslav Attack",19,aspiringstar,white,Mathe-Ass,2662,2488,win,1.0
Abf8tHQt,2026-01-14T00:11:14.501000+00:00,600+0,standard,rapid,True,resign,black,72,forbiddencheapos,aspiringstar,2393,2659,-2,3,C77,"Ruy Lopez: Morphy Defense, Anderssen Variation",9,aspiringstar,black,forbiddencheapos,2659,2393,win,1.0
Fc8kKjha,2026-01-13T21:20:50.826000+00:00,600+0,standard,rapid,True,resign,black,109,ThatChessPlayerDude,aspiringstar,2463,2655,-5,4,D37,"Queen's Gambit Declined: Vienna Variation, Quiet Variation",9,aspiringstar,black,ThatChessPlayerDude,2655,2463,win,1.0
d4io1yHM,2026-01-13T20:53:04.514000+00:00,600+0,standard,rapid,True,resign,white,43,aspiringstar,Bandhawk,2649,2526,6,-3,B12,"Caro-Kann Defense: Advance Variation, Short Variation",7,aspiringstar,white,Bandhawk,2649,2526,win,1.0
5vbA55K5,2026-01-13T05:30:59.082000+00:00,600+0,standard,rapid,True,resign,white,33,aspiringstar,lokialexgross,2646,2381,3,-2,C67,"Ruy Lopez: Berlin Defense, Rio Gambit Accepted",8,aspiringstar,white,lokialexgross,2646,2381,win,1.0
lUttQJ4U,2026-01-13T05:13:14.999000+00:00,600+0,standard,rapid,True,resign,black,108,lokialexgross,aspiringstar,2383,2642,-2,4,B38,"Sicilian Defense: Accelerated Dragon, Maróczy Bind",11,aspiringstar,black,lokialexgross,2642,2383,win,1.0
gNguREN4,2026-01-13T04:52:54.765000+00:00,600+0,standard,rapid,True,mate,white,117,vmjskov,aspiringstar,2406,2655,100,-13,C56,"Italian Game: Scotch Gambit, Anderssen Attack",15,aspiringstar,black,vmjskov,2655,2406,loss,0.0
MuQPQSRl,2026-01-13T04:24:17.996000+00:00,600+0,standard,rapid,True,resign,white,99,aspiringstar,GrandLapin,2651,2458,4,-3,C11,"French Defense: Steinitz Variation, Boleslavsky Variation",13,aspiringstar,white,GrandLapin,2651,2458,win,1.0
uRUvDbzS,2026-01-08T20:41:59.081000+00:00,600+0,standard,rapid,True,resign,white,75,aspiringstar,butter_on_the_bread,2647,2438,4,-3,B32,Sicilian Defense: Löwenthal Variation,8,aspiringstar,white,butter_on_the_bread,2647,2438,win,1.0
URJvzwUq,2026-01-08T20:29:39.442000+00:00,600+0,standard,rapid,True,resign,white,39,aspiringstar,Zatix,2642,2487,5,-4,B92,"Sicilian Defense: Najdorf Variation, Opocensky Variation, Modern Line",16,aspiringstar,white,Zatix,2642,2487,win,1.0
3etSrjEE,2026-01-08T20:16:48.610000+00:00,600+0,standard,rapid,True,resign,black,42,Alirezaqwerty,aspiringstar,2503,2636,-17,6,C22,Center Game: Normal Variation,6,aspiringstar,black,Alirezaqwerty,2636,2503,win,1.0
udMwUloB,2026-01-08T19:54:34.410000+00:00,600+0,standard,rapid,True,draw,,98,CheemsTactico,aspiringstar,2366,2641,10,-5,E04,Catalan Opening: Open Defense,9,aspiringstar,black,CheemsTactico,2641,2366,draw,0.5
98dbqDKg,2026-01-08T19:35:38.466000+00:00,600+0,standard,rapid,True,resign,black,70,MadMaxPayne26,aspiringstar,2451,2636,-3,5,D35,"Queen's Gambit Declined: Exchange Variation, Positional Variation",10,aspiringstar,black,MadMaxPayne26,2636,2451,win,1.0
iaJ4pzFi,2026-01-06T23:33:56.707000+00:00,600+0,standard,rapid,True,outoftime,white,207,OjaiJoao,aspiringstar,2641,2645,6,-9,E08,Catalan Opening: Closed,19,aspiringstar,black,OjaiJoao,2645,2641,loss,0.0
dOBhssNM,2026-01-06T23:02:21.402000+00:00,600+0,standard,rapid,True,mate,black,124,aspiringstar,DOAAAAA,2645,2462,-14,30,C97,"Ruy Lopez: Closed, Chigorin Defense",22,aspiringstar,white,DOAAAAA,2645,2462,loss,0.0
p8FvFIFW,2026-01-06T22:34:48.959000+00:00,600+0,standard,rapid,True,mate,white,139,aspiringstar,moustiblanc,2640,2474,5,-3,C78,Ruy Lopez: Morphy Defense,9,aspiringstar,white,moustiblanc,2640,2474,win,1.0
RbV7Mpmt,2026-01-06T22:09:21.237000+00:00,600+0,standard,rapid,True,mate,black,86,Johnloe,aspiringstar,2271,2638,-1,2,C24,Bishop's Opening: Vienna Hybrid,7,aspiringstar,black,Johnloe,2638,2271,win,1.0
GOXlAp72,2026-01-06T21:54:52.267000+00:00,600+0,standard,rapid,True,resign,white,79,aspiringstar,narinlast,2635,2329,3,-2,B77,"Sicilian Defense: Dragon Variation, Yugoslav Attack, Czerniak Variation",20,aspiringstar,white,narinlast,2635,2329,win,1.0
55ou5wW2,2026-01-06T21:32:47.706000+00:00,600+0,standard,rapid,True,mate,white,123,ThinkingKingg,aspiringstar,2454,2650,12,-15,E18,"Queen's Indian Defense: Classical Variation, Traditional Variation, Nimzowitsch Line",14,aspiringstar,black,ThinkingKingg,2650,2454,loss,0.0
6CvWdbRm,2026-01-31T14:39:00.589000+00:00,60+0,standard,bullet,True,mate,black,70,Wampi97,Al_Shima,2699,2725,-5,5,B02,Alekhine Defense: Spielmann Gambit,7,Al_Shima,black,Wampi97,2725,2699,win,1.0
LonOUYqZ,2026-01-30T11:59:03.314000+00:00,60+0,standard,bullet,True,mate,white,57,Potzbl1tz,Al_Shima,2628,2696,7,-7,A04,Zukertort Opening: Black Mustang Defense,2,Al_Shima,black,Potzbl1tz,2696,2628,loss,0.0
umyOxLQc,2026-01-30T11:45:47.137000+00:00,60+0,standard,bullet,True,resign,black,42,Al_Shima,iam-weak,2698,2549,-8,8,A01,Nimzo-Larsen Attack: Indian Variation,2,Al_Shima,white,iam-weak,2698,2549,loss,0.0
TWHntEi0,2026-01-30T11:43:40.851000+00:00,60+0,standard,bullet,True,outoftime,,130,Al_Shima,easyn1,2698,2687,0,0,A01,Nimzo-Larsen Attack,1,Al_Shima,white,easyn1,2698,2687,draw,0.5
x2oSGRzK,2026-01-30T11:19:40.179000+00:00,600+0,standard,rapid,True,mate,white,131,candidate100,Al_Shima,2543,2563,8,-7,A45,Indian Defense: Accelerated London System,3,Al_Shima,black,candidate100,2563,2543,loss,0.0
W7OYG37q,2026-01-28T17:44:41.987000+00:00,180+0,standard,blitz,True,outoftime,white,131,Al_Shima,chel64,2590,2509,4,-5,A01,Nimzo-Larsen Attack,1,Al_Shima,white,chel64,2590,2509,win,1.0
wNsqEEM2,2026-01-28T17:38:31.503000+00:00,180+0,standard,blitz,True,outoftime,black,136,chel64,Al_Shima,2513,2585,-4,5,A11,English Opening: Caro-Kann Defensive System,2,Al_Shima,black,chel64,2585,2513,win,1.0
P5aQhTWz,2026-01-28T17:33:44.810000+00:00,180+0,standard,blitz,True,outoftime,black,140,Al_Shima,HardWork1996,2591,2605,-6,6,A01,Nimzo-Larsen Attack,1,Al_Shima,white,HardWork1996,2591,2605,loss,0.0
0a8JFOXH,2026-01-28T16:34:41.340000+00:00,180+0,standard,blitz,True,resign,black,110,kahvitauko,Al_Shima,2442,2587,-3,4,B01,Scandinavian Defense: Modern Variation,4,Al_Shima,black,kahvitauko,2587,2442,win,1.0
Rn5I3e2s,2026-01-28T16:34:03.321000+00:00,180+0,standard,blitz,True,resign,white,17,Al_Shima,ViperCWL,2581,2654,6,-7,A01,Nimzo-Larsen Attack: Classical Variation,2,Al_Shima,white,ViperCWL,2581,2654,win,1.0
CGE6Afni,2026-01-28T16:27:58.414000+00:00,180+0,standard,blitz,True,outoftime,black,84,Al_Shima,Romsta,2587,2576,-6,6,A01,Nimzo-Larsen Attack: Indian Variation,2,Al_Shima,white,Romsta,2587,2576,loss,0.0
pJEuh3ib,2026-01-28T16:21:36.634000+00:00,180+0,standard,blitz,True,outoftime,,173,Sultai,Al_Shima,2567,2587,0,0,B01,Scandinavian Defense: Modern Variation,4,Al_Shima,black,Sultai,2587,2567,draw,0.5
RuStgL8W,2026-01-28T16:16:38.407000+00:00,180+0,standard,blitz,True,resign,white,91,Al_Shima,Byakagon,2581,2579,6,-5,A01,Nimzo-Larsen Attack: English Variation,2,Al_Shima,white,Byakagon,2581,2579,win,1.0
UX13d0Lr,2026-01-28T16:10:20.332000+00:00,180+0,standard,blitz,True,outoftime,white,107,JosealcidesGonzalez,Al_Shima,2452,2589,7,-8,A01,Nimzo-Larsen Attack: Symmetrical Variation,2,Al_Shima,black,JosealcidesGonzalez,2589,2452,loss,0.0
6B729Axu,2026-01-28T16:04:54.743000+00:00,180+0,standard,blitz,True,resign,black,102,Badoko,Al_Shima,2513,2584,-4,5,A00,Hungarian Opening,1,Al_Shima,black,Badoko,2584,2513,win,1.0
fRBPEo7j,2026-01-28T15:59:33.451000+00:00,180+0,standard,blitz,True,mate,white,83,Al_Shima,Badoko,2580,2518,4,-5,A01,Nimzo-Larsen Attack: Indian Variation,2,Al_Shima,white,Badoko,2580,2518,win,1.0
7SD6y5wd,2026-01-28T15:53:03.656000+00:00,180+0,standard,blitz,True,outoftime,white,119,Reversed_Flash,Al_Shima,2523,2586,6,-6,B01,Scandinavian Defense: Modern Variation,4,Al_Shima,black,Reversed_Flash,2586,2523,loss,0.0
64EevJcl,2026-01-28T15:47:31.506000+00:00,180+0,standard,blitz,True,resign,black,70,FDCCA_Chess,Al_Shima,2576,2580,-15,6,A04,Zukertort Opening: Black Mustang Defense,2,Al_Shima,black,FDCCA_Chess,2580,2576,win,1.0
jqKuW41f,2026-01-28T15:40:36.123000+00:00,180+0,standard,blitz,True,outoftime,,132,Al_Shima,Mister_Beast284,2582,2512,-2,2,A01,Nimzo-Larsen Attack: Classical Variation,2,Al_Shima,white,Mister_Beast284,2582,2512,draw,0.5
yYoateyQ,2026-01-28T15:37:07.025000+00:00,180+0,standard,blitz,True,draw,,48,Al_Shima,WUINMAS,2582,2582,0,0,A01,Nimzo-Larsen Attack: Modern Variation,2,Al_Shima,white,WUINMAS,2582,2582,draw,0.5
aoZFlwa8,2026-01-28T15:32:47.742000+00:00,180+0,standard,blitz,True,resign,white,61,Lucididax,Al_Shima,2430,2590,8,-8,D02,Queen's Pawn Game: Chigorin Variation,4,Al_Shima,black,Lucididax,2590,2430,loss,0.0
cAzLguKM,2026-01-28T15:28:26.056000+00:00,180+0,standard,blitz,True,resign,white,67,Al_Shima,Lucididax,2587,2434,3,-4,A01,Nimzo-Larsen Attack: Indian Variation,2,Al_Shima,white,Lucididax,2587,2434,win,1.0
7zvFWxmd,2026-01-28T15:25:26.690000+00:00,180+0,standard,blitz,True,resign,black,56,Lucididax,Al_Shima,2437,2583,-3,4,A04,Zukertort Opening: Black Mustang Defense,2,Al_Shima,black,Lucididax,2583,2437,win,1.0
khs7Ssv0,2026-01-28T15:18:57.130000+00:00,180+0,standard,blitz,True,outoftime,white,133,Al_Shima,Lucididax,2579,2441,4,-4,A01,Nimzo-Larsen Attack: Indian Variation,2,Al_Shima,white,Lucididax,2579,2441,win,1.0
b8Pjrc9d,2026-01-27T12:28:56.207000+00:00,180+0,standard,blitz,True,mate,black,150,STAyHaRD11,Al_Shima,2555,2574,-6,5,A40,Englund Gambit: Main Line,6,Al_Shima,black,STAyHaRD11,2574,2555,win,1.0
GbFGjx9u,2026-01-27T12:24:26.447000+00:00,180+0,standard,blitz,True,draw,,85,Al_Shima,notrashopenings,2575,2548,-1,0,A01,Nimzo-Larsen Attack: Classical Variation,2,Al_Shima,white,notrashopenings,2575,2548,draw,0.5
ZBrKunDl,2026-01-27T12:19:58.460000+00:00,180+0,standard,blitz,True,resign,black,66,nuitet0988,Al_Shima,2442,2571,-4,4,B01,Scandinavian Defense: Modern Variation,4,Al_Shima,black,nuitet0988,2571,2442,win,1.0
whf7cLM5,2026-01-27T11:56:58.577000+00:00,180+0,standard,blitz,True,outoftime,white,105,Al_Shima,Jord10010,2567,2417,4,-3,A01,Nimzo-Larsen Attack: Classical Variation,2,Al_Shima,white,Jord10010,2567,2417,win,1.0
i0RmTmNX,2026-01-27T11:50:55.271000+00:00,180+0,standard,blitz,True,mate,black,96,leonkiller77,Al_Shima,2502,2562,-5,5,A40,Englund Gambit Declined: Reversed Alekhine,3,Al_Shima,black,leonkiller77,2562,2502,win,1.0
nF9AN7Gq,2026-01-27T11:47:45.807000+00:00,180+0,standard,blitz,True,resign,black,46,Al_Shima,Mathperson64,2569,2491,-7,14,A01,Nimzo-Larsen Attack,1,Al_Shima,white,Mathperson64,2569,2491,loss,0.0
vqwookeA,2026-01-31T17:46:47.360000+00:00,900+15,standard,classical,True,resign,white,35,QuCaNi,alutord1,2545,2180,8,-4,D04,Queen's Pawn Game: Colle System,5,QuCaNi,white,alutord1,2545,2180,win,1.0
F0utkSAV,2026-01-29T17:14:31.306000+00:00,180+0,standard,blitz,True,timeout,black,96,cinarbayrakoglu800,QuCaNi,2545,2564,-6,5,B20,Sicilian Defense: Kronberger Variation,3,QuCaNi,black,cinarbayrakoglu800,2564,2545,win,1.0
kGpekyM2,2026-01-29T17:09:49.126000+00:00,180+0,standard,blitz,True,resign,white,77,Sandbad9,QuCaNi,2531,2570,7,-6,D13,Slav Defense: Exchange Variation,8,QuCaNi,black,Sandbad9,2570,2531,loss,0.0
tN2QrzEV,2026-01-29T17:02:33.107000+00:00,180+0,standard,blitz,True,outoftime,black,96,QuCaNi,vlaxaki,2573,2462,-8,7,D00,Blackmar-Diemer Gambit Declined: Vienna Defense,8,QuCaNi,white,vlaxaki,2573,2462,loss,0.0
HShWSfNF,2026-01-26T21:52:50.572000+00:00,180+0,standard,blitz,True,mate,white,61,QuCaNi,Respectful_Dave,2550,2585,6,-6,C41,Philidor Defense: Lion Variation,8,QuCaNi,white,Respectful_Dave,2550,2585,win,1.0
auOITPuG,2026-01-25T22:02:11.502000+00:00,180+0,standard,blitz,True,resign,black,80,QuCaNi,Respectful_Dave,2549,2525,-7,6,A45,Paleface Attack,3,QuCaNi,white,Respectful_Dave,2549,2525,loss,0.0
rvvMlBF9,2026-01-25T20:55:39.197000+00:00,180+0,standard,blitz,True,resign,black,68,QuCaNi,Positionalchess101,2515,2414,-8,8,D00,Blackmar-Diemer Gambit Accepted: Ziegler Defense,10,QuCaNi,white,Positionalchess101,2515,2414,loss,0.0
3YS0qleq,2026-01-21T08:36:17.303000+00:00,180+0,standard,blitz,True,outoftime,black,128,mikmikci,QuCaNi,2507,2526,-5,6,A11,"Réti Opening: Anglo-Slav Variation, with g3",7,QuCaNi,black,mikmikci,2526,2507,win,1.0
xyirzmgI,2026-01-20T06:18:31.524000+00:00,420+7,chess960,rapid,True,mate,black,78,Jeremiah-18,QuCaNi,1597,1996,-1,6,,,,QuCaNi,black,Jeremiah-18,1996,1597,win,1.0
Pix68iMM,2026-01-15T16:40:05.312000+00:00,180+0,standard,blitz,True,resign,white,83,QuCaNi,Artem9630,2559,2648,7,-9,D00,Blackmar-Diemer Gambit Declined: Langeheinicke Defense,8,QuCaNi,white,Artem9630,2559,2648,win,1.0
AzuRO99g,2026-01-15T16:34:04.513000+00:00,180+0,standard,blitz,True,outoftime,white,87,Chess-Master2018,QuCaNi,2513,2565,7,-6,B34,"Sicilian Defense: Accelerated Dragon, Modern Variation",9,QuCaNi,black,Chess-Master2018,2565,2513,loss,0.0
99QcjGYq,2026-01-15T16:17:27.015000+00:00,180+0,standard,blitz,True,resign,black,66,Leviathan64,QuCaNi,2542,2569,-6,5,D15,Slav Defense: Schlechter Variation,8,QuCaNi,black,Leviathan64,2569,2542,win,1.0
YEm3VyeN,2026-01-15T15:26:12.814000+00:00,180+0,standard,blitz,True,resign,white,45,cn_ua,QuCaNi,2652,2558,4,-4,D15,Slav Defense: Schlechter Variation,8,QuCaNi,black,cn_ua,2558,2652,loss,0.0
W8Tf3qNk,2026-01-15T13:48:22.332000+00:00,180+0,standard,blitz,True,draw,,150,QuCaNi,cn_ua,2565,2647,1,-2,D00,Blackmar-Diemer Gambit Declined: Elbert Countergambit,8,QuCaNi,white,cn_ua,2565,2647,draw,0.5
Mt1QWVsf,2026-01-15T02:08:50.898000+00:00,180+0,standard,blitz,True,resign,white,41,QuCaNi,Chomuszka,2561,2477,4,-5,C02,"French Defense: Advance Variation, Wade Variation",10,QuCaNi,white,Chomuszka,2561,2477,win,1.0
enHIVUuO,2026-01-15T02:02:45.532000+00:00,180+0,standard,blitz,True,outoftime,white,79,Chomuszka,QuCaNi,2469,2568,8,-7,D15,Slav Defense: Schlechter Variation,8,QuCaNi,black,Chomuszka,2568,2469,loss,0.0
I2guMxJL,2026-01-15T01:56:27.718000+00:00,180+0,standard,blitz,True,outoftime,white,87,QuCaNi,Chomuszka,2564,2474,4,-5,C00,French Defense: Schlechter Variation,5,QuCaNi,white,Chomuszka,2564,2474,win,1.0
AZolzdR0,2026-01-15T01:53:28.896000+00:00,180+0,standard,blitz,True,resign,black,36,Chomuszka,QuCaNi,2478,2559,-4,5,D10,Slav Defense,4,QuCaNi,black,Chomuszka,2559,2478,win,1.0
0WnoRVAv,2026-01-15T01:47:20.274000+00:00,180+0,standard,blitz,True,outoftime,black,76,QuCaNi,Chomuszka,2567,2471,-8,7,C02,"French Defense: Advance Variation, Wade Variation",10,QuCaNi,white,Chomuszka,2567,2471,loss,0.0
LoKCSTk2,2026-01-15T01:41:04.679000+00:00,180+0,standard,blitz,True,outoftime,white,123,Chomuszka,QuCaNi,2463,2574,8,-7,D10,Slav Defense,4,QuCaNi,black,Chomuszka,2574,2463,loss,0.0
JuCHhVuo,2026-01-15T01:34:43.439000+00:00,180+0,standard,blitz,True,outoftime,white,121,QuCaNi,Chomuszka,2570,2467,4,-4,D21,Queen's Gambit Accepted: Normal Variation,5,QuCaNi,white,Chomuszka,2570,2467,win,1.0
GsObyJaU,2026-01-14T23:49:39.899000+00:00,180+0,standard,blitz,True,resign,white,39,QuCaNi,imdejong,2576,2516,5,-5,A45,Paleface Attack,3,QuCaNi,white,imdejong,2576,2516,win,1.0
MQj99kGt,2026-01-14T23:45:25.335000+00:00,180+0,standard,blitz,True,resign,white,58,Neverenogh,QuCaNi,2495,2583,17,-7,B21,Sicilian Defense: Smith-Morra Gambit,3,QuCaNi,black,Neverenogh,2583,2495,loss,0.0
aLi5MRsq,2026-01-14T23:39:07.733000+00:00,180+0,standard,blitz,True,outoftime,black,106,QuCaNi,Blackoperator,2588,2621,-5,5,A45,Paleface Attack,3,QuCaNi,white,Blackoperator,2588,2621,loss,0.0
fEHNMQvu,2026-01-14T23:18:41.930000+00:00,0+5,standard,blitz,True,resign,white,18,QuCaNi,Goldfinger007,2569,2247,1,-1,A80,Dutch Defense: Raphael Variation,3,QuCaNi,white,Goldfinger007,2569,2247,win,1.0
JleB5XIt,2026-01-14T23:14:15.668000+00:00,0+5,standard,blitz,True,resign,black,58,Goldfinger007,QuCaNi,2249,2567,-2,2,D15,Slav Defense: Schlechter Variation,8,QuCaNi,black,Goldfinger007,2567,2249,win,1.0
o2UyWRR8,2026-01-13T19:08:54.448000+00:00,180+0,standard,blitz,True,resign,white,62,superpower4,QuCaNi,2690,2560,3,-3,B30,Sicilian Defense: Nyezhmetdinov-Rossolimo Attack,5,QuCaNi,black,superpower4,2560,2690,loss,0.0
8ISWGiwt,2026-01-13T11:52:31.896000+00:00,180+0,standard,blitz,True,resign,white,79,jlf287,QuCaNi,2465,2538,7,-7,B30,Sicilian Defense: Nyezhmetdinov-Rossolimo Attack,5,QuCaNi,black,jlf287,2538,2465,loss,0.0
rTwtAzxe,2026-01-13T11:45:57.611000+00:00,180+0,standard,blitz,True,resign,black,101,QuCaNi,Sc_Oblivion,2544,2501,-6,7,A45,Trompowsky Attack,3,QuCaNi,white,Sc_Oblivion,2544,2501,loss,0.0
GAoh0YBk,2026-01-13T00:37:58.154000+00:00,180+0,standard,blitz,True,resign,black,46,QuCaNi,Beletko,2525,2507,-6,6,A45,Trompowsky Attack,3,QuCaNi,white,Beletko,2525,2507,loss,0.0
xXWyTVSB,2026-01-28T13:40:31.962000+00:00,1500+10,standard,classical,True,resign,white,43,Justement,DiegoAngelini,2302,2281,7,-15,B51,Sicilian Defense: Moscow Variation,5,Justement,white,DiegoAngelini,2302,2281,win,1.0
nML7bG1I,2026-01-27T14:28:07.482000+00:00,900+15,standard,classical,True,outoftime,black,54,Justement,alutord1,2308,2122,-11,29,B52,"Sicilian Defense: Moscow Variation, Main Line",6,Justement,white,alutord1,2308,2122,loss,0.0
ScQOf8C6,2026-01-26T19:48:46.808000+00:00,900+15,standard,classical,True,draw,,72,Joe_Manco,Justement,2348,2307,-4,1,E34,"Nimzo-Indian Defense: Classical Variation, Noa Variation",8,Justement,black,Joe_Manco,2307,2348,draw,0.5
jKYg4Ofp,2026-01-26T15:10:50.600000+00:00,1200+10,standard,classical,True,resign,black,36,Muk-fighter,Justement,2227,2301,-7,6,E35,"Nimzo-Indian Defense: Classical Variation, Noa Variation",10,Justement,black,Muk-fighter,2301,2227,win,1.0
xn74HOJX,2026-01-25T20:17:13.608000+00:00,900+15,standard,classical,True,resign,black,59,LEADER09,Justement,2255,2294,-19,7,E49,"Nimzo-Indian Defense: Normal Variation, Botvinnik System",13,Justement,black,LEADER09,2294,2255,win,1.0
D6seE6cJ,2026-01-25T19:36:52.080000+00:00,900+15,standard,classical,True,draw,,81,Justement,yaminejamal1,2295,2267,-1,1,B47,"Sicilian Defense: Taimanov Variation, Bastrikov Variation",10,Justement,white,yaminejamal1,2295,2267,draw,0.5
Je1S1glI,2026-01-25T16:57:56.458000+00:00,900+15,standard,classical,True,resign,black,49,xzxm,Justement,2110,2290,-4,5,E26,"Nimzo-Indian Defense: Sämisch Variation, O'Kelly Variation",12,Justement,black,xzxm,2290,2110,win,1.0
DR3wasYd,2026-01-24T19:38:23.315000+00:00,1500+5,standard,classical,True,resign,white,71,Justement,Adam_D,2285,2200,5,-18,B52,"Sicilian Defense: Moscow Variation, Sokolsky Variation",9,Justement,white,Adam_D,2285,2200,win,1.0
XPgs3K0W,2026-01-23T13:03:16.419000+00:00,900+15,standard,classical,True,resign,black,32,sexpac,Justement,2194,2279,-37,6,E20,Nimzo-Indian Defense: Kmoch Variation,7,Justement,black,sexpac,2279,2194,win,1.0
lxmz54MR,2026-01-22T09:55:40.426000+00:00,1800+30,standard,classical,True,draw,,73,Justement,Leikepeike,2282,2150,-3,2,A11,"Réti Opening: Anglo-Slav Variation, Gurevich System",5,Justement,white,Leikepeike,2282,2150,draw,0.5
02fjUMvQ,2026-01-22T09:04:50.561000+00:00,900+15,standard,classical,True,resign,black,20,Justement,Vlad_Lazarev79,2286,2457,-4,5,A11,"Réti Opening: Anglo-Slav Variation, Gurevich System",10,Justement,white,Vlad_Lazarev79,2286,2457,loss,0.0
gXVMj9v7,2026-01-21T14:04:26.850000+00:00,1500+5,standard,classical,True,resign,black,124,ReasonResult,Justement,2135,2281,-40,5,C88,Ruy Lopez: Closed,14,Justement,black,ReasonResult,2281,2135,win,1.0
sCNgJzhG,2026-01-19T19:23:44.551000+00:00,900+20,standard,classical,True,resign,black,48,CheckmateX2,Justement,2119,2272,-12,5,C54,"Italian Game: Classical Variation, Greco Gambit, Traditional Line",11,Justement,black,CheckmateX2,2272,2119,win,1.0
94wgEqID,2026-01-19T17:25:19.371000+00:00,1800+10,standard,classical,True,resign,white,65,Justement,ChessSY09211,2266,2155,6,-12,E05,"Catalan Opening: Open Defense, Classical Line",12,Justement,white,ChessSY09211,2266,2155,win,1.0
TFHNqoIb,2026-01-17T16:12:01.219000+00:00,1500+0,standard,classical,True,mate,black,104,Dynamicus,Justement,2426,2254,-24,12,C54,"Italian Game: Classical Variation, Giuoco Pianissimo, Main Line",17,Justement,black,Dynamicus,2254,2426,win,1.0
IdRZd2wj,2026-01-17T15:32:44.915000+00:00,300+30,standard,classical,True,draw,,34,Justement,RumusJulli,2252,2376,2,-2,C15,"French Defense: Winawer Variation, Alekhine Gambit, Kan Variation",12,Justement,white,RumusJulli,2252,2376,draw,0.5
TU1DWXzo,2026-01-11T18:33:23.978000+00:00,1500+0,standard,classical,True,outoftime,black,74,Justement,Ragehunter,2255,2498,-3,10,A09,Réti Opening: Advance Variation,4,Justement,white,Ragehunter,2255,2498,loss,0.0
CTmWLVnf,2026-01-11T14:30:06.540000+00:00,1500+10,standard,classical,True,resign,black,50,BattleRoyalChess,Justement,2100,2250,-7,5,D01,Rapport-Jobava System,5,Justement,black,BattleRoyalChess,2250,2100,win,1.0
ol8s7Zmv,2026-01-06T19:56:57.443000+00:00,1500+10,standard,classical,True,resign,white,26,MR_HotPepper,Justement,2161,2259,43,-9,C88,Ruy Lopez: Closed,14,Justement,black,MR_HotPepper,2259,2161,loss,0.0
HwI1CCb1,2026-01-05T16:54:45.105000+00:00,2100+10,standard,classical,True,resign,black,102,matteodrudi,Justement,2254,2251,-7,8,A04,Zukertort Opening: Pirc Invitation,2,Justement,black,matteodrudi,2251,2254,win,1.0
nWLA6sS3,2026-01-04T17:36:22.412000+00:00,1500+10,standard,classical,True,resign,white,39,Justement,Zharko151,2246,2135,5,-4,B42,"Sicilian Defense: Kan Variation, Polugaevsky Variation",10,Justement,white,Zharko151,2246,2135,win,1.0
JvJKHIfd,2026-01-04T17:07:15.895000+00:00,900+15,standard,classical,True,resign,black,36,Justement,xzxm,2256,2125,-10,14,E90,"King's Indian Defense: Normal Variation, Rare Defenses",9,Justement,white,xzxm,2256,2125,loss,0.0
5nQRiOMt,2026-01-04T13:47:11.824000+00:00,1500+15,standard,classical,True,resign,white,65,Justement,Yates55,2252,2128,4,-6,C55,"Italian Game: Two Knights Defense, Modern Bishop's Opening",8,Justement,white,Yates55,2252,2128,win,1.0
axJkToep,2026-01-04T09:23:32.895000+00:00,900+15,standard,classical,True,resign,black,44,GCB1998,Justement,2181,2245,-6,7,C50,"Italian Game: Giuoco Pianissimo, Italian Four Knights Variation",9,Justement,black,GCB1998,2245,2181,win,1.0
22yCvlvr,2026-01-03T17:52:21+00:00,1500+10,standard,classical,True,draw,,178,Dude128,Justement,2178,2246,1,-1,E15,"Queen's Indian Defense: Fianchetto Variation, Nimzowitsch Variation",8,Justement,black,Dude128,2246,2178,draw,0.5
AKnW2qfw,2026-01-03T16:58:46.309000+00:00,1500+0,standard,classical,True,resign,white,41,RareEmerald,Justement,2348,2252,10,-6,C54,"Italian Game: Classical Variation, Giuoco Pianissimo, with a6",10,Justement,black,RareEmerald,2252,2348,loss,0.0
cho571hh,2026-01-02T18:00:38.510000+00:00,900+15,standard,classical,True,resign,white,111,Justement,xzxm,2247,2125,5,-7,E90,"King's Indian Defense: Normal Variation, Rare Defenses",9,Justement,white,xzxm,2247,2125,win,1.0
WG3P24Uv,2026-01-02T17:51:06.301000+00:00,1200+10,standard,classical,True,draw,,33,hugin6,Justement,2214,2247,6,0,C45,Scotch Game,7,Justement,black,hugin6,2247,2214,draw,0.5
oiKZAmPP,2026-01-02T17:00:01.351000+00:00,1200+10,standard,classical,True,resign,white,25,Minken_V,Justement,2256,2255,25,-8,D02,"Queen's Pawn Game: Symmetrical Variation, Pseudo-Catalan",5,Justement,black,Minken_V,2255,2256,loss,0.0
NoweKV4J,2026-01-01T19:14:48.556000+00:00,1200+10,standard,classical,True,resign,white,43,Justement,MiroslavG2012,2250,2112,5,-5,B42,"Sicilian Defense: Kan Variation, Modern Variation",9,Justement,white,MiroslavG2012,2250,2112,win,1.0
3ZDRJeS1,2026-02-01T09:21:15.104000+00:00,180+0,standard,blitz,True,resign,black,54,CalisthenicsBoy,TAsad10,2925,2888,-7,7,A07,"King's Indian Attack, with e6",6,CalisthenicsBoy,white,TAsad10,2925,2888,loss,0.0
rtGWIYMO,2026-02-01T09:14:41.836000+00:00,180+0,standard,blitz,True,outoftime,white,163,TAsad10,CalisthenicsBoy,2882,2933,6,-8,E98,"King's Indian Defense: Orthodox Variation, Classical System",17,CalisthenicsBoy,black,TAsad10,2933,2882,loss,0.0
YqxKoWu2,2026-02-01T09:07:58.774000+00:00,180+0,standard,blitz,True,resign,black,62,CalisthenicsBoy,NeymarSSJ,2943,2708,-10,9,E92,"King's Indian Defense: Orthodox Variation, Gligoric-Taimanov System",13,CalisthenicsBoy,white,NeymarSSJ,2943,2708,loss,0.0
OsVjRNA0,2026-02-01T09:03:05.102000+00:00,180+0,standard,blitz,True,resign,black,90,NeymarSSJ,CalisthenicsBoy,2710,2940,-2,3,A05,King's Indian Attack: Symmetrical Defense,4,CalisthenicsBoy,black,NeymarSSJ,2940,2710,win,1.0
ObV1ksxH,2026-02-01T08:58:23.560000+00:00,180+0,standard,blitz,True,resign,black,90,CalisthenicsBoy,NeymarSSJ,2951,2701,-11,9,A05,King's Indian Attack: Symmetrical Defense,4,CalisthenicsBoy,white,NeymarSSJ,2951,2701,loss,0.0
0J1fGUXX,2026-02-01T08:52:50.220000+00:00,180+0,standard,blitz,True,resign,black,120,NeymarSSJ,CalisthenicsBoy,2703,2948,-2,3,E68,"King's Indian Defense: Fianchetto Variation, Classical Variation",15,CalisthenicsBoy,black,NeymarSSJ,2948,2703,win,1.0
Ai1T5nYH,2026-02-01T08:46:59.473000+00:00,180+0,standard,blitz,True,resign,black,94,CalisthenicsBoy,Ss1c37,2959,2792,-11,8,A07,King's Indian Attack,3,CalisthenicsBoy,white,Ss1c37,2959,2792,loss,0.0
Ji0IFTIz,2026-01-23T07:54:08.405000+00:00,180+0,standard,blitz,True,resign,black,100,BENED7707,CalisthenicsBoy,2781,2955,-3,4,A05,Zukertort Opening: Nimzo-Larsen Variation,3,CalisthenicsBoy,black,BENED7707,2955,2781,win,1.0
aHWC42YM,2026-01-23T07:49:06.142000+00:00,180+0,standard,blitz,True,resign,white,71,BENED7707,CalisthenicsBoy,2772,2964,9,-9,A05,Zukertort Opening: Nimzo-Larsen Variation,3,CalisthenicsBoy,black,BENED7707,2964,2772,loss,0.0
cRTxybsG,2026-01-23T07:15:05.646000+00:00,180+0,standard,blitz,True,outoftime,white,133,CalisthenicsBoy,gmlectures,2962,2725,2,-5,A07,King's Indian Attack,3,CalisthenicsBoy,white,gmlectures,2962,2725,win,1.0
x6a1CEHQ,2026-01-23T06:58:29.803000+00:00,180+0,standard,blitz,True,resign,white,55,CalisthenicsBoy,mzh1995,2959,2766,3,-3,A20,English Opening: King's English Variation,2,CalisthenicsBoy,white,mzh1995,2959,2766,win,1.0
oYJ1n4Ps,2026-01-23T06:55:09.498000+00:00,180+0,standard,blitz,True,resign,black,54,mzh1995,CalisthenicsBoy,2769,2956,-3,3,D79,Neo-Grünfeld Defense: Ultra-Delayed Exchange Variation,14,CalisthenicsBoy,black,mzh1995,2956,2769,win,1.0
N1I9FWDY,2026-01-23T06:50:09.744000+00:00,180+0,standard,blitz,True,resign,white,57,CalisthenicsBoy,mzh1995,2953,2772,3,-3,A38,"English Opening: Symmetrical Variation, Full Symmetry Line",10,CalisthenicsBoy,white,mzh1995,2953,2772,win,1.0
36jsoIdA,2026-01-23T06:44:36.672000+00:00,180+0,standard,blitz,True,resign,white,61,mzh1995,CalisthenicsBoy,2763,2961,9,-8,D37,Queen's Gambit Declined: Three Knights Variation,7,CalisthenicsBoy,black,mzh1995,2961,2763,loss,0.0
4JRZYLSh,2026-01-22T08:58:52.613000+00:00,180+0,standard,blitz,True,outoftime,white,135,CalisthenicsBoy,vistagusta,2958,2811,3,-4,A34,"English Opening: Symmetrical Variation, Rubinstein Variation",12,CalisthenicsBoy,white,vistagusta,2958,2811,win,1.0
e8tIqaGB,2026-01-22T08:51:41.393000+00:00,180+0,standard,blitz,True,resign,black,92,OptimistischesSchach,CalisthenicsBoy,2753,2955,-4,3,E97,"King's Indian Defense: Orthodox Variation, Bayonet Attack",17,CalisthenicsBoy,black,OptimistischesSchach,2955,2753,win,1.0
kQUoJAL2,2026-01-22T08:29:05.265000+00:00,180+0,standard,blitz,True,resign,white,59,CalisthenicsBoy,Fabsid,2952,2803,3,-3,D02,"Queen's Pawn Game: Symmetrical Variation, Pseudo-Catalan",5,CalisthenicsBoy,white,Fabsid,2952,2803,win,1.0
1ZLqt60m,2026-01-22T08:12:56.318000+00:00,180+0,standard,blitz,True,outoftime,white,139,CalisthenicsBoy,mzh1995,2949,2761,3,-3,A37,"English Opening: Symmetrical Variation, Three Knights, Fianchetto Variation",9,CalisthenicsBoy,white,mzh1995,2949,2761,win,1.0
vWZLgSsd,2026-01-22T08:03:40.900000+00:00,180+0,standard,blitz,True,resign,black,92,anonymouslogin111,CalisthenicsBoy,2734,2946,-3,3,B45,"Sicilian Defense: Four Knights Variation, Exchange Variation",11,CalisthenicsBoy,black,anonymouslogin111,2946,2734,win,1.0
PN1IptEb,2026-01-22T07:40:38.856000+00:00,180+0,standard,blitz,True,resign,black,96,mzh1995,CalisthenicsBoy,2771,2943,-3,3,E67,"King's Indian Defense: Fianchetto Variation, Classical Fianchetto",14,CalisthenicsBoy,black,mzh1995,2943,2771,win,1.0
jw6ug03n,2026-01-22T07:32:45.149000+00:00,180+0,standard,blitz,True,resign,white,65,CalisthenicsBoy,Popovich2020,2941,2740,2,-3,A04,Zukertort Opening: Queenside Fianchetto Variation,2,CalisthenicsBoy,white,Popovich2020,2941,2740,win,1.0
6hULNWBl,2026-01-22T07:23:20.281000+00:00,180+0,standard,blitz,True,outoftime,black,96,Dr_Tiger,CalisthenicsBoy,2896,2935,-5,6,E61,King's Indian Defense,5,CalisthenicsBoy,black,Dr_Tiger,2935,2896,win,1.0
dJsNMwG6,2026-01-21T07:40:47.980000+00:00,180+0,standard,blitz,True,timeout,white,37,CalisthenicsBoy,Sergey_Kasparov,2933,2700,2,-7,A05,Zukertort Opening,2,CalisthenicsBoy,white,Sergey_Kasparov,2933,2700,win,1.0
si1HBrFG,2026-01-21T07:35:23.468000+00:00,180+0,standard,blitz,True,resign,white,49,CalisthenicsBoy,Dramgar,2930,2731,3,-3,A07,King's Indian Attack,3,CalisthenicsBoy,white,Dramgar,2930,2731,win,1.0
rK5uNgP4,2026-01-21T07:29:34.520000+00:00,180+0,standard,blitz,True,resign,black,80,SublimeWarrior,CalisthenicsBoy,2763,2927,-3,3,E67,"King's Indian Defense: Fianchetto Variation, Classical Fianchetto",14,CalisthenicsBoy,black,SublimeWarrior,2927,2763,win,1.0
sfckqSCZ,2026-01-21T07:23:18.353000+00:00,180+0,standard,blitz,True,resign,white,83,Fabsid,CalisthenicsBoy,2779,2935,8,-8,E97,"King's Indian Defense: Orthodox Variation, Aronin-Taimanov Defense",14,CalisthenicsBoy,black,Fabsid,2935,2779,loss,0.0
8OBnZRTt,2026-01-21T07:16:15.069000+00:00,180+0,standard,blitz,True,resign,white,91,CalisthenicsBoy,Carlsen_brat,2933,2696,2,-3,A08,King's Indian Attack: Sicilian Variation,5,CalisthenicsBoy,white,Carlsen_brat,2933,2696,win,1.0
QUKwpwZ6,2026-01-21T07:05:15.692000+00:00,180+0,standard,blitz,True,resign,black,148,Anatoliy1983,CalisthenicsBoy,2799,2929,-4,4,A48,London System,7,CalisthenicsBoy,black,Anatoliy1983,2929,2799,win,1.0
JL5Omf69,2026-01-21T06:54:19.291000+00:00,180+0,standard,blitz,True,mate,black,156,SublimeWarrior,CalisthenicsBoy,2767,2925,-3,4,E67,"King's Indian Defense: Fianchetto Variation, Classical Fianchetto",14,CalisthenicsBoy,black,SublimeWarrior,2925,2767,win,1.0
kjhlR3bq,2026-01-21T06:47:21.344000+00:00,180+0,standard,blitz,True,resign,white,91,CalisthenicsBoy,mindSet2020,2922,2791,3,-4,A07,King's Indian Attack,3,CalisthenicsBoy,white,mindSet2020,2922,2791,win,1.0
IDOmeIaB,2026-02-01T09:36:36.297000+00:00,600+0,standard,rapid,True,resign,white,55,kot_13,rehbwf,2552,2611,7,-11,E05,"Catalan Opening: Open Defense, Classical Line",12,kot_13,white,rehbwf,2552,2611,win,1.0
7j2i3lzI,2026-01-31T15:59:51.393000+00:00,600+0,standard,rapid,True,resign,white,97,kot_13,ks3sa1,2550,2276,2,-3,D30,Queen's Gambit Declined,4,kot_13,white,ks3sa1,2550,2276,win,1.0
g3eTVs4q,2026-01-31T15:39:10.778000+00:00,600+0,standard,rapid,True,stalemate,,134,Iyed_ChessMood,kot_13,2338,2554,3,-4,B07,Pirc Defense,6,kot_13,black,Iyed_ChessMood,2554,2338,draw,0.5
MSOgZBUU,2026-01-29T11:20:39.439000+00:00,600+0,standard,rapid,True,resign,black,58,kot_13,Zombieblitz,2555,2568,-7,10,A40,English Defense,4,kot_13,white,Zombieblitz,2555,2568,loss,0.0
cIvpiobz,2026-01-19T09:05:32.613000+00:00,600+0,standard,rapid,True,timeout,white,51,Nicklson,kot_13,2388,2563,8,-8,B07,Pirc Defense: Sveshnikov System,7,kot_13,black,Nicklson,2563,2388,loss,0.0
txYC1XPH,2026-01-16T10:06:17.368000+00:00,600+0,standard,rapid,True,resign,black,70,Dubov-ii,kot_13,2542,2541,-6,7,D25,Queen's Gambit Accepted: Winawer Defense,8,kot_13,black,Dubov-ii,2541,2542,win,1.0
Ivs17mkb,2026-01-16T09:46:44.222000+00:00,600+0,standard,rapid,True,resign,black,78,kot_13,bioal,2551,2381,-10,9,D11,Slav Defense: Modern Line,5,kot_13,white,bioal,2551,2381,loss,0.0
NHKZGmEw,2026-01-14T10:38:08.169000+00:00,600+0,standard,rapid,True,resign,black,58,kot_13,ruthless_Axael,2561,2579,-6,18,E73,"King's Indian Defense: Normal Variation, Standard Development",9,kot_13,white,ruthless_Axael,2561,2579,loss,0.0
u1QBtwaK,2026-01-11T18:12:14.654000+00:00,600+0,standard,rapid,True,resign,white,75,kot_13,Mehmetata3,2550,2355,3,-10,E11,Bogo-Indian Defense: Retreat Variation,15,kot_13,white,Mehmetata3,2550,2355,win,1.0
auBXp27j,2026-01-11T17:54:20.623000+00:00,600+0,standard,rapid,True,mate,black,58,AEAP2017,kot_13,2435,2545,-13,5,A06,Nimzo-Larsen Attack: Classical Variation,3,kot_13,black,AEAP2017,2545,2435,win,1.0
IH8RLQEd,2026-01-09T17:55:06.444000+00:00,600+0,standard,rapid,True,outoftime,black,136,Sewec,kot_13,2459,2541,-13,5,B07,Pirc Defense,6,kot_13,black,Sewec,2541,2459,win,1.0
IsXSZzWZ,2025-12-25T16:49:50.456000+00:00,600+0,standard,rapid,True,draw,,32,KhushBagwade,kot_13,2596,2538,-4,2,B07,Pirc Defense,6,kot_13,black,KhushBagwade,2538,2596,draw,0.5
c9MSIAcO,2025-12-12T12:43:10.278000+00:00,600+0,standard,rapid,True,draw,,59,kot_13,Lakers-77,2532,2545,0,0,E05,"Catalan Opening: Open Defense, Classical Line",12,kot_13,white,Lakers-77,2532,2545,draw,0.5
RyQOiid9,2025-12-09T11:39:27.829000+00:00,600+0,standard,rapid,True,resign,black,56,kot_13,yecoolwhatever,2527,2529,-5,14,D30,Queen's Gambit Declined,4,kot_13,white,yecoolwhatever,2527,2529,loss,0.0
AuavkXZ2,2025-12-08T18:46:58.475000+00:00,600+0,standard,rapid,True,resign,white,69,kot_13,HesusNavas,2531,2479,4,-23,D11,Slav Defense: Quiet Variation,7,kot_13,white,HesusNavas,2531,2479,win,1.0
zEoaJUI7,2025-12-05T18:42:05.589000+00:00,600+0,standard,rapid,True,resign,white,79,kot_13,VictorChess15,2521,2468,4,-14,E73,"King's Indian Defense: Normal Variation, Standard Development",9,kot_13,white,VictorChess15,2521,2468,win,1.0
ACkyuokM,2025-12-04T13:18:08.179000+00:00,600+0,standard,rapid,True,resign,black,48,Gustav-Baecker,kot_13,2408,2516,-4,5,E30,Nimzo-Indian Defense: Leningrad Variation,7,kot_13,black,Gustav-Baecker,2516,2408,win,1.0
syWpVqnX,2025-12-04T12:59:07.576000+00:00,600+0,standard,rapid,True,resign,black,102,kot_13,JohnWaball,2521,2575,-5,10,E06,Catalan Opening: Closed,9,kot_13,white,JohnWaball,2521,2575,loss,0.0
QDlylFvY,2025-12-04T12:52:20.479000+00:00,600+0,standard,rapid,True,resign,black,48,JohnWaball,kot_13,2589,2514,-14,7,B08,Pirc Defense: Classical Variation,8,kot_13,black,JohnWaball,2514,2589,win,1.0
Aw4IqZ0t,2025-12-04T12:33:25.972000+00:00,600+0,standard,rapid,True,resign,black,132,kot_13,JohnWaball,2519,2579,-5,10,E24,Nimzo-Indian Defense: Sämisch Variation,7,kot_13,white,JohnWaball,2519,2579,loss,0.0
ZirRBEQb,2025-12-04T11:35:18.630000+00:00,600+0,standard,rapid,True,resign,black,78,kot_13,BLACKCROW7707,2537,2405,-8,8,E73,"King's Indian Defense: Normal Variation, Standard Development",9,kot_13,white,BLACKCROW7707,2537,2405,loss,0.0
YhRkqU8Z,2025-12-02T19:03:30.202000+00:00,600+0,standard,rapid,True,resign,black,92,kot_13,ErnesticoCuba,2542,2351,-9,9,A40,Queen's Pawn Game: Modern Defense,2,kot_13,white,ErnesticoCuba,2542,2351,loss,0.0
tC2KYlwp,2025-12-01T18:34:30.504000+00:00,600+0,standard,rapid,True,resign,black,64,Lenste,kot_13,2424,2538,-16,4,B07,Pirc Defense,6,kot_13,black,Lenste,2538,2424,win,1.0
ACCJY3XB,2025-11-29T15:17:27.914000+00:00,60+0,standard,bullet,True,outoftime,black,120,kot_13,Geniusking77,2526,2501,-6,7,D06,Queen's Gambit Declined: Marshall Defense,4,kot_13,white,Geniusking77,2526,2501,loss,0.0
ymt6YRcu,2025-11-27T15:53:40.678000+00:00,600+0,standard,rapid,True,resign,white,75,hamidebh001,kot_13,2659,2534,9,-4,E24,Nimzo-Indian Defense: Sämisch Variation,7,kot_13,black,hamidebh001,2534,2659,loss,0.0
FmDa2V0z,2025-11-27T15:34:21.067000+00:00,600+0,standard,rapid,True,resign,black,40,MadMaxPayne26,kot_13,2513,2519,-6,7,E12,"Queen's Indian Defense: Kasparov-Petrosian Variation, Main Line",10,kot_13,black,MadMaxPayne26,2519,2513,win,1.0
58TZSGae,2025-11-27T15:11:20.134000+00:00,600+0,standard,rapid,True,resign,white,51,kot_13,MoMostafaDIG,2525,2333,3,-3,D11,Slav Defense: Quiet Variation,7,kot_13,white,MoMostafaDIG,2525,2333,win,1.0
QOcaLfrI,2025-11-27T14:54:58.214000+00:00,600+0,standard,rapid,True,resign,white,59,OursBulgare,kot_13,2466,2532,10,-7,A00,Mieses Opening,1,kot_13,black,OursBulgare,2532,2466,loss,0.0
5feI68d0,2025-11-23T18:54:29.799000+00:00,600+0,standard,rapid,True,mate,black,138,Medullary_GG,kot_13,2557,2525,-13,7,E12,"Queen's Indian Defense: Kasparov-Petrosian Variation, Main Line",10,kot_13,black,Medullary_GG,2525,2557,win,1.0
KrNI85nF,2025-11-21T17:51:10.428000+00:00,600+0,standard,rapid,True,resign,white,55,kot_13,Robert1578,2521,2358,4,-3,E24,Nimzo-Indian Defense: Sämisch Variation,7,kot_13,white,Robert1578,2521,2358,win,1.0
7bFDgANL,2026-02-01T18:09:47.666000+00:00,180+2,standard,blitz,True,resign,white,63,SHIDFAR2007,TheCableBox,2686,2704,6,-6,C63,Ruy Lopez: Schliemann Defense,6,SHIDFAR2007,white,TheCableBox,2686,2704,win,1.0
OJiO5xWJ,2026-02-01T17:59:06.093000+00:00,180+2,standard,blitz,True,resign,black,134,TheCableBox,SHIDFAR2007,2711,2678,-7,8,B90,"Sicilian Defense: Najdorf Variation, English Attack, Anti-English",12,SHIDFAR2007,black,TheCableBox,2678,2711,win,1.0
qHAqVYpW,2026-02-01T17:49:57.788000+00:00,180+2,standard,blitz,True,resign,black,90,SHIDFAR2007,TheCableBox,2685,2705,-7,6,C00,French Defense: St. George Defense,4,SHIDFAR2007,white,TheCableBox,2685,2705,loss,0.0
TMeE1Alp,2026-02-01T17:43:05.403000+00:00,180+2,standard,blitz,True,resign,black,66,TheCableBox,SHIDFAR2007,2711,2677,-6,8,B13,Caro-Kann Defense: Exchange Variation,5,SHIDFAR2007,black,TheCableBox,2677,2711,win,1.0
pjHP8UYt,2026-02-01T17:33:02.560000+00:00,180+2,standard,blitz,True,resign,black,114,SHIDFAR2007,TheCableBox,2684,2706,-7,5,C63,Ruy Lopez: Schliemann Defense,6,SHIDFAR2007,white,TheCableBox,2684,2706,loss,0.0
mrFSDUkR,2026-02-01T17:25:50.203000+00:00,180+2,standard,blitz,True,resign,black,84,TheCableBox,SHIDFAR2007,2712,2676,-6,8,B90,"Sicilian Defense: Najdorf Variation, English Attack, Anti-English",12,SHIDFAR2007,black,TheCableBox,2676,2712,win,1.0
h3l4QVYV,2026-02-01T17:18:08.169000+00:00,180+2,standard,blitz,True,outoftime,white,71,SHIDFAR2007,TheCableBox,2668,2719,8,-7,B00,Duras Gambit,2,SHIDFAR2007,white,TheCableBox,2668,2719,win,1.0
Wa0jafgV,2026-02-01T17:10:03.245000+00:00,180+2,standard,blitz,True,outoftime,black,76,TheCableBox,SHIDFAR2007,2727,2659,-8,9,B90,"Sicilian Defense: Najdorf Variation, English Attack, Anti-English",12,SHIDFAR2007,black,TheCableBox,2659,2727,win,1.0
37jed0bH,2026-02-01T17:01:36.846000+00:00,180+2,standard,blitz,True,resign,white,71,SHIDFAR2007,TheCableBox,2650,2734,9,-7,D32,Tarrasch Defense: Schara Gambit,8,SHIDFAR2007,white,TheCableBox,2650,2734,win,1.0
xNaEA9t5,2026-02-01T16:35:58.927000+00:00,600+0,standard,rapid,True,resign,black,98,SHIDFAR2007,Endgame2801,2715,2523,-18,11,B38,"Sicilian Defense: Accelerated Dragon, Maróczy Bind",11,SHIDFAR2007,white,Endgame2801,2715,2523,loss,0.0
CbnknoAQ,2026-02-01T09:11:54.184000+00:00,600+0,standard,rapid,True,mate,black,42,IrajZerai,SHIDFAR2007,2465,2709,-2,6,B23,Sicilian Defense: Closed,3,SHIDFAR2007,black,IrajZerai,2709,2465,win,1.0
azeRjr86,2026-01-30T18:43:58.212000+00:00,600+0,standard,rapid,True,resign,white,65,SHIDFAR2007,s_n_a_k_e,2705,2460,4,-2,B46,Sicilian Defense: Taimanov Variation,10,SHIDFAR2007,white,s_n_a_k_e,2705,2460,win,1.0
mA3svdXo,2026-01-30T14:12:37.171000+00:00,600+0,standard,rapid,True,resign,black,72,emandr,SHIDFAR2007,2607,2695,-5,10,B94,Sicilian Defense: Najdorf Variation,11,SHIDFAR2007,black,emandr,2695,2607,win,1.0
22TqaHhs,2026-01-29T17:36:43.688000+00:00,180+2,standard,blitz,True,resign,white,87,Lesoeru,SHIDFAR2007,2562,2659,7,-9,B22,Sicilian Defense: Alapin Variation,3,SHIDFAR2007,black,Lesoeru,2659,2562,loss,0.0
NWlmAa4w,2026-01-29T17:20:28.986000+00:00,180+2,standard,blitz,True,outoftime,white,63,SHIDFAR2007,TatjanaVasilevich77,2654,2506,5,-4,D35,"Queen's Gambit Declined: Exchange Variation, Positional Variation",9,SHIDFAR2007,white,TatjanaVasilevich77,2654,2506,win,1.0
3qiB3gOK,2026-01-29T16:44:47.756000+00:00,180+2,standard,blitz,True,resign,white,107,Elsny13,SHIDFAR2007,2516,2665,8,-11,E00,Catalan Opening,6,SHIDFAR2007,black,Elsny13,2665,2516,loss,0.0
YfrKvCqI,2026-01-29T09:05:54.730000+00:00,15+0,standard,ultraBullet,True,outoftime,white,81,SHIDFAR2007,Shatunov123,2167,2088,6,-4,C47,Four Knights Game: Scotch Variation Accepted,8,SHIDFAR2007,white,Shatunov123,2167,2088,win,1.0
KGns1u7Q,2026-01-28T14:03:01.217000+00:00,600+0,standard,rapid,True,draw,,153,maxim_Ermakov06,SHIDFAR2007,2532,2700,3,-5,B22,"Sicilian Defense: Alapin Variation, Smith-Morra Declined",8,SHIDFAR2007,black,maxim_Ermakov06,2700,2532,draw,0.5
z0ocxawR,2026-01-28T13:45:51.353000+00:00,180+2,standard,blitz,True,resign,white,65,Erarxady,SHIDFAR2007,2578,2674,7,-9,D30,Queen's Gambit Declined,4,SHIDFAR2007,black,Erarxady,2674,2578,loss,0.0
XMfcJF6o,2026-01-28T13:14:53.189000+00:00,180+2,standard,blitz,True,resign,white,51,SHIDFAR2007,salasar1955,2666,2486,4,-3,D31,"Semi-Slav Defense: Marshall Gambit, Main Line",11,SHIDFAR2007,white,salasar1955,2666,2486,win,1.0
JcxSZ0fw,2026-01-28T12:59:15.160000+00:00,180+2,standard,blitz,True,stalemate,,156,ruthless_Axael,SHIDFAR2007,2503,2669,2,-3,E70,King's Indian Defense: Normal Variation,7,SHIDFAR2007,black,ruthless_Axael,2669,2503,draw,0.5
llfY3pIZ,2026-01-28T12:33:37.939000+00:00,180+2,standard,blitz,True,resign,black,54,boyblack90,SHIDFAR2007,2538,2662,-12,5,B90,"Sicilian Defense: Najdorf Variation, Adams Attack",11,SHIDFAR2007,black,boyblack90,2662,2538,win,1.0
DuXEuqsP,2026-01-28T12:22:06.237000+00:00,180+2,standard,blitz,True,resign,black,84,SHIDFAR2007,Dubliverjochoppet,2672,2594,-10,7,A00,Saragossa Opening,1,SHIDFAR2007,white,Dubliverjochoppet,2672,2594,loss,0.0
0jkubrLI,2026-01-28T11:20:07.129000+00:00,180+2,standard,blitz,True,resign,white,103,SHIDFAR2007,ata101,2668,2460,4,-3,E36,"Nimzo-Indian Defense: Classical Variation, Noa Variation",9,SHIDFAR2007,white,ata101,2668,2460,win,1.0
yQwNQnYP,2026-01-08T13:32:20.352000+00:00,180+2,standard,blitz,True,outoftime,white,113,SHIDFAR2007,msd76,2671,2498,3,-3,D80,Grünfeld Defense: Stockholm Variation,7,SHIDFAR2007,white,msd76,2671,2498,win,1.0
G7nXKwMB,2026-01-08T13:12:06.611000+00:00,180+2,standard,blitz,True,resign,black,116,Grukjr,SHIDFAR2007,2619,2666,-7,5,B92,"Sicilian Defense: Najdorf Variation, Opocensky Variation, Traditional Line",16,SHIDFAR2007,black,Grukjr,2666,2619,win,1.0
cQc1DmdW,2026-01-08T12:58:37.508000+00:00,180+2,standard,blitz,True,resign,white,95,HardestLemon,SHIDFAR2007,2647,2672,6,-6,B50,Sicilian Defense: Modern Variations,4,SHIDFAR2007,black,HardestLemon,2672,2647,loss,0.0
RepbToZT,2026-01-05T12:31:31.385000+00:00,180+2,standard,blitz,True,outoftime,white,117,Chess_diviner,SHIDFAR2007,2704,2677,5,-5,D02,Queen's Pawn Game: Zukertort Variation,3,SHIDFAR2007,black,Chess_diviner,2677,2704,loss,0.0
7xcpTLtw,2026-01-05T10:39:46.936000+00:00,180+2,standard,blitz,True,mate,black,38,SHIDFAR2007,Ucitelot,2687,2575,-8,8,D31,"Semi-Slav Defense: Marshall Gambit, Main Line",11,SHIDFAR2007,white,Ucitelot,2687,2575,loss,0.0
CqXDkuR3,2026-01-05T10:23:59.711000+00:00,180+2,standard,blitz,True,draw,,97,cve160900,SHIDFAR2007,2510,2689,3,-2,B90,"Sicilian Defense: Najdorf Variation, Adams Attack",11,SHIDFAR2007,black,cve160900,2689,2510,draw,0.5
6cTf8YBE,2026-02-01T21:42:24.268000+00:00,900+15,standard,classical,True,draw,,100,Joe_Manco,AggressiveOpeningsss,2368,2320,-2,4,A20,English Opening: King's English Variation,2,Joe_Manco,white,AggressiveOpeningsss,2368,2320,draw,0.5
SzjWVerv,2026-02-01T21:20:15.261000+00:00,900+15,standard,classical,True,resign,black,38,heisingen1234,Joe_Manco,2448,2351,-17,17,A43,"Benoni Defense: Benoni-Indian Defense, Kingside Move Order",5,Joe_Manco,black,heisingen1234,2351,2448,win,1.0
yyi5xqN7,2026-02-01T19:33:52.251000+00:00,900+15,standard,classical,True,resign,black,80,DrSleep72,Joe_Manco,2288,2340,-37,11,C05,"French Defense: Tarrasch Variation, Closed Variation",12,Joe_Manco,black,DrSleep72,2340,2288,win,1.0
jHuvO4U4,2026-02-01T18:47:21.613000+00:00,600+0,standard,rapid,True,resign,black,90,Joe_Manco,adidasty,2153,2003,-8,8,A35,"English Opening: Symmetrical Variation, Two Knights Variation",4,Joe_Manco,white,adidasty,2153,2003,loss,0.0
BeMRJuoj,2026-02-01T17:49:02.955000+00:00,900+15,standard,classical,True,draw,,106,gmshloky,Joe_Manco,2275,2342,1,-2,C10,"French Defense: Rubinstein Variation, Fort Knox Variation",10,Joe_Manco,black,gmshloky,2342,2275,draw,0.5
2y9njNLY,2026-02-01T17:22:17.788000+00:00,900+15,standard,classical,True,resign,black,50,Joe_Manco,AJTA08,2360,2267,-18,19,B54,Sicilian Defense: Prins Variation,9,Joe_Manco,white,AJTA08,2360,2267,loss,0.0
B0Xu0rl1,2026-02-01T16:39:37.567000+00:00,600+0,standard,rapid,True,resign,white,85,Stepanki,Joe_Manco,2137,2159,5,-6,A01,Nimzo-Larsen Attack,1,Joe_Manco,black,Stepanki,2159,2137,loss,0.0
ardiIOe2,2026-02-01T16:01:00.601000+00:00,600+0,standard,rapid,True,resign,black,110,olysseus,Joe_Manco,2078,2154,-5,5,C00,French Defense: Two Knights Variation,5,Joe_Manco,black,olysseus,2154,2078,win,1.0
93vfrRgI,2026-02-01T15:10:01.607000+00:00,900+15,standard,classical,True,resign,white,69,heisingen1234,Joe_Manco,2458,2370,10,-10,E90,King's Indian Defense: Larsen Variation,11,Joe_Manco,black,heisingen1234,2370,2458,loss,0.0
grCmgXea,2026-01-31T20:13:32.685000+00:00,900+15,standard,classical,True,resign,white,53,GustyRoberto,Joe_Manco,2782,2373,12,-3,E69,"King's Indian Defense: Fianchetto Variation, Classical Main Line",17,Joe_Manco,black,GustyRoberto,2373,2782,loss,0.0
6mBnL7iT,2026-01-31T18:59:11.412000+00:00,600+0,standard,rapid,True,resign,white,57,longroadto2200,Joe_Manco,2119,2151,8,-6,E94,"King's Indian Defense: Orthodox Variation, Positional Defense",14,Joe_Manco,black,longroadto2200,2151,2119,loss,0.0
nJi1SGe8,2026-01-31T17:08:32.960000+00:00,900+15,standard,classical,True,draw,,124,Joe_Manco,MIF_chess,2376,2328,-3,5,A13,English Opening: Agincourt Defense,2,Joe_Manco,white,MIF_chess,2376,2328,draw,0.5
QYaO47Fg,2026-01-31T15:19:18.746000+00:00,900+15,standard,classical,True,draw,,56,Joe_Manco,SchachFennek,2382,2283,-4,17,A36,"English Opening: Symmetrical Variation, Ultra-Symmetrical Variation",8,Joe_Manco,white,SchachFennek,2382,2283,draw,0.5
9Tig2kNY,2026-01-31T02:00:58.474000+00:00,600+0,standard,rapid,True,resign,black,82,Joe_Manco,Beastidis,2155,2239,-4,4,B44,Sicilian Defense: Taimanov Variation,8,Joe_Manco,white,Beastidis,2155,2239,loss,0.0
hj48AOhR,2026-01-31T00:52:17.647000+00:00,600+0,standard,rapid,True,resign,white,56,Joe_Manco,Kogaikng,2145,2112,5,-5,B00,Nimzowitsch Defense: Declined Variation,3,Joe_Manco,white,Kogaikng,2145,2112,win,1.0
9RVR2KIq,2026-01-30T23:57:17.598000+00:00,600+0,standard,rapid,True,mate,black,90,Joe_Manco,BH_1989,2150,2079,-7,7,C00,French Defense: Normal Variation,3,Joe_Manco,white,BH_1989,2150,2079,loss,0.0
9HnIIy4W,2026-01-29T07:01:53.050000+00:00,600+10,standard,rapid,True,resign,black,63,Sydney79,Joe_Manco,2322,2141,-31,8,C00,French Defense: Two Knights Variation,5,Joe_Manco,black,Sydney79,2141,2322,win,1.0
eddXhr7U,2026-01-29T05:35:55.201000+00:00,600+10,standard,rapid,True,mate,black,70,Archilo55,Joe_Manco,2093,2135,-5,6,A45,Trompowsky Attack: Raptor Variation,5,Joe_Manco,black,Archilo55,2135,2093,win,1.0
OWjIZrxP,2026-01-28T21:33:04.080000+00:00,900+15,standard,classical,True,draw,,108,Joe_Manco,Smartmangopie,2387,2293,-5,3,B15,Caro-Kann Defense: Tartakower Variation,10,Joe_Manco,white,Smartmangopie,2387,2293,draw,0.5
zGR6Ge2z,2026-01-28T19:36:48.775000+00:00,900+15,standard,classical,True,resign,black,156,Joe_Manco,Shanguito,2406,2375,-19,24,B01,Scandinavian Defense: Mieses-Kotroc Variation,4,Joe_Manco,white,Shanguito,2406,2375,loss,0.0
ix5Ww30M,2026-01-28T18:42:11.032000+00:00,900+15,standard,classical,True,resign,black,74,Joe_Manco,GustyRoberto,2410,2763,-4,19,B30,Sicilian Defense: Old Sicilian,4,Joe_Manco,white,GustyRoberto,2410,2763,loss,0.0
J4Uv8spO,2026-01-28T18:08:22.750000+00:00,900+15,standard,classical,True,draw,,32,GustyRoberto,Joe_Manco,2830,2397,-67,13,C10,"French Defense: Rubinstein Variation, Fort Knox Variation",10,Joe_Manco,black,GustyRoberto,2397,2830,draw,0.5
dLjF3PC6,2026-01-28T17:46:24.958000+00:00,600+0,standard,rapid,True,resign,white,85,Alitondro,Joe_Manco,2206,2140,6,-5,E73,King's Indian Defense: Semi-Averbakh System,11,Joe_Manco,black,Alitondro,2140,2206,loss,0.0
myLRjNzi,2026-01-27T22:21:33.017000+00:00,900+15,standard,classical,True,resign,black,146,Endgame2801,Joe_Manco,2383,2379,-42,18,C02,"French Defense: Advance Variation, Main Line",11,Joe_Manco,black,Endgame2801,2379,2383,win,1.0
ZD9hx2un,2026-01-27T21:33:31.676000+00:00,900+15,standard,classical,True,resign,black,69,mayfester,Joe_Manco,2389,2357,-17,22,D01,Rapport-Jobava System,5,Joe_Manco,black,mayfester,2357,2389,win,1.0
hS59gh4d,2026-01-27T20:43:05.505000+00:00,900+15,standard,classical,True,resign,black,52,Joe_Manco,mayfester,2378,2372,-21,17,B40,Sicilian Defense: Kramnik Variation,5,Joe_Manco,white,mayfester,2378,2372,loss,0.0
tnVDRgxI,2026-01-27T18:23:58.798000+00:00,900+15,standard,classical,True,resign,white,115,Joe_Manco,yaminejamal1,2363,2268,15,-10,B44,Sicilian Defense: Taimanov Variation,8,Joe_Manco,white,yaminejamal1,2363,2268,win,1.0
xKhSDItl,2026-01-27T16:16:27.242000+00:00,480+1,standard,rapid,True,resign,white,73,TymofiiKhilenko1,Joe_Manco,2369,2157,14,-3,C01,French Defense: Exchange Variation,7,Joe_Manco,black,TymofiiKhilenko1,2157,2369,loss,0.0
dZ5DNefp,2026-01-26T21:32:14.065000+00:00,900+15,standard,classical,True,resign,white,35,Joe_Manco,Cr7_Triste08042411,2344,2256,18,-19,C00,French Defense: Alapin Gambit,5,Joe_Manco,white,Cr7_Triste08042411,2344,2256,win,1.0
ScQOf8C6,2026-01-26T19:48:46.808000+00:00,900+15,standard,classical,True,draw,,72,Joe_Manco,Justement,2348,2307,-4,1,E34,"Nimzo-Indian Defense: Classical Variation, Noa Variation",8,Joe_Manco,white,Justement,2348,2307,draw,0.5
SoWzhy4v,2026-01-30T22:39:44.129000+00:00,1200+10,standard,classical,True,resign,black,124,Art-Vega,geneh59,2411,2262,-9,8,E20,Nimzo-Indian Defense: Kmoch Variation,7,Art-Vega,white,geneh59,2411,2262,loss,0.0
EywuCLxZ,2026-01-30T22:37:40.342000+00:00,1200+10,standard,classical,True,resign,black,14,EdgeNotU2,Art-Vega,1480,2411,0,0,B32,Sicilian Defense: Accelerated Dragon,8,Art-Vega,black,EdgeNotU2,2411,1480,win,1.0
WHGAx8TW,2026-01-30T21:37:17.017000+00:00,1200+10,standard,classical,True,resign,black,90,andy80,Art-Vega,2103,2409,-9,2,A15,English Opening: Anglo-Indian Defense,2,Art-Vega,black,andy80,2409,2103,win,1.0
AwH0pssl,2026-01-30T21:17:40.296000+00:00,1200+10,standard,classical,True,resign,white,39,Art-Vega,Falco1974,2407,2100,2,-5,D55,"Queen's Gambit Declined: Modern Variation, Normal Line",11,Art-Vega,white,Falco1974,2407,2100,win,1.0
pnIvMpok,2026-01-30T20:55:07.597000+00:00,1200+10,standard,classical,True,resign,white,57,Art-Vega,Morgan-Chane,2407,1713,0,0,C41,Philidor Defense: Lion Variation,8,Art-Vega,white,Morgan-Chane,2407,1713,win,1.0
KnbjzQLT,2026-01-30T20:43:24.702000+00:00,1200+10,standard,classical,True,resign,black,64,deperdioalrio,Art-Vega,2011,2405,-2,2,E30,Nimzo-Indian Defense: Leningrad Variation,7,Art-Vega,black,deperdioalrio,2405,2011,win,1.0
GLmfnUx0,2026-01-30T20:31:17.393000+00:00,1200+10,standard,classical,True,resign,black,56,kovalchukstas,Art-Vega,1574,2405,-1,0,B10,Caro-Kann Defense,2,Art-Vega,black,kovalchukstas,2405,1574,win,1.0
A6uAxIDa,2026-01-30T19:48:05.917000+00:00,1200+10,standard,classical,True,resign,white,105,Art-Vega,Elreyperron1,2403,2113,2,-5,D15,Slav Defense: Süchting Variation,8,Art-Vega,white,Elreyperron1,2403,2113,win,1.0
kW3xyhKc,2026-01-28T21:26:57.401000+00:00,600+0,standard,rapid,True,resign,black,98,AymanAlkshan,Art-Vega,1567,2481,0,0,C65,"Ruy Lopez: Berlin Defense, Anti-Berlin Variation",7,Art-Vega,black,AymanAlkshan,2481,1567,win,1.0
N40tly5A,2026-01-28T21:08:48.100000+00:00,600+0,standard,rapid,True,outoftime,white,71,Art-Vega,vladilevi,2478,2259,3,-2,E20,Nimzo-Indian Defense: Kmoch Variation,7,Art-Vega,white,vladilevi,2478,2259,win,1.0
XoDp7x0t,2026-01-28T20:48:54.321000+00:00,600+0,standard,rapid,True,resign,black,112,B_o_b_b_y---Fischer,Art-Vega,2079,2477,-5,1,C50,"Italian Game: Giuoco Pianissimo, Normal",8,Art-Vega,black,B_o_b_b_y---Fischer,2477,2079,win,1.0
TAkYKxWR,2026-01-28T20:38:11.355000+00:00,600+0,standard,rapid,True,resign,black,106,masudrana1,Art-Vega,1959,2477,-1,0,C44,King's Knight Opening: Normal Variation,4,Art-Vega,black,masudrana1,2477,1959,win,1.0
Hrj1R2la,2026-01-28T20:24:21.144000+00:00,600+0,standard,rapid,True,resign,white,61,Art-Vega,Snezhin_5560,2476,1974,1,-1,D66,"Queen's Gambit Declined: Orthodox Defense, Bd3 Line",15,Art-Vega,white,Snezhin_5560,2476,1974,win,1.0
YdDjPnCJ,2026-01-28T20:22:34.041000+00:00,600+0,standard,rapid,True,resign,black,22,hichmo,Art-Vega,1693,2476,0,0,C47,"Four Knights Game: Italian Variation, Noa Gambit",9,Art-Vega,black,hichmo,2476,1693,win,1.0
YfUNBMzd,2026-01-28T20:06:20.219000+00:00,600+0,standard,rapid,True,outoftime,white,67,Art-Vega,konrud,2476,1622,0,0,B21,"Sicilian Defense: Smith-Morra Gambit Accepted, Paulsen Formation",12,Art-Vega,white,konrud,2476,1622,win,1.0
mb95cqs3,2026-01-28T19:47:33.096000+00:00,600+0,standard,rapid,True,resign,black,70,akpap,Art-Vega,2239,2473,-3,3,C54,"Italian Game: Classical Variation, Giuoco Pianissimo, with a6",12,Art-Vega,black,akpap,2473,2239,win,1.0
ZWcp0r2o,2026-01-28T19:38:27.483000+00:00,600+0,standard,rapid,True,mate,white,87,Art-Vega,Arsenij_Puch,2472,2107,1,-2,C41,Philidor Defense: Lion Variation,8,Art-Vega,white,Arsenij_Puch,2472,2107,win,1.0
povlDceP,2026-01-28T19:22:58.040000+00:00,600+0,standard,rapid,True,mate,black,82,gemanuil,Art-Vega,1976,2471,0,1,C50,"Italian Game: Giuoco Pianissimo, Normal",8,Art-Vega,black,gemanuil,2471,1976,win,1.0
jXx0sic7,2026-01-28T09:52:02.782000+00:00,600+0,standard,rapid,True,mate,black,138,Asad-Javed,Art-Vega,2412,2466,-20,5,C47,"Four Knights Game: Scotch Variation Accepted, Main Line",17,Art-Vega,black,Asad-Javed,2466,2412,win,1.0
61treS77,2026-01-28T09:33:47.651000+00:00,600+0,standard,rapid,True,draw,,115,Art-Vega,Asad-Javed,2467,2407,-1,5,D25,Queen's Gambit Accepted: Normal Variation,7,Art-Vega,white,Asad-Javed,2467,2407,draw,0.5
ZAJpYpyi,2026-01-25T21:20:54.036000+00:00,600+0,standard,rapid,True,resign,black,86,Art-Vega,veysel3207,2478,1968,-11,11,B08,"Pirc Defense: Classical Variation, Quiet System",9,Art-Vega,white,veysel3207,2478,1968,loss,0.0
hDThmj2k,2026-01-25T21:05:17.843000+00:00,600+0,standard,rapid,True,outoftime,white,67,Art-Vega,YaroslavKolodiy,2478,1968,0,0,A67,Benoni Defense: Taimanov Variation,15,Art-Vega,white,YaroslavKolodiy,2478,1968,win,1.0
iKjx2Wbj,2026-01-25T20:53:37.765000+00:00,600+0,standard,rapid,True,resign,black,80,Rick-Rude,Art-Vega,1643,2478,0,0,A00,Van't Kruijs Opening,1,Art-Vega,black,Rick-Rude,2478,1643,win,1.0
KX2m3Ww5,2026-01-25T19:40:59.288000+00:00,600+0,standard,rapid,True,resign,white,63,Art-Vega,elleci63,2488,1938,1,-1,D66,"Queen's Gambit Declined: Orthodox Defense, Bd3 Line",15,Art-Vega,white,elleci63,2488,1938,win,1.0
0BirDw2y,2026-01-25T19:34:41.682000+00:00,600+0,standard,rapid,True,resign,black,36,anonym54321,Art-Vega,2115,2487,-6,1,C54,"Italian Game: Classical Variation, Giuoco Pianissimo",10,Art-Vega,black,anonym54321,2487,2115,win,1.0
LbjTf08V,2026-01-25T19:23:24.597000+00:00,600+0,standard,rapid,True,mate,white,73,Art-Vega,Trainavi,2486,2055,1,-1,E20,Nimzo-Indian Defense: Kmoch Variation,7,Art-Vega,white,Trainavi,2486,2055,win,1.0
fArKSN9K,2026-01-25T19:11:34.913000+00:00,600+0,standard,rapid,True,mate,black,106,alex99099,Art-Vega,1353,2486,0,0,A80,Dutch Defense,2,Art-Vega,black,alex99099,2486,1353,win,1.0
st56ng3E,2026-01-22T01:43:02.730000+00:00,600+0,standard,rapid,True,outoftime,white,61,Art-Vega,StrangerAM,2475,2557,7,-7,B06,Modern Defense: Two Knights Variation,7,Art-Vega,white,StrangerAM,2475,2557,win,1.0
ZZtbPbEU,2026-01-22T01:24:56.172000+00:00,600+0,standard,rapid,True,resign,black,80,TRENER-Jurmala,Art-Vega,2492,2469,-6,6,A45,Trompowsky Attack,3,Art-Vega,black,TRENER-Jurmala,2469,2492,win,1.0
k8sVybrd,2026-01-22T01:02:02.961000+00:00,600+0,standard,rapid,True,resign,white,69,exISAMBARD,Art-Vega,2362,2476,9,-7,A48,Torre Attack: Fianchetto Defense,5,Art-Vega,black,exISAMBARD,2476,2362,loss,0.0
NQyhsVTS,2026-02-01T09:14:24.852000+00:00,60+0,standard,bullet,True,mate,white,113,tjychess,BlitzKing92,2949,2765,3,-3,A00,Grob Opening,1,tjychess,white,BlitzKing92,2949,2765,win,1.0
qgPNFYyK,2026-02-01T04:10:27.131000+00:00,60+0,standard,bullet,True,resign,white,79,UTSC_SG,tjychess,2810,2957,7,-8,A05,Zukertort Opening,2,tjychess,black,UTSC_SG,2957,2810,loss,0.0
Dka12Ocs,2026-01-29T16:57:39.030000+00:00,60+0,standard,bullet,True,resign,white,49,sunchess137,tjychess,2946,2977,6,-6,B12,"Caro-Kann Defense: Advance Variation, Botvinnik-Carls Defense",6,tjychess,black,sunchess137,2977,2946,loss,0.0
F6UBvDK0,2026-01-28T19:08:55.738000+00:00,180+0,standard,blitz,True,resign,white,61,tjychess,Italiangangster,2899,2706,3,-2,E90,"King's Indian Defense: Normal Variation, Rare Defenses",9,tjychess,white,Italiangangster,2899,2706,win,1.0
fSRETUia,2026-01-28T19:03:45.745000+00:00,180+0,standard,blitz,True,resign,black,82,Italiangangster,tjychess,2710,2896,-4,3,C78,Ruy Lopez: Morphy Defense,9,tjychess,black,Italiangangster,2896,2710,win,1.0
Y0aAJH6N,2026-01-28T19:02:33.058000+00:00,180+0,standard,blitz,True,resign,white,35,tjychess,Italiangangster,2893,2712,3,-2,E49,"Nimzo-Indian Defense: Normal Variation, Botvinnik System",13,tjychess,white,Italiangangster,2893,2712,win,1.0
pvpiWszJ,2026-01-28T18:57:04.873000+00:00,180+0,standard,blitz,True,draw,,114,Italiangangster,tjychess,2710,2896,2,-3,C54,"Italian Game: Classical Variation, Giuoco Pianissimo",14,tjychess,black,Italiangangster,2896,2710,draw,0.5
ZOLJAln2,2026-01-28T18:52:00.915000+00:00,180+0,standard,blitz,True,draw,,124,tjychess,Italiangangster,2899,2707,-3,3,B51,Sicilian Defense: Moscow Variation,5,tjychess,white,Italiangangster,2899,2707,draw,0.5
CUBwtJiA,2026-01-28T16:53:27.633000+00:00,180+0,standard,blitz,True,draw,,107,BLS-75ah,tjychess,2782,2901,3,-2,A14,"English Opening: Agincourt Defense, Neo-Catalan Declined",11,tjychess,black,BLS-75ah,2901,2782,draw,0.5
2I8QjpRz,2026-01-28T10:54:45.868000+00:00,60+0,standard,bullet,True,resign,black,56,tjychess,Gogithewise,2994,2965,-6,7,A07,King's Indian Attack: Keres Variation,8,tjychess,white,Gogithewise,2994,2965,loss,0.0
BsRHO0U7,2026-01-27T17:25:13.642000+00:00,60+0,standard,bullet,True,resign,black,50,tjychess,golpear,3008,2780,-9,9,A07,King's Indian Attack,3,tjychess,white,golpear,3008,2780,loss,0.0
AP3hzSCm,2026-01-27T06:42:09.351000+00:00,60+0,standard,bullet,True,draw,,97,AsoAjedrezMerida,tjychess,2894,3004,2,-2,C72,"Ruy Lopez: Morphy Defense, Modern Steinitz Defense",9,tjychess,black,AsoAjedrezMerida,3004,2894,draw,0.5
vQVb456G,2026-01-23T14:52:53.245000+00:00,60+0,standard,bullet,True,resign,white,75,carnivoras,tjychess,2866,2987,8,-7,D35,"Queen's Gambit Declined: Exchange Variation, Positional Variation",9,tjychess,black,carnivoras,2987,2866,loss,0.0
9HiKMJJD,2026-01-23T14:50:50.870000+00:00,60+0,standard,bullet,True,mate,black,66,tjychess,carnivoras,2995,2857,-8,9,E65,"King's Indian Defense: Fianchetto Variation, Yugoslav Variation, Exchange Line",16,tjychess,white,carnivoras,2995,2857,loss,0.0
uScKsroY,2026-01-23T14:49:13.232000+00:00,60+0,standard,bullet,True,resign,black,70,carnivoras,tjychess,2861,2992,-4,3,A01,Nimzo-Larsen Attack: Modern Variation,5,tjychess,black,carnivoras,2992,2861,win,1.0
44DO07QR,2026-01-22T16:53:36.093000+00:00,180+0,standard,blitz,True,mate,white,171,tjychess,SublimeWarrior,2897,2800,4,-4,D97,"Grünfeld Defense: Russian Variation, Byrne Variation",14,tjychess,white,SublimeWarrior,2897,2800,win,1.0
XK2fv7em,2026-01-22T16:46:33.395000+00:00,180+0,standard,blitz,True,outoftime,black,264,SublimeWarrior,tjychess,2805,2892,-5,5,A11,"Réti Opening: Anglo-Slav Variation, with g3",8,tjychess,black,SublimeWarrior,2892,2805,win,1.0
SxdS1yot,2026-01-22T16:40:08.412000+00:00,180+0,standard,blitz,True,mate,white,99,tjychess,SublimeWarrior,2888,2809,4,-4,C50,"Italian Game: Giuoco Pianissimo, Normal",8,tjychess,white,SublimeWarrior,2888,2809,win,1.0
w2X76Z5u,2026-01-22T16:31:59.176000+00:00,180+0,standard,blitz,True,resign,white,125,tjychess,Italiangangster,2886,2649,2,-2,B41,"Sicilian Defense: Kan Variation, Maróczy Bind, Réti Variation",9,tjychess,white,Italiangangster,2886,2649,win,1.0
Ii1c4M9l,2026-01-22T16:26:23.154000+00:00,180+0,standard,blitz,True,draw,,94,Albaber1991,tjychess,2734,2888,2,-2,D45,Semi-Slav Defense: Stoltz Variation,13,tjychess,black,Albaber1991,2888,2734,draw,0.5
OFZ9Njmh,2026-01-22T16:17:00.225000+00:00,180+0,standard,blitz,True,resign,white,95,tjychess,No_signs_of_V,2887,2556,1,-2,B11,"Caro-Kann Defense: Two Knights Attack, Mindeno Variation, Retreat Line",8,tjychess,white,No_signs_of_V,2887,2556,win,1.0
LIkIUG2n,2026-01-22T16:12:20.529000+00:00,180+0,standard,blitz,True,draw,,56,tjychess,MelkMaschinenMeister,2890,2699,-3,3,B10,Caro-Kann Defense: Two Knights Attack,5,tjychess,white,MelkMaschinenMeister,2890,2699,draw,0.5
t0Z7HmlL,2026-01-22T16:07:31.068000+00:00,180+0,standard,blitz,True,resign,black,52,Normal_one,tjychess,2645,2887,-2,3,D01,Rapport-Jobava System,6,tjychess,black,Normal_one,2887,2645,win,1.0
9sukbtct,2026-01-22T16:00:03.436000+00:00,180+0,standard,blitz,True,outoftime,black,154,tjychess,SwitzerlandChair,2894,2858,-7,6,B01,Scandinavian Defense: Mieses-Kotroc Variation,4,tjychess,white,SwitzerlandChair,2894,2858,loss,0.0
tTE9LD3n,2026-01-22T05:39:12.820000+00:00,180+0,standard,blitz,True,resign,white,53,tjychess,RomanK_13,2890,2735,4,-3,B51,Sicilian Defense: Moscow Variation,5,tjychess,white,RomanK_13,2890,2735,win,1.0
EC5LK1e4,2026-01-21T17:08:03.044000+00:00,60+0,standard,bullet,True,resign,black,64,bezdelniki,tjychess,2690,3025,-2,2,D02,Queen's Pawn Game: Symmetrical Variation,4,tjychess,black,bezdelniki,3025,2690,win,1.0
u6PCBf1y,2026-01-21T16:10:23.505000+00:00,180+0,standard,blitz,True,draw,,68,tjychess,LegacyOfBob,2889,2954,1,-1,D97,"Grünfeld Defense: Russian Variation, Hungarian Variation",14,tjychess,white,LegacyOfBob,2889,2954,draw,0.5
CfnTNNbw,2026-01-21T16:03:57.879000+00:00,180+0,standard,blitz,True,outoftime,black,134,LegacyOfBob,tjychess,2961,2882,-7,7,D35,"Queen's Gambit Declined: Exchange Variation, Positional Variation",10,tjychess,black,LegacyOfBob,2882,2961,win,1.0
s39vVbTX,2026-01-21T16:01:47.354000+00:00,180+0,standard,blitz,True,draw,,30,tjychess,LegacyOfBob,2881,2962,1,-1,B52,"Sicilian Defense: Moscow Variation, Main Line",6,tjychess,white,LegacyOfBob,2881,2962,draw,0.5
kktNbhwM,2026-01-21T15:56:15.588000+00:00,180+0,standard,blitz,True,resign,white,59,LegacyOfBob,tjychess,2958,2886,4,-5,E20,Nimzo-Indian Defense: Romanishin Variation,7,tjychess,black,LegacyOfBob,2886,2958,loss,0.0
NDdlUwUr,2026-02-01T22:59:53.597000+00:00,60+0,standard,bullet,True,resign,white,45,titanshahmat2003,abudabi22840,2919,3298,10,-10,B12,Caro-Kann Defense: Advance Variation,5,abudabi22840,black,titanshahmat2003,3298,2919,loss,0.0
POedFL0f,2026-02-01T22:34:09.523000+00:00,60+0,standard,bullet,True,outoftime,black,154,PLTchess1,abudabi22840,3082,3291,-3,3,B13,Caro-Kann Defense: Exchange Variation,8,abudabi22840,black,PLTchess1,3291,3082,win,1.0
iDaLtYEp,2026-02-01T13:44:40.682000+00:00,30+0,standard,bullet,True,resign,white,39,abudabi22840,emirislamking,3265,3236,5,-5,D30,Queen's Gambit Declined,4,abudabi22840,white,emirislamking,3265,3236,win,1.0
nrlDx3eg,2026-02-01T13:30:15.338000+00:00,30+0,standard,bullet,True,outoftime,black,126,abudabi22840,emirislamking,3252,3248,-6,6,A00,Saragossa Opening,1,abudabi22840,white,emirislamking,3252,3248,loss,0.0
B3oxoPXq,2026-02-01T13:11:10.539000+00:00,30+0,standard,bullet,True,mate,black,144,emirislamking,abudabi22840,3229,3270,-5,6,A43,Benoni Defense: Old Benoni,2,abudabi22840,black,emirislamking,3270,3229,win,1.0
8hV8T7W1,2026-01-30T14:27:01.795000+00:00,30+0,standard,bullet,True,outoftime,black,72,abudabi22840,SamTakoj,3295,3030,-9,9,B10,Caro-Kann Defense: Endgame Variation,9,abudabi22840,white,SamTakoj,3295,3030,loss,0.0
MElBtZNu,2026-01-30T13:42:13.533000+00:00,30+0,standard,bullet,True,resign,white,46,abudabi22840,TRAININGRIVAL2025,3292,2975,1,-1,A40,Horwitz Defense,2,abudabi22840,white,TRAININGRIVAL2025,3292,2975,win,1.0
kb42nKm1,2026-01-30T13:32:44.297000+00:00,30+0,standard,bullet,True,outoftime,,113,abudabi22840,TRAININGRIVAL2025,3283,2984,-4,4,D00,Queen's Pawn Game: Levitsky Attack,3,abudabi22840,white,TRAININGRIVAL2025,3283,2984,draw,0.5
5GE1aBdk,2026-01-30T13:15:25.658000+00:00,30+0,standard,bullet,True,outoftime,white,67,abudabi22840,TRAININGRIVAL2025,3259,3007,2,-2,A40,Queen's Pawn Game: Modern Defense,2,abudabi22840,white,TRAININGRIVAL2025,3259,3007,win,1.0
Mht9kPE4,2026-01-29T15:08:44.768000+00:00,60+0,standard,bullet,True,outoftime,white,161,abudabi22840,Dr_Tiger,3212,3175,5,-5,A45,Trompowsky Attack,3,abudabi22840,white,Dr_Tiger,3212,3175,win,1.0
irYVRuOb,2026-01-29T15:02:47.207000+00:00,60+0,standard,bullet,True,outoftime,black,96,abudabi22840,KAPUTVSEMU,3221,3076,-8,8,D00,Queen's Pawn Game: Levitsky Attack,3,abudabi22840,white,KAPUTVSEMU,3221,3076,loss,0.0
NTKLL9Ha,2026-01-29T14:57:07.099000+00:00,60+0,standard,bullet,True,mate,white,137,KAPUTVSEMU,abudabi22840,3075,3222,8,-8,A40,Queen's Pawn Game,1,abudabi22840,black,KAPUTVSEMU,3222,3075,loss,0.0
fAxPBBDG,2026-01-29T14:54:49.032000+00:00,60+0,standard,bullet,True,outoftime,black,178,abudabi22840,KAPUTVSEMU,3230,3067,-8,8,A40,Queen's Pawn Game,1,abudabi22840,white,KAPUTVSEMU,3230,3067,loss,0.0
mxgbGhMM,2026-01-29T14:46:30.567000+00:00,60+0,standard,bullet,True,draw,,158,abudabi22840,KAPUTVSEMU,3222,3075,-3,2,A43,Benoni Defense: Old Benoni,2,abudabi22840,white,KAPUTVSEMU,3222,3075,draw,0.5
p9f9sIHq,2026-01-29T14:25:37.475000+00:00,60+0,standard,bullet,True,mate,black,120,Onlybrilliantmoves,abudabi22840,3045,3203,-4,4,B15,Caro-Kann Defense: Alien Gambit,11,abudabi22840,black,Onlybrilliantmoves,3203,3045,win,1.0
kPsn711x,2026-01-29T00:42:58.810000+00:00,30+0,chess960,bullet,True,outoftime,white,159,Hablale26,abudabi22840,2371,2867,10,-11,,,,abudabi22840,black,Hablale26,2867,2371,loss,0.0
f6UdyC71,2026-01-29T00:42:11.654000+00:00,30+0,chess960,bullet,True,mate,white,47,abudabi22840,Hablale26,2867,2371,0,0,,,,abudabi22840,white,Hablale26,2867,2371,win,1.0
E5hYLZM6,2026-01-29T00:41:20.185000+00:00,30+0,chess960,bullet,True,resign,black,54,Hablale26,abudabi22840,2372,2866,-1,1,,,,abudabi22840,black,Hablale26,2866,2372,win,1.0
rODdWK2z,2026-01-29T00:40:44.391000+00:00,30+0,chess960,bullet,True,resign,white,33,abudabi22840,Hablale26,2865,2372,1,0,,,,abudabi22840,white,Hablale26,2865,2372,win,1.0
pSNKlp5K,2026-01-29T00:39:23.322000+00:00,30+0,chess960,bullet,True,mate,black,126,Hablale26,abudabi22840,2373,2865,-1,0,,,,abudabi22840,black,Hablale26,2865,2373,win,1.0
9xKbRbca,2026-01-29T00:21:06.277000+00:00,30+0,chess960,bullet,True,outoftime,black,62,abudabi22840,Hablale26,2862,2376,-11,11,,,,abudabi22840,white,Hablale26,2862,2376,loss,0.0
fjNYNDiQ,2026-01-28T14:43:59.029000+00:00,60+0,standard,bullet,True,mate,white,89,Yulkaaa,abudabi22840,3213,3209,5,-6,A07,King's Indian Attack: Keres Variation,4,abudabi22840,black,Yulkaaa,3209,3213,loss,0.0
50VZeF4T,2026-01-28T14:42:12.017000+00:00,60+0,standard,bullet,True,resign,white,69,abudabi22840,Yulkaaa,3203,3219,6,-6,A45,Trompowsky Attack: Edge Variation,5,abudabi22840,white,Yulkaaa,3203,3219,win,1.0
0ReLvho6,2026-01-28T14:39:58.743000+00:00,60+0,standard,bullet,True,stalemate,,149,Yulkaaa,abudabi22840,3219,3202,0,1,A07,King's Indian Attack: Keres Variation,4,abudabi22840,black,Yulkaaa,3202,3219,draw,0.5
MCEzVQTU,2026-01-28T14:38:36.499000+00:00,60+0,standard,bullet,True,draw,,58,abudabi22840,Yulkaaa,3202,3219,0,0,B13,Caro-Kann Defense: Exchange Variation,5,abudabi22840,white,Yulkaaa,3202,3219,draw,0.5
U0mqI3Ps,2026-01-28T14:36:39.616000+00:00,60+0,standard,bullet,True,resign,white,87,Yulkaaa,abudabi22840,3214,3208,5,-6,A07,King's Indian Attack: Keres Variation,4,abudabi22840,black,Yulkaaa,3208,3214,loss,0.0
mVso7eLE,2026-01-28T14:34:44.422000+00:00,60+0,standard,bullet,True,draw,,97,abudabi22840,Yulkaaa,3208,3214,0,0,B10,Caro-Kann Defense: Endgame Offer,5,abudabi22840,white,Yulkaaa,3208,3214,draw,0.5
cJikzcYB,2026-01-28T14:32:43.856000+00:00,60+0,standard,bullet,True,mate,black,84,Yulkaaa,abudabi22840,3220,3202,-6,6,A07,King's Indian Attack: Keres Variation,4,abudabi22840,black,Yulkaaa,3202,3220,win,1.0
RxdCQsQZ,2026-01-28T14:30:40.106000+00:00,60+0,standard,bullet,True,mate,black,140,abudabi22840,Yulkaaa,3207,3214,-5,6,A45,Trompowsky Attack,3,abudabi22840,white,Yulkaaa,3207,3214,loss,0.0
P9wU3FnQ,2026-01-28T14:30:04.658000+00:00,60+0,standard,bullet,True,resign,black,50,Yulkaaa,abudabi22840,3220,3201,-6,6,A07,King's Indian Attack,3,abudabi22840,black,Yulkaaa,3201,3220,win,1.0
HSqg1iWm,2026-02-01T21:09:07.135000+00:00,180+2,standard,blitz,True,resign,white,47,TryhardTrainingTiger,MGSAFT,2803,2600,7,-3,D06,Queen's Gambit Declined: Austrian Defense,4,TryhardTrainingTiger,white,MGSAFT,2803,2600,win,1.0
DFngQTbO,2026-01-29T21:56:19.028000+00:00,180+2,standard,blitz,True,resign,black,88,MGSAFT,TryhardTrainingTiger,2500,2799,-2,4,A45,Trompowsky Attack: Edge Variation,5,TryhardTrainingTiger,black,MGSAFT,2799,2500,win,1.0
yuk2DaWY,2026-01-29T21:42:11.034000+00:00,180+2,standard,blitz,True,resign,white,71,TryhardTrainingTiger,Amati17,2790,2647,9,-3,A57,Benko Gambit Accepted: Modern Variation,9,TryhardTrainingTiger,white,Amati17,2790,2647,win,1.0
nZjZ191l,2026-01-29T21:30:21.154000+00:00,180+2,standard,blitz,True,resign,black,110,TryhardTrainingTiger,Abatronic,2815,2542,-25,10,D35,"Queen's Gambit Declined: Exchange Variation, Positional Variation",9,TryhardTrainingTiger,white,Abatronic,2815,2542,loss,0.0
ALbrbklh,2026-01-29T21:10:35.696000+00:00,180+2,standard,blitz,True,resign,black,92,Abatronic,TryhardTrainingTiger,2550,2809,-2,6,C42,"Petrov's Defense: Classical Attack, Staunton Variation",16,TryhardTrainingTiger,black,Abatronic,2809,2550,win,1.0
5N47QUo5,2026-01-27T21:40:32.838000+00:00,180+2,standard,blitz,True,outoftime,black,78,Maus7,TryhardTrainingTiger,2685,2798,-5,11,C22,Center Game: Berger Variation,8,TryhardTrainingTiger,black,Maus7,2798,2685,win,1.0
lMW0EZhl,2026-01-27T21:27:24.745000+00:00,180+2,standard,blitz,True,resign,white,85,TryhardTrainingTiger,Dynamovec,2791,2586,7,-3,D17,"Slav Defense: Czech Variation, Carlsbad Variation",16,TryhardTrainingTiger,white,Dynamovec,2791,2586,win,1.0
VKeIgBLn,2026-01-27T21:22:31.970000+00:00,180+2,standard,blitz,True,resign,white,41,TryhardTrainingTiger,gameoftage,2785,2504,6,-2,D26,"Queen's Gambit Accepted: Classical Defense, Steinitz Variation, Development Variation",12,TryhardTrainingTiger,white,gameoftage,2785,2504,win,1.0
yIcjvNW1,2026-01-27T21:12:01.211000+00:00,180+2,standard,blitz,True,resign,white,73,Dudajankrzystofgod,TryhardTrainingTiger,2675,2806,59,-21,A09,Réti Opening: Advance Variation,4,TryhardTrainingTiger,black,Dudajankrzystofgod,2806,2675,loss,0.0
MwPiCIKk,2026-01-27T20:55:33.521000+00:00,180+2,standard,blitz,True,outoftime,white,47,TryhardTrainingTiger,gameoftage,2801,2513,5,-1,E44,Nimzo-Indian Defense: St. Petersburg Variation,9,TryhardTrainingTiger,white,gameoftage,2801,2513,win,1.0
25iZWMYz,2026-01-23T22:09:31.792000+00:00,180+2,standard,blitz,True,resign,black,60,Marek-Kosiorek,TryhardTrainingTiger,2610,2791,-3,10,C54,"Italian Game: Classical Variation, Giuoco Pianissimo",10,TryhardTrainingTiger,black,Marek-Kosiorek,2791,2610,win,1.0
T03LZrdY,2026-01-23T21:34:20.416000+00:00,180+2,standard,blitz,True,resign,black,170,Arencibia,TryhardTrainingTiger,2562,2767,-2,10,C42,Petrov's Defense: Classical Attack,9,TryhardTrainingTiger,black,Arencibia,2767,2562,win,1.0
lFgm6tNG,2026-01-23T21:13:19.908000+00:00,180+2,standard,blitz,True,draw,,145,TryhardTrainingTiger,Arencibia,2778,2571,-11,3,E49,"Nimzo-Indian Defense: Normal Variation, Botvinnik System",13,TryhardTrainingTiger,white,Arencibia,2778,2571,draw,0.5
Rpz22BiM,2025-12-02T21:25:40.465000+00:00,180+2,standard,blitz,True,resign,white,69,TryhardTrainingTiger,Mimma,2752,2534,7,-3,C54,"Italian Game: Classical Variation, Giuoco Pianissimo",14,TryhardTrainingTiger,white,Mimma,2752,2534,win,1.0
vChUisWX,2025-12-02T21:14:41.134000+00:00,180+2,standard,blitz,True,mate,white,59,TryhardTrainingTiger,nooartur,2744,2555,8,-2,E73,King's Indian Defense: Semi-Averbakh System,11,TryhardTrainingTiger,white,nooartur,2744,2555,win,1.0
4xe85Y0N,2025-11-13T21:14:28.813000+00:00,180+2,standard,blitz,True,draw,,43,zipse,TryhardTrainingTiger,2548,2742,3,-8,D24,Queen's Gambit Accepted,9,TryhardTrainingTiger,black,zipse,2742,2548,draw,0.5
5rMV2omh,2025-11-09T21:07:21.452000+00:00,180+2,standard,blitz,True,resign,white,111,TryhardTrainingTiger,KutirovGM,2720,2527,8,-3,D30,Semi-Slav Defense: Quiet Variation,9,TryhardTrainingTiger,white,KutirovGM,2720,2527,win,1.0
VVGlxDcK,2025-11-09T20:53:18.467000+00:00,180+2,standard,blitz,True,resign,black,106,TryhardTrainingTiger,Amati17,2744,2597,-24,8,A57,Benko Gambit Accepted: Modern Variation,9,TryhardTrainingTiger,white,Amati17,2744,2597,loss,0.0
D5FDG4yM,2025-10-01T21:18:23.517000+00:00,180+2,standard,blitz,True,outoftime,black,122,LiVaEv,TryhardTrainingTiger,2570,2731,-3,7,D91,"Grünfeld Defense: Three Knights Variation, Petrosian System",9,TryhardTrainingTiger,black,LiVaEv,2731,2570,win,1.0
S6JJwD6V,2025-10-01T20:59:28.046000+00:00,180+2,standard,blitz,True,resign,black,74,Gogoud,TryhardTrainingTiger,2544,2724,-3,7,C77,"Ruy Lopez: Morphy Defense, Anderssen Variation",9,TryhardTrainingTiger,black,Gogoud,2724,2544,win,1.0
XYhrKHWB,2025-09-20T21:11:42.930000+00:00,180+2,standard,blitz,True,draw,,134,nooartur,TryhardTrainingTiger,2528,2718,3,-6,C68,"Ruy Lopez: Exchange, Alekhine Variation",14,TryhardTrainingTiger,black,nooartur,2718,2528,draw,0.5
7zTabU8v,2025-09-20T20:50:51.307000+00:00,180+2,standard,blitz,True,draw,,88,TryhardTrainingTiger,Lenyas66,2723,2569,-5,3,B32,Sicilian Defense: Kalashnikov Variation,10,TryhardTrainingTiger,white,Lenyas66,2723,2569,draw,0.5
lqnEgdaL,2025-09-15T21:12:43.020000+00:00,180+2,standard,blitz,True,outoftime,black,48,TryhardTrainingTiger,BernhardBorge,2740,2587,-17,8,B03,Alekhine Defense: Four Pawns Attack,9,TryhardTrainingTiger,white,BernhardBorge,2740,2587,loss,0.0
BROShSZ7,2025-09-15T20:58:47.385000+00:00,180+2,standard,blitz,True,outoftime,white,131,LiVaEv,TryhardTrainingTiger,2626,2756,7,-16,D00,Queen's Pawn Game: Accelerated London System,3,TryhardTrainingTiger,black,LiVaEv,2756,2626,loss,0.0
cPrilR5V,2025-09-06T13:48:46.162000+00:00,180+2,standard,blitz,True,stalemate,,126,Dr_BlueDot,TryhardTrainingTiger,2577,2751,3,-5,C50,"Italian Game: Giuoco Pianissimo, Normal",8,TryhardTrainingTiger,black,Dr_BlueDot,2751,2577,draw,0.5
s6PyY0zO,2025-09-06T13:26:54.875000+00:00,180+2,standard,blitz,True,mate,white,57,TryhardTrainingTiger,Tiramisuuti,2743,2624,8,-4,B12,"Caro-Kann Defense: Advance Variation, Short Variation",7,TryhardTrainingTiger,white,Tiramisuuti,2743,2624,win,1.0
ijZN9rzU,2025-08-12T20:53:37.468000+00:00,180+2,standard,blitz,True,resign,white,44,TryhardTrainingTiger,unravelingbrain,2744,2496,4,-2,B76,"Sicilian Defense: Dragon Variation, Yugoslav Attack, Modern Line",17,TryhardTrainingTiger,white,unravelingbrain,2744,2496,win,1.0
uEbTYiNi,2025-08-12T20:38:28.048000+00:00,180+2,standard,blitz,True,resign,black,118,AaronGT24,TryhardTrainingTiger,2506,2740,-4,4,C27,"Vienna Game: Stanley Variation, Monster Declined",10,TryhardTrainingTiger,black,AaronGT24,2740,2506,win,1.0
bseEZbSn,2025-08-12T20:27:05.024000+00:00,180+2,standard,blitz,True,draw,,104,TryhardTrainingTiger,elregresodelaestaka,2745,2528,-5,3,B23,Sicilian Defense: Closed,4,TryhardTrainingTiger,white,elregresodelaestaka,2745,2528,draw,0.5
4WfYyjWT,2025-08-12T20:17:24.506000+00:00,180+2,standard,blitz,True,resign,black,72,Hiditoshi,TryhardTrainingTiger,2604,2739,-3,6,A13,English Opening: Agincourt Defense,2,TryhardTrainingTiger,black,Hiditoshi,2739,2604,win,1.0
hQmUEsvh,2026-02-01T17:26:33.387000+00:00,900+15,standard,classical,True,mate,black,150,Jaiyehhh,Erik_kuz,2299,1901,-10,11,A40,Englund Gambit Declined: Reversed French,3,Jaiyehhh,white,Erik_kuz,2299,1901,loss,0.0
flK7YwIK,2026-02-01T17:03:59.503000+00:00,900+15,standard,classical,True,resign,black,78,Plague_Man,Jaiyehhh,2059,2297,-3,2,C41,Philidor Defense: Exchange Variation,6,Jaiyehhh,black,Plague_Man,2297,2059,win,1.0
4g562NXV,2026-02-01T16:26:03.392000+00:00,900+15,standard,classical,True,resign,black,133,Jaiyehhh,krien,2308,1746,-12,11,D02,"Queen's Pawn Game: Symmetrical Variation, Pseudo-Catalan",5,Jaiyehhh,white,krien,2308,1746,loss,0.0
5e9PyPGY,2026-02-01T15:46:11.643000+00:00,900+15,standard,classical,True,resign,black,115,abelleroyer,Jaiyehhh,1260,2307,-1,1,D31,Semi-Slav Defense: Accelerated Move Order,6,Jaiyehhh,black,abelleroyer,2307,1260,win,1.0
DzrdQoAf,2026-02-01T15:32:27.212000+00:00,900+15,standard,classical,True,draw,,34,Jaiyehhh,Sacha_1989,2308,2281,-1,1,A39,"English Opening: Symmetrical Variation, Mecking Variation",13,Jaiyehhh,white,Sacha_1989,2308,2281,draw,0.5
CHrtRMSp,2026-02-01T15:16:53.440000+00:00,900+15,standard,classical,True,resign,black,48,Erik_kuz,Jaiyehhh,1901,2307,-2,1,D00,Blackmar-Diemer Gambit Accepted: Ziegler Defense,10,Jaiyehhh,black,Erik_kuz,2307,1901,win,1.0
91jOC8op,2026-02-01T15:01:54.451000+00:00,900+15,standard,classical,True,resign,white,75,Jaiyehhh,Gloria1959,2306,1970,1,-2,D02,"Queen's Pawn Game: Symmetrical Variation, Pseudo-Catalan",5,Jaiyehhh,white,Gloria1959,2306,1970,win,1.0
bd3xA0Cj,2026-02-01T14:44:07.090000+00:00,900+15,standard,classical,True,resign,white,71,Jaiyehhh,Oldfox1711,2305,1774,1,0,D02,Queen's Pawn Game: Zukertort Variation,3,Jaiyehhh,white,Oldfox1711,2305,1774,win,1.0
ZcYqYPgW,2026-02-01T13:48:31.239000+00:00,1500+0,standard,classical,True,resign,white,93,Jaiyehhh,alienguys,2303,2058,2,-43,A40,Englund Gambit Declined: Reversed French,3,Jaiyehhh,white,alienguys,2303,2058,win,1.0
WWm7unnW,2026-02-01T13:13:09.022000+00:00,1500+0,standard,classical,True,draw,,60,FatiqPatiq,Jaiyehhh,2113,2305,9,-2,D31,Semi-Slav Defense: Accelerated Move Order,6,Jaiyehhh,black,FatiqPatiq,2305,2113,draw,0.5
OwGya3OT,2026-02-01T11:47:37.341000+00:00,1500+0,standard,classical,True,resign,white,31,Jaiyehhh,penguin_S,2305,1858,0,-3,D02,Queen's Pawn Game: Zukertort Variation,3,Jaiyehhh,white,penguin_S,2305,1858,win,1.0
xqAWyTDg,2026-02-01T11:23:03.225000+00:00,1500+0,standard,classical,True,resign,black,26,littleprince1981,Jaiyehhh,2324,2299,-57,6,C41,Philidor Defense,6,Jaiyehhh,black,littleprince1981,2299,2324,win,1.0
NMqJGq1V,2026-02-01T11:00:25.827000+00:00,1500+0,standard,classical,True,draw,,40,Pedro_11112006,Jaiyehhh,2233,2300,1,-1,D00,Queen's Pawn Game: Accelerated London System,3,Jaiyehhh,black,Pedro_11112006,2300,2233,draw,0.5
TJuIGc6L,2026-02-01T10:32:05.834000+00:00,1500+0,standard,classical,True,mate,white,57,Jaiyehhh,Mrcius,2298,1986,2,-2,D02,Queen's Pawn Game: Zukertort Variation,3,Jaiyehhh,white,Mrcius,2298,1986,win,1.0
zmJwGjzR,2026-02-01T10:22:09.048000+00:00,480+0,standard,rapid,True,resign,white,81,Jaiyehhh,Pejton_bt,2050,1942,7,-4,A41,Queen's Pawn Game,2,Jaiyehhh,white,Pejton_bt,2050,1942,win,1.0
Ps0i98aZ,2026-02-01T07:21:21.981000+00:00,1500+0,standard,classical,True,resign,black,80,Babumyan1986,Jaiyehhh,2013,2296,-22,2,A06,Nimzo-Larsen Attack: Classical Variation,3,Jaiyehhh,black,Babumyan1986,2296,2013,win,1.0
6UWitqIl,2026-02-01T06:48:54.236000+00:00,1500+0,standard,classical,True,resign,black,56,Jaiyehhh,GHM-777,2305,2118,-9,18,D02,Queen's Pawn Game: Zukertort Variation,3,Jaiyehhh,white,GHM-777,2305,2118,loss,0.0
jTVAzgLr,2026-02-01T06:20:51.340000+00:00,1500+0,standard,classical,True,resign,white,35,Nocturnia,Jaiyehhh,2170,2312,17,-7,A36,"English Opening: Symmetrical Variation, Botvinnik System",9,Jaiyehhh,black,Nocturnia,2312,2170,loss,0.0
cRRMR3RO,2026-02-01T05:13:53.763000+00:00,1500+0,standard,classical,True,outoftime,white,83,Jaiyehhh,kultrainstintos_96,2310,2020,2,-42,A49,Indian Defense: Przepiorka Variation,5,Jaiyehhh,white,kultrainstintos_96,2310,2020,win,1.0
C0upZbbT,2026-02-01T04:50:32.731000+00:00,1500+0,standard,classical,True,resign,black,54,JAHONGIRforishdan,Jaiyehhh,2200,2308,-57,2,C24,Bishop's Opening: Berlin Defense,4,Jaiyehhh,black,JAHONGIRforishdan,2308,2200,win,1.0
BDsmLzBu,2026-01-31T22:29:06.519000+00:00,1500+0,standard,classical,True,resign,white,99,Homa3255,Jaiyehhh,1930,2319,19,-11,A38,"English Opening: Symmetrical Variation, Full Symmetry Line",10,Jaiyehhh,black,Homa3255,2319,1930,loss,0.0
ux3To5Y0,2026-01-31T20:29:13.728000+00:00,600+0,standard,rapid,True,outoftime,white,127,Knieggau,Jaiyehhh,2115,2059,21,-9,C41,Philidor Defense,6,Jaiyehhh,black,Knieggau,2059,2115,loss,0.0
s3JgIzVO,2026-01-31T20:08:56.805000+00:00,600+0,standard,rapid,True,outoftime,black,118,Jaiyehhh,Knieggau,2069,2087,-10,28,A40,Queen's Pawn Game,1,Jaiyehhh,white,Knieggau,2069,2087,loss,0.0
PoYMJGjr,2026-01-31T20:00:15.831000+00:00,600+0,standard,rapid,True,resign,black,42,Knieggau,Jaiyehhh,2124,2056,-37,13,C41,Philidor Defense,4,Jaiyehhh,black,Knieggau,2056,2124,win,1.0
evkr4oFN,2026-01-31T19:14:10.286000+00:00,1500+0,standard,classical,True,resign,white,31,Jaiyehhh,ophir123,2316,2098,3,-5,A49,Indian Defense: Przepiorka Variation,5,Jaiyehhh,white,ophir123,2316,2098,win,1.0
9sA7XVOH,2026-01-31T17:01:25.424000+00:00,1500+0,standard,classical,True,resign,black,39,Kanagaraja145,Jaiyehhh,2069,2314,-8,2,A30,English Opening: Symmetrical Variation,2,Jaiyehhh,black,Kanagaraja145,2314,2069,win,1.0
UQTSd02Y,2026-01-31T16:07:00.651000+00:00,1500+0,standard,classical,True,mate,white,105,Jaiyehhh,Culcatz,2312,1940,2,-21,A80,Dutch Defense: Raphael Variation,3,Jaiyehhh,white,Culcatz,2312,1940,win,1.0
OLi8O9PM,2026-01-31T15:49:52.460000+00:00,60+0,standard,bullet,True,outoftime,white,123,Mister_Sicilian,Jaiyehhh,2089,2064,9,-6,A07,King's Indian Attack,3,Jaiyehhh,black,Mister_Sicilian,2064,2089,loss,0.0
so74gbvv,2026-01-31T15:47:28.807000+00:00,60+0,standard,bullet,True,outoftime,black,92,Jaiyehhh,Mister_Sicilian,2070,2080,-6,9,D02,Queen's Pawn Game: Zukertort Variation,3,Jaiyehhh,white,Mister_Sicilian,2070,2080,loss,0.0
YS5RHhqb,2026-01-31T15:44:52.115000+00:00,60+0,standard,bullet,True,outoftime,white,137,Mister_Sicilian,Jaiyehhh,2070,2076,10,-6,C41,Philidor Defense: Exchange Variation,7,Jaiyehhh,black,Mister_Sicilian,2076,2070,loss,0.0
unMW3xO5,2026-02-01T21:28:19.951000+00:00,180+2,standard,blitz,True,resign,black,128,ruthless_Axael,JaroSr,2477,2507,-5,6,A08,King's Indian Attack: French Variation,6,ruthless_Axael,white,JaroSr,2477,2507,loss,0.0
Q3rcVCuP,2026-02-01T21:05:03.865000+00:00,180+2,standard,blitz,True,outoftime,black,90,ruthless_Axael,Dommaraju,2472,2297,-8,8,A46,Indian Defense: Wade-Tartakower Defense,4,ruthless_Axael,white,Dommaraju,2472,2297,loss,0.0
5YyynY3Y,2026-02-01T16:51:16.830000+00:00,180+2,standard,blitz,True,resign,white,63,The_Mule,ruthless_Axael,2401,2464,8,-7,A45,Trompowsky Attack,3,ruthless_Axael,black,The_Mule,2464,2401,loss,0.0
4kQEMcoL,2026-02-01T16:36:56.332000+00:00,180+2,standard,blitz,True,mate,white,93,antony50,ruthless_Axael,2430,2470,6,-6,B12,"Caro-Kann Defense: Advance Variation, Botvinnik-Carls Defense",6,ruthless_Axael,black,antony50,2470,2430,loss,0.0
mHz9EoLt,2026-02-01T16:26:11.440000+00:00,180+2,standard,blitz,True,outoftime,black,82,ruthless_Axael,LevPaukman,2476,2482,-6,6,A15,"English Opening: Anglo-Indian Defense, Queen's Indian Formation",8,ruthless_Axael,white,LevPaukman,2476,2482,loss,0.0
s25WAcgz,2026-02-01T16:19:49.569000+00:00,180+2,standard,blitz,True,mate,white,37,EvgenyBurmakin,ruthless_Axael,2375,2483,8,-7,B10,Caro-Kann Defense: Two Knights Attack,5,ruthless_Axael,black,EvgenyBurmakin,2483,2375,loss,0.0
dxW9x95k,2026-02-01T16:11:17.438000+00:00,180+2,standard,blitz,True,resign,white,101,ruthless_Axael,energetik121,2479,2365,4,-4,A07,"King's Indian Attack, with e6",6,ruthless_Axael,white,energetik121,2479,2365,win,1.0
59zVUulM,2026-02-01T15:52:59.636000+00:00,180+2,standard,blitz,True,outoftime,black,62,ruthless_Axael,HowToSafeThis,2485,2476,-6,6,A05,Zukertort Opening,2,ruthless_Axael,white,HowToSafeThis,2485,2476,loss,0.0
gHadaZNJ,2026-02-01T15:42:58.883000+00:00,180+2,standard,blitz,True,outoftime,black,46,Juancho17,ruthless_Axael,2307,2482,-3,3,A03,Bird Opening: Dutch Variation,2,ruthless_Axael,black,Juancho17,2482,2307,win,1.0
onoMc5Wp,2026-02-01T15:26:55.076000+00:00,180+2,standard,blitz,True,outoftime,black,64,improvingo,ruthless_Axael,2460,2476,-5,6,E91,King's Indian Defense: Orthodox Variation,11,ruthless_Axael,black,improvingo,2476,2460,win,1.0
p0lpazZQ,2026-02-01T15:14:24.338000+00:00,180+2,standard,blitz,True,resign,black,120,ruthless_Axael,falk64,2485,2338,-9,8,A34,"English Opening: Symmetrical Variation, Normal Variation",3,ruthless_Axael,white,falk64,2485,2338,loss,0.0
w5doV2Nc,2026-02-01T14:53:59.712000+00:00,600+0,standard,rapid,True,draw,,107,Yestyn1312,ruthless_Axael,2642,2611,-3,2,A38,"English Opening: Symmetrical Variation, Duchamp Variation",13,ruthless_Axael,black,Yestyn1312,2611,2642,draw,0.5
mLaKNvTT,2026-02-01T02:41:34.931000+00:00,180+2,standard,blitz,True,resign,black,74,orlando70,ruthless_Axael,2442,2479,-6,6,E66,"King's Indian Defense: Fianchetto Variation, Yugoslav Variation, Advance Line",15,ruthless_Axael,black,orlando70,2479,2442,win,1.0
0F9i2FsK,2026-02-01T02:28:01.848000+00:00,180+2,standard,blitz,True,mate,black,56,ruthless_Axael,Lenyas66,2479,2558,-5,4,A00,Clemenz Opening,1,ruthless_Axael,white,Lenyas66,2479,2558,loss,0.0
38hcKheh,2026-02-01T00:04:06.294000+00:00,180+2,standard,blitz,True,resign,white,59,Portomas,ruthless_Axael,2399,2496,7,-7,B12,"Caro-Kann Defense: Advance Variation, Botvinnik-Carls Defense",6,ruthless_Axael,black,Portomas,2496,2399,loss,0.0
KajU6Hly,2026-01-31T23:19:09.212000+00:00,180+2,standard,blitz,True,outoftime,black,110,Farewell_1,ruthless_Axael,2443,2507,-5,4,B10,Caro-Kann Defense: Endgame Variation,9,ruthless_Axael,black,Farewell_1,2507,2443,win,1.0
nMw7f7qs,2026-01-31T23:09:14.224000+00:00,180+2,standard,blitz,True,outoftime,white,63,ruthless_Axael,mEd_D01,2503,2366,4,-3,A45,Indian Defense: Accelerated London System,3,ruthless_Axael,white,mEd_D01,2503,2366,win,1.0
AJV2zccK,2026-01-31T20:11:43.144000+00:00,180+2,standard,blitz,True,resign,white,39,ruthless_Axael,Elder_Student,2497,2538,6,-7,E20,Nimzo-Indian Defense: Kmoch Variation,7,ruthless_Axael,white,Elder_Student,2497,2538,win,1.0
lWG8oQDn,2026-01-31T16:59:38.513000+00:00,180+0,standard,blitz,True,resign,white,97,jethromy_morado,ruthless_Axael,2392,2486,12,-7,E73,"King's Indian Defense: Averbakh Variation, Geller Defense",12,ruthless_Axael,black,jethromy_morado,2486,2392,loss,0.0
0c6sz0TW,2026-01-31T16:27:42.480000+00:00,180+2,standard,blitz,True,outoftime,white,95,Bob808,ruthless_Axael,2520,2486,5,-5,E95,King's Indian Defense: Orthodox Variation,15,ruthless_Axael,black,Bob808,2486,2520,loss,0.0
8oQdoS8t,2026-01-31T16:19:30.555000+00:00,180+2,standard,blitz,True,resign,black,84,Tibetan_Mastiff,ruthless_Axael,2593,2478,-10,8,B12,"Caro-Kann Defense: Advance Variation, Botvinnik-Carls Defense",6,ruthless_Axael,black,Tibetan_Mastiff,2478,2593,win,1.0
UbT6Rdjy,2026-01-31T15:47:41.227000+00:00,180+2,standard,blitz,True,resign,white,59,madra005,ruthless_Axael,2327,2501,8,-8,D01,Rapport-Jobava System,6,ruthless_Axael,black,madra005,2501,2327,loss,0.0
SoIvnM7i,2026-01-31T15:42:13.108000+00:00,180+2,standard,blitz,True,resign,black,48,ruthless_Axael,Lowlita,2508,2428,-7,7,A43,Benoni Defense: Benoni Gambit Accepted,3,ruthless_Axael,white,Lowlita,2508,2428,loss,0.0
X9QUPx4v,2026-01-30T01:12:12.130000+00:00,180+2,standard,blitz,True,outoftime,black,90,olnest1928,ruthless_Axael,2376,2490,-4,4,E95,King's Indian Defense: Orthodox Variation,15,ruthless_Axael,black,olnest1928,2490,2376,win,1.0
doI32Lae,2026-01-30T01:04:48.174000+00:00,180+2,standard,blitz,True,resign,white,67,ruthless_Axael,Satsanga,2485,2448,5,-5,E76,King's Indian Defense: Four Pawns Attack,9,ruthless_Axael,white,Satsanga,2485,2448,win,1.0
LaFLqjdl,2026-01-30T00:48:47.785000+00:00,180+2,standard,blitz,True,outoftime,white,81,olnest1928,ruthless_Axael,2367,2492,8,-7,E95,King's Indian Defense: Orthodox Variation,15,ruthless_Axael,black,olnest1928,2492,2367,loss,0.0
RE21vcXq,2026-01-30T00:40:20.362000+00:00,180+2,standard,blitz,True,resign,white,83,Merovic,ruthless_Axael,2375,2500,7,-8,B13,Caro-Kann Defense: Exchange Variation,8,ruthless_Axael,black,Merovic,2500,2375,loss,0.0
67HAZxe6,2026-01-30T00:32:50.542000+00:00,180+2,standard,blitz,True,resign,white,62,ruthless_Axael,EDWARD_ELRIK,2497,2311,3,-3,E20,Nimzo-Indian Defense,6,ruthless_Axael,white,EDWARD_ELRIK,2497,2311,win,1.0
55Bg5sWp,2026-01-30T00:18:41.100000+00:00,180+2,standard,blitz,True,resign,white,69,Kapsalon,ruthless_Axael,2478,2503,5,-6,E60,King's Indian Defense: Fianchetto Variation,7,ruthless_Axael,black,Kapsalon,2503,2478,loss,0.0
NP2Muk6T,2026-01-29T14:16:05.195000+00:00,180+2,standard,blitz,True,outoftime,white,109,CarloFiat01,ruthless_Axael,2433,2515,12,-6,B10,Caro-Kann Defense: Endgame Variation,9,ruthless_Axael,black,CarloFiat01,2515,2433,loss,0.0
yTqj19Wv,2026-01-31T01:51:17.391000+00:00,180+0,standard,blitz,True,draw,,82,Little_Skib,Zkid,2710,2877,2,-3,C77,"Ruy Lopez: Morphy Defense, Anderssen Variation",9,Zkid,black,Little_Skib,2877,2710,draw,0.5
XycHjbtJ,2026-01-31T01:46:37.099000+00:00,180+0,standard,blitz,True,draw,,88,Zkid,Little_Skib,2880,2707,-3,3,B90,"Sicilian Defense: Najdorf Variation, Adams Attack",11,Zkid,white,Little_Skib,2880,2707,draw,0.5
8CRTHTgi,2026-01-24T17:09:34.903000+00:00,180+0,standard,blitz,True,resign,black,142,Kurse-Aura1,Zkid,2701,2877,-3,3,D00,Queen's Pawn Game,2,Zkid,black,Kurse-Aura1,2877,2701,win,1.0
zw9vUM40,2026-01-24T15:42:22.549000+00:00,180+0,standard,blitz,True,resign,black,116,Chessboy1978,Zkid,2757,2872,-4,5,C79,"Ruy Lopez: Morphy Defense, Steinitz Deferred",10,Zkid,black,Chessboy1978,2872,2757,win,1.0
Cg7jx1ZV,2026-01-24T15:33:27.646000+00:00,180+0,standard,blitz,True,outoftime,white,117,Zkid,RakitinD,2868,2776,4,-4,C40,Latvian Gambit,4,Zkid,white,RakitinD,2868,2776,win,1.0
WOW3mpEN,2026-01-24T15:25:27.560000+00:00,180+0,standard,blitz,True,resign,white,97,Zkid,Khankendi,2865,2705,3,-6,C05,"French Defense: Tarrasch Variation, Closed Variation",6,Zkid,white,Khankendi,2865,2705,win,1.0
vp2QWhc2,2026-01-24T14:44:08.349000+00:00,180+0,standard,blitz,True,draw,,98,NameTheGame,Zkid,2701,2867,2,-2,C79,"Ruy Lopez: Morphy Defense, Steinitz Deferred",10,Zkid,black,NameTheGame,2867,2701,draw,0.5
sBe2wreK,2026-01-24T14:38:24.187000+00:00,180+0,standard,blitz,True,resign,white,117,Zkid,NameTheGame,2864,2704,3,-3,C03,French Defense: Tarrasch Variation,5,Zkid,white,NameTheGame,2864,2704,win,1.0
Mi2r5UIh,2026-01-24T14:32:42.495000+00:00,180+0,standard,blitz,True,resign,black,42,Bratwurstschach,Zkid,2683,2860,-4,4,C77,"Ruy Lopez: Morphy Defense, Wormald Attack",9,Zkid,black,Bratwurstschach,2860,2683,win,1.0
qhr6D6BK,2026-01-21T02:38:29.456000+00:00,180+0,standard,blitz,True,draw,,43,Zkid,SilentMove1,2864,2676,-4,3,C03,"French Defense: Tarrasch Variation, Modern System",6,Zkid,white,SilentMove1,2864,2676,draw,0.5
KBfYjzfS,2026-01-21T01:11:21.615000+00:00,180+0,standard,blitz,True,draw,,125,elconceto,Zkid,2912,2862,-1,2,C55,"Italian Game: Two Knights Defense, Modern Bishop's Opening",7,Zkid,black,elconceto,2862,2912,draw,0.5
1ak0g7MG,2026-01-21T00:49:04.561000+00:00,180+0,standard,blitz,True,resign,black,58,mzh1995,Zkid,2791,2857,-5,5,D50,Queen's Gambit Declined: Modern Variation,7,Zkid,black,mzh1995,2857,2791,win,1.0
Xb4tj11T,2026-01-21T00:43:32.056000+00:00,180+0,standard,blitz,True,resign,white,99,Zkid,mzh1995,2852,2796,5,-5,B62,Sicilian Defense: Richter-Rauzer Variation,13,Zkid,white,mzh1995,2852,2796,win,1.0
R0BRVLa3,2026-01-20T21:10:08.777000+00:00,180+0,standard,blitz,True,mate,black,162,HardWork1996,Zkid,2656,2848,-3,4,C79,"Ruy Lopez: Morphy Defense, Steinitz Deferred",10,Zkid,black,HardWork1996,2848,2656,win,1.0
1d4dfleU,2026-01-20T20:37:21.033000+00:00,180+0,standard,blitz,True,draw,,114,Zkid,elconceto,2847,2913,1,-1,B41,"Sicilian Defense: Kan Variation, Maróczy Bind, Réti Variation",9,Zkid,white,elconceto,2847,2913,draw,0.5
5kONjnjK,2026-01-20T20:21:11.945000+00:00,180+0,standard,blitz,True,draw,,61,emremecitintikam1,Zkid,2842,2847,0,0,C79,"Ruy Lopez: Morphy Defense, Steinitz Deferred",10,Zkid,black,emremecitintikam1,2847,2842,draw,0.5
KTe1z8sP,2026-01-20T19:25:31.557000+00:00,180+0,standard,blitz,True,resign,white,67,Zkid,filolog,2843,2733,4,-4,C64,"Ruy Lopez: Classical Variation, Cordel Gambit",8,Zkid,white,filolog,2843,2733,win,1.0
h0oeZJeV,2026-01-20T19:20:35.155000+00:00,180+0,standard,blitz,True,resign,black,58,SpanishNe7,Zkid,2752,2837,-5,6,C77,"Ruy Lopez: Morphy Defense, Anderssen Variation",9,Zkid,black,SpanishNe7,2837,2752,win,1.0
bfEynYrO,2026-01-20T16:09:45.987000+00:00,180+0,standard,blitz,True,resign,white,111,filolog,Zkid,2723,2846,7,-9,C47,"Four Knights Game: Scotch Variation Accepted, Main Line",17,Zkid,black,filolog,2846,2723,loss,0.0
1WYIXTsn,2026-01-20T15:08:26.917000+00:00,180+0,standard,blitz,True,resign,black,64,Zkid,Aphelios00,2856,2729,-10,9,B41,"Sicilian Defense: Kan Variation, Maróczy Bind, Réti Variation",9,Zkid,white,Aphelios00,2856,2729,loss,0.0
8wYVrVtn,2026-01-20T14:27:55.861000+00:00,180+0,standard,blitz,True,resign,black,124,Zkid,abudabi22840,2862,2953,-6,13,B13,Caro-Kann Defense: Exchange Variation,5,Zkid,white,abudabi22840,2862,2953,loss,0.0
yBROcVSc,2026-01-20T12:35:39.066000+00:00,180+0,standard,blitz,True,resign,white,53,Zkid,fmjoseherrera,2859,2622,3,-2,B90,"Sicilian Defense: Najdorf Variation, Adams Attack",11,Zkid,white,fmjoseherrera,2859,2622,win,1.0
IpHEPkOK,2026-01-20T01:07:25.236000+00:00,180+0,standard,blitz,True,resign,white,119,Zkid,tjychess,2852,2855,7,-6,C71,"Ruy Lopez: Morphy Defense, Modern Steinitz Defense",9,Zkid,white,tjychess,2852,2855,win,1.0
kto54rLl,2026-01-19T03:42:24.795000+00:00,180+0,standard,blitz,True,mate,white,63,QuCq,Zkid,2656,2863,9,-11,E04,Catalan Opening: Open Defense,9,Zkid,black,QuCq,2863,2656,loss,0.0
03egMELu,2026-01-18T16:49:59.642000+00:00,180+0,standard,blitz,True,outoftime,white,123,Dramgar,Zkid,2691,2875,8,-12,C79,"Ruy Lopez: Morphy Defense, Steinitz Deferred",10,Zkid,black,Dramgar,2875,2691,loss,0.0
cukCUELU,2026-01-18T16:48:04.833000+00:00,180+0,standard,blitz,True,resign,white,37,Zkid,Dramgar,2871,2694,4,-3,B90,"Sicilian Defense: Najdorf Variation, Adams Attack",11,Zkid,white,Dramgar,2871,2694,win,1.0
lpcOSrsz,2026-01-18T03:39:19.627000+00:00,180+0,standard,blitz,True,draw,,43,Xavijhz29,Zkid,2659,2875,3,-4,C47,Four Knights Game: Italian Variation,7,Zkid,black,Xavijhz29,2875,2659,draw,0.5
v7bRspSF,2026-01-18T03:24:29.778000+00:00,180+0,standard,blitz,True,outoftime,white,111,Zkid,petrover,2870,2700,5,-3,C77,"Ruy Lopez: Morphy Defense, Anderssen Variation",9,Zkid,white,petrover,2870,2700,win,1.0
2PQxg5Ii,2026-01-18T03:17:57.574000+00:00,180+0,standard,blitz,True,resign,black,58,Swetlove,Zkid,2723,2865,-4,5,A00,Van't Kruijs Opening,1,Zkid,black,Swetlove,2865,2723,win,1.0
hEHcY4R7,2026-01-10T17:55:04.115000+00:00,180+0,standard,blitz,True,resign,white,55,Zkid,madcap_tr,2861,2657,4,-3,C05,"French Defense: Tarrasch Variation, Pawn Center Variation",9,Zkid,white,madcap_tr,2861,2657,win,1.0
UKAyyeSF,2026-01-28T11:36:10.298000+00:00,600+0,standard,rapid,True,resign,black,114,VuvukVuveliy,The_FABIANO,2604,2461,-8,34,C54,"Italian Game: Classical Variation, Giuoco Pianissimo",13,VuvukVuveliy,white,The_FABIANO,2604,2461,loss,0.0
86LlnCuX,2026-01-28T11:20:41.537000+00:00,600+0,standard,rapid,True,resign,black,65,VuvukVuveliy,MaEstRo_234,2611,2504,-7,15,B30,Sicilian Defense: Nyezhmetdinov-Rossolimo Attack,5,VuvukVuveliy,white,MaEstRo_234,2611,2504,loss,0.0
sdPn4dIP,2026-01-27T20:15:07.377000+00:00,600+0,standard,rapid,True,resign,white,107,Hammurapi65,VuvukVuveliy,2476,2619,7,-8,B12,Caro-Kann Defense: Advance Variation,5,VuvukVuveliy,black,Hammurapi65,2619,2476,loss,0.0
SnpuifYd,2026-01-27T10:47:11.029000+00:00,600+0,standard,rapid,True,draw,,61,maxim_Ermakov06,VuvukVuveliy,2524,2621,3,-2,D10,Slav Defense,5,VuvukVuveliy,black,maxim_Ermakov06,2621,2524,draw,0.5
S1W4ZxA5,2026-01-27T10:05:05.331000+00:00,600+0,standard,rapid,True,resign,black,188,VuvukVuveliy,stachista,2629,2489,-8,8,C54,"Italian Game: Classical Variation, Greco Gambit, Dubov Italian",11,VuvukVuveliy,white,stachista,2629,2489,loss,0.0
FRZmcyNL,2026-01-27T09:48:44.292000+00:00,600+0,standard,rapid,True,resign,black,108,SluchaynazPOBEDA,VuvukVuveliy,2494,2625,-5,4,D04,"Queen's Pawn Game: Colle System, Anti-Colle",6,VuvukVuveliy,black,SluchaynazPOBEDA,2625,2494,win,1.0
tQ49Q4T7,2026-01-27T09:26:48.372000+00:00,600+0,standard,rapid,True,outoftime,black,196,VuvukVuveliy,d-pawn,2632,2547,-7,10,B70,"Sicilian Defense: Dragon Variation, Fianchetto Variation",11,VuvukVuveliy,white,d-pawn,2632,2547,loss,0.0
vsq5hbEi,2026-01-27T09:07:51.593000+00:00,600+0,standard,rapid,True,resign,black,106,d-pawn,VuvukVuveliy,2554,2627,-7,5,D00,Queen's Pawn Game: Accelerated London System,3,VuvukVuveliy,black,d-pawn,2627,2554,win,1.0
3Vy46I6w,2026-01-27T08:48:22.300000+00:00,600+0,standard,rapid,True,resign,white,87,VuvukVuveliy,PARKhande,2624,2489,3,-4,B56,"Sicilian Defense: Classical Variation, Fianchetto Variation",11,VuvukVuveliy,white,PARKhande,2624,2489,win,1.0
vpKYnGe2,2026-01-27T08:31:26.333000+00:00,600+0,standard,rapid,True,resign,white,69,VuvukVuveliy,HovYenoqyan12,2621,2361,3,-64,B30,Sicilian Defense: Nyezhmetdinov-Rossolimo Attack,5,VuvukVuveliy,white,HovYenoqyan12,2621,2361,win,1.0
Zivv0Xkd,2026-01-27T08:21:23.207000+00:00,600+0,standard,rapid,True,resign,black,42,stachista,VuvukVuveliy,2493,2617,-4,4,B15,Caro-Kann Defense: Tartakower Variation,10,VuvukVuveliy,black,stachista,2617,2493,win,1.0
3lmqe8gn,2026-01-27T08:05:35.170000+00:00,600+0,standard,rapid,True,resign,white,59,NewGarryKasparov,VuvukVuveliy,2517,2625,25,-8,D10,Slav Defense: Exchange Variation,5,VuvukVuveliy,black,NewGarryKasparov,2625,2517,loss,0.0
HQRIsgHq,2026-01-27T07:55:43.934000+00:00,600+0,standard,rapid,True,draw,,44,VuvukVuveliy,i_hate_dogs,2626,2567,-1,2,C07,"French Defense: Tarrasch Variation, Open System, Euwe-Keres Line",7,VuvukVuveliy,white,i_hate_dogs,2626,2567,draw,0.5
RUH4BdYU,2026-01-26T15:52:35.481000+00:00,600+0,standard,rapid,True,mate,white,185,VuvukVuveliy,Smart_Kotik,2621,2540,5,-4,C07,"French Defense: Tarrasch Variation, Open System, Euwe-Keres Line",7,VuvukVuveliy,white,Smart_Kotik,2621,2540,win,1.0
XbCZ9zv6,2026-01-26T15:34:36.573000+00:00,600+0,standard,rapid,True,draw,,86,Valerie2015,VuvukVuveliy,2583,2622,2,-1,D04,"Queen's Pawn Game: Colle System, Anti-Colle",6,VuvukVuveliy,black,Valerie2015,2622,2583,draw,0.5
Dqr2e6VY,2026-01-26T14:39:11.591000+00:00,600+0,standard,rapid,True,outoftime,white,91,VuvukVuveliy,Smart_Kotik,2617,2538,5,-4,C07,"French Defense: Tarrasch Variation, Open System, Euwe-Keres Line",7,VuvukVuveliy,white,Smart_Kotik,2617,2538,win,1.0
ZYf4ai5w,2026-01-26T14:22:22.401000+00:00,600+0,standard,rapid,True,draw,,88,TheRagozin,VuvukVuveliy,2518,2619,2,-2,B12,Caro-Kann Defense: Advance Variation,5,VuvukVuveliy,black,TheRagozin,2619,2518,draw,0.5
cBYb5q3n,2026-01-26T13:21:02.208000+00:00,600+0,standard,rapid,True,resign,black,90,fiancheeter,VuvukVuveliy,2642,2611,-6,8,A07,"King's Indian Attack, with e6",6,VuvukVuveliy,black,fiancheeter,2611,2642,win,1.0
Ey82qdzp,2026-01-26T13:02:21.140000+00:00,600+0,standard,rapid,True,draw,,122,VuvukVuveliy,fiancheeter,2611,2642,0,0,B06,Modern Defense: Two Knights Variation,7,VuvukVuveliy,white,fiancheeter,2611,2642,draw,0.5
fDHF5DN1,2026-01-26T12:13:21.268000+00:00,600+0,standard,rapid,True,resign,white,101,VuvukVuveliy,tuskesSun,2606,2540,5,-4,C55,"Italian Game: Two Knights Defense, Modern Bishop's Opening",7,VuvukVuveliy,white,tuskesSun,2606,2540,win,1.0
dEDVwwU4,2026-01-26T11:52:04.541000+00:00,600+0,standard,rapid,True,resign,black,34,interestinglandscape,VuvukVuveliy,2546,2600,-5,6,B12,"Caro-Kann Defense: Advance Variation, Tal Variation",7,VuvukVuveliy,black,interestinglandscape,2600,2546,win,1.0
2Ky4ynhI,2026-01-25T19:15:54.924000+00:00,600+0,standard,rapid,True,outoftime,black,134,BigupDionGOAAT,VuvukVuveliy,2479,2595,-19,5,B10,"Caro-Kann Defense: Accelerated Panov Attack, Modern Variation",8,VuvukVuveliy,black,BigupDionGOAAT,2595,2479,win,1.0
eNCC5qnt,2026-01-25T18:59:22.036000+00:00,600+0,standard,rapid,True,draw,,99,AxelKl,VuvukVuveliy,2480,2597,2,-2,B12,"Caro-Kann Defense: Advance Variation, Bayonet Attack",7,VuvukVuveliy,black,AxelKl,2597,2480,draw,0.5
YX53J6d7,2026-01-25T18:40:55.234000+00:00,600+0,standard,rapid,True,resign,black,82,VuvukVuveliy,agg144,2606,2517,-9,8,C02,"French Defense: Advance Variation, Paulsen Attack",9,VuvukVuveliy,white,agg144,2606,2517,loss,0.0
T5ryHs5G,2026-01-25T16:51:38.581000+00:00,600+0,standard,rapid,True,mate,white,89,VuvukVuveliy,orangepuppy,2599,2571,7,-6,B92,"Sicilian Defense: Najdorf Variation, Opocensky Variation, Modern Line",16,VuvukVuveliy,white,orangepuppy,2599,2571,win,1.0
pavGPdrG,2026-01-25T16:30:14.218000+00:00,600+0,standard,rapid,True,mate,black,94,ein-shy-guy,VuvukVuveliy,2548,2593,-5,6,B12,Caro-Kann Defense: Advance Variation,5,VuvukVuveliy,black,ein-shy-guy,2593,2548,win,1.0
A6RFJ03R,2026-01-25T16:09:07.158000+00:00,600+0,standard,rapid,True,outoftime,white,149,elephantstampede,VuvukVuveliy,2469,2603,8,-10,B12,"Caro-Kann Defense: Advance Variation, Tal Variation",7,VuvukVuveliy,black,elephantstampede,2603,2469,loss,0.0
I668CZk5,2026-01-25T15:50:11.182000+00:00,600+0,standard,rapid,True,resign,white,79,VuvukVuveliy,eaglean,2598,2450,5,-4,C54,"Italian Game: Classical Variation, Giuoco Pianissimo",12,VuvukVuveliy,white,eaglean,2598,2450,win,1.0
cEvwk1Bu,2026-01-25T15:34:46.041000+00:00,600+0,standard,rapid,True,resign,white,49,VuvukVuveliy,RexOranis,2593,2492,5,-4,B01,"Scandinavian Defense: Portuguese Gambit, Wuss Variation",7,VuvukVuveliy,white,RexOranis,2593,2492,win,1.0
DQaY9kDK,2026-01-23T22:00:14.944000+00:00,600+0,standard,rapid,True,resign,black,56,Ogetsu,VuvukVuveliy,2444,2588,-3,5,B12,Caro-Kann Defense: Maróczy Variation,5,VuvukVuveliy,black,Ogetsu,2588,2444,win,1.0
j1A1sK4s,2026-02-01T20:02:49.494000+00:00,180+2,standard,blitz,True,resign,black,70,Multilaser20,DevourYourPieces,2419,2456,-6,7,E20,Nimzo-Indian Defense,6,DevourYourPieces,black,Multilaser20,2456,2419,win,1.0
mohtDuRH,2026-02-01T19:53:01.287000+00:00,120+1,standard,bullet,True,resign,white,39,DevourYourPieces,Mokichi,2054,2023,5,-5,E08,Catalan Opening: Closed,13,DevourYourPieces,white,Mokichi,2054,2023,win,1.0
bqzsteaW,2026-02-01T19:41:37.244000+00:00,120+1,standard,bullet,True,resign,black,60,KelsonFred25,DevourYourPieces,2020,2048,-6,6,A80,Dutch Defense,2,DevourYourPieces,black,KelsonFred25,2048,2020,win,1.0
QER3homR,2026-02-01T19:30:52.178000+00:00,120+1,standard,bullet,True,outoftime,white,63,fantoom77,DevourYourPieces,2186,2053,3,-4,B21,"Sicilian Defense: Smith-Morra Gambit Accepted, Paulsen Formation",12,DevourYourPieces,black,fantoom77,2053,2186,loss,0.0
4VBR1P9d,2026-02-01T19:19:17.792000+00:00,600+0,standard,rapid,True,resign,black,42,STKA1969,DevourYourPieces,2480,2540,-5,8,B41,"Sicilian Defense: Kan Variation, Maróczy Bind, Réti Variation",9,DevourYourPieces,black,STKA1969,2540,2480,win,1.0
Kkugp6hp,2026-02-01T19:13:42.550000+00:00,120+1,standard,bullet,True,outoftime,black,58,DevourYourPieces,Eden_0305,2050,2080,-6,6,D38,"Queen's Gambit Declined: Ragozin Defense, Alekhine Variation",9,DevourYourPieces,white,Eden_0305,2050,2080,loss,0.0
liOI3Pvo,2026-02-01T19:02:31.813000+00:00,300+3,standard,blitz,True,resign,white,73,DevourYourPieces,albert_casals,2450,2379,6,-15,D19,"Slav Defense: Czech Variation, Classical System, Main Line",17,DevourYourPieces,white,albert_casals,2450,2379,win,1.0
kL9B3FkM,2026-02-01T18:48:34.221000+00:00,600+0,standard,rapid,True,resign,black,62,Beastonthemic,DevourYourPieces,2328,2536,-4,4,B41,Sicilian Defense: Kan Variation,8,DevourYourPieces,black,Beastonthemic,2536,2328,win,1.0
Wxn5bAmX,2026-01-30T20:53:59.577000+00:00,600+0,standard,rapid,True,outoftime,black,154,DevourYourPieces,kroahmo01ADANAGM,2536,2409,-11,42,D30,Queen's Gambit Declined,4,DevourYourPieces,white,kroahmo01ADANAGM,2536,2409,loss,0.0
EVi1sUKO,2026-01-30T20:33:48.651000+00:00,600+0,standard,rapid,True,resign,white,107,DevourYourPieces,Dindindun84,2529,2486,7,-7,E94,"King's Indian Defense: Orthodox Variation, Glek Defense",14,DevourYourPieces,white,Dindindun84,2529,2486,win,1.0
Em17sW8y,2026-01-30T20:07:45.341000+00:00,600+0,standard,rapid,True,outoftime,white,117,zweidreizehen,DevourYourPieces,2483,2539,7,-10,E01,Catalan Opening: Closed,7,DevourYourPieces,black,zweidreizehen,2539,2483,loss,0.0
CiTTsXJL,2026-01-30T20:00:27.924000+00:00,600+0,standard,rapid,True,resign,black,46,yash_n,DevourYourPieces,2267,2535,-2,4,B43,"Sicilian Defense: Kan Variation, Wing Attack",10,DevourYourPieces,black,yash_n,2535,2267,win,1.0
niQGqVDV,2026-01-30T19:29:32.126000+00:00,120+1,standard,bullet,True,resign,white,53,DevourYourPieces,lineout,2045,2022,5,-5,A50,Slav Indian,4,DevourYourPieces,white,lineout,2045,2022,win,1.0
OiTS3pBc,2026-01-30T19:25:28.080000+00:00,120+1,standard,bullet,True,resign,black,46,lineout,DevourYourPieces,2028,2039,-6,6,A96,"Dutch Defense: Classical Variation, Huisl Variation",14,DevourYourPieces,black,lineout,2039,2028,win,1.0
42KvjGQk,2026-01-30T19:19:27.030000+00:00,120+1,standard,bullet,True,outoftime,white,73,bozonozo12,DevourYourPieces,1980,2046,7,-7,A50,Indian Defense: Normal Variation,3,DevourYourPieces,black,bozonozo12,2046,1980,loss,0.0
Rz1k1cgE,2026-01-29T17:35:54.552000+00:00,300+5,standard,rapid,True,resign,white,71,DevourYourPieces,pawnsnotdead,2537,2343,5,-4,A58,Benko Gambit Accepted: Fully Accepted Variation,9,DevourYourPieces,white,pawnsnotdead,2537,2343,win,1.0
75WpmLbu,2026-01-29T17:29:56.278000+00:00,120+1,standard,bullet,True,resign,white,65,DevourYourPieces,RoyallyBokketa,2041,1992,5,-4,E91,King's Indian Defense: Orthodox Variation,11,DevourYourPieces,white,RoyallyBokketa,2041,1992,win,1.0
0PV5hKnO,2026-01-29T17:23:29.086000+00:00,120+1,standard,bullet,True,outoftime,white,61,mehdighysari123666,DevourYourPieces,1998,2047,8,-6,A45,Trompowsky Attack,3,DevourYourPieces,black,mehdighysari123666,2047,1998,loss,0.0
Jtwg2SLQ,2026-01-29T17:17:18.579000+00:00,120+1,standard,bullet,True,resign,black,54,TadySova,DevourYourPieces,2028,2042,-5,5,B77,"Sicilian Defense: Dragon Variation, Yugoslav Attack",18,DevourYourPieces,black,TadySova,2042,2028,win,1.0
J1Fl8DMz,2026-01-29T17:12:04.231000+00:00,120+1,standard,bullet,True,outoftime,black,58,DevourYourPieces,innostrada,2048,2023,-6,6,A60,Benoni Defense: Modern Variation,6,DevourYourPieces,white,innostrada,2048,2023,loss,0.0
LsznHoOL,2026-01-29T17:08:17.828000+00:00,120+1,standard,bullet,True,resign,black,42,rad2057,DevourYourPieces,1940,2044,-4,4,B50,"Sicilian Defense: Delayed Alapin Variation, with d6",5,DevourYourPieces,black,rad2057,2044,1940,win,1.0
aNlAXICO,2026-01-28T20:33:47.220000+00:00,120+1,standard,bullet,True,outoftime,black,40,Popalyam,DevourYourPieces,2039,2038,-6,6,B21,Sicilian Defense: Smith-Morra Gambit Accepted,6,DevourYourPieces,black,Popalyam,2038,2039,win,1.0
1FVVIXne,2026-01-28T19:36:40.050000+00:00,120+1,standard,bullet,True,mate,white,55,DevourYourPieces,thewhat,2032,2027,6,-6,B13,"Caro-Kann Defense: Panov Attack, Modern Defense, Mieses Line",12,DevourYourPieces,white,thewhat,2032,2027,win,1.0
G4qIeC3d,2026-01-28T19:29:11.102000+00:00,120+1,standard,bullet,True,outoftime,black,90,DevourYourPieces,Ilya_MuRoMeCc,2038,2019,-6,6,D32,Tarrasch Defense: Symmetrical Variation,10,DevourYourPieces,white,Ilya_MuRoMeCc,2038,2019,loss,0.0
NHERQttC,2026-01-28T04:10:26.880000+00:00,120+1,standard,bullet,True,resign,black,42,Diheda,DevourYourPieces,2073,2042,-7,7,E20,Nimzo-Indian Defense,6,DevourYourPieces,black,Diheda,2042,2073,win,1.0
E7NopjyH,2026-01-28T03:53:32.552000+00:00,120+1,standard,bullet,True,resign,white,43,DevourYourPieces,mjbam,2031,1968,5,-7,E97,"King's Indian Defense: Orthodox Variation, Bayonet Attack",17,DevourYourPieces,white,mjbam,2031,1968,win,1.0
gEvo8nyk,2026-01-28T03:42:45.426000+00:00,120+1,standard,bullet,True,outoftime,white,67,Jx7,DevourYourPieces,2082,2042,5,-5,B21,Sicilian Defense: Smith-Morra Gambit Accepted,6,DevourYourPieces,black,Jx7,2042,2082,loss,0.0
btC1UioG,2026-01-27T19:06:57.751000+00:00,300+0,standard,blitz,True,mate,white,87,DevourYourPieces,SpecialIceTea,2442,2298,4,-4,A80,Dutch Defense,2,DevourYourPieces,white,SpecialIceTea,2442,2298,win,1.0
j9xzyqxu,2026-01-27T05:45:45.922000+00:00,600+0,standard,rapid,True,resign,white,57,DevourYourPieces,sparking-genio,2528,2538,9,-8,E04,Catalan Opening: Open Defense,9,DevourYourPieces,white,sparking-genio,2528,2538,win,1.0
740O9Nbk,2026-01-26T23:43:54.801000+00:00,180+3,standard,blitz,True,resign,black,54,hannes777,DevourYourPieces,2220,2438,-3,4,A45,Trompowsky Attack: Classical Defense,4,DevourYourPieces,black,hannes777,2438,2220,win,1.0
Lj54Dvz8,2026-02-01T21:33:41.702000+00:00,180+0,standard,blitz,True,resign,black,80,papasi,superpower4,2779,2605,-8,9,D10,Slav Defense: Exchange Variation,5,papasi,white,superpower4,2779,2605,loss,0.0
Tkw44RCL,2026-02-01T21:29:02.146000+00:00,180+0,standard,blitz,True,resign,black,64,kozenkovvalera,papasi,2537,2777,-2,2,D30,Queen's Gambit Declined,4,papasi,black,kozenkovvalera,2777,2537,win,1.0
CoQZ468a,2026-02-01T21:23:05.172000+00:00,180+0,standard,blitz,True,resign,white,79,papasi,Corre_por_tu_vida,2773,2672,4,-4,E61,King's Indian Defense: Smyslov Variation,9,papasi,white,Corre_por_tu_vida,2773,2672,win,1.0
ayCEL3AD,2026-02-01T21:20:37.605000+00:00,180+0,standard,blitz,True,resign,black,50,BocchoiBoi,papasi,2670,2769,-5,4,A05,Zukertort Opening,2,papasi,black,BocchoiBoi,2769,2670,win,1.0
R1h4V5LK,2026-02-01T21:15:03.936000+00:00,180+0,standard,blitz,True,resign,black,116,fifteen_yo_captain,papasi,2516,2766,-2,3,A47,Pseudo Queen's Indian Defense,4,papasi,black,fifteen_yo_captain,2766,2516,win,1.0
desld9sc,2026-02-01T21:09:46.996000+00:00,180+0,standard,blitz,True,resign,white,121,papasi,superpower4,2763,2613,3,-3,D10,Slav Defense: Exchange Variation,5,papasi,white,superpower4,2763,2613,win,1.0
Z39dn46e,2026-02-01T18:01:39.251000+00:00,180+0,standard,blitz,True,outoftime,white,109,papasi,manu_na,2760,2622,3,-3,E61,King's Indian Defense: Smyslov Variation,9,papasi,white,manu_na,2760,2622,win,1.0
UDKBdUrG,2026-01-30T12:25:21.025000+00:00,180+0,standard,blitz,True,resign,white,115,Vladimir2022,papasi,2714,2766,6,-6,C19,"French Defense: Winawer Variation, Positional Variation",18,papasi,black,Vladimir2022,2766,2714,loss,0.0
n0XTNXCc,2026-01-30T12:16:47.707000+00:00,180+0,standard,blitz,True,resign,white,119,papasi,woshigeshagua,2758,2891,8,-8,E23,"Nimzo-Indian Defense: Spielmann Variation, Romanovsky Gambit",10,papasi,white,woshigeshagua,2758,2891,win,1.0
BX39XtEJ,2026-01-29T23:20:38.724000+00:00,60+0,standard,bullet,True,outoftime,black,76,papasi,amadais,3049,2842,-9,11,D10,Slav Defense: Exchange Variation,5,papasi,white,amadais,3049,2842,loss,0.0
o45x1PPz,2026-01-29T23:01:07.272000+00:00,60+0,standard,bullet,True,outoftime,black,194,Garayev_Kanan,papasi,2998,3032,-7,5,C01,French Defense: Exchange Variation,7,papasi,black,Garayev_Kanan,3032,2998,win,1.0
dtu7NqUm,2026-01-29T22:57:22.396000+00:00,60+0,standard,bullet,True,outoftime,black,122,Amirreza_p,papasi,3089,3018,-7,7,A10,English Opening: Anglo-Scandinavian Defense,2,papasi,black,Amirreza_p,3018,3089,win,1.0
fCJMHBKP,2026-01-29T22:32:30.073000+00:00,60+0,standard,bullet,True,resign,black,100,papasi,Amirreza_p,3034,3073,-5,5,E81,"King's Indian Defense: Sämisch Variation, Bobotsov-Korchnoi-Petrosian Variation",11,papasi,white,Amirreza_p,3034,3073,loss,0.0
pJG1Vx6r,2026-01-29T22:21:57.633000+00:00,60+0,standard,bullet,True,mate,black,136,Amirreza_p,papasi,3070,3037,-7,7,C02,"French Defense: Advance Variation, Euwe Variation",10,papasi,black,Amirreza_p,3037,3070,win,1.0
j0f9J1mF,2026-01-29T20:26:16.634000+00:00,600+0,standard,rapid,True,resign,white,88,papasi,Crodino08,2574,2351,6,-3,E32,"Nimzo-Indian Defense: Classical Variation, Vitolins-Adorjan Gambit",12,papasi,white,Crodino08,2574,2351,win,1.0
AsuctELa,2026-01-29T20:14:53.152000+00:00,600+0,standard,rapid,True,resign,black,90,GreatMaha,papasi,2320,2567,-6,7,C05,"French Defense: Tarrasch Variation, Closed Variation",6,papasi,black,GreatMaha,2567,2320,win,1.0
Qvkwgzx0,2026-01-29T19:56:10.416000+00:00,600+0,standard,rapid,True,outoftime,black,80,ChessMalamute,papasi,2405,2557,-4,10,A01,Nimzo-Larsen Attack: Classical Variation,2,papasi,black,ChessMalamute,2557,2405,win,1.0
VitxeJzq,2026-01-29T19:34:00.346000+00:00,600+0,standard,rapid,True,outoftime,white,93,papasi,StrangerAM,2540,2547,17,-6,A41,Queen's Pawn Game,2,papasi,white,StrangerAM,2540,2547,win,1.0
1SrmkV0y,2026-01-29T19:12:12.695000+00:00,600+0,standard,rapid,True,resign,white,111,papasi,SOTIRIS2,2533,2308,7,-4,E35,"Nimzo-Indian Defense: Classical Variation, Noa Variation",10,papasi,white,SOTIRIS2,2533,2308,win,1.0
p0w4e8Tz,2026-01-29T18:55:12.707000+00:00,600+0,standard,rapid,True,mate,black,64,aminulgamer,papasi,2348,2523,-17,10,C18,"French Defense: Winawer Variation, Advance Variation",11,papasi,black,aminulgamer,2523,2348,win,1.0
5kefTYN6,2026-01-29T18:31:35.383000+00:00,600+0,standard,rapid,True,outoftime,white,139,papasi,Menschenwerk,2508,2442,15,-12,E22,Nimzo-Indian Defense: Spielmann Variation,7,papasi,white,Menschenwerk,2508,2442,win,1.0
2xR1ZGtA,2026-01-29T02:25:12.888000+00:00,60+0,standard,bullet,True,resign,white,135,papasi,GonzaQuirhuayo_UNMSM,3000,3003,6,-6,E61,King's Indian Defense,5,papasi,white,GonzaQuirhuayo_UNMSM,3000,3003,win,1.0
FrwJppuO,2026-01-29T02:20:25.682000+00:00,60+0,standard,bullet,True,resign,black,33,GonzaQuirhuayo_UNMSM,papasi,3015,2988,-6,6,C00,French Defense: Knight Variation,3,papasi,black,GonzaQuirhuayo_UNMSM,2988,3015,win,1.0
ISqvIKcV,2026-01-29T02:03:06.794000+00:00,60+0,standard,bullet,True,mate,black,60,papasi,IronDusanMijat,2986,2822,-9,8,A40,Queen's Pawn Game: Modern Defense,2,papasi,white,IronDusanMijat,2986,2822,loss,0.0
OATStsIa,2026-01-29T01:22:02.844000+00:00,60+0,standard,bullet,True,resign,white,145,papasi,Oganian_Miran,2995,3002,6,-6,D20,"Queen's Gambit Accepted: Old Variation, Christensen Gambit",11,papasi,white,Oganian_Miran,2995,3002,win,1.0
Rt5tRm6m,2026-01-29T01:19:54.156000+00:00,60+0,standard,bullet,True,outoftime,black,110,Oganian_Miran,papasi,3008,2989,-6,6,A01,Nimzo-Larsen Attack: Classical Variation,2,papasi,black,Oganian_Miran,2989,3008,win,1.0
lvW7HYRh,2026-01-29T00:33:51.860000+00:00,60+0,standard,bullet,True,resign,white,45,IronDusanMijat,papasi,2828,2994,8,-8,E09,"Catalan Opening: Closed, Main Line",15,papasi,black,IronDusanMijat,2994,2828,loss,0.0
k1O0esQf,2026-01-28T21:27:25.022000+00:00,180+0,standard,blitz,True,resign,white,37,papasi,TexasMustang,2753,2735,5,-5,B20,"Sicilian Defense: Wing Gambit, Marshall Variation",5,papasi,white,TexasMustang,2753,2735,win,1.0
1cjHFyuX,2026-01-28T21:22:29.751000+00:00,180+0,standard,blitz,True,resign,white,75,TexasMustang,papasi,2729,2759,6,-6,C05,"French Defense: Tarrasch Variation, Pawn Center Variation",9,papasi,black,TexasMustang,2759,2729,loss,0.0
plMTlsks,2026-01-28T21:16:22.050000+00:00,180+0,standard,blitz,True,resign,white,123,papasi,TexasMustang,2754,2734,5,-5,E39,"Nimzo-Indian Defense: Classical Variation, Berlin Variation, Macieja System",14,papasi,white,TexasMustang,2754,2734,win,1.0
R9PfJILq,2026-02-01T20:34:51.946000+00:00,180+0,standard,blitz,True,mate,black,106,Elwarrior80,Jhonsmit,2317,2259,-6,7,D02,Queen's Pawn Game: Zukertort Variation,3,Elwarrior80,white,Jhonsmit,2317,2259,loss,0.0
5fysJeTI,2026-02-01T20:29:23.883000+00:00,180+0,standard,blitz,True,resign,white,41,DmitryK1,Elwarrior80,2379,2322,4,-5,D00,Queen's Pawn Game: Levitsky Attack,3,Elwarrior80,black,DmitryK1,2322,2379,loss,0.0
LEZjNk7f,2026-02-01T20:25:11.491000+00:00,180+0,standard,blitz,True,resign,white,33,Elwarrior80,Wlfi,2318,2194,4,-5,D02,Queen's Pawn Game: Krause Variation,4,Elwarrior80,white,Wlfi,2318,2194,win,1.0
tzlnvTau,2026-02-01T20:24:11.072000+00:00,180+0,standard,blitz,True,resign,white,21,Elwarrior80,todoryl,2315,2207,3,-4,A46,Indian Defense: Spielmann-Indian,4,Elwarrior80,white,todoryl,2315,2207,win,1.0
193oj6KE,2026-02-01T20:18:32.767000+00:00,180+0,standard,blitz,True,outoftime,black,78,Sonnenkopp_TR,Elwarrior80,2215,2310,-4,5,B21,"Sicilian Defense: Smith-Morra Gambit Declined, Push Variation",6,Elwarrior80,black,Sonnenkopp_TR,2310,2215,win,1.0
RXAVuz6Z,2026-02-01T20:12:34.105000+00:00,180+0,standard,blitz,True,resign,white,67,Elwarrior80,Sonics1962,2303,2398,7,-7,D02,"Queen's Pawn Game: London System, with e6",5,Elwarrior80,white,Sonics1962,2303,2398,win,1.0
kM1gQFHb,2026-02-01T20:06:39.822000+00:00,180+0,standard,blitz,True,outoftime,white,121,Marlon_AGD,Elwarrior80,2133,2311,9,-8,D00,Queen's Pawn Game: Accelerated London System,3,Elwarrior80,black,Marlon_AGD,2311,2133,loss,0.0
FUqh8eKY,2026-02-01T20:03:30.061000+00:00,180+0,standard,blitz,True,resign,white,45,Elwarrior80,Wlfi,2308,2203,3,-6,A04,Zukertort Opening: Slav Invitation,2,Elwarrior80,white,Wlfi,2308,2203,win,1.0
kKzumJrz,2026-02-01T20:00:12.442000+00:00,180+0,standard,blitz,True,resign,black,58,alfredor76,Elwarrior80,2120,2304,-3,4,D04,"Queen's Pawn Game: Colle System, Anti-Colle",6,Elwarrior80,black,alfredor76,2304,2120,win,1.0
Ng3v15Dy,2026-02-01T19:55:57.586000+00:00,180+0,standard,blitz,True,resign,white,63,Elwarrior80,LaDamadelTablero,2303,1887,1,-1,D02,Queen's Pawn Game: Zukertort Variation,3,Elwarrior80,white,LaDamadelTablero,2303,1887,win,1.0
RGCqy3CU,2026-02-01T19:51:23.846000+00:00,180+0,standard,blitz,True,resign,black,100,Nikita_wq,Elwarrior80,2251,2298,-5,5,B30,Sicilian Defense: Old Sicilian,4,Elwarrior80,black,Nikita_wq,2298,2251,win,1.0
pZT1jXWq,2026-02-01T19:49:19.798000+00:00,180+0,standard,blitz,True,resign,black,56,Remdan2598,Elwarrior80,1580,2298,0,0,B32,Sicilian Defense: Open,6,Elwarrior80,black,Remdan2598,2298,1580,win,1.0
7zw5mCgy,2026-02-01T19:42:51.697000+00:00,180+0,standard,blitz,True,mate,black,122,Elwarrior80,DanielTF,2308,2046,-10,12,D02,Queen's Pawn Game: London System,5,Elwarrior80,white,DanielTF,2308,2046,loss,0.0
recthwt7,2026-02-01T19:36:06.157000+00:00,180+0,standard,blitz,True,outoftime,black,102,moisesdog,Elwarrior80,2175,2304,-3,4,B33,"Sicilian Defense: Lasker-Pelikan Variation, Schlechter Variation",11,Elwarrior80,black,moisesdog,2304,2175,win,1.0
YF8Jnwyf,2026-02-01T19:31:54.256000+00:00,180+0,standard,blitz,True,resign,white,45,Elwarrior80,Raycho2003,2297,2352,7,-20,A48,"London System, with Bd3",9,Elwarrior80,white,Raycho2003,2297,2352,win,1.0
M2PXD7Lx,2026-02-01T19:28:56.965000+00:00,180+0,standard,blitz,True,resign,black,56,Aleksej1980,Elwarrior80,1458,2297,0,0,A11,English Opening: Caro-Kann Defensive System,2,Elwarrior80,black,Aleksej1980,2297,1458,win,1.0
XFN5j103,2026-02-01T07:34:05.976000+00:00,1500+0,standard,classical,True,mate,white,119,Yucchi_e4,Elwarrior80,2292,2336,9,-6,A05,King's Indian Attack,4,Elwarrior80,black,Yucchi_e4,2336,2292,loss,0.0
slzxOKmw,2026-02-01T05:53:53.322000+00:00,5400+30,standard,classical,True,draw,,137,PSWCM25,Elwarrior80,2102,2339,9,-3,D01,Rapport-Jobava System,5,Elwarrior80,black,PSWCM25,2339,2102,draw,0.5
8HMmU7XO,2026-02-01T04:30:36.120000+00:00,180+0,standard,blitz,True,mate,white,77,Elwarrior80,owkwk,2291,2341,6,-7,D02,Queen's Pawn Game: Krause Variation,4,Elwarrior80,white,owkwk,2291,2341,win,1.0
LvcOBY92,2026-02-01T02:34:29.623000+00:00,60+0,standard,bullet,True,resign,white,53,Elwarrior80,Houdini182,2279,2340,7,-7,A04,Zukertort Opening: Pirc Invitation,2,Elwarrior80,white,Houdini182,2279,2340,win,1.0
LGncz77Y,2026-01-31T19:24:31.984000+00:00,60+0,standard,bullet,True,mate,white,75,Elwarrior80,toramanov,2251,2252,5,-6,D02,Queen's Pawn Game: Chigorin Variation,4,Elwarrior80,white,toramanov,2251,2252,win,1.0
7KrmAay3,2026-01-31T15:38:27.670000+00:00,3600+30,standard,classical,True,draw,,114,Elwarrior80,Avengerhorse,2342,2170,-3,5,A46,Indian Defense: London System,5,Elwarrior80,white,Avengerhorse,2342,2170,draw,0.5
QEohBRvX,2026-01-31T15:26:57.585000+00:00,300+0,standard,blitz,True,resign,black,108,Pion_Naga,Elwarrior80,2220,2281,-5,5,D00,Queen's Pawn Game: Accelerated London System,3,Elwarrior80,black,Pion_Naga,2281,2220,win,1.0
cmIXvrQd,2026-01-31T15:16:36.976000+00:00,300+0,standard,blitz,True,outoftime,white,141,Elwarrior80,IronThroneMaster,2278,2164,3,-4,A04,Zukertort Opening: Queen's Gambit Invitation,2,Elwarrior80,white,IronThroneMaster,2278,2164,win,1.0
2jIbGlId,2026-01-31T15:07:15.895000+00:00,300+0,standard,blitz,True,outoftime,black,74,SQLap,Elwarrior80,2255,2272,-5,6,D02,Queen's Pawn Game: London System,5,Elwarrior80,black,SQLap,2272,2255,win,1.0
hf86ealN,2026-01-31T15:00:32.458000+00:00,300+0,standard,blitz,True,resign,white,87,Elwarrior80,ProntoPresto,2268,2194,4,-5,D02,Queen's Pawn Game: London System,5,Elwarrior80,white,ProntoPresto,2268,2194,win,1.0
eWFB5iqc,2026-01-31T14:54:31.930000+00:00,300+0,standard,blitz,True,resign,black,72,Dredd7,Elwarrior80,2216,2262,-6,6,D30,Queen's Gambit Declined,4,Elwarrior80,black,Dredd7,2262,2216,win,1.0
hCL2iMMa,2026-01-31T14:06:37.481000+00:00,1500+0,standard,classical,True,resign,black,128,Elwarrior80,Jaiyehhh,2354,2304,-6,6,D02,Queen's Pawn Game: Zukertort Variation,3,Elwarrior80,white,Jaiyehhh,2354,2304,loss,0.0
y8FMlSeI,2026-01-31T12:25:21.898000+00:00,3600+30,standard,classical,True,resign,white,115,Chameleonowitch,Elwarrior80,2347,2366,21,-6,D46,Semi-Slav Defense: Chigorin Defense,13,Elwarrior80,black,Chameleonowitch,2366,2347,loss,0.0
R9kH9DKX,2026-01-31T13:12:40.402000+00:00,1500+0,standard,classical,True,outoftime,black,140,Elwarrior80,kenny9900,2357,2544,-3,4,D02,Queen's Pawn Game: London System,5,Elwarrior80,white,kenny9900,2357,2544,loss,0.0
yPAcghdi,2026-01-31T15:35:02.616000+00:00,60+0,standard,bullet,True,resign,black,72,komodo54,halsau,2662,2612,-7,7,A08,King's Indian Attack: French Variation,6,komodo54,white,halsau,2662,2612,loss,0.0
9PLZ0XCF,2026-01-30T12:50:03.296000+00:00,60+0,standard,bullet,True,mate,black,108,lanky_John_Silver,komodo54,2569,2696,-3,4,A00,Van't Kruijs Opening,1,komodo54,black,lanky_John_Silver,2696,2569,win,1.0
aOUM9hRV,2026-01-29T18:51:29.098000+00:00,600+0,standard,rapid,True,resign,white,57,GokuBlack9,komodo54,2260,2550,16,-10,A46,Torre Attack: Classical Defense,5,komodo54,black,GokuBlack9,2550,2260,loss,0.0
NFA2hVE7,2026-01-29T18:20:26.074000+00:00,600+0,standard,rapid,True,resign,black,54,komodo54,ADBG0981,2552,2403,-8,11,E14,Queen's Indian Defense: Spassky System,7,komodo54,white,ADBG0981,2552,2403,loss,0.0
AZYEAzil,2026-01-29T17:57:39.830000+00:00,600+0,standard,rapid,True,resign,white,55,komodo54,Casperrov,2547,2382,3,-3,D11,Slav Defense: Modern Line,5,komodo54,white,Casperrov,2547,2382,win,1.0
PHMG9lB8,2026-01-27T18:50:57.269000+00:00,60+0,standard,bullet,True,resign,black,80,komodo54,NightBirdQueen002,2709,2781,-5,5,A04,Zukertort Opening: Queen's Gambit Invitation,2,komodo54,white,NightBirdQueen002,2709,2781,loss,0.0
RBtHscRz,2026-01-25T10:49:26.444000+00:00,600+0,standard,rapid,True,stalemate,,198,komodo54,Potapych18,2548,2239,-4,4,D02,Queen's Pawn Game: Symmetrical Variation,4,komodo54,white,Potapych18,2548,2239,draw,0.5
2FZ5sIyn,2026-01-24T15:59:53.700000+00:00,600+0,standard,rapid,True,resign,black,76,komodo54,Battousai14,2551,2594,-5,31,E60,"King's Indian Defense: Semi-Classical Variation, Hollywood Variation",12,komodo54,white,Battousai14,2551,2594,loss,0.0
uTQw8IQo,2026-01-23T16:56:35.405000+00:00,600+0,standard,rapid,True,mate,black,54,komodo54,PandaMala,2556,2564,-5,22,E60,"King's Indian Defense: Normal Variation, King's Knight Variation",5,komodo54,white,PandaMala,2556,2564,loss,0.0
BtO3FvQF,2026-01-23T16:37:51.067000+00:00,600+0,standard,rapid,True,resign,white,101,PandaMala,komodo54,2541,2562,23,-6,C27,Vienna Game: Frankenstein-Dracula Variation,6,komodo54,black,PandaMala,2562,2541,loss,0.0
5VyWZXbl,2026-01-23T12:16:50.258000+00:00,60+0,standard,bullet,True,outoftime,white,125,komodo54,Danilkuchma13,2695,2759,7,-35,E68,"King's Indian Defense: Fianchetto Variation, Classical Variation",15,komodo54,white,Danilkuchma13,2695,2759,win,1.0
rgRX0sMG,2026-01-22T09:01:34.408000+00:00,600+0,standard,rapid,True,outoftime,white,125,komodo54,RuslanN88,2557,2367,2,-4,E10,Indian Defense: Anti-Nimzo-Indian,5,komodo54,white,RuslanN88,2557,2367,win,1.0
RW3oWRve,2026-01-19T21:26:27.983000+00:00,600+0,standard,rapid,True,resign,black,82,komodo54,agg144,2559,2563,-6,7,A40,Horwitz Defense,2,komodo54,white,agg144,2559,2563,loss,0.0
fMZkmhta,2026-01-15T22:32:20.779000+00:00,600+0,standard,rapid,True,resign,white,143,komodo54,Sayedkandeel112,2555,2433,4,-4,D61,"Queen's Gambit Declined: Orthodox Defense, Rubinstein Variation",13,komodo54,white,Sayedkandeel112,2555,2433,win,1.0
qatDppfC,2026-01-14T21:48:05.951000+00:00,180+0,standard,blitz,True,resign,black,108,komodo54,HakunaMatata2023,2368,2375,-6,6,D52,Queen's Gambit Declined: Cambridge Springs Defense,12,komodo54,white,HakunaMatata2023,2368,2375,loss,0.0
OU6gCXjx,2026-01-14T21:43:03.914000+00:00,180+0,standard,blitz,True,mate,white,43,komodo54,RisingFideMaster2030,2363,2301,5,-5,C02,"French Defense: Advance Variation, Milner-Barry Gambit, Hector Variation",15,komodo54,white,RisingFideMaster2030,2363,2301,win,1.0
wppTfspl,2026-01-14T20:16:37.582000+00:00,600+0,standard,rapid,True,outoftime,white,153,komodo54,lucianachess,2555,2509,4,-24,E11,Bogo-Indian Defense: Vitolins Variation,8,komodo54,white,lucianachess,2555,2509,win,1.0
KhOIzBia,2026-01-14T20:00:23.187000+00:00,600+0,standard,rapid,True,resign,black,72,KamilKawecki,komodo54,2420,2551,-6,4,A45,Indian Defense: Accelerated London System,3,komodo54,black,KamilKawecki,2551,2420,win,1.0
cpG0HG7Z,2026-01-14T19:38:55.138000+00:00,600+0,standard,rapid,True,draw,,118,komodo54,Jspace02,2552,2511,-1,1,E11,Bogo-Indian Defense: Exchange Variation,8,komodo54,white,Jspace02,2552,2511,draw,0.5
XrwMZNS4,2026-01-14T12:18:16.204000+00:00,600+0,standard,rapid,True,resign,black,60,komodo54,fabiano70,2546,2521,-6,7,A70,"Benoni Defense: Classical Variation, New York Variation",15,komodo54,white,fabiano70,2546,2521,loss,0.0
irgiarkR,2026-01-14T12:10:32.530000+00:00,600+0,standard,rapid,True,resign,white,41,fabiano70,komodo54,2515,2552,6,-6,C47,"Four Knights Game: Scotch Variation, Belgrade Gambit",9,komodo54,black,fabiano70,2552,2515,loss,0.0
KCbye44M,2026-01-14T11:51:47.193000+00:00,600+0,standard,rapid,True,mate,white,79,komodo54,insanreds,2548,2431,4,-3,A44,Benoni Defense: Old Benoni,4,komodo54,white,insanreds,2548,2431,win,1.0
u1XsJyPM,2026-01-14T11:03:42.025000+00:00,600+0,standard,rapid,True,resign,black,118,Glavbukh,komodo54,2375,2545,-4,3,E90,"King's Indian Defense: Normal Variation, Rare Defenses",9,komodo54,black,Glavbukh,2545,2375,win,1.0
Er4hX1Hl,2026-01-13T21:31:28.352000+00:00,600+0,standard,rapid,True,draw,,51,komodo54,CH355D0TC0MN0G00D,2548,2361,-3,3,A40,English Defense,2,komodo54,white,CH355D0TC0MN0G00D,2548,2361,draw,0.5
aO6KsB2I,2026-01-13T20:33:26.034000+00:00,600+0,standard,rapid,True,resign,white,23,komodo54,Nazar_2013,2546,2330,3,-3,E14,Queen's Indian Defense: Spassky System,7,komodo54,white,Nazar_2013,2546,2330,win,1.0
zC1cHvS5,2026-01-12T18:48:34.667000+00:00,600+0,standard,rapid,True,resign,black,116,i_hate_dogs,komodo54,2543,2541,-12,5,C47,Four Knights Game,6,komodo54,black,i_hate_dogs,2541,2543,win,1.0
RYxCcito,2026-01-12T18:34:20.100000+00:00,600+0,standard,rapid,True,resign,black,76,komodo54,DonutDude100,2546,2552,-5,24,E60,"King's Indian Defense: Semi-Classical Variation, Benoni Variation",12,komodo54,white,DonutDude100,2546,2552,loss,0.0
f4Y97a4G,2026-01-12T17:52:50.488000+00:00,600+0,standard,rapid,True,stalemate,,153,komodo54,www68,2540,2595,0,-2,A44,Benoni Defense: Semi-Benoni,6,komodo54,white,www68,2540,2595,draw,0.5
T1CmBQ8E,2026-01-10T16:39:55.531000+00:00,600+0,standard,rapid,True,outoftime,,188,StrangerAM,komodo54,2530,2542,0,0,C68,"Ruy Lopez: Exchange, Alekhine Variation",14,komodo54,black,StrangerAM,2542,2530,draw,0.5
tL4x977m,2026-01-10T16:30:28.814000+00:00,600+0,standard,rapid,True,resign,white,55,komodo54,Youncore,2539,2321,3,-2,E11,Bogo-Indian Defense: Nimzowitsch Variation,8,komodo54,white,Youncore,2539,2321,win,1.0
Q1DUYpHP,2026-01-24T04:18:15.712000+00:00,60+0,standard,bullet,True,resign,black,66,calcu_later,jjosujjosu,2962,3087,-4,4,B29,Sicilian Defense: Nimzowitsch Variation,4,jjosujjosu,black,calcu_later,3087,2962,win,1.0
AELycZ3O,2026-01-24T03:16:37.259000+00:00,180+0,standard,blitz,True,resign,white,55,AngeryTroll,jjosujjosu,2725,2838,11,-12,B29,"Sicilian Defense: Nimzowitsch Variation, Exchange Variation",8,jjosujjosu,black,AngeryTroll,2838,2725,loss,0.0
qKwBeJi6,2026-01-24T03:10:17.576000+00:00,180+0,standard,blitz,True,mate,black,138,jjosujjosu,AngeryTroll,2850,2713,-12,12,B20,Sicilian Defense: Keres Variation,3,jjosujjosu,white,AngeryTroll,2850,2713,loss,0.0
dCSpOsrs,2026-01-24T03:05:26.306000+00:00,180+0,standard,blitz,True,resign,white,83,AngeryTroll,jjosujjosu,2701,2863,12,-13,C00,French Defense: Normal Variation,3,jjosujjosu,black,AngeryTroll,2863,2701,loss,0.0
2arhhDhX,2026-01-24T02:59:07.161000+00:00,180+0,standard,blitz,True,outoftime,,143,jjosujjosu,AngeryTroll,2868,2697,-5,4,A21,"English Opening: King's English Variation, Kramnik-Shirov Counterattack",4,jjosujjosu,white,AngeryTroll,2868,2697,draw,0.5
R486CORw,2026-01-24T02:52:57.326000+00:00,180+0,standard,blitz,True,resign,white,121,jjosujjosu,AngeryTroll,2863,2702,5,-5,C26,Vienna Game: Falkbeer Variation,4,jjosujjosu,white,AngeryTroll,2863,2702,win,1.0
a3Xc5HAS,2026-01-24T02:46:40.269000+00:00,180+0,standard,blitz,True,resign,black,98,AngeryTroll,jjosujjosu,2708,2856,-6,7,B00,Owen Defense: Guatemala Defense,4,jjosujjosu,black,AngeryTroll,2856,2708,win,1.0
CdIZGJPD,2026-01-24T02:39:16.244000+00:00,180+0,standard,blitz,True,outoftime,white,99,jjosujjosu,AngeryTroll,2850,2713,6,-5,A45,Trompowsky Attack,3,jjosujjosu,white,AngeryTroll,2850,2713,win,1.0
e8ROdxZi,2026-01-24T02:34:11.187000+00:00,180+0,standard,blitz,True,resign,black,80,AngeryTroll,jjosujjosu,2720,2843,-7,7,B00,Nimzowitsch Defense: Pseudo-Spanish Variation,3,jjosujjosu,black,AngeryTroll,2843,2720,win,1.0
TN4z88au,2026-01-24T02:30:05.265000+00:00,180+0,standard,blitz,True,resign,white,81,jjosujjosu,AngeryTroll,2836,2727,7,-7,B00,Nimzowitsch Defense: Pseudo-Spanish Variation,3,jjosujjosu,white,AngeryTroll,2836,2727,win,1.0
BqdQtEFP,2026-01-24T02:24:59.729000+00:00,180+0,standard,blitz,True,resign,white,77,AngeryTroll,jjosujjosu,2713,2850,14,-14,B00,Nimzowitsch Defense: Declined Variation,3,jjosujjosu,black,AngeryTroll,2850,2713,loss,0.0
Chyw6bHN,2026-01-24T02:19:35.540000+00:00,180+0,standard,blitz,True,resign,white,77,jjosujjosu,AngeryTroll,2843,2720,7,-7,C20,King's Pawn Game: Alapin Opening,3,jjosujjosu,white,AngeryTroll,2843,2720,win,1.0
CMY672Xq,2026-01-24T02:13:14.357000+00:00,180+0,standard,blitz,True,mate,black,120,AngeryTroll,jjosujjosu,2728,2835,-8,8,A00,Van't Kruijs Opening,1,jjosujjosu,black,AngeryTroll,2835,2728,win,1.0
Gg0tKZAw,2026-01-24T02:09:42.426000+00:00,180+0,standard,blitz,True,resign,white,61,jjosujjosu,AngeryTroll,2826,2736,9,-8,B20,Sicilian Defense: Keres Variation,3,jjosujjosu,white,AngeryTroll,2826,2736,win,1.0
Oyst1r7C,2026-01-24T02:06:20.953000+00:00,180+0,standard,blitz,True,mate,white,51,AngeryTroll,jjosujjosu,2721,2842,15,-16,B10,Caro-Kann Defense: Goldman Variation,5,jjosujjosu,black,AngeryTroll,2842,2721,loss,0.0
xkWTctDT,2026-01-24T02:01:38.838000+00:00,180+0,standard,blitz,True,resign,white,65,jjosujjosu,AngeryTroll,2833,2729,9,-8,A06,Nimzo-Larsen Attack: Classical Variation,3,jjosujjosu,white,AngeryTroll,2833,2729,win,1.0
Z5mjQoAx,2026-01-24T01:57:41.955000+00:00,180+0,standard,blitz,True,resign,black,64,AngeryTroll,jjosujjosu,2739,2823,-10,10,C00,French Defense: Chigorin Variation,3,jjosujjosu,black,AngeryTroll,2823,2739,win,1.0
MfGbLCqv,2026-01-24T01:53:34.960000+00:00,180+0,standard,blitz,True,resign,black,64,jjosujjosu,AngeryTroll,2841,2721,-18,18,B10,Caro-Kann Defense: Goldman Variation,5,jjosujjosu,white,AngeryTroll,2841,2721,loss,0.0
f60x806s,2026-01-24T01:50:39.792000+00:00,180+0,standard,blitz,True,resign,black,48,AngeryTroll,jjosujjosu,2731,2831,-10,10,C60,Ruy Lopez,5,jjosujjosu,black,AngeryTroll,2831,2731,win,1.0
KmbBbm3B,2026-01-24T01:44:28.523000+00:00,180+0,standard,blitz,True,outoftime,white,87,jjosujjosu,AngeryTroll,2820,2741,11,-10,C25,Vienna Game: Anderssen Defense,4,jjosujjosu,white,AngeryTroll,2820,2741,win,1.0
4YFZnSVw,2026-01-24T01:39:11.515000+00:00,180+0,standard,blitz,True,outoftime,black,194,AngeryTroll,jjosujjosu,2754,2806,-13,14,B40,Sicilian Defense: French Variation,4,jjosujjosu,black,AngeryTroll,2806,2754,win,1.0
TXlUs2hz,2026-01-24T01:33:19.296000+00:00,180+0,standard,blitz,True,resign,black,98,jjosujjosu,AngeryTroll,2826,2735,-20,19,A05,King's Indian Attack: Spassky Variation,4,jjosujjosu,white,AngeryTroll,2826,2735,loss,0.0
awGA3nK2,2026-01-19T06:07:54.596000+00:00,60+0,standard,bullet,True,resign,black,60,jjosujjosu,waltallen11,3077,2793,-9,10,A04,Zukertort Opening: Kingside Fianchetto,2,jjosujjosu,white,waltallen11,3077,2793,loss,0.0
BlIc9oUN,2026-01-18T01:06:00.562000+00:00,180+2,kingOfTheHill,blitz,True,variantEnd,white,89,Alliswell998,jjosujjosu,2323,2452,7,-26,A40,Mikenas Defense,2,jjosujjosu,black,Alliswell998,2452,2323,loss,0.0
drqXa0nR,2026-01-18T01:02:32.467000+00:00,180+2,kingOfTheHill,blitz,True,mate,white,71,jjosujjosu,Alliswell998,2438,2327,14,-4,B52,"Sicilian Defense: Moscow Variation, Main Line",6,jjosujjosu,white,Alliswell998,2438,2327,win,1.0
dcOcUAyd,2026-01-18T00:55:14.492000+00:00,180+2,kingOfTheHill,blitz,True,mate,black,80,Alliswell998,jjosujjosu,2331,2422,-4,16,B90,"Sicilian Defense: Najdorf Variation, English Attack",11,jjosujjosu,black,Alliswell998,2422,2331,win,1.0
99W2exzW,2026-01-18T00:51:23.375000+00:00,180+2,kingOfTheHill,blitz,True,mate,white,61,jjosujjosu,Alliswell998,2403,2335,19,-4,B54,"Sicilian Defense: Modern Variations, Main Line",8,jjosujjosu,white,Alliswell998,2403,2335,win,1.0
Lzwz5Ml3,2026-01-18T00:44:47.889000+00:00,180+2,kingOfTheHill,blitz,True,variantEnd,black,48,Alliswell998,jjosujjosu,2340,2381,-5,22,C57,"Italian Game: Two Knights Defense, Fritz, Gruber Variation",15,jjosujjosu,black,Alliswell998,2381,2340,win,1.0
vpCGqG8m,2026-01-18T00:42:08.859000+00:00,180+2,kingOfTheHill,blitz,True,resign,black,47,jjosujjosu,Alliswell998,2414,2333,-33,7,B63,"Sicilian Defense: Richter-Rauzer Variation, Classical Variation",14,jjosujjosu,white,Alliswell998,2414,2333,loss,0.0
JMOUqojW,2026-01-18T00:38:15.145000+00:00,180+2,kingOfTheHill,blitz,True,variantEnd,black,54,Alliswell998,jjosujjosu,2338,2390,-5,24,B23,Sicilian Defense: Grand Prix Attack,5,jjosujjosu,black,Alliswell998,2390,2338,win,1.0
DCee7QEl,2026-01-29T21:58:43.847000+00:00,30+0,standard,bullet,True,mate,black,92,Blazinq,ElPetitRei,3103,2842,-10,9,D01,Rapport-Jobava System,5,Blazinq,white,ElPetitRei,3103,2842,loss,0.0
4ZmeRKGQ,2026-01-29T21:57:58.412000+00:00,30+0,standard,bullet,True,mate,white,61,ElPetitRei,Blazinq,2832,3112,10,-9,A00,Lasker Simul Special,2,Blazinq,black,ElPetitRei,3112,2832,loss,0.0
b4Sbe1C9,2026-01-29T19:28:57.537000+00:00,15+0,standard,ultraBullet,True,mate,black,52,Blazinq,DiggingForFire,2581,2240,-11,11,A00,Mieses Opening,1,Blazinq,white,DiggingForFire,2581,2240,loss,0.0
2LI5HIZj,2026-01-29T19:18:34.452000+00:00,15+0,standard,ultraBullet,True,outoftime,black,86,Blazinq,DiggingForFire,2587,2233,-10,10,A40,Englund Gambit,2,Blazinq,white,DiggingForFire,2587,2233,loss,0.0
QqBxOtnD,2026-01-29T19:17:56.814000+00:00,15+0,standard,ultraBullet,True,outoftime,white,79,DiggingForFire,Blazinq,2222,2598,11,-11,A00,Mieses Opening,1,Blazinq,black,DiggingForFire,2598,2222,loss,0.0
J8tuB33c,2026-01-29T19:03:01.458000+00:00,30+0,standard,bullet,True,outoftime,white,115,Eagle_Xx,Blazinq,2650,3112,11,-10,A43,Benoni Defense: Old Benoni,2,Blazinq,black,Eagle_Xx,3112,2650,loss,0.0
lKuNPopg,2026-01-29T18:44:41.995000+00:00,30+0,kingOfTheHill,bullet,True,resign,black,60,Blazinq,Hill_Theory,2418,2140,-35,9,C25,Vienna Game,3,Blazinq,white,Hill_Theory,2418,2140,loss,0.0
51scsEK8,2026-01-29T18:43:45.916000+00:00,30+0,kingOfTheHill,bullet,True,resign,white,43,Hill_Theory,Blazinq,2130,2455,10,-37,C02,French Defense: Advance Variation,5,Blazinq,black,Hill_Theory,2455,2130,loss,0.0
ELC6zkSP,2026-01-29T18:41:58.783000+00:00,30+0,kingOfTheHill,bullet,True,resign,white,57,Hill_Theory,Blazinq,2122,2490,10,-41,D38,Queen's Gambit Declined: Ragozin Defense,8,Blazinq,black,Hill_Theory,2490,2122,loss,0.0
JNHoUaqI,2026-01-29T18:41:17.485000+00:00,30+0,kingOfTheHill,bullet,True,mate,white,41,Blazinq,Hill_Theory,2484,2124,6,-2,A00,Van Geet Opening: Kluever Gambit,5,Blazinq,white,Hill_Theory,2484,2124,win,1.0
dqkp1JzF,2026-01-29T18:40:33.498000+00:00,30+0,kingOfTheHill,bullet,True,mate,black,46,Hill_Theory,Blazinq,2125,2479,-1,5,D35,Queen's Gambit Declined: Exchange Variation,7,Blazinq,black,Hill_Theory,2479,2125,win,1.0
H2Uo6BiL,2026-01-29T14:17:29.216000+00:00,30+0,standard,bullet,True,mate,white,55,Blazinq,Matviy2009,3105,3012,4,-4,B06,"Pterodactyl Defense: Eastern, Pterodactyl",8,Blazinq,white,Matviy2009,3105,3012,win,1.0
O16DPZED,2026-01-29T14:13:52.502000+00:00,30+0,standard,bullet,True,mate,white,121,Blazinq,Matviy2009,3087,3030,4,-5,B06,Modern Defense: Pseudo-Austrian Attack,7,Blazinq,white,Matviy2009,3087,3030,win,1.0
YBi7Gse8,2026-01-29T14:08:25.475000+00:00,30+0,standard,bullet,True,outoftime,black,122,Blazinq,Matviy2009,3106,3011,-8,7,A43,Benoni Defense: Benoni Gambit Accepted,3,Blazinq,white,Matviy2009,3106,3011,loss,0.0
CsXbwYGK,2026-01-29T13:31:05.489000+00:00,30+0,standard,bullet,True,outoftime,black,58,RookNinja,Blazinq,2736,3108,-2,1,B13,Caro-Kann Defense: Exchange Variation,8,Blazinq,black,RookNinja,3108,2736,win,1.0
YT9FJ7d9,2026-01-29T13:29:53.410000+00:00,15+0,standard,ultraBullet,True,outoftime,white,85,hello_328,Blazinq,2231,2610,11,-10,A00,Lasker Simul Special,2,Blazinq,black,hello_328,2610,2231,loss,0.0
5TL3I5XL,2026-01-29T13:24:31.853000+00:00,15+0,standard,ultraBullet,True,mate,white,37,hello_328,Blazinq,2226,2615,11,-11,A00,Lasker Simul Special,2,Blazinq,black,hello_328,2615,2226,loss,0.0
JenCqRYU,2026-01-29T13:24:08.147000+00:00,15+0,standard,ultraBullet,True,mate,black,44,Blazinq,hello_328,2626,2216,-11,10,A43,Benoni Defense: Benoni Gambit Accepted,3,Blazinq,white,hello_328,2626,2216,loss,0.0
OsJ8EFn8,2026-01-29T13:22:39.622000+00:00,30+0,standard,bullet,True,mate,black,60,Blazinq,EnPassantMerchant,3114,3018,-7,8,D01,Rapport-Jobava System,5,Blazinq,white,EnPassantMerchant,3114,3018,loss,0.0
vLR1AYdR,2026-01-29T13:08:32.338000+00:00,30+0,standard,bullet,True,mate,black,110,Blazinq,EnPassantMerchant,3138,2998,-8,8,A45,Indian Defense,2,Blazinq,white,EnPassantMerchant,3138,2998,loss,0.0
kS9JxkS8,2026-01-25T21:51:05.609000+00:00,30+0,standard,bullet,True,outoftime,black,134,chess-art-us,Blazinq,3297,3145,-8,8,A07,King's Indian Attack: Omega-Delta Gambit,4,Blazinq,black,chess-art-us,3145,3297,win,1.0
7REhyjby,2026-01-25T15:26:27.818000+00:00,30+0,standard,bullet,True,resign,white,59,RakitinD,Blazinq,3113,3165,6,-7,A05,Zukertort Opening,2,Blazinq,black,RakitinD,3165,3113,loss,0.0
7a7az6fy,2026-01-23T23:09:09.448000+00:00,30+0,standard,bullet,True,mate,black,72,Mishka_The_Great,Blazinq,3121,3167,-5,5,A04,Zukertort Opening: Herrstrom Gambit,2,Blazinq,black,Mishka_The_Great,3167,3121,win,1.0
tyYMNd37,2026-01-23T23:07:59.401000+00:00,30+0,standard,bullet,True,outoftime,white,111,Blazinq,Mishka_The_Great,3162,3126,5,-5,B07,"Lion Defense: Anti-Philidor, Lion's Cave",8,Blazinq,white,Mishka_The_Great,3162,3126,win,1.0
fCoFOR3y,2026-01-23T17:01:54.707000+00:00,15+0,standard,ultraBullet,True,resign,white,55,Ediz_Gurel,Blazinq,2757,2628,6,-3,A43,Benoni Defense: Old Benoni,2,Blazinq,black,Ediz_Gurel,2628,2757,loss,0.0
5wYV9o3B,2026-01-23T16:54:44.457000+00:00,15+0,standard,ultraBullet,True,mate,black,88,Blazinq,Ediz_Gurel,2624,2761,-4,9,C01,French Defense: Exchange Variation,7,Blazinq,white,Ediz_Gurel,2624,2761,loss,0.0
kNPZpwys,2026-01-23T16:52:00.674000+00:00,15+0,standard,ultraBullet,True,outoftime,white,129,Blazinq,Ediz_Gurel,2615,2784,8,-21,D00,Blackmar-Diemer Gambit Declined: Brombacher Countergambit,8,Blazinq,white,Ediz_Gurel,2615,2784,win,1.0
aIu26Ysp,2026-01-22T20:26:34.443000+00:00,30+0,standard,bullet,True,outoftime,black,106,Sasha_Lopatnikova,Blazinq,2796,3159,-2,2,C41,Philidor Defense: Lion Variation,8,Blazinq,black,Sasha_Lopatnikova,3159,2796,win,1.0
YPJ7KYKP,2026-01-22T20:25:48.642000+00:00,30+0,standard,bullet,True,resign,white,63,Blazinq,Sasha_Lopatnikova,3158,2797,1,-1,D01,Rapport-Jobava System,6,Blazinq,white,Sasha_Lopatnikova,3158,2797,win,1.0
2PAFGRsD,2026-01-22T20:21:10.544000+00:00,15+0,standard,ultraBullet,True,outoftime,black,110,Blazinq,TrixR4Kidzzz,2646,2630,-6,6,B00,Rat Defense: Antal Defense,4,Blazinq,white,TrixR4Kidzzz,2646,2630,loss,0.0
cznPQSUF,2026-02-01T14:48:13.460000+00:00,60+0,standard,bullet,True,resign,black,56,TamagoChess,Aronyak1,2909,3110,-3,3,A08,King's Indian Attack: Sicilian Variation,5,Aronyak1,black,TamagoChess,3110,2909,win,1.0
eEe47Yaj,2026-01-28T18:20:58.107000+00:00,60+0,standard,bullet,True,resign,black,50,Aronyak1,Heydarova,3180,2995,-9,9,B40,"Sicilian Defense: French Variation, Open",6,Aronyak1,white,Heydarova,3180,2995,loss,0.0
Rr3nSbdw,2026-01-28T18:06:18.723000+00:00,60+0,standard,bullet,True,mate,black,80,dwkd,Aronyak1,2929,3175,-3,2,D01,Rapport-Jobava System,5,Aronyak1,black,dwkd,3175,2929,win,1.0
AC4JOAB1,2026-01-28T12:02:12.897000+00:00,60+0,standard,bullet,True,draw,,81,favouriteoffailures,Aronyak1,3030,3158,2,-2,D00,Blackmar-Diemer Gambit: von Popiel Gambit,7,Aronyak1,black,favouriteoffailures,3158,3030,draw,0.5
nQksrJdz,2026-01-28T11:58:02.089000+00:00,60+0,standard,bullet,True,resign,white,99,Aronyak1,favouriteoffailures,3159,3029,4,-4,A43,Benoni Defense: Old Benoni,2,Aronyak1,white,favouriteoffailures,3159,3029,win,1.0
QGhXmGCZ,2026-01-27T19:25:25.247000+00:00,60+0,standard,bullet,True,resign,white,55,Aronyak1,Gahan-MG,3161,2936,2,-2,A01,Nimzo-Larsen Attack: Indian Variation,2,Aronyak1,white,Gahan-MG,3161,2936,win,1.0
H6rclXfV,2026-01-27T15:55:05.152000+00:00,60+0,standard,bullet,True,resign,black,64,dfsocial,Aronyak1,3004,3162,-3,4,A00,Hungarian Opening: Indian Defense,2,Aronyak1,black,dfsocial,3162,3004,win,1.0
N8TQ6GxF,2026-01-27T15:52:46.653000+00:00,60+0,standard,bullet,True,resign,black,112,Aronyak1,dfsocial,3171,2996,-9,8,D04,Queen's Pawn Game: Colle System,5,Aronyak1,white,dfsocial,3171,2996,loss,0.0
79l52OYk,2026-01-27T14:05:20.519000+00:00,60+0,standard,bullet,True,resign,white,83,Aronyak1,britishscottishcat,3168,2984,3,-3,C25,Vienna Game,3,Aronyak1,white,britishscottishcat,3168,2984,win,1.0
9cDJfNry,2026-01-27T13:59:44.859000+00:00,60+0,standard,bullet,True,resign,black,88,britishscottishcat,Aronyak1,2993,3158,-3,3,A47,Pseudo Queen's Indian Defense,4,Aronyak1,black,britishscottishcat,3158,2993,win,1.0
1Bg3Btwn,2026-01-27T12:52:12.947000+00:00,60+0,standard,bullet,True,resign,black,102,ChessDarkForce,Aronyak1,3039,3144,-4,4,A28,"English Opening: King's English Variation, Four Knights Variation, Quiet Line",10,Aronyak1,black,ChessDarkForce,3144,3039,win,1.0
Vyi4JQgx,2026-01-27T12:50:28.281000+00:00,60+0,standard,bullet,True,draw,,81,Aronyak1,ChessDarkForce,3146,3037,-2,2,A07,King's Indian Attack: Double Fianchetto,4,Aronyak1,white,ChessDarkForce,3146,3037,draw,0.5
WI73eKMn,2026-01-27T12:49:40.240000+00:00,60+0,standard,bullet,True,resign,white,35,ChessDarkForce,Aronyak1,3030,3153,7,-7,D31,Queen's Gambit Declined: Queen's Knight Variation,5,Aronyak1,black,ChessDarkForce,3153,3030,loss,0.0
qJcwDU7l,2026-01-27T12:40:22.713000+00:00,60+0,standard,bullet,True,outoftime,black,104,Sherlockholm,Aronyak1,2976,3138,-9,4,B02,Alekhine Defense: Scandinavian Variation,4,Aronyak1,black,Sherlockholm,3138,2976,win,1.0
HMpAR03f,2026-01-27T12:36:02.244000+00:00,60+0,standard,bullet,True,mate,black,182,Sherlockholm,Aronyak1,2960,3144,-8,3,C48,"Four Knights Game: Spanish Variation, Rubinstein Variation Accepted",9,Aronyak1,black,Sherlockholm,3144,2960,win,1.0
gJpqphYM,2026-01-26T17:14:14.899000+00:00,60+0,standard,bullet,True,resign,black,108,Aronyak1,Nozdrachev_Vladislav,3145,3009,-8,8,E60,"King's Indian Defense: Fianchetto Variation, Immediate Fianchetto",5,Aronyak1,white,Nozdrachev_Vladislav,3145,3009,loss,0.0
rokGelJm,2026-01-23T17:32:08.938000+00:00,60+0,standard,bullet,True,mate,white,115,Aronyak1,chxrnish,3172,2975,3,-2,E05,"Catalan Opening: Open Defense, Classical Line",12,Aronyak1,white,chxrnish,3172,2975,win,1.0
Quyf5sJw,2026-01-22T19:05:53.582000+00:00,60+0,standard,bullet,True,resign,black,112,Di2323ma,Aronyak1,2821,3159,-1,1,D30,Queen's Gambit Declined,4,Aronyak1,black,Di2323ma,3159,2821,win,1.0
VUlxZjko,2026-01-22T16:23:00.193000+00:00,60+0,standard,bullet,True,resign,black,70,Aronyak1,argo77,3162,2821,-10,10,B06,Modern Defense,2,Aronyak1,white,argo77,3162,2821,loss,0.0
Bnr1sJsN,2026-01-21T13:52:47.727000+00:00,60+0,standard,bullet,True,resign,white,45,Aronyak1,AlwaysLookingForMore,3153,2895,2,-2,E10,Indian Defense: Anti-Nimzo-Indian,5,Aronyak1,white,AlwaysLookingForMore,3153,2895,win,1.0
FUOpxB0a,2026-01-21T13:49:34.727000+00:00,60+0,standard,bullet,True,resign,white,43,Aronyak1,AlwaysLookingForMore,3148,2899,2,-2,E10,Indian Defense: Anti-Nimzo-Indian,5,Aronyak1,white,AlwaysLookingForMore,3148,2899,win,1.0
3EfKF1D9,2026-01-21T13:43:29.670000+00:00,60+0,standard,bullet,True,outoftime,black,160,AlwaysLookingForMore,Aronyak1,2906,3141,-2,3,E10,Indian Defense: Anti-Nimzo-Indian,5,Aronyak1,black,AlwaysLookingForMore,3141,2906,win,1.0
ZMm0nIaX,2026-01-21T13:29:35.754000+00:00,60+0,standard,bullet,True,outoftime,white,131,Aronyak1,chieater00000007,3137,2937,2,-2,A01,Nimzo-Larsen Attack,1,Aronyak1,white,chieater00000007,3137,2937,win,1.0
jDP8rgr3,2026-01-20T17:35:42.077000+00:00,60+0,standard,bullet,True,resign,white,53,AbasovN,Aronyak1,3111,3137,6,-5,A13,"English Opening: Agincourt Defense, Catalan Defense Accepted",8,Aronyak1,black,AbasovN,3137,3111,loss,0.0
47qDkFC6,2026-01-20T17:33:21.185000+00:00,60+0,standard,bullet,True,outoftime,white,127,Aronyak1,AbasovN,3132,3117,5,-6,D35,"Queen's Gambit Declined: Exchange Variation, Positional Variation",9,Aronyak1,white,AbasovN,3132,3117,win,1.0
eifSiCgW,2026-01-20T17:31:29.754000+00:00,60+0,standard,bullet,True,draw,,95,AbasovN,Aronyak1,3117,3132,0,0,A00,Lasker Simul Special,2,Aronyak1,black,AbasovN,3132,3117,draw,0.5
DfsFVqwk,2026-01-20T17:27:00.259000+00:00,60+0,standard,bullet,True,resign,black,82,AbasovN,Aronyak1,3122,3127,-6,6,A46,Indian Defense: London System,5,Aronyak1,black,AbasovN,3127,3122,win,1.0
8YSEdlb5,2026-01-20T17:25:35.351000+00:00,60+0,standard,bullet,True,draw,,84,Aronyak1,AbasovN,3127,3122,0,0,A50,Slav Indian,4,Aronyak1,white,AbasovN,3127,3122,draw,0.5
DLYRUqDX,2026-01-20T13:40:34.394000+00:00,60+0,standard,bullet,True,draw,,115,Aronyak1,Ilya993,3141,2941,-3,3,B08,"Pirc Defense: Classical Variation, Quiet System, Chigorin Line",12,Aronyak1,white,Ilya993,3141,2941,draw,0.5
JWNR6ZKh,2026-01-19T06:12:14.582000+00:00,60+0,standard,bullet,True,resign,white,54,Aronyak1,Sultai,3126,2884,2,-2,B01,Scandinavian Defense: Valencian Variation,6,Aronyak1,white,Sultai,3126,2884,win,1.0
9RgS06gW,2026-01-27T17:35:00.765000+00:00,1800+0,standard,classical,True,resign,black,92,Justephen,Icegrinder45,2127,2273,-23,4,C21,Danish Gambit Accepted: Classical Defense,10,Icegrinder45,black,Justephen,2273,2127,win,1.0
qzuG49eo,2026-01-22T17:35:03.576000+00:00,1800+0,standard,classical,True,resign,white,105,Icegrinder45,Sergii_Pokhitonov,2268,2192,5,-91,D46,Semi-Slav Defense: Chigorin Defense,12,Icegrinder45,white,Sergii_Pokhitonov,2268,2192,win,1.0
Fc0hmr1x,2026-01-17T15:23:57.362000+00:00,1800+0,standard,classical,True,mate,white,69,Icegrinder45,bkamber,2261,2358,8,-15,A43,Indian Defense: Pseudo-Benko,6,Icegrinder45,white,bkamber,2261,2358,win,1.0
z74hrqia,2026-01-16T17:02:44.887000+00:00,1800+0,standard,classical,True,resign,black,42,LwaziNkoe,Icegrinder45,2162,2261,-24,5,C64,"Ruy Lopez: Classical Variation, Central Variation",7,Icegrinder45,black,LwaziNkoe,2261,2162,win,1.0
17UsLX9z,2026-01-16T15:23:15.398000+00:00,900+10,standard,rapid,True,mate,white,83,Icegrinder45,Mohamedrdwan,1895,1817,79,-8,A41,Old Indian Defense,3,Icegrinder45,white,Mohamedrdwan,1895,1817,win,1.0
BNaQw9JX,2026-01-15T16:50:24.961000+00:00,1800+0,standard,classical,True,resign,white,76,HCM-HaiDang2009,Icegrinder45,2424,2259,7,-4,D00,Queen's Pawn Game: Accelerated London System,3,Icegrinder45,black,HCM-HaiDang2009,2259,2424,loss,0.0
slfAfsRt,2026-01-15T16:05:23.764000+00:00,1800+0,standard,classical,True,resign,white,99,shouryachahal007,Icegrinder45,2403,2263,12,-4,C65,Ruy Lopez: Berlin Defense,7,Icegrinder45,black,shouryachahal007,2263,2403,loss,0.0
oosrN8Qw,2026-01-14T17:23:51.451000+00:00,900+10,standard,rapid,True,resign,white,89,Icegrinder45,Valconst,1741,1773,154,-4,C50,Italian Game: Giuoco Piano,6,Icegrinder45,white,Valconst,1741,1773,win,1.0
4pqiYSD0,2026-01-14T15:30:02.139000+00:00,1800+0,standard,classical,True,resign,white,114,Icegrinder45,snow152,2255,2336,8,-12,B45,Sicilian Defense: Four Knights Variation,10,Icegrinder45,white,snow152,2255,2336,win,1.0
adnbxzRy,2026-01-13T17:53:35.805000+00:00,1800+0,standard,classical,True,mate,black,50,Tsim2022,Icegrinder45,2137,2250,-15,5,A01,Nimzo-Larsen Attack: Classical Variation,2,Icegrinder45,black,Tsim2022,2250,2137,win,1.0
HCm9SQ6s,2026-01-13T17:06:32.820000+00:00,1800+0,standard,classical,True,resign,white,67,Icegrinder45,Tsim2022,2245,2153,5,-16,B00,Pirc Defense,2,Icegrinder45,white,Tsim2022,2245,2153,win,1.0
N5uLm1QC,2026-01-12T15:02:53.416000+00:00,1800+0,standard,classical,True,mate,black,70,Icegrinder45,elephantstampede,2251,2307,-6,19,C42,Petrov's Defense: Three Knights Game,5,Icegrinder45,white,elephantstampede,2251,2307,loss,0.0
XDifhLRX,2026-01-11T14:36:18.508000+00:00,1800+0,standard,classical,True,mate,black,122,tirid,Icegrinder45,2244,2244,-20,7,C25,Vienna Game: Max Lange Defense,4,Icegrinder45,black,tirid,2244,2244,win,1.0
Ed9DBH0e,2026-01-10T14:38:09.818000+00:00,1800+0,standard,classical,True,resign,white,41,pochitawai,Icegrinder45,2105,2253,10,-9,C23,Bishop's Opening: Boi Variation,4,Icegrinder45,black,pochitawai,2253,2105,loss,0.0
O8krpcFH,2026-01-09T13:52:07.912000+00:00,1800+0,standard,classical,True,mate,black,106,Whattimedoyoumakeit,Icegrinder45,2106,2249,-75,4,A05,King's Indian Attack,4,Icegrinder45,black,Whattimedoyoumakeit,2249,2106,win,1.0
inTaMmfC,2026-01-08T16:57:49.541000+00:00,1800+0,standard,classical,True,outoftime,white,99,Icegrinder45,FHS97220,2245,2155,4,-6,C54,"Italian Game: Classical Variation, Giuoco Pianissimo",10,Icegrinder45,white,FHS97220,2245,2155,win,1.0
2nwtyVZ1,2026-01-07T18:22:23.670000+00:00,1800+0,standard,classical,True,draw,,87,grrrrrrr_r,Icegrinder45,2349,2243,-4,2,C25,Vienna Game: Max Lange Defense,4,Icegrinder45,black,grrrrrrr_r,2243,2349,draw,0.5
pLKOW0qZ,2026-01-07T14:49:19.832000+00:00,1800+0,standard,classical,True,resign,black,72,MingJie2026,Icegrinder45,2169,2237,-15,6,A21,"English Opening: King's English Variation, Reversed Sicilian",3,Icegrinder45,black,MingJie2026,2237,2169,win,1.0
zaGLOZia,2026-01-07T14:23:12.342000+00:00,1800+0,standard,classical,True,resign,white,39,Icegrinder45,CHESSNO001,2232,2184,5,-6,B27,"Pterodactyl Defense: Western, Rhamphorhynchus",8,Icegrinder45,white,CHESSNO001,2232,2184,win,1.0
avysaXvE,2026-01-06T17:43:50.238000+00:00,1800+0,standard,classical,True,mate,white,81,Icegrinder45,Nur_akhmet,2227,2123,5,-10,A46,Indian Defense: London System,5,Icegrinder45,white,Nur_akhmet,2227,2123,win,1.0
Jgz3eB72,2026-01-06T15:17:23.842000+00:00,1800+0,standard,classical,True,resign,white,103,Icegrinder45,Ilnur_I,2223,2107,4,-30,B12,"Caro-Kann Defense: Advance Variation, Botvinnik-Carls Defense",6,Icegrinder45,white,Ilnur_I,2223,2107,win,1.0
0neD7TYI,2026-01-06T14:15:10.967000+00:00,1800+0,standard,classical,True,draw,,123,Knight_is_dangerous,Icegrinder45,2376,2220,-21,3,C44,Scotch Game,5,Icegrinder45,black,Knight_is_dangerous,2220,2376,draw,0.5
iutRUY13,2026-01-05T14:38:11.304000+00:00,1800+0,standard,classical,True,resign,black,72,Icegrinder45,Ngandung,2227,2230,-7,6,D37,Queen's Gambit Declined: Harrwitz Attack,9,Icegrinder45,white,Ngandung,2227,2230,loss,0.0
78XSzs2x,2026-01-03T15:15:03.152000+00:00,1800+0,standard,classical,True,resign,black,38,Warvold,Icegrinder45,2111,2222,-12,5,D01,Rapport-Jobava System,5,Icegrinder45,black,Warvold,2222,2111,win,1.0
HT9GPX5i,2026-01-02T15:47:02.007000+00:00,1800+0,standard,classical,True,resign,black,107,swainsambitranjan,Icegrinder45,2091,2218,-42,4,D04,"Queen's Pawn Game: Colle System, Anti-Colle",6,Icegrinder45,black,swainsambitranjan,2218,2091,win,1.0
sVwhOatW,2026-01-02T04:18:00.291000+00:00,1800+0,standard,classical,True,resign,white,71,Icegrinder45,ABOM08,2213,2144,5,-25,D13,Slav Defense: Exchange Variation,8,Icegrinder45,white,ABOM08,2213,2144,win,1.0
F6e8PMxa,2026-01-02T03:18:34.481000+00:00,1800+0,standard,classical,True,resign,black,56,chesspsychology22,Icegrinder45,2219,2206,-10,7,C24,Bishop's Opening: Vienna Hybrid,7,Icegrinder45,black,chesspsychology22,2206,2219,win,1.0
qq4yi4iP,2026-01-01T16:32:11.428000+00:00,1800+0,standard,classical,True,resign,black,44,mathaias,Icegrinder45,2048,2202,-4,4,C45,Scotch Game: Mieses Variation,11,Icegrinder45,black,mathaias,2202,2048,win,1.0
OHX7og6i,2026-01-01T15:27:03.154000+00:00,1800+0,standard,classical,True,resign,white,43,Icegrinder45,Omar7500,2197,2094,5,-20,D37,Queen's Gambit Declined: Harrwitz Attack,9,Icegrinder45,white,Omar7500,2197,2094,win,1.0
huVJL0bY,2026-01-01T02:42:36.831000+00:00,1800+0,standard,classical,True,draw,,120,Icegrinder45,yodha_n,2198,2147,-1,1,E12,Queen's Indian Defense: Kasparov Variation,7,Icegrinder45,white,yodha_n,2198,2147,draw,0.5
OMWHhGwT,2026-01-31T18:48:00.666000+00:00,1200+10,standard,classical,True,resign,white,33,mayfester,Hades532,2334,2225,10,-13,D00,Queen's Pawn Game: Chigorin Variation,3,mayfester,white,Hades532,2334,2225,win,1.0
CCpeDxqJ,2026-01-30T20:02:37.740000+00:00,3600+30,standard,classical,True,resign,black,66,mayfester,nimda001,2358,2041,-24,88,D01,Rapport-Jobava System,5,mayfester,white,nimda001,2358,2041,loss,0.0
PpAWIbEO,2026-01-28T20:53:13.140000+00:00,1500+5,standard,classical,True,resign,white,136,mayfester,BunnyAaron,2355,1973,3,-3,D01,Rapport-Jobava System,6,mayfester,white,BunnyAaron,2355,1973,win,1.0
8qRYkO7i,2026-01-28T04:29:22.454000+00:00,180+2,standard,blitz,True,outoftime,black,92,Exito76,mayfester,2338,2336,-5,13,B40,Sicilian Defense: French Variation,4,mayfester,black,Exito76,2336,2338,win,1.0
ipO7vN9h,2026-01-27T22:14:12.550000+00:00,2700+15,standard,classical,True,resign,black,70,mayfester,miwi2,2376,2241,-21,10,D01,"Rapport-Jobava System, with e6",5,mayfester,white,miwi2,2376,2241,loss,0.0
ZD9hx2un,2026-01-27T21:33:31.676000+00:00,900+15,standard,classical,True,resign,black,69,mayfester,Joe_Manco,2389,2357,-17,22,D01,Rapport-Jobava System,5,mayfester,white,Joe_Manco,2389,2357,loss,0.0
7ugQLcH3,2026-01-27T21:10:13.041000+00:00,900+15,standard,classical,True,outoftime,black,46,ganz123,mayfester,2038,2389,-4,4,B43,"Sicilian Defense: Kan Variation, Wing Attack",10,mayfester,black,ganz123,2389,2038,win,1.0
hS59gh4d,2026-01-27T20:43:05.505000+00:00,900+15,standard,classical,True,resign,black,52,Joe_Manco,mayfester,2378,2372,-21,17,B40,Sicilian Defense: Kramnik Variation,5,mayfester,black,Joe_Manco,2372,2378,win,1.0
3L9uDXaD,2026-01-23T21:59:24.628000+00:00,180+2,standard,blitz,True,resign,white,25,mayfester,olawsson,2326,2300,10,-5,B00,Nimzowitsch Defense: Mikenas Variation,4,mayfester,white,olawsson,2326,2300,win,1.0
onxbYSYI,2026-01-23T21:50:46.072000+00:00,180+2,standard,blitz,True,outoftime,white,59,mayfester,Askeladd00,2315,2298,11,-6,D01,Rapport-Jobava System,5,mayfester,white,Askeladd00,2315,2298,win,1.0
ZC6DOBDh,2026-01-22T21:21:22.925000+00:00,3600+30,standard,classical,True,mate,white,63,mayfester,DiegoAngelini,2357,2324,15,-18,A45,Indian Defense: Reversed Chigorin Defense,4,mayfester,white,DiegoAngelini,2357,2324,win,1.0
ZCccytrs,2026-01-21T20:00:47.608000+00:00,2700+45,standard,classical,True,draw,,70,mayfester,Annapurna51,2365,2208,-8,4,A40,Horwitz Defense,2,mayfester,white,Annapurna51,2365,2208,draw,0.5
7wTtR6Rt,2026-01-18T07:02:37.208000+00:00,1800+0,standard,classical,True,resign,white,27,mayfester,Kartikeyan_2012,2355,2213,10,-3,B08,"Pirc Defense: Classical Variation, Quiet System",9,mayfester,white,Kartikeyan_2012,2355,2213,win,1.0
htbwDgUs,2026-01-17T21:53:23.625000+00:00,3600+30,standard,classical,True,resign,black,72,mattchessic,mayfester,2170,2344,-9,11,B22,Sicilian Defense: Alapin Variation,3,mayfester,black,mattchessic,2344,2170,win,1.0
0YGZpxoa,2026-01-15T02:02:33.753000+00:00,2700+45,standard,classical,True,resign,black,86,irongalaxy,mayfester,2224,2331,-22,13,B42,"Sicilian Defense: Kan Variation, Polugaevsky Variation",10,mayfester,black,irongalaxy,2331,2224,win,1.0
IvPnS9mK,2026-01-11T01:41:46.184000+00:00,180+0,standard,blitz,True,resign,black,64,alexeygr,mayfester,2155,2311,-3,9,B23,Sicilian Defense: Closed,4,mayfester,black,alexeygr,2311,2155,win,1.0
boCVuBrn,2026-01-11T01:35:59.853000+00:00,180+2,standard,blitz,True,resign,white,57,mayfester,scyll,2299,2238,12,-4,D01,Rapport-Jobava System,5,mayfester,white,scyll,2299,2238,win,1.0
5ovWxUQt,2026-01-11T01:31:27.104000+00:00,180+2,standard,blitz,True,resign,white,43,Kasteajedrez,mayfester,2454,2308,3,-9,D00,Queen's Pawn Game: Mason Attack,3,mayfester,black,Kasteajedrez,2308,2454,loss,0.0
TlfjnTnM,2026-01-11T01:21:30.876000+00:00,180+2,standard,blitz,True,resign,white,75,mayfester,ponysaltarin,2298,2165,10,-3,A45,Indian Defense,2,mayfester,white,ponysaltarin,2298,2165,win,1.0
wqksIjOA,2026-01-11T01:17:22.380000+00:00,180+2,standard,blitz,True,mate,white,31,hallahwakbar,mayfester,2274,2317,6,-19,B22,Sicilian Defense: Alapin Variation,3,mayfester,black,hallahwakbar,2317,2274,loss,0.0
kYkIboyK,2026-01-08T23:20:28.109000+00:00,180+2,standard,blitz,True,resign,white,77,mayfester,AdygzhyKuular,2302,2253,15,-5,D01,Rapport-Jobava System,5,mayfester,white,AdygzhyKuular,2302,2253,win,1.0
JrwlSnfz,2026-01-03T19:56:50.134000+00:00,3600+30,standard,classical,True,resign,white,125,mayfester,mattchessic,2319,2210,12,-12,D00,Queen's Pawn Game: Chigorin Variation,3,mayfester,white,mattchessic,2319,2210,win,1.0
rMjhkLYm,2026-01-01T23:52:45.528000+00:00,60+0,standard,bullet,True,resign,white,41,mayfester,saurai3h,1871,1892,105,-4,D01,Rapport-Jobava System,6,mayfester,white,saurai3h,1871,1892,win,1.0
uZX0OtvT,2025-12-22T21:02:08.026000+00:00,3600+30,standard,classical,True,draw,,72,PostMortemChesscom,mayfester,2381,2316,-8,3,A07,"King's Indian Attack, with e6",6,mayfester,black,PostMortemChesscom,2316,2381,draw,0.5
s3m4wuWN,2025-12-19T23:10:01.526000+00:00,1500+0,standard,classical,True,resign,black,80,mayfester,matteorf2b,2323,2576,-7,7,D01,Rapport-Jobava System,5,mayfester,white,matteorf2b,2323,2576,loss,0.0
HjiSHREi,2025-12-19T22:46:30.451000+00:00,1500+0,standard,classical,True,resign,white,65,matteorf2b,mayfester,2569,2330,7,-7,A07,"King's Indian Attack, with e6",6,mayfester,black,matteorf2b,2330,2569,loss,0.0
KZ3pzl93,2025-12-18T20:01:29.457000+00:00,3600+30,standard,classical,True,resign,white,51,mayfester,Max_Ing,2322,2102,8,-9,D01,Rapport-Jobava System,5,mayfester,white,Max_Ing,2322,2102,win,1.0
I9bGa5KK,2025-12-15T06:12:35.336000+00:00,180+2,standard,blitz,True,outoftime,white,71,bigwh,mayfester,2316,2317,5,-15,D02,"Queen's Pawn Game: Symmetrical Variation, Pseudo-Catalan",5,mayfester,black,bigwh,2317,2316,loss,0.0
wrVv72pP,2025-12-14T23:56:26.095000+00:00,180+2,standard,blitz,True,draw,,110,mayfester,romanar2006,2317,2312,0,1,A80,Dutch Defense: Raphael Variation,3,mayfester,white,romanar2006,2317,2312,draw,0.5
2i7ixj35,2025-12-14T23:46:54.878000+00:00,120+2,standard,blitz,True,outoftime,white,41,mayfester,Lubiteli,2311,2067,6,-2,D01,Rapport-Jobava System,5,mayfester,white,Lubiteli,2311,2067,win,1.0
QAe3DxVT,2026-01-26T17:00:01.611000+00:00,60+0,standard,bullet,True,draw,,124,dfsocial,Bigellow,3013,3159,3,-2,A15,"English Opening: Anglo-Indian Defense, King's Indian Formation, Double Fianchetto",8,Bigellow,black,dfsocial,3159,3013,draw,0.5
ak34EN8j,2026-01-26T16:40:16.632000+00:00,60+0,standard,bullet,True,resign,white,89,Di2323ma,Bigellow,2823,3178,10,-10,A50,Queen's Indian Accelerated,4,Bigellow,black,Di2323ma,3178,2823,loss,0.0
sshDgYTJ,2026-01-06T16:43:24.421000+00:00,60+0,standard,bullet,True,mate,white,35,Bigellow,CakeinSpace,3193,3079,3,-4,A40,Englund Gambit Declined: Reversed Alekhine,3,Bigellow,white,CakeinSpace,3193,3079,win,1.0
Wf7wZXgf,2026-01-06T16:39:51.153000+00:00,60+0,standard,bullet,True,resign,black,62,Bigellow,CakeinSpace,3196,3075,-8,8,A04,Zukertort Opening: Dutch Variation,2,Bigellow,white,CakeinSpace,3196,3075,loss,0.0
PylZkvGY,2026-01-06T16:38:30.967000+00:00,60+0,standard,bullet,True,resign,black,58,CakeinSpace,Bigellow,3079,3192,-4,4,A45,Indian Defense: Omega Gambit,3,Bigellow,black,CakeinSpace,3192,3079,win,1.0
fWzSfxNr,2026-01-06T16:36:27.110000+00:00,60+0,standard,bullet,True,resign,white,77,Bigellow,CakeinSpace,3188,3084,4,-5,B06,Modern Defense,2,Bigellow,white,CakeinSpace,3188,3084,win,1.0
ghorjJRp,2026-01-06T16:23:52.810000+00:00,60+0,standard,bullet,True,resign,black,72,AnonymousGMplayer,Bigellow,2978,3204,-2,3,A00,Mieses Opening,1,Bigellow,black,AnonymousGMplayer,3204,2978,win,1.0
zSCEe6gM,2026-01-05T12:35:36.498000+00:00,60+0,standard,bullet,True,resign,black,56,NextAbracadabra,Bigellow,2905,3201,-2,2,D00,Queen's Pawn Game,3,Bigellow,black,NextAbracadabra,3201,2905,win,1.0
bYZPsg7C,2026-01-05T12:34:19.753000+00:00,60+0,standard,bullet,True,resign,white,53,Bigellow,NextAbracadabra,3199,2906,2,-1,C10,"French Defense: Rubinstein Variation, Blackburne Defense",8,Bigellow,white,NextAbracadabra,3199,2906,win,1.0
2jQIQGRS,2026-01-05T12:33:34.620000+00:00,60+0,standard,bullet,True,resign,black,42,NextAbracadabra,Bigellow,2908,3197,-2,2,A40,Englund Gambit Declined: Reversed French,3,Bigellow,black,NextAbracadabra,3197,2908,win,1.0
ISdV8a85,2026-01-05T12:32:29.388000+00:00,60+0,standard,bullet,True,resign,white,51,Bigellow,NextAbracadabra,3195,2910,2,-2,A04,Zukertort Opening: Queen's Gambit Invitation,2,Bigellow,white,NextAbracadabra,3195,2910,win,1.0
3jWFpatF,2026-01-05T12:26:52.585000+00:00,60+0,standard,bullet,True,mate,black,106,NextAbracadabra,Bigellow,2906,3193,-2,2,A45,Indian Defense,2,Bigellow,black,NextAbracadabra,3193,2906,win,1.0
xoOkPQWj,2026-01-05T12:24:13.890000+00:00,60+0,standard,bullet,True,mate,white,75,Bigellow,Best_player3,3191,2854,2,-1,B27,Sicilian Defense: Hyperaccelerated Pterodactyl,6,Bigellow,white,Best_player3,3191,2854,win,1.0
GpIF7ido,2026-01-05T12:20:57.065000+00:00,60+0,standard,bullet,True,outoftime,black,86,NextAbracadabra,Bigellow,2908,3188,-2,3,A45,Indian Defense,2,Bigellow,black,NextAbracadabra,3188,2908,win,1.0
hkVWXjtv,2026-01-05T12:19:52.651000+00:00,60+0,standard,bullet,True,resign,white,35,Bigellow,o3gx,3186,2899,2,-2,C48,"Four Knights Game: Spanish Variation, Rubinstein Variation",8,Bigellow,white,o3gx,3186,2899,win,1.0
ekpIRTqm,2026-01-05T12:17:21.909000+00:00,60+0,standard,bullet,True,mate,white,127,Sengdorzh,Bigellow,2906,3198,9,-12,C10,French Defense: Rubinstein Variation,6,Bigellow,black,Sengdorzh,3198,2906,loss,0.0
0VpPMDMg,2026-01-05T12:15:50.053000+00:00,60+0,standard,bullet,True,resign,white,57,Bigellow,tsunami10,3195,2944,3,-2,A04,Zukertort Opening: Kingside Fianchetto,2,Bigellow,white,tsunami10,3195,2944,win,1.0
5A7Ox3lA,2025-12-14T11:50:49.488000+00:00,60+0,standard,bullet,True,outoftime,white,157,Dr_Tiger,Bigellow,3196,3201,5,-6,B00,Pirc Defense,4,Bigellow,black,Dr_Tiger,3201,3196,loss,0.0
td6KdW5r,2025-12-14T11:48:23.779000+00:00,60+0,standard,bullet,True,mate,white,115,Bigellow,Dr_Tiger,3195,3201,6,-5,A01,Nimzo-Larsen Attack: Indian Variation,2,Bigellow,white,Dr_Tiger,3195,3201,win,1.0
jupjN13h,2025-12-14T00:34:29.630000+00:00,60+0,standard,bullet,True,resign,black,74,Bigellow,Ali_rastbod,3203,3050,-8,8,A00,Van't Kruijs Opening,1,Bigellow,white,Ali_rastbod,3203,3050,loss,0.0
IdDBpyJc,2025-12-14T00:31:50.046000+00:00,60+0,standard,bullet,True,outoftime,white,147,GlasnostPerestroika,Bigellow,3101,3211,8,-8,C41,Philidor Defense: Lion Variation,8,Bigellow,black,GlasnostPerestroika,3211,3101,loss,0.0
jc6QlY8C,2025-12-14T00:29:28.554000+00:00,60+0,standard,bullet,True,mate,black,118,Bigellow,GlasnostPerestroika,3218,3093,-7,8,D15,Slav Defense: Three Knights Variation,7,Bigellow,white,GlasnostPerestroika,3218,3093,loss,0.0
f7VXZ5I3,2025-12-14T00:26:40.048000+00:00,60+0,standard,bullet,True,outoftime,black,124,Barbara_Streizen_uUu,Bigellow,3061,3215,-11,3,B00,Pirc Defense,4,Bigellow,black,Barbara_Streizen_uUu,3215,3061,win,1.0
ApUc1A36,2025-12-14T00:23:01.348000+00:00,60+0,standard,bullet,True,outoftime,white,147,Bigellow,KaleybarBuffaloRider,3213,2984,2,-2,A00,Van't Kruijs Opening,1,Bigellow,white,KaleybarBuffaloRider,3213,2984,win,1.0
exKV1ko4,2025-12-14T00:20:40.702000+00:00,60+0,standard,bullet,True,draw,,139,KaleybarBuffaloRider,Bigellow,2981,3216,3,-3,E46,Nimzo-Indian Defense: Normal Variation,8,Bigellow,black,KaleybarBuffaloRider,3216,2981,draw,0.5
ieJnz20U,2025-12-14T00:19:10.010000+00:00,60+0,standard,bullet,True,resign,white,71,Bigellow,KaleybarBuffaloRider,3213,2983,3,-2,B23,Sicilian Defense: Closed,3,Bigellow,white,KaleybarBuffaloRider,3213,2983,win,1.0
ak6y12Jg,2025-12-14T00:18:10.480000+00:00,60+0,standard,bullet,True,resign,black,52,KaleybarBuffaloRider,Bigellow,2986,3211,-3,2,A54,Old Indian Defense: Ukrainian Variation,6,Bigellow,black,KaleybarBuffaloRider,3211,2986,win,1.0
1u249TGa,2025-12-07T15:45:40.037000+00:00,60+0,standard,bullet,True,mate,black,150,Bigellow,Heisenberg01,3193,3269,-4,4,B08,Pirc Defense: Classical Variation,8,Bigellow,white,Heisenberg01,3193,3269,loss,0.0
P9lwOR3u,2025-12-07T15:43:56.222000+00:00,60+0,standard,bullet,True,resign,white,105,Heisenberg01,Bigellow,3264,3198,5,-5,B00,Pirc Defense,2,Bigellow,black,Heisenberg01,3198,3264,loss,0.0
DuFkkm6C,2025-12-07T15:42:50.622000+00:00,60+0,standard,bullet,True,resign,black,64,Bigellow,Heisenberg01,3203,3259,-5,5,A04,Zukertort Opening: Kingside Fianchetto,2,Bigellow,white,Heisenberg01,3203,3259,loss,0.0
o7ae7RX9,2026-02-01T14:40:04.742000+00:00,600+0,standard,rapid,True,resign,black,68,nepoloh686,Knightdwarf,2567,2345,-9,9,D85,Grünfeld Defense: Exchange Variation,8,nepoloh686,white,Knightdwarf,2567,2345,loss,0.0
GZVMWbmB,2026-02-01T14:22:46.633000+00:00,600+0,standard,rapid,True,mate,white,91,cingozchess,nepoloh686,2405,2575,9,-8,A07,King's Indian Attack: Yugoslav Variation,8,nepoloh686,black,cingozchess,2575,2405,loss,0.0
5CF1ilZx,2026-02-01T14:06:14.027000+00:00,600+0,standard,rapid,True,resign,white,61,nepoloh686,FoxRiverGhost,2570,2588,5,-14,E10,Indian Defense: Anti-Nimzo-Indian,5,nepoloh686,white,FoxRiverGhost,2570,2588,win,1.0
pkJ1vGAm,2026-02-01T13:51:39.466000+00:00,600+0,standard,rapid,True,resign,white,95,nepoloh686,G03ns,2565,2479,5,-15,A40,Horwitz Defense,2,nepoloh686,white,G03ns,2565,2479,win,1.0
GkOPpZ6e,2026-02-01T11:05:42.121000+00:00,600+0,standard,rapid,True,resign,black,105,InSergey,nepoloh686,2311,2563,-3,2,B12,"Caro-Kann Defense: Advance Variation, Tal Variation",7,nepoloh686,black,InSergey,2563,2311,win,1.0
ttj5F1QH,2026-01-31T16:05:36.378000+00:00,600+0,standard,rapid,True,resign,white,94,Caschmirr,nepoloh686,2452,2570,7,-7,B17,Caro-Kann Defense: Karpov Variation,8,nepoloh686,black,Caschmirr,2570,2452,loss,0.0
N0g90bv4,2026-01-31T15:37:36.141000+00:00,600+0,standard,rapid,True,resign,white,113,nepoloh686,PomonaBB35,2566,2452,4,-4,A40,English Defense,4,nepoloh686,white,PomonaBB35,2566,2452,win,1.0
DElVzKGL,2026-01-31T15:10:05.228000+00:00,600+0,standard,rapid,True,mate,black,62,fad666,nepoloh686,2433,2562,-6,4,B12,"Caro-Kann Defense: Advance Variation, Short Variation",7,nepoloh686,black,fad666,2562,2433,win,1.0
GuRQWrLK,2026-01-28T16:18:21.667000+00:00,180+2,standard,blitz,True,resign,white,53,Bond_Ivan,nepoloh686,2466,2374,4,-13,B12,"Caro-Kann Defense: Advance Variation, Tal Variation",7,nepoloh686,black,Bond_Ivan,2374,2466,loss,0.0
sGCggm75,2026-01-27T18:21:39.946000+00:00,600+0,standard,rapid,True,resign,white,51,Magistr_YODA_V_Tope,nepoloh686,2469,2569,22,-7,A06,Nimzo-Larsen Attack: Classical Variation,3,nepoloh686,black,Magistr_YODA_V_Tope,2569,2469,loss,0.0
TtfS7osW,2026-01-27T16:02:26.261000+00:00,600+0,standard,rapid,True,resign,white,99,nepoloh686,Radiohead_Enjoyer,2565,2449,4,-4,D35,Queen's Gambit Declined: Normal Defense,6,nepoloh686,white,Radiohead_Enjoyer,2565,2449,win,1.0
JWtDFLfZ,2026-01-27T13:39:28.808000+00:00,600+0,standard,rapid,True,resign,black,45,nepoloh686,vkplay16,2574,2400,-9,9,E04,Catalan Opening: Open Defense,9,nepoloh686,white,vkplay16,2574,2400,loss,0.0
yclKA6Lm,2026-01-27T13:22:01.499000+00:00,600+0,standard,rapid,True,resign,white,103,maxim_Ermakov06,nepoloh686,2528,2580,11,-6,A45,Trompowsky Attack,3,nepoloh686,black,maxim_Ermakov06,2580,2528,loss,0.0
uKMOzfuA,2026-01-27T11:30:35.339000+00:00,600+0,standard,rapid,True,resign,white,31,nepoloh686,harleyboy,2578,2369,2,-3,A43,Benoni Defense: Old Benoni,2,nepoloh686,white,harleyboy,2578,2369,win,1.0
DBfi2Vzw,2026-01-27T11:21:07.778000+00:00,600+0,standard,rapid,True,resign,black,52,Caschmirr,nepoloh686,2443,2574,-4,4,B17,Caro-Kann Defense: Karpov Variation,8,nepoloh686,black,Caschmirr,2574,2443,win,1.0
r4cK8bhu,2026-01-26T18:06:30.127000+00:00,600+0,standard,rapid,True,resign,black,132,FourknightAttack,nepoloh686,2484,2569,-10,5,B13,"Caro-Kann Defense: Exchange Variation, Rubinstein Variation",11,nepoloh686,black,FourknightAttack,2569,2484,win,1.0
gGXByeP4,2026-01-26T17:48:39.936000+00:00,600+0,standard,rapid,True,resign,black,56,nepoloh686,emandr,2575,2575,-6,6,E18,"Queen's Indian Defense: Classical Variation, Traditional Variation",13,nepoloh686,white,emandr,2575,2575,loss,0.0
BIQBoDou,2026-01-26T16:12:52.286000+00:00,600+0,standard,rapid,True,draw,,116,SiRota83,nepoloh686,2385,2578,4,-3,E69,"King's Indian Defense: Fianchetto Variation, Classical Main Line",17,nepoloh686,black,SiRota83,2578,2385,draw,0.5
iTd4dbz4,2026-01-25T11:46:06.057000+00:00,600+0,standard,rapid,True,mate,black,120,nepoloh686,dudalodudalo,2586,2430,-8,9,A07,"King's Indian Attack, with e6",6,nepoloh686,white,dudalodudalo,2586,2430,loss,0.0
7uMnO6HC,2026-01-25T09:04:42.719000+00:00,600+0,standard,rapid,True,draw,,132,RexOranis,nepoloh686,2453,2588,2,-2,B12,"Caro-Kann Defense: Advance Variation, Tal Variation",7,nepoloh686,black,RexOranis,2588,2453,draw,0.5
tXI0HACs,2026-01-24T14:18:20.041000+00:00,600+0,standard,rapid,True,resign,black,81,nepoloh686,RichardHaiden_Alarma,2595,2514,-7,8,D85,Grünfeld Defense: Exchange Variation,8,nepoloh686,white,RichardHaiden_Alarma,2595,2514,loss,0.0
2sjRZxyt,2026-01-24T12:59:53.680000+00:00,600+0,standard,rapid,True,resign,black,112,nepoloh686,emandr,2599,2578,-7,7,E19,"Queen's Indian Defense: Classical Variation, Traditional Variation, Main Line",17,nepoloh686,white,emandr,2599,2578,loss,0.0
B7m0OwQX,2026-01-24T10:50:49.309000+00:00,600+0,standard,rapid,True,draw,,111,RichardHaiden_Alarma,nepoloh686,2505,2600,1,-1,E65,"King's Indian Defense: Fianchetto Variation, Yugoslav Variation",13,nepoloh686,black,RichardHaiden_Alarma,2600,2505,draw,0.5
7IbwiuA3,2026-01-22T18:39:02.345000+00:00,600+0,standard,rapid,True,resign,black,74,nepoloh686,iyisatranc,2607,2527,-7,9,E85,"King's Indian Defense: Sämisch Variation, Orthodox Variation",12,nepoloh686,white,iyisatranc,2607,2527,loss,0.0
k1otGrwI,2026-01-22T12:32:16.629000+00:00,600+0,standard,rapid,True,draw,,124,nepoloh686,Hammurapi65,2608,2552,-1,1,A52,"Indian Defense: Budapest Defense, Adler Variation",7,nepoloh686,white,Hammurapi65,2608,2552,draw,0.5
gE741NFn,2026-01-22T09:59:57.929000+00:00,600+0,standard,rapid,True,resign,black,76,HenryChesspro,nepoloh686,2522,2604,-5,4,B10,Caro-Kann Defense: Breyer Variation,3,nepoloh686,black,HenryChesspro,2604,2522,win,1.0
8QREM1xm,2026-01-22T09:51:44.207000+00:00,600+0,standard,rapid,True,draw,,39,Sultai,nepoloh686,2507,2605,2,-1,B11,"Caro-Kann Defense: Two Knights Attack, Mindeno Variation, Exchange Line",8,nepoloh686,black,Sultai,2605,2507,draw,0.5
flG9Yzt0,2026-01-21T15:54:41.298000+00:00,600+0,standard,rapid,True,draw,,138,nepoloh686,Safari_Aspari,2608,2428,-3,3,A53,"Old Indian Defense: Czech Variation, with Nc3",6,nepoloh686,white,Safari_Aspari,2608,2428,draw,0.5
7SAYGhxg,2026-01-21T09:20:52.559000+00:00,600+0,standard,rapid,True,stalemate,,160,Sportcomplex,nepoloh686,2391,2611,3,-3,B10,Caro-Kann Defense: Accelerated Panov Attack,4,nepoloh686,black,Sportcomplex,2611,2391,draw,0.5
sDTSGF5P,2026-01-20T18:22:55.044000+00:00,600+0,standard,rapid,True,resign,white,42,nepoloh686,somerandomanon,2608,2417,3,-5,A50,Mexican Defense,4,nepoloh686,white,somerandomanon,2608,2417,win,1.0
SrQydoty,2026-01-28T20:01:25.912000+00:00,180+0,standard,blitz,True,resign,black,110,kira1110,beranboyeokuzde,2703,2775,-5,6,E11,Bogo-Indian Defense: Retreat Variation,16,beranboyeokuzde,black,kira1110,2775,2703,win,1.0
ZNwJkwjp,2026-01-28T19:55:06.093000+00:00,180+0,standard,blitz,True,draw,,140,ErikSantarius,beranboyeokuzde,2692,2776,2,-1,B50,Sicilian Defense: Modern Variations,4,beranboyeokuzde,black,ErikSantarius,2776,2692,draw,0.5
WG2vZOZQ,2026-01-28T19:48:58.987000+00:00,180+0,standard,blitz,True,mate,black,130,beranboyeokuzde,jgeg,2789,2571,-13,9,D37,Queen's Gambit Declined: Barmen Variation,8,beranboyeokuzde,white,jgeg,2789,2571,loss,0.0
2YXwdjiF,2026-01-27T14:25:54.238000+00:00,180+0,standard,blitz,True,resign,black,54,Valerii1122334455,beranboyeokuzde,2678,2775,-4,7,E11,Bogo-Indian Defense: Retreat Variation,13,beranboyeokuzde,black,Valerii1122334455,2775,2678,win,1.0
qCiXLEA8,2026-01-27T14:20:43.297000+00:00,180+0,standard,blitz,True,resign,white,81,beranboyeokuzde,Valerii1122334455,2769,2682,6,-4,B13,"Caro-Kann Defense: Panov Attack, Modern Defense, Mieses Line",12,beranboyeokuzde,white,Valerii1122334455,2769,2682,win,1.0
iPCy29av,2026-01-27T14:10:57.475000+00:00,180+0,standard,blitz,True,resign,white,57,beranboyeokuzde,GoFar,2762,2730,7,-6,E18,"Queen's Indian Defense: Classical Variation, Traditional Variation",13,beranboyeokuzde,white,GoFar,2762,2730,win,1.0
T9Bne0Xg,2026-01-27T13:32:39.703000+00:00,180+0,standard,blitz,True,resign,white,33,beranboyeokuzde,SackOnTheKing930,2735,2702,9,-5,E60,"Indian Defense: Anti-Grünfeld, Basman-Williams Attack",5,beranboyeokuzde,white,SackOnTheKing930,2735,2702,win,1.0
RLlKqmKJ,2026-01-07T13:05:30.108000+00:00,60+0,standard,bullet,True,mate,black,70,beranboyeokuzde,Sengdorzh,3133,2876,-13,9,D11,Slav Defense: Modern Line,5,beranboyeokuzde,white,Sengdorzh,3133,2876,loss,0.0
mc2jrhv6,2026-01-01T10:36:47.467000+00:00,180+0,standard,blitz,True,resign,black,72,Buyofl,beranboyeokuzde,2748,2734,-6,7,C67,"Ruy Lopez: Berlin Defense, Rio Gambit Accepted",8,beranboyeokuzde,black,Buyofl,2734,2748,win,1.0
8Znh0l0s,2025-12-28T10:15:29.641000+00:00,180+0,standard,blitz,True,resign,black,86,SamTakoj,beranboyeokuzde,2688,2732,-5,6,E11,Bogo-Indian Defense: Retreat Variation,12,beranboyeokuzde,black,SamTakoj,2732,2688,win,1.0
PkQFUs4P,2025-12-21T14:55:22.269000+00:00,180+0,standard,blitz,True,resign,white,57,Toro123,beranboyeokuzde,2660,2735,7,-7,A45,Trompowsky Attack,3,beranboyeokuzde,black,Toro123,2735,2660,loss,0.0
1cS0w48K,2025-12-20T21:52:46.162000+00:00,180+2,standard,blitz,True,resign,black,98,beranboyeokuzde,mengsihan,2740,2673,-7,7,E10,Indian Defense: Anti-Nimzo-Indian,5,beranboyeokuzde,white,mengsihan,2740,2673,loss,0.0
jRqIfy11,2025-12-20T21:43:07.551000+00:00,180+2,standard,blitz,True,resign,white,139,beranboyeokuzde,Hripach007,2741,2802,7,-7,D30,Queen's Gambit Declined,4,beranboyeokuzde,white,Hripach007,2741,2802,win,1.0
3x1TEO87,2025-12-20T21:38:27.684000+00:00,180+2,standard,blitz,True,resign,black,120,beranboyeokuzde,Berserk2600,2748,2679,-7,7,D41,"Queen's Gambit Declined: Semi-Tarrasch Defense, Pillsbury Variation",11,beranboyeokuzde,white,Berserk2600,2748,2679,loss,0.0
D1t8Od29,2025-12-20T21:33:55.785000+00:00,180+2,standard,blitz,True,resign,white,157,tacticthunder,beranboyeokuzde,2757,2754,5,-6,B54,Sicilian Defense: Prins Variation,9,beranboyeokuzde,black,tacticthunder,2754,2757,loss,0.0
hbMJlYH6,2025-12-20T21:31:02.984000+00:00,180+2,standard,blitz,True,draw,,64,beranboyeokuzde,BenjaminBokTwitch,2754,2745,0,0,D46,Semi-Slav Defense: Chigorin Defense,15,beranboyeokuzde,white,BenjaminBokTwitch,2754,2745,draw,0.5
zMQzQuWJ,2025-12-20T21:27:48.591000+00:00,180+2,standard,blitz,True,resign,black,111,lattykk,beranboyeokuzde,2665,2749,-5,5,B51,Sicilian Defense: Moscow Variation,5,beranboyeokuzde,black,lattykk,2749,2665,win,1.0
CcdsdPxD,2025-12-20T21:26:27.168000+00:00,180+2,standard,blitz,True,resign,white,43,BetterCollSoul,beranboyeokuzde,3066,2751,2,-2,B21,"Sicilian Defense: Smith-Morra Gambit Declined, Push Variation",6,beranboyeokuzde,black,BetterCollSoul,2751,3066,loss,0.0
n0ElUyok,2025-12-20T21:24:26.017000+00:00,180+2,standard,blitz,True,resign,white,69,beranboyeokuzde,emirislamking,2745,2743,6,-5,D37,"Queen's Gambit Declined: Harrwitz Attack, Orthodox Defense",12,beranboyeokuzde,white,emirislamking,2745,2743,win,1.0
5xMSMBax,2025-12-20T21:23:37.770000+00:00,180+2,standard,blitz,True,resign,white,25,BenjaminBokTwitch,beranboyeokuzde,2751,2751,6,-6,E32,Nimzo-Indian Defense: Classical Variation,7,beranboyeokuzde,black,BenjaminBokTwitch,2751,2751,loss,0.0
jJVz7dGk,2025-12-20T21:18:28.848000+00:00,180+2,standard,blitz,True,draw,,69,beranboyeokuzde,toivok3,2748,2755,0,0,D02,Queen's Pawn Game: Krause Variation,4,beranboyeokuzde,white,toivok3,2748,2755,draw,0.5
55LWQR2U,2025-12-20T21:16:26.496000+00:00,180+2,standard,blitz,True,resign,white,53,beranboyeokuzde,hamidtahmasebiii,2744,2662,4,-6,A59,Benko Gambit Accepted: King Walk Variation,21,beranboyeokuzde,white,hamidtahmasebiii,2744,2662,win,1.0
v6rt09gr,2025-12-20T21:14:56.558000+00:00,180+2,standard,blitz,True,draw,,56,chesslover3833,beranboyeokuzde,2545,2746,3,-2,A08,King's Indian Attack: French Variation,6,beranboyeokuzde,black,chesslover3833,2746,2545,draw,0.5
2tKJbLcO,2025-12-20T21:12:52.927000+00:00,180+2,standard,blitz,True,draw,,62,beranboyeokuzde,Shant7777777,2744,2883,2,-2,B06,Modern Defense: Norwegian Defense,4,beranboyeokuzde,white,Shant7777777,2744,2883,draw,0.5
XO82hAiT,2025-12-20T21:08:22.048000+00:00,180+2,standard,blitz,True,resign,black,78,Pap-G,beranboyeokuzde,2818,2737,-7,7,B21,"Sicilian Defense: Smith-Morra Gambit Declined, Push Variation",6,beranboyeokuzde,black,Pap-G,2737,2818,win,1.0
amPTdic7,2025-12-20T21:04:57.326000+00:00,180+2,standard,blitz,True,resign,white,127,beranboyeokuzde,penguingim1,2732,2715,5,-10,A13,English Opening: Agincourt Defense,2,beranboyeokuzde,white,penguingim1,2732,2715,win,1.0
vhPuPIUv,2025-12-20T20:59:03.547000+00:00,180+2,standard,blitz,True,mate,black,168,beranboyeokuzde,Parakon1,2738,2718,-6,7,D37,Queen's Gambit Declined: Three Knights Variation,7,beranboyeokuzde,white,Parakon1,2738,2718,loss,0.0
Hiy8RB7J,2025-12-20T20:53:25.469000+00:00,180+2,standard,blitz,True,resign,black,109,Pap-G,beranboyeokuzde,2854,2730,-8,8,B50,"Sicilian Defense: Delayed Alapin Variation, with d6",5,beranboyeokuzde,black,Pap-G,2730,2854,win,1.0
E8eUpOSR,2025-12-20T20:48:57.750000+00:00,180+2,standard,blitz,True,resign,black,50,comrade2001,beranboyeokuzde,2490,2723,-6,2,B23,Sicilian Defense: Closed,3,beranboyeokuzde,black,comrade2001,2723,2490,win,1.0
qPAAhK7e,2025-12-20T20:44:35.302000+00:00,180+2,standard,blitz,True,resign,black,80,beranboyeokuzde,Parakon1,2729,2707,-6,8,D02,Queen's Pawn Game: London System,5,beranboyeokuzde,white,Parakon1,2729,2707,loss,0.0
MoWvypvb,2026-01-28T22:24:38.654000+00:00,30+0,standard,bullet,True,resign,black,54,Matviy2009,ARM-777777,3057,3234,-3,3,A46,Indian Defense: Wade-Tartakower Defense,4,ARM-777777,black,Matviy2009,3234,3057,win,1.0
sW5JTQgh,2026-01-27T21:08:33.955000+00:00,30+0,standard,bullet,True,resign,white,45,emirislamking,ARM-777777,3204,3243,7,-6,A04,Zukertort Opening: Ross Gambit,2,ARM-777777,black,emirislamking,3243,3204,loss,0.0
1V1czIsj,2026-01-27T21:05:30.108000+00:00,30+0,standard,bullet,True,resign,black,58,ARM-777777,emirislamking,3245,3203,-6,6,A04,Zukertort Opening: Ross Gambit,2,ARM-777777,white,emirislamking,3245,3203,loss,0.0
2FTpAEs9,2026-01-27T20:57:46.379000+00:00,30+0,standard,bullet,True,resign,black,100,emirislamking,ARM-777777,3209,3239,-6,5,A46,Indian Defense: Knights Variation,3,ARM-777777,black,emirislamking,3239,3209,win,1.0
GRz3JtOH,2026-01-27T20:54:58.139000+00:00,30+0,standard,bullet,True,resign,black,78,ARM-777777,emirislamking,3234,3214,-6,6,A04,Zukertort Opening: Queen's Gambit Invitation,2,ARM-777777,white,emirislamking,3234,3214,loss,0.0
MeqdyDR3,2026-01-27T20:53:40.470000+00:00,30+0,standard,bullet,True,outoftime,,137,emirislamking,ARM-777777,3213,3234,1,0,A04,Zukertort Opening: Ross Gambit,2,ARM-777777,black,emirislamking,3234,3213,draw,0.5
N1xZejE3,2026-01-25T22:28:30.644000+00:00,30+0,standard,bullet,True,outoftime,black,124,ARM-777777,chess-art-us,3284,3319,-5,6,A05,Zukertort Opening,2,ARM-777777,white,chess-art-us,3284,3319,loss,0.0
whWwn10I,2026-01-24T22:54:35.722000+00:00,30+0,standard,bullet,True,mate,black,94,ElPorcionzon,ARM-777777,2949,3314,-1,1,A45,Indian Defense,2,ARM-777777,black,ElPorcionzon,3314,2949,win,1.0
FMlDIo6j,2026-01-24T22:49:04.063000+00:00,30+0,standard,bullet,True,resign,white,47,ElPorcionzon,ARM-777777,2945,3318,11,-11,A45,Indian Defense,2,ARM-777777,black,ElPorcionzon,3318,2945,loss,0.0
OymOjVpU,2026-01-14T22:41:56.238000+00:00,30+0,standard,bullet,True,mate,white,87,ARM-777777,Arkadiy_Khromaev,3308,3426,8,-8,A04,Zukertort Opening: Kingside Fianchetto,2,ARM-777777,white,Arkadiy_Khromaev,3308,3426,win,1.0
z3prIj6O,2026-01-14T22:41:02.076000+00:00,30+0,standard,bullet,True,resign,black,102,Arkadiy_Khromaev,ARM-777777,3433,3300,-7,8,A45,Indian Defense,2,ARM-777777,black,Arkadiy_Khromaev,3300,3433,win,1.0
YpPs3yfq,2026-01-14T22:40:06.588000+00:00,30+0,standard,bullet,True,mate,black,90,ARM-777777,Arkadiy_Khromaev,3304,3430,-4,3,A04,Zukertort Opening: Kingside Fianchetto,2,ARM-777777,white,Arkadiy_Khromaev,3304,3430,loss,0.0
Sp6Kk0c2,2026-01-14T22:39:31.610000+00:00,30+0,standard,bullet,True,mate,white,47,Arkadiy_Khromaev,ARM-777777,3426,3308,4,-4,A45,Indian Defense,2,ARM-777777,black,Arkadiy_Khromaev,3308,3426,loss,0.0
1zNKOnB1,2026-01-14T22:39:04.450000+00:00,30+0,standard,bullet,True,resign,black,36,ARM-777777,Arkadiy_Khromaev,3312,3422,-4,4,A04,Zukertort Opening: Kingside Fianchetto,2,ARM-777777,white,Arkadiy_Khromaev,3312,3422,loss,0.0
JX9EV9tq,2026-01-14T22:37:45.360000+00:00,30+0,standard,bullet,True,resign,black,41,ARM-777777,Arkadiy_Khromaev,3308,3425,-4,4,D00,"Queen's Pawn Game: Chigorin Variation, Fianchetto Defense",6,ARM-777777,white,Arkadiy_Khromaev,3308,3425,loss,0.0
NGdVSICh,2026-01-14T22:36:55.704000+00:00,30+0,standard,bullet,True,mate,black,74,Arkadiy_Khromaev,ARM-777777,3433,3300,-8,8,A45,Indian Defense,2,ARM-777777,black,Arkadiy_Khromaev,3300,3433,win,1.0
cOFUsyMO,2026-01-14T22:35:50.558000+00:00,30+0,standard,bullet,True,outoftime,white,117,ARM-777777,Arkadiy_Khromaev,3292,3441,8,-8,A04,Zukertort Opening: Kingside Fianchetto,2,ARM-777777,white,Arkadiy_Khromaev,3292,3441,win,1.0
wHzqShzF,2026-01-14T22:34:33.999000+00:00,30+0,standard,bullet,True,outoftime,white,171,Arkadiy_Khromaev,ARM-777777,3438,3296,3,-4,A45,Indian Defense,2,ARM-777777,black,Arkadiy_Khromaev,3296,3438,loss,0.0
y2F5LB6u,2026-01-14T22:33:41.737000+00:00,30+0,standard,bullet,True,resign,white,57,ARM-777777,Arkadiy_Khromaev,3288,3446,8,-8,A04,Zukertort Opening: Kingside Fianchetto,2,ARM-777777,white,Arkadiy_Khromaev,3288,3446,win,1.0
gapKCWeu,2026-01-14T22:32:26.992000+00:00,30+0,standard,bullet,True,outoftime,white,151,Arkadiy_Khromaev,ARM-777777,3442,3291,4,-3,A43,Benoni Defense: Old Benoni,2,ARM-777777,black,Arkadiy_Khromaev,3291,3442,loss,0.0
BUVcWxer,2026-01-14T22:31:11.382000+00:00,30+0,standard,bullet,True,outoftime,black,150,ARM-777777,Arkadiy_Khromaev,3294,3439,-3,3,A04,Zukertort Opening: Kingside Fianchetto,2,ARM-777777,white,Arkadiy_Khromaev,3294,3439,loss,0.0
T3YaZGLC,2026-01-14T22:30:07.120000+00:00,30+0,standard,bullet,True,mate,white,113,Arkadiy_Khromaev,ARM-777777,3435,3298,4,-4,A43,Benoni Defense: Old Benoni,2,ARM-777777,black,Arkadiy_Khromaev,3298,3435,loss,0.0
9UjqtuKF,2026-01-14T22:28:59.548000+00:00,30+0,standard,bullet,True,mate,black,88,ARM-777777,Arkadiy_Khromaev,3302,3431,-4,4,A04,Zukertort Opening: Kingside Fianchetto,2,ARM-777777,white,Arkadiy_Khromaev,3302,3431,loss,0.0
7m3QNo57,2026-01-14T22:28:14.272000+00:00,30+0,standard,bullet,True,resign,white,61,Arkadiy_Khromaev,ARM-777777,3428,3305,3,-3,A45,Indian Defense,2,ARM-777777,black,Arkadiy_Khromaev,3305,3428,loss,0.0
8FyieEpS,2026-01-14T22:26:59.349000+00:00,30+0,standard,bullet,True,outoftime,,142,ARM-777777,Arkadiy_Khromaev,3303,3430,2,-2,A04,Zukertort Opening: Kingside Fianchetto,2,ARM-777777,white,Arkadiy_Khromaev,3303,3430,draw,0.5
Chktp5my,2026-01-14T22:23:50.470000+00:00,30+0,standard,bullet,True,outoftime,white,145,Arkadiy_Khromaev,ARM-777777,3430,3303,4,-4,A43,Benoni Defense: Old Benoni,2,ARM-777777,black,Arkadiy_Khromaev,3303,3430,loss,0.0
ErDwft0x,2026-01-14T22:23:15.410000+00:00,30+0,standard,bullet,True,mate,black,40,ARM-777777,Arkadiy_Khromaev,3307,3426,-4,4,A04,Zukertort Opening: Kingside Fianchetto,2,ARM-777777,white,Arkadiy_Khromaev,3307,3426,loss,0.0
jnXq23bR,2026-01-14T22:22:27.548000+00:00,30+0,standard,bullet,True,resign,white,71,Arkadiy_Khromaev,ARM-777777,3422,3310,4,-3,A43,Benoni Defense: Old Benoni,2,ARM-777777,black,Arkadiy_Khromaev,3310,3422,loss,0.0
jzwgT8g9,2026-01-14T22:20:08.660000+00:00,30+0,standard,bullet,True,outoftime,black,140,Arkadiy_Khromaev,ARM-777777,3426,3307,-8,8,A43,Benoni Defense: Old Benoni,2,ARM-777777,black,Arkadiy_Khromaev,3307,3426,win,1.0
edsiTJzy,2026-01-14T22:18:56.059000+00:00,30+0,standard,bullet,True,mate,black,136,ARM-777777,Arkadiy_Khromaev,3311,3422,-4,4,A04,Zukertort Opening: Kingside Fianchetto,2,ARM-777777,white,Arkadiy_Khromaev,3311,3422,loss,0.0
E4SLjisD,2026-02-01T17:51:45.128000+00:00,180+0,standard,blitz,True,mate,black,42,KCIOWA,JakobMankel,2136,2100,-7,6,D02,Queen's Pawn Game: Krause Variation,4,KCIOWA,white,JakobMankel,2136,2100,loss,0.0
CnKIPN6S,2026-02-01T17:32:30.116000+00:00,180+0,standard,blitz,True,draw,,127,KCIOWA,mib_tr,2118,2110,0,0,D02,Queen's Pawn Game: Zukertort Variation,3,KCIOWA,white,mib_tr,2118,2110,draw,0.5
padyr0rS,2026-02-01T13:53:33.026000+00:00,180+0,standard,blitz,True,outoftime,black,66,amin_d10,KCIOWA,2144,2095,-9,6,B07,Pirc Defense,6,KCIOWA,black,amin_d10,2095,2144,win,1.0
FQ8bWSPZ,2026-02-01T08:49:02.603000+00:00,60+6,crazyhouse,blitz,True,mate,black,86,KCIOWA,enocent,1884,1813,-10,7,D02,Queen's Pawn Game: Zukertort Variation,3,KCIOWA,white,enocent,1884,1813,loss,0.0
P5MjzqJR,2026-01-31T22:00:25.321000+00:00,180+0,standard,blitz,True,mate,white,77,SanAntonio10,KCIOWA,2144,2111,46,-5,B00,Pirc Defense,4,KCIOWA,black,SanAntonio10,2111,2144,loss,0.0
HC95aGL5,2026-01-31T07:11:06.672000+00:00,180+0,standard,blitz,True,resign,black,86,scorpy87,KCIOWA,2085,2100,-6,5,A04,Zukertort Opening: Pirc Invitation,2,KCIOWA,black,scorpy87,2100,2085,win,1.0
QELmR4PV,2026-01-31T05:51:23.849000+00:00,180+0,standard,blitz,True,mate,black,110,KCIOWA,safetyf1rst,2111,2140,-5,5,D02,Queen's Pawn Game: London System,5,KCIOWA,white,safetyf1rst,2111,2140,loss,0.0
VJ6nufc5,2026-01-30T19:54:29.253000+00:00,180+0,standard,blitz,True,resign,white,123,KCIOWA,tomamisz,2113,2053,5,-5,D02,"Queen's Pawn Game: London System, with e6",5,KCIOWA,white,tomamisz,2113,2053,win,1.0
UgUroi4h,2026-01-28T09:38:18.335000+00:00,180+0,standard,blitz,True,mate,black,76,KCIOWA,kingkroool,2111,2117,-5,6,D02,"Queen's Pawn Game: London System, with e6",5,KCIOWA,white,kingkroool,2111,2117,loss,0.0
Dg0IsIXe,2026-01-27T14:00:40.120000+00:00,1200+10,standard,classical,True,resign,white,114,KCIOWA,journeyto3001,2371,2225,8,-49,D00,Queen's Pawn Game,2,KCIOWA,white,journeyto3001,2371,2225,win,1.0
HYYbrSXA,2026-01-26T06:03:31.788000+00:00,600+0,standard,rapid,True,draw,,51,karakosh,KCIOWA,2440,2578,2,-4,B07,Pirc Defense,6,KCIOWA,black,karakosh,2578,2440,draw,0.5
dIxvfO3W,2026-01-26T03:35:07.145000+00:00,180+0,standard,blitz,True,resign,white,77,AMPaunescu,KCIOWA,2078,2108,6,-6,D00,Queen's Pawn Game: Stonewall Attack,5,KCIOWA,black,AMPaunescu,2108,2078,loss,0.0
ZGpKLZJY,2026-01-25T16:50:25.483000+00:00,180+0,standard,blitz,True,mate,black,124,KCIOWA,LanzAbu329,2107,2088,-6,6,A41,Wade Defense,4,KCIOWA,white,LanzAbu329,2107,2088,loss,0.0
OkfgI0SH,2026-01-25T08:08:43.420000+00:00,180+0,standard,blitz,True,outoftime,black,96,KCIOWA,KoshenovBatyrbek78,2108,2136,-6,5,A40,Englund Gambit,2,KCIOWA,white,KoshenovBatyrbek78,2108,2136,loss,0.0
dl8Cngjc,2026-01-25T07:52:22.218000+00:00,180+2,crazyhouse,blitz,True,resign,black,36,HUSIT333,KCIOWA,1732,1895,-11,6,D02,Queen's Pawn Game: London System,5,KCIOWA,black,HUSIT333,1895,1732,win,1.0
5LgNE6uv,2026-01-25T07:46:52.396000+00:00,180+2,crazyhouse,blitz,True,mate,white,65,KCIOWA,HUSIT333,1889,1742,6,-10,A48,London System,8,KCIOWA,white,HUSIT333,1889,1742,win,1.0
PupDnprr,2026-01-25T07:39:31.938000+00:00,180+2,crazyhouse,blitz,True,mate,black,66,HUSIT333,KCIOWA,1756,1882,-14,7,D02,Queen's Pawn Game: London System,5,KCIOWA,black,HUSIT333,1882,1756,win,1.0
ilK1WrjI,2026-01-24T19:04:16.085000+00:00,180+0,standard,blitz,True,outoftime,black,148,earias22,KCIOWA,1959,2098,-6,4,B00,Pirc Defense,2,KCIOWA,black,earias22,2098,1959,win,1.0
EP0NLFu7,2026-01-24T17:31:25.294000+00:00,180+0,standard,blitz,True,draw,,111,KCIOWA,MichelBotvinnik,2093,2149,1,-1,D02,Queen's Pawn Game: London System,5,KCIOWA,white,MichelBotvinnik,2093,2149,draw,0.5
7JgwpSUh,2026-01-24T10:47:43.088000+00:00,180+2,standard,blitz,True,mate,white,83,Suren2012AV,KCIOWA,2068,2106,12,-6,B01,Scandinavian Defense: Main Line,6,KCIOWA,black,Suren2012AV,2106,2068,loss,0.0
LG3KJK9f,2026-01-23T17:23:40.609000+00:00,180+0,standard,blitz,True,outoftime,white,101,KCIOWA,accaesar,2101,2088,5,-5,D02,Queen's Pawn Game: London System,5,KCIOWA,white,accaesar,2101,2088,win,1.0
lDPBb7pZ,2026-01-23T09:54:25.992000+00:00,180+0,standard,blitz,True,mate,black,54,KCIOWA,cusk,2101,2105,-6,6,A40,Mikenas Defense,2,KCIOWA,white,cusk,2101,2105,loss,0.0
88iXgYPM,2026-01-23T03:48:28.952000+00:00,180+0,standard,blitz,True,mate,black,62,KCIOWA,cachila4,2112,2123,-6,6,A46,Indian Defense: Wade-Tartakower Defense,4,KCIOWA,white,cachila4,2112,2123,loss,0.0
5NITCtZK,2026-01-22T07:51:13.779000+00:00,180+0,standard,blitz,True,resign,white,111,KCIOWA,Xigalo-chess1987,2107,2061,5,-5,D02,Queen's Pawn Game: Zukertort Variation,3,KCIOWA,white,Xigalo-chess1987,2107,2061,win,1.0
L7M7Bl3q,2026-01-22T06:40:45.544000+00:00,180+0,standard,blitz,True,mate,white,119,HLbullet,KCIOWA,2059,2119,7,-6,E71,King's Indian Defense: Makogonov Variation,9,KCIOWA,black,HLbullet,2119,2059,loss,0.0
q8ZOUKeM,2026-01-21T04:54:04.846000+00:00,60+0,standard,bullet,True,outoftime,black,90,KCIOWA,Studies_Galore,2403,2386,-6,6,A40,Englund Gambit Declined: Reversed Krebs,4,KCIOWA,white,Studies_Galore,2403,2386,loss,0.0
uJT6mExy,2026-01-20T06:18:32.291000+00:00,1800+20,standard,classical,True,resign,white,56,pererasadewrashmika,KCIOWA,2083,2396,10,-25,B01,Scandinavian Defense: Main Line,6,KCIOWA,black,pererasadewrashmika,2396,2083,loss,0.0
dV2T0isX,2026-01-20T04:59:56.328000+00:00,180+0,standard,blitz,True,mate,white,129,Johncepot,KCIOWA,2129,2128,6,-6,D15,Slav Defense: Three Knights Variation,7,KCIOWA,black,Johncepot,2128,2129,loss,0.0
ijgr8DlA,2026-01-19T06:03:02.294000+00:00,1500+0,standard,classical,True,resign,black,84,KCIOWA,Sewminaq,2401,2747,-5,27,D02,Queen's Pawn Game: London System,5,KCIOWA,white,Sewminaq,2401,2747,loss,0.0
YK7590pc,2026-01-18T18:00:55.385000+00:00,180+0,standard,blitz,True,resign,black,70,vasek-2011,KCIOWA,2030,2118,-5,4,B00,Pirc Defense,2,KCIOWA,black,vasek-2011,2118,2030,win,1.0
9j92IQFs,2026-01-29T17:23:08.540000+00:00,600+0,standard,rapid,True,draw,,87,JeanLassalle64,Smart_Kotik,2579,2525,-3,1,D02,Queen's Pawn Game: London System,5,JeanLassalle64,white,Smart_Kotik,2579,2525,draw,0.5
V9US3nrB,2026-01-21T17:32:18.230000+00:00,600+0,standard,rapid,True,resign,white,45,JeanLassalle64,baazigar08,2572,2387,7,-4,A08,Zukertort Opening: Reversed Grünfeld,7,JeanLassalle64,white,baazigar08,2572,2387,win,1.0
RsFt8YKT,2026-01-14T16:41:23.719000+00:00,480+3,standard,rapid,True,resign,white,79,JeanLassalle64,MURARIGANGA,2567,2310,5,-2,D11,Slav Defense: Modern Line,5,JeanLassalle64,white,MURARIGANGA,2567,2310,win,1.0
eW9DiG0S,2026-01-14T16:21:02.918000+00:00,480+3,standard,rapid,True,resign,white,53,JeanLassalle64,Jersonpf,2563,2267,4,-2,A40,Mikenas Defense,2,JeanLassalle64,white,Jersonpf,2563,2267,win,1.0
sij6ASOR,2026-01-13T19:24:06.401000+00:00,480+3,standard,rapid,True,resign,white,101,Studyflix,JeanLassalle64,2351,2563,74,-19,C11,French Defense: Classical Variation,7,JeanLassalle64,black,Studyflix,2563,2351,loss,0.0
UNhwHPZU,2026-01-08T15:25:34.242000+00:00,600+0,standard,rapid,True,resign,black,112,sparking-genio,JeanLassalle64,2495,2551,-7,12,D37,Queen's Gambit Declined: Barmen Variation,8,JeanLassalle64,black,sparking-genio,2551,2495,win,1.0
LDhBCp2M,2026-01-08T15:13:36.845000+00:00,480+3,standard,rapid,True,resign,black,26,AlfaZeroInFlesh,JeanLassalle64,2284,2546,-3,5,C11,French Defense: Classical Variation,7,JeanLassalle64,black,AlfaZeroInFlesh,2546,2284,win,1.0
WUdv09Ih,2026-01-06T19:02:15.970000+00:00,480+3,standard,rapid,True,resign,black,246,JeanLassalle64,emandr,2560,2568,-14,6,E17,"Queen's Indian Defense: Classical Variation, Polugaevsky Gambit",15,JeanLassalle64,white,emandr,2560,2568,loss,0.0
nM1gzJAW,2026-01-06T18:45:56.245000+00:00,480+3,standard,rapid,True,resign,white,99,Sri_king,JeanLassalle64,2428,2581,8,-21,B13,"Caro-Kann Defense: Panov Attack, Modern Defense",10,JeanLassalle64,black,Sri_king,2581,2428,loss,0.0
HME3hcl9,2025-12-22T22:17:09.426000+00:00,480+3,standard,rapid,True,draw,,94,kkarimi,JeanLassalle64,2311,2589,11,-8,D16,Slav Defense: Soultanbeieff Variation,10,JeanLassalle64,black,kkarimi,2589,2311,draw,0.5
xMCpLnl3,2025-12-22T16:12:18.681000+00:00,360+3,standard,rapid,True,draw,,26,JeanLassalle64,joseantonio270570,2596,2407,-7,3,E94,King's Indian Defense: Orthodox Variation,13,JeanLassalle64,white,joseantonio270570,2596,2407,draw,0.5
xEFGyNik,2025-12-18T17:20:43.299000+00:00,480+3,standard,rapid,True,draw,,102,Dmitry_Timurovich,JeanLassalle64,2459,2601,4,-5,B12,"Caro-Kann Defense: Advance Variation, Tal Variation",7,JeanLassalle64,black,Dmitry_Timurovich,2601,2459,draw,0.5
wYKvC0Qt,2025-12-18T12:52:00.101000+00:00,600+0,standard,rapid,True,mate,white,101,JeanLassalle64,Hammurapi65,2591,2499,10,-4,A04,Zukertort Opening: Sicilian Invitation,2,JeanLassalle64,white,Hammurapi65,2591,2499,win,1.0
sH2x4Ozb,2025-12-17T19:36:15.566000+00:00,480+3,standard,rapid,True,outoftime,white,91,JeanLassalle64,DPTIOA,2585,2342,6,-3,A08,King's Indian Attack: Sicilian Variation,5,JeanLassalle64,white,DPTIOA,2585,2342,win,1.0
XmQUm7Dk,2025-12-16T19:22:02.709000+00:00,600+0,standard,rapid,True,resign,black,72,Hyperbulletdragon,JeanLassalle64,2474,2574,-4,11,C02,"French Defense: Advance Variation, Euwe Variation",10,JeanLassalle64,black,Hyperbulletdragon,2574,2474,win,1.0
wc8c5PqW,2025-12-13T14:46:30.638000+00:00,480+3,standard,rapid,True,mate,white,75,JeanLassalle64,catalanplayer14,2570,2239,4,-12,E05,"Catalan Opening: Open Defense, Classical Line",12,JeanLassalle64,white,catalanplayer14,2570,2239,win,1.0
ifOPRUUH,2025-12-13T14:38:11.046000+00:00,480+3,standard,rapid,True,resign,white,31,JeanLassalle64,Ahmedfathallah1,2569,2056,1,-1,A04,Zukertort Opening: Sicilian Invitation,2,JeanLassalle64,white,Ahmedfathallah1,2569,2056,win,1.0
58xgQlOK,2025-12-13T14:05:13.893000+00:00,480+3,standard,rapid,True,resign,white,107,conjugated0allen,JeanLassalle64,2508,2586,31,-17,A47,Pseudo Queen's Indian Defense,4,JeanLassalle64,black,conjugated0allen,2586,2508,loss,0.0
hPlBc5nf,2025-12-11T17:09:57.167000+00:00,600+0,standard,rapid,True,mate,black,52,StrangerAM,JeanLassalle64,2553,2571,-5,15,C09,"French Defense: Tarrasch Variation, Open System, Main Line",10,JeanLassalle64,black,StrangerAM,2571,2553,win,1.0
xHEFPQ6F,2025-12-11T15:37:25.736000+00:00,300+5,standard,rapid,True,outoftime,white,71,JeanLassalle64,LEADER09,2559,2467,12,-4,D02,Queen's Pawn Game: London System,5,JeanLassalle64,white,LEADER09,2559,2467,win,1.0
1v0vTDEu,2025-12-10T12:34:34.873000+00:00,600+0,standard,rapid,True,resign,white,49,JeanLassalle64,albertus123456,2550,2400,9,-4,A20,English Opening: King's English Variation,2,JeanLassalle64,white,albertus123456,2550,2400,win,1.0
tDl7FXrH,2025-12-09T23:23:40.191000+00:00,600+0,standard,rapid,True,resign,black,116,Dubov-ii,JeanLassalle64,2388,2539,-4,11,C11,French Defense: Classical Variation,7,JeanLassalle64,black,Dubov-ii,2539,2388,win,1.0
jMQFS8AA,2025-12-09T22:56:13.560000+00:00,480+3,standard,rapid,True,outoftime,white,145,JeanLassalle64,Charlemagne2009,2530,2346,9,-5,A49,Indian Defense: Przepiorka Variation,5,JeanLassalle64,white,Charlemagne2009,2530,2346,win,1.0
zbu4y3l3,2025-12-09T19:22:47.082000+00:00,480+3,standard,rapid,True,resign,black,70,Derdirthyflagger,JeanLassalle64,2226,2523,-4,7,C08,"French Defense: Tarrasch Variation, Open System",8,JeanLassalle64,black,Derdirthyflagger,2523,2226,win,1.0
JF1SSirI,2025-12-04T17:23:29.771000+00:00,480+0,standard,rapid,True,draw,,93,JeanLassalle64,messiofchessssssssss,2530,2404,-7,4,A37,"English Opening: Symmetrical Variation, Three Knights, Fianchetto Variation",9,JeanLassalle64,white,messiofchessssssssss,2530,2404,draw,0.5
q1gnmmWE,2025-12-02T19:25:25.929000+00:00,600+0,standard,rapid,True,resign,black,48,Midosantos,JeanLassalle64,2439,2514,-4,16,D16,Slav Defense: Soultanbeieff Variation,10,JeanLassalle64,black,Midosantos,2514,2439,win,1.0
4OU24UAt,2025-11-26T16:35:47.481000+00:00,480+3,standard,rapid,True,resign,white,99,JeanLassalle64,mikhailromanovich13,2507,2264,7,-3,A04,Zukertort Opening: Queenside Fianchetto Variation,2,JeanLassalle64,white,mikhailromanovich13,2507,2264,win,1.0
Q0SCfXSx,2025-11-26T12:55:43.200000+00:00,600+0,standard,rapid,True,outoftime,white,223,JeanLassalle64,Bandhawk,2481,2598,26,-8,A04,Zukertort Opening: Dutch Variation,2,JeanLassalle64,white,Bandhawk,2481,2598,win,1.0
NMl3F5Tg,2025-11-26T12:33:31.968000+00:00,480+3,standard,rapid,True,outoftime,white,29,Hrithika1234,JeanLassalle64,2479,2503,8,-22,C02,"French Defense: Advance Variation, Euwe Variation",10,JeanLassalle64,black,Hrithika1234,2503,2479,loss,0.0
PpgTubIA,2025-11-25T19:29:04.119000+00:00,600+0,standard,rapid,True,mate,white,69,Picinio,JeanLassalle64,2417,2531,7,-28,D01,Rapport-Jobava System,6,JeanLassalle64,black,Picinio,2531,2417,loss,0.0
yUwPHI7H,2026-01-31T10:00:02.023000+00:00,180+2,standard,blitz,True,resign,black,50,Met0,Abik02,2290,2830,-1,1,C11,"French Defense: Classical Variation, Steinitz Variation",7,Abik02,black,Met0,2830,2290,win,1.0
2b9lYykt,2026-01-31T09:54:42.950000+00:00,180+2,standard,blitz,True,resign,white,72,Abik02,Met0,2830,2290,0,0,D00,"Queen's Pawn Game: Accelerated London System, Steinitz Countergambit",4,Abik02,white,Met0,2830,2290,win,1.0
47WhReyP,2026-01-31T09:43:01.332000+00:00,180+2,standard,blitz,True,outoftime,black,160,Met0,Abik02,2291,2829,-1,1,A45,Trompowsky Attack: Raptor Variation,5,Abik02,black,Met0,2829,2291,win,1.0
Y8jC4j9M,2026-01-31T09:39:20.817000+00:00,180+2,standard,blitz,True,resign,white,37,Abik02,Met0,2829,2291,0,0,D00,Queen's Pawn Game: Accelerated London System,3,Abik02,white,Met0,2829,2291,win,1.0
vI4K04uE,2026-01-31T09:32:19.816000+00:00,180+2,standard,blitz,True,resign,black,72,Met0,Abik02,2292,2828,-1,1,C32,"King's Gambit Declined: Falkbeer Countergambit, Charousek Gambit Accepted",9,Abik02,black,Met0,2828,2292,win,1.0
VDT0xodK,2026-01-31T09:25:41.856000+00:00,180+2,standard,blitz,True,draw,,53,Abik02,Met0,2833,2287,-5,5,B01,Scandinavian Defense: Bronstein Variation,10,Abik02,white,Met0,2833,2287,draw,0.5
yHvsb8wz,2026-01-31T09:18:02.020000+00:00,180+2,standard,blitz,True,resign,black,64,Met0,Abik02,2287,2833,0,0,C11,"French Defense: Classical Variation, Burn Variation, Morozevich Line",12,Abik02,black,Met0,2833,2287,win,1.0
7phDnvWt,2026-01-30T22:40:45.064000+00:00,180+0,standard,blitz,True,draw,,79,Abik02,KoSCHeI2017,2836,2630,-3,3,C07,"French Defense: Tarrasch Variation, Open System, Euwe-Keres Line",7,Abik02,white,KoSCHeI2017,2836,2630,draw,0.5
Zz0aVw3L,2026-01-30T22:33:38.749000+00:00,180+0,standard,blitz,True,resign,white,61,Abik02,Byakagon,2834,2565,2,-2,B81,"Sicilian Defense: Scheveningen Variation, Keres Attack",11,Abik02,white,Byakagon,2834,2565,win,1.0
sJjhMgam,2026-01-30T22:26:36.372000+00:00,180+0,standard,blitz,True,resign,white,97,Abik02,BocchoiBoi,2831,2690,3,-4,B76,"Sicilian Defense: Dragon Variation, Yugoslav Attack, Modern Line",17,Abik02,white,BocchoiBoi,2831,2690,win,1.0
JJJBxAAV,2026-01-29T21:59:16.293000+00:00,180+0,standard,blitz,True,resign,white,75,Valerii1122334455,Abik02,2693,2838,8,-7,D07,"Queen's Gambit Declined: Chigorin Defense, Lazard Gambit",6,Abik02,black,Valerii1122334455,2838,2693,loss,0.0
eoIEXfgO,2026-01-29T21:53:15.840000+00:00,180+0,standard,blitz,True,resign,white,89,Abik02,Valerii1122334455,2835,2696,3,-3,B45,"Sicilian Defense: Four Knights Variation, Exchange Variation",11,Abik02,white,Valerii1122334455,2835,2696,win,1.0
92f2N8NB,2026-01-29T21:48:45.828000+00:00,180+0,standard,blitz,True,resign,black,80,Valerii1122334455,Abik02,2700,2831,-4,4,A13,English Opening: Neo-Catalan,6,Abik02,black,Valerii1122334455,2831,2700,win,1.0
pS7oI4vH,2026-01-28T23:21:16.227000+00:00,180+0,standard,blitz,True,resign,black,74,Abik02,winx_m,2836,2921,-5,4,B56,Sicilian Defense: Classical Variation,10,Abik02,white,winx_m,2836,2921,loss,0.0
xcboJ7rj,2026-01-28T23:15:29.862000+00:00,180+0,standard,blitz,True,resign,black,74,winx_m,Abik02,2928,2828,-7,8,D02,Queen's Pawn Game: Chigorin Variation,4,Abik02,black,winx_m,2828,2928,win,1.0
TSD91tJE,2026-01-28T22:15:10.194000+00:00,180+0,standard,blitz,True,resign,white,79,wuzhaobing,Abik02,2716,2836,8,-8,C40,Elephant Gambit,4,Abik02,black,wuzhaobing,2836,2716,loss,0.0
aFrSG4US,2026-01-28T22:09:17.420000+00:00,180+0,standard,blitz,True,resign,black,90,TimAina1,Abik02,2806,2830,-8,6,C24,Bishop's Opening: Berlin Defense,4,Abik02,black,TimAina1,2830,2806,win,1.0
eafclYqc,2026-01-28T22:01:13.783000+00:00,180+0,standard,blitz,True,outoftime,white,91,Abik02,FBINC,2826,2738,4,-5,B91,"Sicilian Defense: Najdorf Variation, Zagreb Variation",11,Abik02,white,FBINC,2826,2738,win,1.0
TwNqAMG9,2026-01-28T21:55:12.923000+00:00,180+0,standard,blitz,True,resign,white,93,Abik02,pashpash,2823,2634,3,-3,B76,"Sicilian Defense: Dragon Variation, Yugoslav Attack, Modern Line",17,Abik02,white,pashpash,2823,2634,win,1.0
m9ELjtmT,2026-01-28T20:40:33.499000+00:00,180+0,standard,blitz,True,resign,black,70,Byakagon,Abik02,2593,2821,-2,2,C40,Elephant Gambit,4,Abik02,black,Byakagon,2821,2593,win,1.0
LDFWQeLi,2026-01-28T14:49:14.350000+00:00,180+0,standard,blitz,True,resign,black,96,ZhohoFF,Abik02,2629,2817,-3,4,C40,Elephant Gambit,4,Abik02,black,ZhohoFF,2817,2629,win,1.0
HAS3iRqW,2026-01-28T13:56:15.597000+00:00,180+0,standard,blitz,True,draw,,124,Abik02,Italiangangster,2819,2715,-2,2,B91,"Sicilian Defense: Najdorf Variation, Zagreb Variation",11,Abik02,white,Italiangangster,2819,2715,draw,0.5
WCCxdKHc,2026-01-28T13:49:36.607000+00:00,180+0,standard,blitz,True,resign,white,111,Abik02,Artem9630,2817,2613,2,-3,B91,"Sicilian Defense: Najdorf Variation, Zagreb Variation",11,Abik02,white,Artem9630,2817,2613,win,1.0
eOKOV90P,2026-01-28T10:21:51.279000+00:00,180+0,standard,blitz,True,resign,white,51,Bardiya___Daneshvar,Abik02,2813,2822,12,-5,A09,"Réti Opening: Advance Variation, Michel Gambit",6,Abik02,black,Bardiya___Daneshvar,2822,2813,loss,0.0
b4eHwLzU,2026-01-28T10:16:13.180000+00:00,180+0,standard,blitz,True,mate,black,92,Abik02,Bardiya___Daneshvar,2829,2799,-7,14,C03,"French Defense: Tarrasch Variation, Morozevich Variation",6,Abik02,white,Bardiya___Daneshvar,2829,2799,loss,0.0
NQNwPCPN,2026-01-27T22:49:08.586000+00:00,180+0,standard,blitz,True,resign,black,48,Abik02,wuzhaobing,2836,2706,-7,8,B76,"Sicilian Defense: Dragon Variation, Yugoslav Attack, Modern Line",17,Abik02,white,wuzhaobing,2836,2706,loss,0.0
3LEPRKfg,2026-01-27T22:42:41.120000+00:00,180+0,standard,blitz,True,outoftime,white,155,wuzhaobing,Abik02,2698,2844,8,-8,C40,Elephant Gambit,4,Abik02,black,wuzhaobing,2844,2698,loss,0.0
19dFxx5e,2026-01-27T22:34:13.978000+00:00,180+0,standard,blitz,True,resign,white,57,Abik02,Burma555,2842,2561,2,-2,B06,Modern Defense: Standard Line,5,Abik02,white,Burma555,2842,2561,win,1.0
2n8QoHkK,2026-01-27T22:27:54.176000+00:00,180+0,standard,blitz,True,outoftime,black,96,JackHenry,Abik02,2628,2840,-3,2,A13,"English Opening: Agincourt Defense, Bogoljubow Defense",8,Abik02,black,JackHenry,2840,2628,win,1.0
XE379eAY,2026-01-27T21:57:01.426000+00:00,180+0,standard,blitz,True,resign,black,42,Abik02,kill_mms,2849,2598,-9,9,C07,"French Defense: Tarrasch Variation, Eliskases Variation",12,Abik02,white,kill_mms,2849,2598,loss,0.0
P3wzCxff,2026-01-26T15:41:41.448000+00:00,600+0,standard,rapid,True,mate,black,186,fiancheeter,chessmount,2649,2667,-5,11,A14,"English Opening: Agincourt Defense, Neo-Catalan Declined",14,chessmount,black,fiancheeter,2667,2649,win,1.0
hMedbBYa,2026-01-26T13:54:26.683000+00:00,600+0,standard,rapid,True,resign,white,59,BalalaykaRussian,chessmount,2439,2699,10,-19,B95,Sicilian Defense: Najdorf Variation,12,chessmount,black,BalalaykaRussian,2699,2439,loss,0.0
8YIoyeWX,2026-01-26T13:07:26.819000+00:00,600+0,standard,rapid,True,draw,,122,chessmount,Na_Ferrari,2706,2478,-7,11,E11,Bogo-Indian Defense: Retreat Variation,15,chessmount,white,Na_Ferrari,2706,2478,draw,0.5
Q4qGopMU,2026-01-25T13:15:10.876000+00:00,600+0,standard,rapid,True,outoftime,black,64,PeterBolwerk,chessmount,2494,2700,-3,6,B90,Sicilian Defense: Najdorf Variation,10,chessmount,black,PeterBolwerk,2700,2494,win,1.0
XTL1fPGz,2026-01-10T12:01:09.843000+00:00,180+0,standard,blitz,True,stalemate,,130,Shallapinioo,chessmount,2432,2473,0,-1,B23,Sicilian Defense: Grand Prix Attack,5,chessmount,black,Shallapinioo,2473,2432,draw,0.5
4myrxiOB,2026-01-10T11:54:41.273000+00:00,180+0,standard,blitz,True,resign,white,39,Fabsid,chessmount,2713,2485,2,-3,D02,Queen's Pawn Game: Symmetrical Variation,4,chessmount,black,Fabsid,2485,2713,loss,0.0
nxakrV37,2026-01-10T11:49:00.418000+00:00,180+0,standard,blitz,True,resign,black,97,chessmount,Fabsid,2489,2710,-4,3,E05,"Catalan Opening: Open Defense, Classical Line",12,chessmount,white,Fabsid,2489,2710,loss,0.0
bP2FFTy2,2026-01-10T10:29:23.798000+00:00,600+0,standard,rapid,True,outoftime,white,91,JJPlayz,chessmount,2500,2717,9,-17,B95,Sicilian Defense: Najdorf Variation,12,chessmount,black,JJPlayz,2717,2500,loss,0.0
MjZnIfTQ,2026-01-09T12:27:03.114000+00:00,180+2,standard,blitz,True,outoftime,black,58,TargetPractice22,chessmount,2637,2494,-10,12,E53,"Nimzo-Indian Defense: Normal Variation, Gligoric System, Keres Variation",14,chessmount,black,TargetPractice22,2494,2637,win,1.0
jR025eRx,2026-01-09T12:12:53.671000+00:00,180+2,standard,blitz,True,resign,white,97,chessmount,KairovKBR,2483,2565,11,-6,A60,Benoni Defense: Modern Variation,6,chessmount,white,KairovKBR,2483,2565,win,1.0
HfNtNg2M,2026-01-09T12:02:08.752000+00:00,180+2,standard,blitz,True,resign,black,88,EM1211,chessmount,2437,2474,-5,9,D38,"Queen's Gambit Declined: Ragozin Defense, Alekhine Variation",9,chessmount,black,EM1211,2474,2437,win,1.0
XlsxWOUQ,2025-12-12T14:51:44.014000+00:00,180+2,standard,blitz,True,resign,black,60,chessmount,Chozen01,2505,2554,-5,5,A13,"English Opening: Agincourt Defense, Bogoljubow Defense",8,chessmount,white,Chozen01,2505,2554,loss,0.0
2WhK6aMy,2025-12-12T06:51:34.738000+00:00,180+2,standard,blitz,True,resign,white,47,chest_master_Josh,chessmount,2630,2505,7,-4,E06,Catalan Opening: Closed,9,chessmount,black,chest_master_Josh,2505,2630,loss,0.0
7pWwu7YD,2025-12-12T06:18:31.003000+00:00,180+2,standard,blitz,True,resign,black,86,ruthless_Axael,chessmount,2478,2499,-5,6,E27,Nimzo-Indian Defense: Sämisch Variation,10,chessmount,black,ruthless_Axael,2499,2478,win,1.0
HIfgxb0j,2025-12-12T05:58:28.032000+00:00,180+2,standard,blitz,True,resign,white,51,Iprotiv,chessmount,2518,2517,6,-5,E05,"Catalan Opening: Open Defense, Classical Line",12,chessmount,black,Iprotiv,2517,2518,loss,0.0
z6rO1VR8,2025-12-11T15:27:48.905000+00:00,180+2,standard,blitz,True,resign,black,42,LevGutman,chessmount,2479,2506,-6,5,E05,"Catalan Opening: Open Defense, Classical Line",12,chessmount,black,LevGutman,2506,2479,win,1.0
kpcLq1fs,2025-12-11T15:21:00.978000+00:00,180+2,standard,blitz,True,resign,black,50,chessmount,LevGutman,2512,2472,-6,7,D78,"Neo-Grünfeld Defense: Classical Variation, Original Defense",12,chessmount,white,LevGutman,2512,2472,loss,0.0
3ERHvOxL,2025-12-10T10:46:08.169000+00:00,180+2,standard,blitz,True,resign,black,120,chessmount,RaffaelloSanti,2507,2715,-3,3,A50,Slav Indian,4,chessmount,white,RaffaelloSanti,2507,2715,loss,0.0
C5JsgCpS,2025-12-10T10:38:02.504000+00:00,180+2,standard,blitz,True,resign,white,63,RaffaelloSanti,chessmount,2713,2510,2,-3,D03,Queen's Pawn Game: Torre Attack,5,chessmount,black,RaffaelloSanti,2510,2713,loss,0.0
5w207z9V,2025-12-10T10:13:24.193000+00:00,600+0,standard,rapid,True,outoftime,white,149,chessmount,unluckyyyyy,2713,2525,4,-6,E70,King's Indian Defense: Normal Variation,7,chessmount,white,unluckyyyyy,2713,2525,win,1.0
VI05fZnH,2025-12-01T06:03:26.926000+00:00,180+2,standard,blitz,True,outoftime,black,74,BonnieLiX,chessmount,2566,2487,-18,7,A45,Trompowsky Attack,3,chessmount,black,BonnieLiX,2487,2566,win,1.0
2fX0wXi8,2025-11-30T10:20:00.325000+00:00,180+0,standard,blitz,True,resign,white,75,chessmount,Chesspattern_on_IG,2475,2494,6,-6,A05,King's Indian Attack: Symmetrical Defense,4,chessmount,white,Chesspattern_on_IG,2475,2494,win,1.0
93UofWyS,2025-11-30T09:19:25.525000+00:00,600+0,standard,rapid,True,resign,black,94,Londonmainer,chessmount,2597,2709,-8,4,D02,Queen's Pawn Game: London System,5,chessmount,black,Londonmainer,2709,2597,win,1.0
YIZ5sfME,2025-11-30T09:03:05.674000+00:00,180+0,standard,blitz,True,resign,black,44,chessmount,easyn1,2485,2477,-6,6,A58,Benko Gambit Accepted: Fully Accepted Variation,9,chessmount,white,easyn1,2485,2477,loss,0.0
J38sf4DN,2025-11-30T08:53:04.681000+00:00,180+0,standard,blitz,True,resign,black,58,chessmount,MyArenaAcc,2491,2507,-6,5,A57,Benko Gambit,6,chessmount,white,MyArenaAcc,2491,2507,loss,0.0
4CFPLbOg,2025-11-29T10:49:16.765000+00:00,180+0,standard,blitz,True,outoftime,black,214,LittlePawnFriends,chessmount,2467,2480,-6,6,A45,Trompowsky Attack,3,chessmount,black,LittlePawnFriends,2480,2467,win,1.0
u5aXbvwp,2025-11-28T15:13:25.697000+00:00,180+0,standard,blitz,True,resign,white,86,titan00013,chessmount,2619,2491,3,-4,B90,"Sicilian Defense: Najdorf Variation, English Attack",11,chessmount,black,titan00013,2491,2619,loss,0.0
vG3ukmin,2025-11-28T12:45:47.075000+00:00,180+2,standard,blitz,True,resign,white,85,chessmount,MisterQ60,2491,2473,5,-6,E71,King's Indian Defense: Makogonov Variation,9,chessmount,white,MisterQ60,2491,2473,win,1.0
Cp0JckPw,2025-11-27T13:08:22.918000+00:00,600+0,standard,rapid,True,draw,,87,chessmount,darkness_24,2711,2373,-4,31,E18,"Queen's Indian Defense: Classical Variation, Traditional Variation",13,chessmount,white,darkness_24,2711,2373,draw,0.5
547vDi1b,2025-11-27T12:51:19.860000+00:00,600+0,standard,rapid,True,mate,black,70,hamidebh001,chessmount,2690,2705,-16,6,E20,Nimzo-Indian Defense: Kmoch Variation,7,chessmount,black,hamidebh001,2705,2690,win,1.0
IAjfFpT5,2026-02-01T20:25:37.418000+00:00,180+0,standard,blitz,True,resign,black,82,SaraciNderim,Ss1c37,2811,2825,-6,5,A00,Anderssen's Opening,1,SaraciNderim,white,Ss1c37,2811,2825,loss,0.0
7ycjRZ1x,2026-02-01T20:19:56.968000+00:00,180+0,standard,blitz,True,resign,black,72,Burma555,SaraciNderim,2563,2809,-2,2,A01,Nimzo-Larsen Attack,1,SaraciNderim,black,Burma555,2809,2563,win,1.0
Ubfj4UWu,2026-02-01T20:17:01.189000+00:00,180+0,standard,blitz,True,resign,black,48,Ellery1729,SaraciNderim,2568,2806,-3,3,B00,Carr Defense,2,SaraciNderim,black,Ellery1729,2806,2568,win,1.0
tmR36qmt,2026-01-31T13:32:01.120000+00:00,180+0,standard,blitz,True,mate,white,117,SaraciNderim,specteryamasaki,2803,2666,3,-4,C40,Latvian Gambit,4,SaraciNderim,white,specteryamasaki,2803,2666,win,1.0
KLyygbmh,2026-01-31T13:25:34.007000+00:00,180+0,standard,blitz,True,outoftime,black,142,specteryamasaki,SaraciNderim,2669,2799,-3,4,B20,Sicilian Defense,2,SaraciNderim,black,specteryamasaki,2799,2669,win,1.0
l4YYsPDx,2026-01-31T13:20:14.710000+00:00,180+0,standard,blitz,True,resign,white,75,SaraciNderim,specteryamasaki,2795,2673,4,-4,C50,Italian Game,5,SaraciNderim,white,specteryamasaki,2795,2673,win,1.0
THccAezu,2026-01-31T13:18:18.698000+00:00,180+0,standard,blitz,True,resign,black,32,specteryamasaki,SaraciNderim,2677,2791,-4,4,B10,Caro-Kann Defense,4,SaraciNderim,black,specteryamasaki,2791,2677,win,1.0
ocwwf19Z,2026-01-31T13:12:51.715000+00:00,180+0,standard,blitz,True,resign,white,99,SaraciNderim,specteryamasaki,2787,2681,4,-4,C50,Italian Game,5,SaraciNderim,white,specteryamasaki,2787,2681,win,1.0
wyQ076Gu,2026-01-31T13:09:07.124000+00:00,180+0,standard,blitz,True,resign,white,73,specteryamasaki,SaraciNderim,2673,2795,8,-8,B30,Sicilian Defense: Old Sicilian,4,SaraciNderim,black,specteryamasaki,2795,2673,loss,0.0
QhI28tlM,2026-01-31T13:07:30.366000+00:00,180+0,standard,blitz,True,mate,white,35,SaraciNderim,Respectful_Dave,2792,2599,3,-3,A01,Nimzo-Larsen Attack,1,SaraciNderim,white,Respectful_Dave,2792,2599,win,1.0
Pbdix3VE,2026-01-31T13:02:07.129000+00:00,180+0,standard,blitz,True,resign,black,78,Do_Not_Care,SaraciNderim,2686,2788,-4,4,D02,Queen's Pawn Game: Zukertort Variation,3,SaraciNderim,black,Do_Not_Care,2788,2686,win,1.0
7wZpQm8A,2026-01-31T12:53:31.515000+00:00,180+0,standard,blitz,True,resign,black,62,SaraciNderim,specteryamasaki,2796,2665,-8,8,C50,Italian Game,5,SaraciNderim,white,specteryamasaki,2796,2665,loss,0.0
RYJQH54n,2026-01-31T12:47:10.213000+00:00,180+0,standard,blitz,True,mate,white,79,vistagusta,SaraciNderim,2765,2802,6,-6,D10,Slav Defense: Exchange Variation,5,SaraciNderim,black,vistagusta,2802,2765,loss,0.0
H8CZBsy3,2026-01-30T11:57:11.853000+00:00,180+0,standard,blitz,True,resign,black,94,SaraciNderim,Andrey11976,2808,2803,-6,6,B10,Caro-Kann Defense: Breyer Variation,3,SaraciNderim,white,Andrey11976,2808,2803,loss,0.0
gwTHG5Nb,2026-01-28T21:17:29.129000+00:00,180+0,standard,blitz,True,outoftime,black,144,liczner,SaraciNderim,2808,2802,-6,6,B19,"Caro-Kann Defense: Classical Variation, Lobron System",24,SaraciNderim,black,liczner,2802,2808,win,1.0
0ThIlQHP,2026-01-26T22:36:59.913000+00:00,180+0,standard,blitz,True,resign,black,58,GABUZYAN_CHESSMOOD,SaraciNderim,2714,2797,-5,5,C25,"Vienna Gambit, with Max Lange Defense: Knight Variation",7,SaraciNderim,black,GABUZYAN_CHESSMOOD,2797,2714,win,1.0
LQZmmrze,2026-01-26T22:32:03.021000+00:00,180+0,standard,blitz,True,resign,white,81,SaraciNderim,GABUZYAN_CHESSMOOD,2793,2720,4,-6,A01,Nimzo-Larsen Attack: English Variation,2,SaraciNderim,white,GABUZYAN_CHESSMOOD,2793,2720,win,1.0
q53ipsBK,2026-01-26T22:19:52.283000+00:00,180+0,standard,blitz,True,resign,black,156,SaraciNderim,ManofCourage,2801,2642,-8,9,A01,Nimzo-Larsen Attack: Symmetrical Variation,2,SaraciNderim,white,ManofCourage,2801,2642,loss,0.0
fXoBrJlU,2026-01-26T18:25:48.639000+00:00,180+0,standard,blitz,True,draw,,127,TigerSiberian,SaraciNderim,2845,2800,0,1,C47,Four Knights Game: Glek System,7,SaraciNderim,black,TigerSiberian,2800,2845,draw,0.5
lXke0WjX,2026-01-26T18:19:51.825000+00:00,180+0,standard,blitz,True,resign,black,76,SublimeWarrior,SaraciNderim,2815,2794,-6,6,E04,Catalan Opening: Open Defense,10,SaraciNderim,black,SublimeWarrior,2794,2815,win,1.0
nGmC1gbN,2026-01-26T18:13:20.269000+00:00,180+0,standard,blitz,True,resign,black,100,SaraciNderim,AttackSparrow,2802,2630,-8,9,A01,Nimzo-Larsen Attack: Modern Variation,5,SaraciNderim,white,AttackSparrow,2802,2630,loss,0.0
2sufbJI7,2026-01-26T18:06:27.658000+00:00,180+0,standard,blitz,True,resign,black,112,great_nezhmetdinov2,SaraciNderim,2622,2799,-4,3,B22,Sicilian Defense: Alapin Variation,3,SaraciNderim,black,great_nezhmetdinov2,2799,2622,win,1.0
splZXG5i,2026-01-26T18:01:14.635000+00:00,180+0,standard,blitz,True,resign,white,59,SaraciNderim,Ex-retired,2796,2606,3,-3,A01,Nimzo-Larsen Attack: Classical Variation,2,SaraciNderim,white,Ex-retired,2796,2606,win,1.0
drZ6Y4rE,2026-01-26T17:53:27.881000+00:00,180+0,standard,blitz,True,draw,,91,Tayip99,SaraciNderim,2564,2800,3,-4,A05,King's Indian Attack: Spassky Variation,4,SaraciNderim,black,Tayip99,2800,2564,draw,0.5
JXEniByZ,2026-01-26T17:49:35.722000+00:00,180+0,standard,blitz,True,resign,white,69,SaraciNderim,manneredmonkey,2797,2627,3,-3,B07,Pirc Defense: Bayonet Attack,9,SaraciNderim,white,manneredmonkey,2797,2627,win,1.0
ubWC2xzS,2026-01-26T17:43:02.758000+00:00,180+0,standard,blitz,True,resign,black,146,drdrunckenstein,SaraciNderim,2691,2792,-4,5,A00,Hungarian Opening: Symmetrical Variation,2,SaraciNderim,black,drdrunckenstein,2792,2691,win,1.0
hS0HiYPv,2026-01-26T17:38:25.064000+00:00,180+0,standard,blitz,True,resign,black,86,SaraciNderim,ErikSantarius,2800,2695,-8,18,C00,French Defense: King's Indian Attack,3,SaraciNderim,white,ErikSantarius,2800,2695,loss,0.0
lMyOlNHY,2026-01-26T17:30:22.274000+00:00,180+0,standard,blitz,True,resign,white,109,london_2021,SaraciNderim,2757,2806,7,-6,C23,Bishop's Opening,3,SaraciNderim,black,london_2021,2806,2757,loss,0.0
Aw9YGivO,2026-01-25T19:40:53.903000+00:00,180+0,standard,blitz,True,resign,white,69,SaraciNderim,Konkurs_prognozov,2804,2582,2,-2,C41,Philidor Defense: Lion Variation,8,SaraciNderim,white,Konkurs_prognozov,2804,2582,win,1.0
wyEpYCZw,2026-01-25T19:34:57.313000+00:00,180+0,standard,blitz,True,resign,black,130,Konkurs_prognozov,SaraciNderim,2585,2801,-3,3,D02,Queen's Pawn Game: Zukertort Variation,3,SaraciNderim,black,Konkurs_prognozov,2801,2585,win,1.0
jSKMzCaQ,2026-01-30T23:31:30.244000+00:00,180+0,standard,blitz,True,outoftime,black,136,Valentun_Hulka,GraysonRorrer,2748,2794,-5,6,C11,"French Defense: Steinitz Variation, Boleslavsky Variation",13,GraysonRorrer,black,Valentun_Hulka,2794,2748,win,1.0
uxPF7LCJ,2026-01-28T00:14:39.902000+00:00,180+0,standard,blitz,True,mate,black,96,Nargilaa,GraysonRorrer,2848,2786,-26,8,A07,King's Indian Attack: Double Fianchetto,4,GraysonRorrer,black,Nargilaa,2786,2848,win,1.0
VxEL0XTC,2026-01-28T00:07:11.017000+00:00,180+0,standard,blitz,True,outoftime,white,105,GraysonRorrer,DimaPanzershrekovic,2782,2697,4,-5,D30,Queen's Gambit Declined,4,GraysonRorrer,white,DimaPanzershrekovic,2782,2697,win,1.0
IhlgTvoD,2026-01-28T00:04:28.066000+00:00,180+0,standard,blitz,True,resign,white,25,GraysonRorrer,paintingmoves,2778,2623,4,-3,B07,Pirc Defense,6,GraysonRorrer,white,paintingmoves,2778,2623,win,1.0
srHKn7xU,2026-01-27T23:57:55.644000+00:00,180+0,standard,blitz,True,outoftime,black,136,iCe_eNerGyTeaM,GraysonRorrer,2581,2775,-3,3,A46,Torre Attack: Classical Defense,5,GraysonRorrer,black,iCe_eNerGyTeaM,2775,2581,win,1.0
VdrwcREK,2026-01-27T23:51:08.911000+00:00,180+0,standard,blitz,True,outoftime,black,148,GraysonRorrer,HomaBiorKro,2782,2766,-7,6,C79,"Ruy Lopez: Morphy Defense, Steinitz Deferred",10,GraysonRorrer,white,HomaBiorKro,2782,2766,loss,0.0
Gz3kd65t,2026-01-27T23:44:29.750000+00:00,180+0,standard,blitz,True,outoftime,black,72,Burma555,GraysonRorrer,2549,2779,-3,3,A01,Nimzo-Larsen Attack: Symmetrical Variation,2,GraysonRorrer,black,Burma555,2779,2549,win,1.0
3uCkPp7u,2026-01-27T01:00:00.835000+00:00,180+0,standard,blitz,True,resign,white,85,GraysonRorrer,winx_m,2770,2892,9,-8,A56,Benoni Defense: Czech Benoni Defense,6,GraysonRorrer,white,winx_m,2770,2892,win,1.0
gy19z6Ce,2026-01-27T00:54:13.476000+00:00,180+0,standard,blitz,True,resign,black,90,RealCopyOfCopy,GraysonRorrer,2604,2766,-3,4,C11,"French Defense: Steinitz Variation, Boleslavsky Variation",13,GraysonRorrer,black,RealCopyOfCopy,2766,2604,win,1.0
9BWSkuKk,2026-01-27T00:48:09.694000+00:00,180+0,standard,blitz,True,resign,black,104,Ratatal,GraysonRorrer,2545,2763,-3,3,C11,"French Defense: Steinitz Variation, Boleslavsky Variation",13,GraysonRorrer,black,Ratatal,2763,2545,win,1.0
KQX5zG0d,2026-01-27T00:41:38.594000+00:00,180+0,standard,blitz,True,outoftime,white,111,GraysonRorrer,Zock,2759,2603,4,-3,B07,Modern Defense: Geller's System,7,GraysonRorrer,white,Zock,2759,2603,win,1.0
MzbI7OD9,2026-01-27T00:37:50.607000+00:00,180+0,standard,blitz,True,resign,black,72,Blu-Jay123,GraysonRorrer,2596,2754,-4,5,A40,Horwitz Defense,2,GraysonRorrer,black,Blu-Jay123,2754,2596,win,1.0
0MmA8PAJ,2026-01-27T00:32:40.929000+00:00,180+0,standard,blitz,True,outoftime,black,94,GraysonRorrer,IgorVershinin2009,2762,2741,-8,6,C77,"Ruy Lopez: Morphy Defense, Anderssen Variation",9,GraysonRorrer,white,IgorVershinin2009,2762,2741,loss,0.0
geMzGNqI,2026-01-27T00:26:24.187000+00:00,180+0,standard,blitz,True,resign,black,114,GraysonRorrer,el_cavernicola,2770,2755,-8,6,E00,Catalan Opening,5,GraysonRorrer,white,el_cavernicola,2770,2755,loss,0.0
zgG12wHB,2026-01-27T00:19:47.502000+00:00,180+0,standard,blitz,True,outoftime,white,125,el_cavernicola,GraysonRorrer,2749,2778,6,-8,C11,"French Defense: Classical Variation, Shirov-Anand Variation",9,GraysonRorrer,black,el_cavernicola,2778,2749,loss,0.0
LBZComsh,2026-01-27T00:13:15.080000+00:00,180+0,standard,blitz,True,outoftime,white,113,GraysonRorrer,el_cavernicola,2771,2754,7,-5,B90,"Sicilian Defense: Najdorf Variation, Lipnitsky Attack",11,GraysonRorrer,white,el_cavernicola,2771,2754,win,1.0
nB92WbIt,2026-01-26T00:09:15.738000+00:00,180+0,standard,blitz,True,resign,black,110,JelenaZ,GraysonRorrer,2628,2766,-4,5,C01,French Defense: Exchange Variation,5,GraysonRorrer,black,JelenaZ,2766,2628,win,1.0
0LONba6X,2026-01-26T00:04:03.337000+00:00,180+0,standard,blitz,True,resign,white,79,GraysonRorrer,JelenaZ,2761,2631,5,-3,A53,Old Indian Defense: Janowski Variation,6,GraysonRorrer,white,JelenaZ,2761,2631,win,1.0
46XKnDLd,2026-01-25T23:56:55.593000+00:00,180+0,standard,blitz,True,outoftime,black,158,Aphelios00,GraysonRorrer,2664,2755,-4,6,C11,"French Defense: Classical Variation, Burn Variation",8,GraysonRorrer,black,Aphelios00,2755,2664,win,1.0
t97CDfnR,2026-01-25T23:50:12.735000+00:00,180+0,standard,blitz,True,outoftime,white,129,GraysonRorrer,Aphelios00,2748,2668,7,-4,A50,Queen's Indian Accelerated,4,GraysonRorrer,white,Aphelios00,2748,2668,win,1.0
OaQP0pyZ,2026-01-25T23:43:51.832000+00:00,180+0,standard,blitz,True,outoftime,black,116,Aphelios00,GraysonRorrer,2673,2741,-5,7,A13,English Opening: Agincourt Defense,4,GraysonRorrer,black,Aphelios00,2741,2673,win,1.0
v2ZH8KJA,2026-01-25T23:38:36.063000+00:00,180+0,standard,blitz,True,resign,white,69,GraysonRorrer,Aphelios00,2734,2678,7,-5,B27,Sicilian Defense: Hyperaccelerated Dragon,4,GraysonRorrer,white,Aphelios00,2734,2678,win,1.0
9Id6cdYJ,2026-01-25T23:33:09.279000+00:00,180+0,standard,blitz,True,resign,black,66,GraysonRorrer,Janjan123,2748,2554,-14,9,B90,"Sicilian Defense: Najdorf Variation, Lipnitsky Attack",11,GraysonRorrer,white,Janjan123,2748,2554,loss,0.0
OQpVyoWQ,2026-01-23T01:23:33.931000+00:00,180+0,standard,blitz,True,draw,,90,Anatoliy1983,GraysonRorrer,2841,2745,-1,3,A46,Indian Defense: London System,5,GraysonRorrer,black,Anatoliy1983,2745,2841,draw,0.5
rWWjqexi,2026-01-23T01:18:10.031000+00:00,180+0,standard,blitz,True,draw,,109,GraysonRorrer,Anatoliy1983,2743,2843,2,-2,A01,Nimzo-Larsen Attack,1,GraysonRorrer,white,Anatoliy1983,2743,2843,draw,0.5
igo4HwSV,2026-01-23T01:12:18.456000+00:00,180+0,standard,blitz,True,draw,,106,Anatoliy1983,GraysonRorrer,2844,2740,-1,3,D00,"Queen's Pawn Game: Accelerated London System, Steinitz Countergambit",4,GraysonRorrer,black,Anatoliy1983,2740,2844,draw,0.5
WfGrv48A,2026-01-23T01:06:44.565000+00:00,180+0,standard,blitz,True,draw,,82,GraysonRorrer,Anatoliy1983,2738,2846,2,-2,A01,Nimzo-Larsen Attack,1,GraysonRorrer,white,Anatoliy1983,2738,2846,draw,0.5
hVAIeEEN,2026-01-23T01:01:16.504000+00:00,180+0,standard,blitz,True,resign,white,98,Anatoliy1983,GraysonRorrer,2842,2744,4,-6,A46,Indian Defense: London System,5,GraysonRorrer,black,Anatoliy1983,2744,2842,loss,0.0
aDnActxq,2026-01-23T00:56:00.337000+00:00,180+0,standard,blitz,True,draw,,79,GraysonRorrer,Anatoliy1983,2742,2843,2,-1,A00,Hungarian Opening: Symmetrical Variation,2,GraysonRorrer,white,Anatoliy1983,2742,2843,draw,0.5
yLONML2a,2026-01-23T00:52:04.225000+00:00,180+0,standard,blitz,True,resign,white,59,Anatoliy1983,GraysonRorrer,2839,2749,4,-7,A46,Indian Defense: London System,5,GraysonRorrer,black,Anatoliy1983,2749,2839,loss,0.0
IF2NLGWo,2026-01-31T21:59:12.966000+00:00,60+0,standard,bullet,True,outoftime,black,168,yyoochess,DIANOCHKA_LOVE11,3273,3138,-8,8,B15,Caro-Kann Defense: Tartakower Variation,10,DIANOCHKA_LOVE11,black,yyoochess,3138,3273,win,1.0
NDEY0NoL,2026-01-31T21:57:34.414000+00:00,60+0,standard,bullet,True,resign,black,68,DIANOCHKA_LOVE11,Night-King96,3142,3260,-4,5,A41,Queen's Pawn Game,2,DIANOCHKA_LOVE11,white,Night-King96,3142,3260,loss,0.0
T4WKgdSo,2026-01-31T21:56:11.822000+00:00,60+0,standard,bullet,True,mate,black,76,caching,DIANOCHKA_LOVE11,3092,3137,-5,5,A00,Barnes Opening,1,DIANOCHKA_LOVE11,black,caching,3137,3092,win,1.0
TJ3wJvUe,2026-01-31T21:54:11.091000+00:00,60+0,standard,bullet,True,draw,,102,DIANOCHKA_LOVE11,wizard98,3138,3105,-1,1,A43,Benoni Defense: Old Benoni,2,DIANOCHKA_LOVE11,white,wizard98,3138,3105,draw,0.5
4aYURpe0,2026-01-31T21:51:49.035000+00:00,60+0,standard,bullet,True,outoftime,,188,specteryamasaki,DIANOCHKA_LOVE11,2957,3141,2,-3,A01,Nimzo-Larsen Attack: Classical Variation,2,DIANOCHKA_LOVE11,black,specteryamasaki,3141,2957,draw,0.5
SMZH5Bde,2026-01-31T21:50:53.472000+00:00,60+0,standard,bullet,True,resign,white,53,DIANOCHKA_LOVE11,evilhamburger,3137,2981,4,-3,A45,Trompowsky Attack,3,DIANOCHKA_LOVE11,white,evilhamburger,3137,2981,win,1.0
jvrbg3PG,2026-01-31T21:49:18.775000+00:00,60+0,standard,bullet,True,resign,white,69,DIANOCHKA_LOVE11,Night-King96,3130,3260,7,-7,A45,Trompowsky Attack,3,DIANOCHKA_LOVE11,white,Night-King96,3130,3260,win,1.0
SpjHwGlA,2026-01-31T21:48:39.600000+00:00,60+0,standard,bullet,True,resign,black,40,chess-art-us,DIANOCHKA_LOVE11,3274,3122,-8,8,A07,King's Indian Attack: Keres Variation,4,DIANOCHKA_LOVE11,black,chess-art-us,3122,3274,win,1.0
oBfd0hnl,2026-01-31T21:45:44.302000+00:00,60+0,standard,bullet,True,outoftime,white,181,wizard98,DIANOCHKA_LOVE11,3110,3127,6,-5,B15,Caro-Kann Defense: Main Line,7,DIANOCHKA_LOVE11,black,wizard98,3127,3110,loss,0.0
cfUn6u10,2026-01-31T21:44:31.513000+00:00,60+0,standard,bullet,True,resign,white,63,DIANOCHKA_LOVE11,AngelitoRT,3120,3244,7,-7,A40,Kangaroo Defense,4,DIANOCHKA_LOVE11,white,AngelitoRT,3120,3244,win,1.0
XVhxRojV,2026-01-31T21:43:33.847000+00:00,60+0,standard,bullet,True,resign,black,46,SamTakoj,DIANOCHKA_LOVE11,3048,3115,-5,5,B10,Caro-Kann Defense,2,DIANOCHKA_LOVE11,black,SamTakoj,3115,3048,win,1.0
TGFgVhG6,2026-01-31T21:41:38.495000+00:00,60+0,standard,bullet,True,resign,white,101,DIANOCHKA_LOVE11,OhanyanEminChess,3108,3173,7,-6,D00,Queen's Pawn Game: Levitsky Attack,3,DIANOCHKA_LOVE11,white,OhanyanEminChess,3108,3173,win,1.0
ysNIZcIu,2026-01-31T21:40:01.644000+00:00,60+0,standard,bullet,True,resign,white,55,Ediz_Gurel,DIANOCHKA_LOVE11,3339,3111,3,-3,B10,Caro-Kann Defense: Two Knights Attack,5,DIANOCHKA_LOVE11,black,Ediz_Gurel,3111,3339,loss,0.0
8OGO0crN,2026-01-31T21:38:43.377000+00:00,60+0,standard,bullet,True,mate,white,135,DIANOCHKA_LOVE11,RakitinD,3107,2975,4,-4,A45,Trompowsky Attack: Classical Defense,4,DIANOCHKA_LOVE11,white,RakitinD,3107,2975,win,1.0
q6ntAdwn,2026-01-31T21:37:22.878000+00:00,60+0,standard,bullet,True,resign,white,45,tamojerry,DIANOCHKA_LOVE11,3129,3112,5,-5,B12,"Caro-Kann Defense: Advance Variation, Van der Wiel Attack",7,DIANOCHKA_LOVE11,black,tamojerry,3112,3129,loss,0.0
PBDbDTG6,2026-01-31T21:36:41.530000+00:00,60+0,standard,bullet,True,resign,white,36,DIANOCHKA_LOVE11,RakitinD,3109,2984,3,-3,A41,Queen's Pawn Game,2,DIANOCHKA_LOVE11,white,RakitinD,3109,2984,win,1.0
hBSyh8JE,2026-01-31T21:34:29.389000+00:00,60+0,standard,bullet,True,outoftime,black,164,OhanyanEminChess,DIANOCHKA_LOVE11,3187,3101,-7,8,D02,Queen's Pawn Game: Anti-Torre,4,DIANOCHKA_LOVE11,black,OhanyanEminChess,3101,3187,win,1.0
yRviTcjY,2026-01-31T21:32:48.414000+00:00,60+0,standard,bullet,True,outoftime,white,77,DIANOCHKA_LOVE11,junglebook1,3092,3323,9,-9,A40,Queen's Pawn Game: Modern Defense,2,DIANOCHKA_LOVE11,white,junglebook1,3092,3323,win,1.0
aelp5DZ3,2026-01-31T21:30:01.572000+00:00,60+0,standard,bullet,True,outoftime,black,204,AngelitoRT,DIANOCHKA_LOVE11,3248,3084,-8,8,D02,Queen's Pawn Game: Anti-Torre,4,DIANOCHKA_LOVE11,black,AngelitoRT,3084,3248,win,1.0
Jb7mhZug,2026-01-31T21:28:10.732000+00:00,60+0,standard,bullet,True,resign,black,86,DrMelekess,DIANOCHKA_LOVE11,3023,3079,-5,5,D04,Queen's Pawn Game: Colle System,5,DIANOCHKA_LOVE11,black,DrMelekess,3079,3023,win,1.0
hwHMbOFA,2026-01-31T21:25:40.009000+00:00,60+0,standard,bullet,True,mate,white,151,DIANOCHKA_LOVE11,AngelitoRT,3071,3255,8,-8,A46,Torre Attack: Classical Defense,5,DIANOCHKA_LOVE11,white,AngelitoRT,3071,3255,win,1.0
nXktkDKY,2026-01-31T21:24:07.037000+00:00,60+0,standard,bullet,True,resign,white,101,DIANOCHKA_LOVE11,chess-art-us,3062,3285,9,-9,A45,Trompowsky Attack,3,DIANOCHKA_LOVE11,white,chess-art-us,3062,3285,win,1.0
HfO2w6XH,2026-01-31T21:18:47.239000+00:00,60+0,standard,bullet,True,outoftime,black,134,chess-art-us,DIANOCHKA_LOVE11,3295,3044,-9,9,A04,Zukertort Opening: Kingside Fianchetto,2,DIANOCHKA_LOVE11,black,chess-art-us,3044,3295,win,1.0
vAEoq2J5,2026-01-31T21:10:12.432000+00:00,60+0,standard,bullet,True,outoftime,black,128,Night-King96,DIANOCHKA_LOVE11,3267,3016,-10,10,A40,Queen's Pawn Game,1,DIANOCHKA_LOVE11,black,Night-King96,3016,3267,win,1.0
LZ65oIeA,2026-01-31T21:03:58.739000+00:00,60+0,standard,bullet,True,resign,black,104,DrMelekess,DIANOCHKA_LOVE11,3044,3011,-7,7,D12,"Slav Defense: Quiet Variation, Schallopp Defense",10,DIANOCHKA_LOVE11,black,DrMelekess,3011,3044,win,1.0
LkVKExX9,2026-01-31T21:02:59.040000+00:00,60+0,standard,bullet,True,mate,black,64,DIANOCHKA_LOVE11,gepard2014,3021,2747,-10,10,A00,Saragossa Opening,1,DIANOCHKA_LOVE11,white,gepard2014,3021,2747,loss,0.0
ZcMzeWJT,2026-01-31T21:01:26.323000+00:00,60+0,standard,bullet,True,outoftime,black,144,DIANOCHKA_LOVE11,Andrey11976,3025,3122,-4,5,D00,Queen's Pawn Game: Levitsky Attack,3,DIANOCHKA_LOVE11,white,Andrey11976,3025,3122,loss,0.0
3WjgyUdI,2026-01-31T20:58:18.553000+00:00,60+0,standard,bullet,True,resign,black,70,DIANOCHKA_LOVE11,AngelitoRT,3022,3218,-3,3,A40,Horwitz Defense,2,DIANOCHKA_LOVE11,white,AngelitoRT,3022,3218,loss,0.0
fxdvV1zO,2026-01-31T20:38:43.885000+00:00,60+0,standard,bullet,True,outoftime,white,135,DIANOCHKA_LOVE11,junglebook1,2998,3360,10,-10,A45,Trompowsky Attack,3,DIANOCHKA_LOVE11,white,junglebook1,2998,3360,win,1.0
pQKs63iQ,2026-01-31T20:25:01.457000+00:00,60+0,standard,bullet,True,outoftime,white,155,DIANOCHKA_LOVE11,yyoochess,2961,3235,9,-23,A40,Queen's Pawn Game: Modern Defense,2,DIANOCHKA_LOVE11,white,yyoochess,2961,3235,win,1.0
3y82PtQE,2026-01-29T07:18:44.201000+00:00,600+5,standard,rapid,True,resign,white,73,matv3hoda14,mpk93,2298,2378,11,-11,B52,"Sicilian Defense: Moscow Variation, Sokolsky Variation",9,matv3hoda14,white,mpk93,2298,2378,win,1.0
bwOw4Ntl,2026-01-28T17:05:45.880000+00:00,600+5,standard,rapid,True,mate,black,74,Pouya_11289,matv3hoda14,2285,2288,-9,10,D00,Queen's Pawn Game: Accelerated London System,3,matv3hoda14,black,Pouya_11289,2288,2285,win,1.0
kkO77vmc,2026-01-27T19:59:19.223000+00:00,600+5,standard,rapid,True,resign,black,86,Monzza,matv3hoda14,2436,2274,-37,14,C67,"Ruy Lopez: Berlin Defense, Rio Gambit Accepted",8,matv3hoda14,black,Monzza,2274,2436,win,1.0
PFQLMPMc,2026-01-26T19:53:07.034000+00:00,600+5,standard,rapid,True,mate,black,72,BarmyWinner7912,matv3hoda14,2234,2278,-12,9,C32,"King's Gambit Declined: Falkbeer Countergambit, Charousek Gambit Accepted",9,matv3hoda14,black,BarmyWinner7912,2278,2234,win,1.0
ruaXaSlD,2026-01-25T12:06:27.937000+00:00,600+5,standard,rapid,True,resign,white,60,matv3hoda14,GrandDisaster,2270,2220,8,-4,B07,"Lion Defense: Anti-Philidor, Lion's Cave",8,matv3hoda14,white,GrandDisaster,2270,2220,win,1.0
4kS6iylE,2026-01-25T11:55:03.921000+00:00,600+5,standard,rapid,True,resign,white,50,igorkuznetsov10,matv3hoda14,2326,2278,5,-8,D18,"Slav Defense: Czech Variation, Classical System",11,matv3hoda14,black,igorkuznetsov10,2278,2326,loss,0.0
NOh5z0ma,2026-01-24T17:12:18.769000+00:00,600+5,standard,rapid,True,resign,white,63,matv3hoda14,mnianskurtadkar,2266,2348,12,-21,B30,Sicilian Defense: Nyezhmetdinov-Rossolimo Attack,5,matv3hoda14,white,mnianskurtadkar,2266,2348,win,1.0
26ssdNQc,2026-01-24T16:51:19.678000+00:00,600+5,standard,rapid,True,resign,white,51,matv3hoda14,Mirek666996,2258,2155,8,-4,B02,Alekhine Defense: Brooklyn Variation,4,matv3hoda14,white,Mirek666996,2258,2155,win,1.0
ix1dwq3X,2026-01-23T17:54:47.256000+00:00,1200+10,standard,classical,True,resign,white,49,matv3hoda14,Shyamananda28,2322,1912,2,-1,B40,Sicilian Defense: French Variation,4,matv3hoda14,white,Shyamananda28,2322,1912,win,1.0
WHiIhaEZ,2026-01-23T17:32:53.278000+00:00,1200+10,standard,classical,True,resign,black,44,robinfields84,matv3hoda14,1909,2314,-3,2,C45,Scotch Game: Blumenfeld Attack,11,matv3hoda14,black,robinfields84,2314,1909,win,1.0
n7HTx5Sp,2026-01-23T17:28:13.568000+00:00,1200+10,standard,classical,True,resign,black,54,MishaVar_2015,matv3hoda14,1151,2314,0,0,C01,French Defense: Exchange Variation,7,matv3hoda14,black,MishaVar_2015,2314,1151,win,1.0
EsbitdsF,2026-01-23T17:00:54.413000+00:00,1200+10,standard,classical,True,mate,white,129,matv3hoda14,grossmeyster19,2308,2155,6,-6,B13,Caro-Kann Defense: Exchange Variation,5,matv3hoda14,white,grossmeyster19,2308,2155,win,1.0
S4kbadXI,2026-01-23T09:35:23.651000+00:00,600+5,standard,rapid,True,resign,black,66,Junoraii,matv3hoda14,2408,2242,-9,16,A11,"Réti Opening: Anglo-Slav Variation, with g3",8,matv3hoda14,black,Junoraii,2242,2408,win,1.0
9lxjKlly,2026-01-22T16:53:39.677000+00:00,180+2,standard,blitz,True,mate,black,68,gescat,matv3hoda14,1884,1945,-5,11,C26,"Bishop's Opening: Vienna Hybrid, Spielmann Attack",7,matv3hoda14,black,gescat,1945,1884,win,1.0
5MVVzhQO,2026-01-22T08:28:59.800000+00:00,600+5,standard,rapid,True,resign,white,73,matv3hoda14,Jujoma111,2228,2324,14,-8,B27,Sicilian Defense: Hyperaccelerated Fianchetto,5,matv3hoda14,white,Jujoma111,2228,2324,win,1.0
zhCp9F1k,2026-01-22T07:58:12.130000+00:00,600+5,standard,rapid,True,resign,white,77,matv3hoda14,IanClayton,2215,2259,13,-6,C45,Scotch Game: Mieses Variation,11,matv3hoda14,white,IanClayton,2215,2259,win,1.0
ERlXmG0g,2026-01-21T16:46:29.036000+00:00,600+5,standard,rapid,True,resign,white,47,matv3hoda14,borchuck547,2203,2237,12,-21,C14,"French Defense: Classical Variation, Steinitz Variation",13,matv3hoda14,white,borchuck547,2203,2237,win,1.0
chWo4jV1,2026-01-21T09:36:42.031000+00:00,600+5,standard,rapid,True,timeout,black,68,Majedov,matv3hoda14,2182,2190,-6,13,D10,Slav Defense,4,matv3hoda14,black,Majedov,2190,2182,win,1.0
y8VkG8I5,2026-01-19T09:37:37.456000+00:00,600+5,standard,rapid,True,mate,black,82,hesham13579,matv3hoda14,2188,2177,-6,13,C54,"Italian Game: Classical Variation, Giuoco Pianissimo",11,matv3hoda14,black,hesham13579,2177,2188,win,1.0
83HtdJDy,2026-01-17T15:51:29.951000+00:00,180+1,atomic,blitz,True,resign,black,34,SWAPNAMVIMAL,matv3hoda14,1657,1363,-10,13,,,,matv3hoda14,black,SWAPNAMVIMAL,1363,1657,win,1.0
l3YpndkL,2026-01-17T15:41:53.064000+00:00,180+2,atomic,blitz,True,resign,white,31,matv3hoda14,Sekai001,1344,1462,9,-62,,,,matv3hoda14,white,Sekai001,1344,1462,win,1.0
ehIAqoQF,2026-01-17T15:01:08.502000+00:00,300+30,standard,classical,True,resign,black,64,RumusJulli,matv3hoda14,2383,2294,-7,14,A11,English Opening: Caro-Kann Defensive System,2,matv3hoda14,black,RumusJulli,2294,2383,win,1.0
b1TOSSEC,2026-01-16T19:08:19.649000+00:00,1200+10,standard,classical,True,resign,black,78,aguar,matv3hoda14,1989,2290,-12,4,D02,Queen's Pawn Game: London System,5,matv3hoda14,black,aguar,2290,1989,win,1.0
6Forx5mH,2026-01-16T18:40:30.742000+00:00,1200+10,standard,classical,True,resign,white,39,matv3hoda14,knightrunner,2287,1956,3,-1,C41,Philidor Defense: Philidor Countergambit,6,matv3hoda14,white,knightrunner,2287,1956,win,1.0
05JaHeAG,2026-01-16T18:30:44.009000+00:00,1200+10,standard,classical,True,resign,black,46,JMTM57,matv3hoda14,1592,2287,0,0,C45,Scotch Game: Classical Variation,8,matv3hoda14,black,JMTM57,2287,1592,win,1.0
QIw4Br8c,2026-01-16T18:10:38.300000+00:00,1200+10,standard,classical,True,mate,white,45,matv3hoda14,Ali001122,2287,1511,0,-3,C44,Scotch Game,5,matv3hoda14,white,Ali001122,2287,1511,win,1.0
gB93hCHz,2026-01-15T08:30:21.787000+00:00,600+5,standard,rapid,True,resign,black,32,lundag,matv3hoda14,2108,2166,-5,11,C65,Ruy Lopez: Berlin Defense,6,matv3hoda14,black,lundag,2166,2108,win,1.0
fp7jHUWw,2026-01-14T19:44:35.737000+00:00,180+3,atomic,blitz,True,variantEnd,white,53,matv3hoda14,KingZephiel,1309,1374,9,-71,,,,matv3hoda14,white,KingZephiel,1309,1374,win,1.0
TzlJl8sK,2026-01-14T19:27:32.006000+00:00,600+5,standard,rapid,True,mate,white,23,Unemati77,matv3hoda14,2075,2182,8,-16,C25,"Vienna Game: Stanley Variation, Meitner-Mieses Gambit",9,matv3hoda14,black,Unemati77,2182,2075,loss,0.0
0nU59SQ6,2026-01-13T18:15:14.632000+00:00,1800+20,standard,classical,True,mate,black,142,matv3hoda14,Ak47_l,2293,2445,-6,13,C16,"French Defense: Winawer Variation, Advance Variation",7,matv3hoda14,white,Ak47_l,2293,2445,loss,0.0
xm9eKWhr,2026-01-26T12:30:02.244000+00:00,180+0,standard,blitz,True,outoftime,white,125,CSB7,wuzhaobing,2788,2711,7,-4,A61,Benoni Defense,12,CSB7,white,wuzhaobing,2788,2711,win,1.0
eKr07gir,2026-01-26T12:24:05.077000+00:00,180+0,standard,blitz,True,outoftime,black,98,wuzhaobing,CSB7,2716,2780,-5,8,C43,"Petrov's Defense: Modern Attack, Center Attack",9,CSB7,black,wuzhaobing,2780,2716,win,1.0
7CIgeoJZ,2026-01-26T12:17:42.822000+00:00,180+0,standard,blitz,True,outoftime,black,146,CSB7,wuzhaobing,2792,2709,-12,7,A61,Benoni Defense,12,CSB7,white,wuzhaobing,2792,2709,loss,0.0
fGRHSIS6,2026-01-26T12:11:56.743000+00:00,180+0,standard,blitz,True,resign,black,109,wuzhaobing,CSB7,2713,2784,-4,8,B51,Sicilian Defense: Moscow Variation,5,CSB7,black,wuzhaobing,2784,2713,win,1.0
o78X02Lw,2026-01-26T12:08:14.763000+00:00,180+0,standard,blitz,True,resign,black,50,CSB7,wuzhaobing,2797,2706,-13,7,A61,Benoni Defense,12,CSB7,white,wuzhaobing,2797,2706,loss,0.0
kGxYZLij,2026-01-26T12:02:37.129000+00:00,180+0,standard,blitz,True,draw,,93,wuzhaobing,CSB7,2705,2799,1,-2,C45,Scotch Game: Mieses Variation,11,CSB7,black,wuzhaobing,2799,2705,draw,0.5
eoGXw9Bg,2026-01-26T11:56:54.585000+00:00,180+0,standard,blitz,True,resign,white,81,CSB7,wuzhaobing,2791,2709,8,-4,A77,"Benoni Defense: Classical Variation, Czerniak Defense, Tal Line",19,CSB7,white,wuzhaobing,2791,2709,win,1.0
jYDMvSFk,2026-01-26T11:50:45.931000+00:00,180+0,standard,blitz,True,outoftime,black,92,wuzhaobing,CSB7,2714,2782,-5,9,A05,King's Indian Attack,4,CSB7,black,wuzhaobing,2782,2714,win,1.0
7OegSXAp,2026-01-23T11:48:23.821000+00:00,180+0,standard,blitz,True,outoftime,black,122,Pastukhov_Nicolay,CSB7,2581,2776,-3,6,D13,Slav Defense: Exchange Variation,8,CSB7,black,Pastukhov_Nicolay,2776,2581,win,1.0
UPSwAB75,2026-01-23T11:44:57.869000+00:00,180+0,standard,blitz,True,resign,white,41,CSB7,Pastukhov_Nicolay,2771,2584,5,-3,D15,Slav Defense: Chebanenko Variation,8,CSB7,white,Pastukhov_Nicolay,2771,2584,win,1.0
eIfvPBf6,2026-01-23T11:41:47.634000+00:00,180+0,standard,blitz,True,draw,,68,Pastukhov_Nicolay,CSB7,2581,2776,3,-5,E32,Nimzo-Indian Defense: Classical Variation,7,CSB7,black,Pastukhov_Nicolay,2776,2581,draw,0.5
kJT7DFng,2026-01-23T11:38:01.644000+00:00,180+0,standard,blitz,True,resign,white,53,CSB7,Pastukhov_Nicolay,2770,2584,6,-3,D15,Slav Defense: Chebanenko Variation,8,CSB7,white,Pastukhov_Nicolay,2770,2584,win,1.0
wxLw9v69,2026-01-23T11:31:46.981000+00:00,180+0,standard,blitz,True,outoftime,black,160,Pastukhov_Nicolay,CSB7,2587,2763,-3,7,D35,Queen's Gambit Declined: Exchange Variation,7,CSB7,black,Pastukhov_Nicolay,2763,2587,win,1.0
7OJH4FIt,2026-01-18T19:06:16.989000+00:00,0+1,standard,bullet,True,mate,white,67,Kmenbert,CSB7,2525,2882,10,-46,D35,Queen's Gambit Declined: Normal Defense,6,CSB7,black,Kmenbert,2882,2525,loss,0.0
YIAnSBiR,2026-01-18T19:04:08.796000+00:00,0+1,standard,bullet,True,resign,black,64,Kmenbert,CSB7,2528,2868,-2,8,D10,Slav Defense,6,CSB7,black,Kmenbert,2868,2528,win,1.0
Zc9aoJQO,2026-01-18T19:01:18.475000+00:00,0+1,standard,bullet,True,mate,black,70,CSB7,Kmenbert,2909,2521,-57,10,E18,"Queen's Indian Defense: Classical Variation, Traditional Variation, Nimzowitsch Line",14,CSB7,white,Kmenbert,2909,2521,loss,0.0
2EJ6g1ru,2026-01-18T18:56:19.753000+00:00,180+0,standard,blitz,True,resign,white,41,CSB7,jsprr,2758,2530,5,-2,E04,Catalan Opening: Open Defense,9,CSB7,white,jsprr,2758,2530,win,1.0
WpLfi0Ll,2026-01-17T21:04:07.241000+00:00,180+0,standard,blitz,True,resign,white,123,CSB7,gepard2014,2751,2584,7,-3,D26,"Queen's Gambit Accepted: Classical Defense, Steinitz Variation, Exchange Variation",12,CSB7,white,gepard2014,2751,2584,win,1.0
JXZiYBSr,2026-01-17T20:58:35.651000+00:00,180+0,standard,blitz,True,resign,black,96,novik70,CSB7,2510,2746,-2,5,C54,"Italian Game: Classical Variation, Giuoco Pianissimo",12,CSB7,black,novik70,2746,2510,win,1.0
MEEZIzxM,2026-01-17T20:56:15.660000+00:00,180+0,standard,blitz,True,resign,black,30,lagartodeleyende,CSB7,2540,2739,-3,7,D47,"Semi-Slav Defense: Meran Variation, Wade Variation",16,CSB7,black,lagartodeleyende,2739,2540,win,1.0
ZW7qbrCc,2026-01-17T20:51:10.597000+00:00,180+0,standard,blitz,True,resign,white,93,CSB7,Dregon_Defon,2736,2358,3,-1,B00,Nimzowitsch Defense: Declined Variation,3,CSB7,white,Dregon_Defon,2736,2358,win,1.0
lMd0VrJB,2026-01-17T20:47:31.862000+00:00,180+0,standard,blitz,True,resign,white,37,CSB7,PablosEscobar,2733,2407,3,-2,B32,Sicilian Defense: Löwenthal Variation,8,CSB7,white,PablosEscobar,2733,2407,win,1.0
81NHogyf,2026-01-17T20:43:51.004000+00:00,180+0,standard,blitz,True,resign,black,42,Shivananda1964,CSB7,2379,2729,-2,4,B30,Sicilian Defense: Old Sicilian,4,CSB7,black,Shivananda1964,2729,2379,win,1.0
eKl1okVA,2026-01-17T20:40:58.460000+00:00,180+0,standard,blitz,True,resign,white,59,CSB7,No_Enemy_MasterOfsh,2726,2381,3,-3,B41,"Sicilian Defense: Kan Variation, Maróczy Bind, Réti Variation",9,CSB7,white,No_Enemy_MasterOfsh,2726,2381,win,1.0
HNu1bYS5,2026-01-17T20:34:27.699000+00:00,180+0,standard,blitz,True,stalemate,,218,Hanbutaev_2012,CSB7,2461,2735,5,-9,A50,Indian Defense: Normal Variation,3,CSB7,black,Hanbutaev_2012,2735,2461,draw,0.5
Zka1X3kw,2026-01-17T20:29:12.282000+00:00,180+0,standard,blitz,True,outoftime,white,135,chesscode93,CSB7,2391,2761,10,-26,A00,Kádas Opening,1,CSB7,black,chesscode93,2761,2391,loss,0.0
w7KyBgaT,2026-01-17T20:23:06.715000+00:00,180+0,standard,blitz,True,resign,black,86,GuadalupeBesso,CSB7,2102,2761,0,0,A45,Indian Defense,2,CSB7,black,GuadalupeBesso,2761,2102,win,1.0
RVfYBa9i,2026-01-17T20:18:03.331000+00:00,180+0,standard,blitz,True,outoftime,white,133,CSB7,Maksym_537,2753,2566,8,-4,C54,"Italian Game: Classical Variation, Giuoco Pianissimo",10,CSB7,white,Maksym_537,2753,2566,win,1.0
w3H5NaDk,2026-01-17T20:13:07.183000+00:00,180+0,standard,blitz,True,resign,white,59,CSB7,alekhinnemanaba,2749,2422,4,-1,E11,Bogo-Indian Defense: Nimzowitsch Variation,8,CSB7,white,alekhinnemanaba,2749,2422,win,1.0
m1vaTZZU,2025-12-26T10:18:18.921000+00:00,180+0,standard,blitz,True,resign,black,66,ice2breaker,CSB7,2657,2737,-5,12,A50,Queen's Indian Accelerated,4,CSB7,black,ice2breaker,2737,2657,win,1.0
UV3G7dXh,2026-01-30T04:28:39.494000+00:00,360+6,standard,rapid,True,resign,white,71,nmiq,KamYi93,2544,2361,8,-2,C15,"French Defense: Winawer Variation, Delayed Exchange Variation",7,nmiq,white,KamYi93,2544,2361,win,1.0
8wV3voXk,2026-01-30T04:09:21.371000+00:00,600+0,standard,rapid,True,resign,black,56,Limp2020,nmiq,2418,2532,-4,12,A48,East Indian Defense,4,nmiq,black,Limp2020,2532,2418,win,1.0
Z0nzhcfo,2026-01-24T16:51:22.030000+00:00,180+0,standard,blitz,True,draw,,94,nmiq,damithk,2414,2452,1,-1,B06,Modern Defense: Standard Line,5,nmiq,white,damithk,2414,2452,draw,0.5
rDoXFo5F,2026-01-19T01:43:41.109000+00:00,180+0,standard,blitz,True,outoftime,white,87,playablecharacter,nmiq,2484,2420,15,-6,A05,Zukertort Opening: Nimzo-Larsen Variation,3,nmiq,black,playablecharacter,2420,2484,loss,0.0
0CtIRBl7,2025-12-17T23:43:10.970000+00:00,180+0,standard,blitz,True,timeout,black,26,nmiq,mattmachtmatt,2427,2296,-8,8,C00,French Defense: Baeuerle Gambit,4,nmiq,white,mattmachtmatt,2427,2296,loss,0.0
NNfyBVVR,2025-12-14T02:26:30.382000+00:00,60+0,standard,bullet,True,mate,black,124,nmiq,FrankRibbery,2549,2477,-7,42,B12,"Caro-Kann Defense: Advance Variation, Botvinnik-Carls Defense",6,nmiq,white,FrankRibbery,2549,2477,loss,0.0
dhPBS5BC,2025-12-14T01:10:51.381000+00:00,180+0,standard,blitz,True,outoftime,black,152,oehyeung,nmiq,2418,2425,-13,6,B40,Sicilian Defense: French Variation,4,nmiq,black,oehyeung,2425,2418,win,1.0
1ZsW4gSS,2025-12-09T15:49:00.766000+00:00,60+0,standard,bullet,True,resign,white,91,nmiq,extazy_uzb_01,2544,2474,5,-4,B12,Caro-Kann Defense: Advance Variation,5,nmiq,white,extazy_uzb_01,2544,2474,win,1.0
YCwJkIav,2025-12-01T01:45:58.590000+00:00,600+0,standard,rapid,True,outoftime,black,130,nmiq,DiamondChampion,2551,2383,-19,13,B47,"Sicilian Defense: Taimanov Variation, Bastrikov Variation",10,nmiq,white,DiamondChampion,2551,2383,loss,0.0
ZU3gfdQH,2025-11-29T21:07:37.237000+00:00,180+0,standard,blitz,True,resign,white,57,nmiq,KonanderBarbar,2420,2394,6,-5,B90,"Sicilian Defense: Najdorf Variation, English Attack",11,nmiq,white,KonanderBarbar,2420,2394,win,1.0
E8qCaBCR,2025-11-29T04:50:43.057000+00:00,60+0,standard,bullet,True,outoftime,white,99,khaled_senna,nmiq,2513,2582,6,-7,A05,King's Indian Attack: Symmetrical Defense,4,nmiq,black,khaled_senna,2582,2513,loss,0.0
5edKnyeJ,2025-11-26T03:40:30.436000+00:00,180+2,standard,blitz,True,resign,black,44,Gold_dust_games,nmiq,2267,2423,-4,3,C43,"Petrov's Defense: Modern Attack, Center Variation",7,nmiq,black,Gold_dust_games,2423,2267,win,1.0
uZzPoJ0u,2025-11-26T03:31:43.540000+00:00,180+2,standard,blitz,True,outoftime,black,58,nmiq,arno111,2428,2478,-5,5,B30,Sicilian Defense: Nyezhmetdinov-Rossolimo Attack,5,nmiq,white,arno111,2428,2478,loss,0.0
hG5YPBXZ,2025-11-26T03:20:44.396000+00:00,180+2,standard,blitz,True,resign,black,122,nmiq,Yuteno,2436,2279,-8,17,B31,"Sicilian Defense: Nyezhmetdinov-Rossolimo Attack, Fianchetto Variation",6,nmiq,white,Yuteno,2436,2279,loss,0.0
eI9hwhkZ,2025-11-25T04:49:57.080000+00:00,180+0,standard,blitz,True,mate,black,46,tylerket,nmiq,2328,2444,-4,4,C42,Petrov's Defense: Damiano Variation,6,nmiq,black,tylerket,2444,2328,win,1.0
Q20dS6FL,2025-11-25T04:44:22.137000+00:00,180+0,standard,blitz,True,resign,white,85,nmiq,BRAINGOSLING,2439,2425,5,-19,C48,Four Knights Game: Spanish Variation,7,nmiq,white,BRAINGOSLING,2439,2425,win,1.0
h9zC1ZbR,2025-11-25T04:38:14.049000+00:00,180+0,standard,blitz,True,outoftime,black,78,ErgRaider,nmiq,2475,2432,-7,7,D90,Grünfeld Defense: Three Knights Variation,8,nmiq,black,ErgRaider,2432,2475,win,1.0
o7tx1FsL,2025-11-25T02:48:53.991000+00:00,180+0,standard,blitz,True,outoftime,white,83,Ibra12345678,nmiq,2347,2445,7,-7,D93,"Grünfeld Defense: Three Knights Variation, Hungarian Variation",11,nmiq,black,Ibra12345678,2445,2347,loss,0.0
j8mNUYW6,2025-11-25T01:23:38.590000+00:00,180+0,standard,blitz,True,outoftime,black,66,nmiq,rarestfrozen,2445,2428,-6,16,C15,"French Defense: Winawer Variation, Delayed Exchange Variation",7,nmiq,white,rarestfrozen,2445,2428,loss,0.0
42tHNrz5,2025-11-22T03:52:04.452000+00:00,60+0,standard,bullet,True,outoftime,black,102,Mozartus,nmiq,2613,2568,-7,7,D77,Neo-Grünfeld Defense: Classical Variation,11,nmiq,black,Mozartus,2568,2613,win,1.0
jNFZePw9,2025-11-20T03:26:19.809000+00:00,480+0,standard,rapid,True,resign,black,94,nmiq,BlueJayBro,2567,2594,-12,14,B30,Sicilian Defense: Nyezhmetdinov-Rossolimo Attack,5,nmiq,white,BlueJayBro,2567,2594,loss,0.0
LGMy6CHi,2025-11-19T22:35:17.656000+00:00,600+0,standard,rapid,True,mate,white,145,nmiq,GojoSensei345,2561,2366,6,-2,C48,"Four Knights Game: Spanish Variation, Ranken Variation",9,nmiq,white,GojoSensei345,2561,2366,win,1.0
bOSfbgB8,2025-11-19T05:11:55.232000+00:00,600+0,standard,rapid,True,resign,black,84,Shustrick,nmiq,2524,2547,-8,14,C27,Vienna Game: Frankenstein-Dracula Variation,6,nmiq,black,Shustrick,2547,2524,win,1.0
7ZbIlvhR,2025-11-19T04:53:05.375000+00:00,600+0,standard,rapid,True,resign,white,67,nmiq,Shustrick,2533,2533,14,-9,B30,Sicilian Defense: Nyezhmetdinov-Rossolimo Attack,5,nmiq,white,Shustrick,2533,2533,win,1.0
Bhj3ZVjV,2025-11-19T03:52:24.940000+00:00,600+0,standard,rapid,True,mate,white,45,nmiq,NewGarryKasparov,2520,2492,13,-15,B72,Sicilian Defense: Dragon Variation,11,nmiq,white,NewGarryKasparov,2520,2492,win,1.0
aw6Vup3I,2025-11-19T03:27:47.809000+00:00,600+0,standard,rapid,True,resign,black,64,Trubnik,nmiq,2418,2499,-5,13,C29,"Vienna Game: Vienna Gambit, Modern Variation",9,nmiq,black,Trubnik,2499,2418,win,1.0
qjJpOkd4,2025-11-15T08:17:02.536000+00:00,180+0,standard,blitz,True,resign,white,61,Sonics1962,nmiq,2413,2451,6,-6,A04,Zukertort Opening: Kingside Fianchetto,2,nmiq,black,Sonics1962,2451,2413,loss,0.0
u9G8UnT8,2025-11-12T06:59:04.896000+00:00,180+0,standard,blitz,True,resign,black,44,AdowbongManacc,nmiq,2440,2431,-6,5,C42,"Petrov's Defense: Damiano Variation, Kholmov Gambit",8,nmiq,black,AdowbongManacc,2431,2440,win,1.0
ZM9Ns4X2,2025-11-10T08:05:23.994000+00:00,60+0,standard,bullet,True,mate,black,42,nmiq,Agentbishop,2637,2639,-6,6,D10,Slav Defense,6,nmiq,white,Agentbishop,2637,2639,loss,0.0
lJq0hDD3,2025-11-08T16:51:25.250000+00:00,180+0,standard,blitz,True,outoftime,black,70,nmiq,Baluk,2451,2403,-7,7,B76,"Sicilian Defense: Dragon Variation, Yugoslav Attack, Modern Line",17,nmiq,white,Baluk,2451,2403,loss,0.0
GThjZoK5,2026-01-30T15:50:39.071000+00:00,60+0,crazyhouse,bullet,True,mate,black,50,Salomon_V,Ezengwori,2208,2155,-11,7,B07,Pirc Defense: Kholmov System,7,Salomon_V,white,Ezengwori,2208,2155,loss,0.0
A1S6XT8O,2026-01-22T16:15:43.748000+00:00,900+15,standard,classical,True,resign,black,44,Salomon_V,xzxm,2316,2095,-19,18,C54,"Italian Game: Classical Variation, Giuoco Pianissimo, with a6",10,Salomon_V,white,xzxm,2316,2095,loss,0.0
NdGSm81g,2026-01-22T15:58:47.920000+00:00,180+0,standard,blitz,True,resign,white,53,Salomon_V,artmaxgen,2324,2269,6,-5,B01,Scandinavian Defense: Valencian Variation,6,Salomon_V,white,artmaxgen,2324,2269,win,1.0
MmIUn3ku,2026-01-22T15:53:03.612000+00:00,180+0,standard,blitz,True,draw,,66,Salomon_V,waste_a_moment,2325,2310,-1,0,B00,Pirc Defense,2,Salomon_V,white,waste_a_moment,2325,2310,draw,0.5
cWZ9Wpm3,2026-01-22T15:42:56.526000+00:00,180+0,standard,blitz,True,resign,black,132,DmitryCherepov,Salomon_V,2333,2316,-6,9,A28,"English Opening: King's English Variation, Four Knights Variation, Flexible Line",7,Salomon_V,black,DmitryCherepov,2316,2333,win,1.0
sL4Xd8HS,2026-01-21T17:04:40.858000+00:00,180+0,crazyhouse,blitz,True,mate,white,71,Orxan_Hasanov,Salomon_V,2061,2222,8,-11,C00,French Defense: Mediterranean Defense,4,Salomon_V,black,Orxan_Hasanov,2222,2061,loss,0.0
0k60gVZM,2026-01-21T01:32:49.421000+00:00,180+0,standard,blitz,True,outoftime,white,139,Rin_po_chess_5,Salomon_V,2324,2324,6,-8,A45,Indian Defense,2,Salomon_V,black,Rin_po_chess_5,2324,2324,loss,0.0
NrqhTZvo,2026-01-20T16:10:17.929000+00:00,180+0,standard,blitz,True,resign,black,52,Salomon_V,Dannielito,2329,2490,-5,3,B15,Caro-Kann Defense: Main Line,7,Salomon_V,white,Dannielito,2329,2490,loss,0.0
SniVaQtD,2026-01-20T15:49:52.356000+00:00,1500+10,standard,classical,True,resign,white,59,Salomon_V,MithreshD,2313,1969,3,-1,C53,"Italian Game: Classical Variation, La Bourdonnais Variation",12,Salomon_V,white,MithreshD,2313,1969,win,1.0
MZ1iHEjL,2026-01-19T21:25:11.557000+00:00,1500+0,standard,classical,True,resign,white,35,trening33,Salomon_V,2277,2327,18,-14,A45,Indian Defense: Accelerated London System,3,Salomon_V,black,trening33,2327,2277,loss,0.0
tqAOPfzG,2026-01-19T21:18:14.230000+00:00,180+0,standard,blitz,True,resign,black,46,Salomon_V,dimon-piston,2339,2231,-10,8,B01,Scandinavian Defense: Marshall Variation,6,Salomon_V,white,dimon-piston,2339,2231,loss,0.0
hJjtDsee,2026-01-19T21:12:16.370000+00:00,180+2,crazyhouse,blitz,True,resign,white,37,bvanvliet9,Salomon_V,2250,2228,5,-6,B00,Nimzowitsch Defense: Franco-Nimzowitsch Variation,4,Salomon_V,black,bvanvliet9,2228,2250,loss,0.0
ALpmFq7H,2026-01-19T16:47:42.991000+00:00,180+2,crazyhouse,blitz,True,resign,black,64,Salomon_V,gsvc,2218,2820,-1,1,C47,Four Knights Game: Italian Variation,7,Salomon_V,white,gsvc,2218,2820,loss,0.0
kaxX9xBQ,2026-01-18T20:24:56.861000+00:00,180+0,standard,blitz,True,resign,black,28,Salomon_V,Fidgi0910,2344,2486,-5,4,B47,"Sicilian Defense: Taimanov Variation, Bastrikov Variation",10,Salomon_V,white,Fidgi0910,2344,2486,loss,0.0
2PUMM1OL,2026-01-18T20:21:26.511000+00:00,180+0,standard,blitz,True,resign,white,67,Fidgi0910,Salomon_V,2483,2349,3,-5,E93,"King's Indian Defense: Petrosian Variation, Normal Defense",14,Salomon_V,black,Fidgi0910,2349,2483,loss,0.0
TDpajDaT,2026-01-18T20:19:43.022000+00:00,15+0,standard,ultraBullet,True,outoftime,white,71,emptymoon,Salomon_V,1759,2022,9,-16,A00,Mieses Opening,1,Salomon_V,black,emptymoon,2022,1759,loss,0.0
WqJt7eQq,2026-01-18T20:18:23.725000+00:00,15+0,standard,ultraBullet,True,mate,white,59,emptymoon,Salomon_V,1752,2036,9,-18,A00,Mieses Opening,1,Salomon_V,black,emptymoon,2036,1752,loss,0.0
mRHgqkNO,2026-01-16T17:53:06.763000+00:00,60+0,chess960,bullet,True,outoftime,black,76,Sultai,Salomon_V,2602,2283,-10,12,,,,Salomon_V,black,Sultai,2283,2602,win,1.0
9mzeP5Pk,2026-01-16T17:14:17.398000+00:00,1200+10,standard,classical,True,resign,black,56,Ey3inthesky,Salomon_V,2038,2322,-3,5,C59,"Italian Game: Two Knights Defense, Polerio Defense, Suhle Defense",16,Salomon_V,black,Ey3inthesky,2322,2038,win,1.0
3CDCNGpK,2026-01-02T15:00:55.296000+00:00,900+15,standard,classical,True,resign,black,110,Salomon_V,RumusJulli,2332,2357,-10,10,C07,"French Defense: Tarrasch Variation, Open System, Euwe-Keres Line",7,Salomon_V,white,RumusJulli,2332,2357,loss,0.0
OaPF9r0r,2025-12-30T05:05:19.998000+00:00,1500+10,standard,classical,True,resign,white,139,Dude128,Salomon_V,2129,2348,8,-16,E60,King's Indian Defense: Fianchetto Variation,7,Salomon_V,black,Dude128,2348,2129,loss,0.0
WceX21PT,2025-12-28T22:51:48.179000+00:00,300+3,standard,blitz,True,resign,black,76,Salomon_V,Taktychenko,2365,2315,-6,7,E20,Nimzo-Indian Defense: Kmoch Variation,7,Salomon_V,white,Taktychenko,2365,2315,loss,0.0
dGKNUQ23,2025-12-28T22:22:40.923000+00:00,300+3,standard,blitz,True,resign,black,94,j_coca,Salomon_V,2209,2360,-4,4,C20,King's Pawn Game: King's Head Opening,5,Salomon_V,black,j_coca,2360,2209,win,1.0
yUef5Boh,2025-12-28T20:07:41.157000+00:00,300+3,standard,blitz,True,resign,black,46,Taktychenko,Salomon_V,2291,2390,-4,5,C08,"French Defense: Tarrasch Variation, Open System",8,Salomon_V,black,Taktychenko,2390,2291,win,1.0
JYTPdM8E,2025-12-28T18:56:18.367000+00:00,300+3,standard,blitz,True,resign,black,48,ChessMasterXtreme420,Salomon_V,2258,2381,-4,4,C15,"French Defense: Winawer Variation, Delayed Exchange Variation",7,Salomon_V,black,ChessMasterXtreme420,2381,2258,win,1.0
D92X63Ih,2025-12-28T16:14:11.892000+00:00,300+3,standard,blitz,True,resign,black,48,Salomon_V,IT_Is_RaJ,2383,2031,-10,10,B23,"Sicilian Defense: Closed, Traditional",4,Salomon_V,white,IT_Is_RaJ,2383,2031,loss,0.0
nZN9ka74,2025-12-28T05:33:18.090000+00:00,300+3,standard,blitz,True,outoftime,black,76,Salomon_V,GGivero_2013_AgSur,2392,2113,-10,15,B23,Sicilian Defense: Closed,3,Salomon_V,white,GGivero_2013_AgSur,2392,2113,loss,0.0
Aq5I4I3I,2025-12-28T05:05:43.522000+00:00,300+3,standard,blitz,True,resign,black,74,Salomon_V,ElTostadinho,2401,2483,-4,30,C50,"Italian Game: Classical Variation, Albin Gambit",9,Salomon_V,white,ElTostadinho,2401,2483,loss,0.0
ZFYzwVvF,2025-12-28T02:54:03.563000+00:00,300+3,standard,blitz,True,resign,black,68,CoachAnton,Salomon_V,2421,2422,-6,6,C00,French Defense: Schlechter Variation,5,Salomon_V,black,CoachAnton,2422,2421,win,1.0
1ARX1uwU,2025-12-28T02:43:08.656000+00:00,300+3,standard,blitz,True,resign,black,84,Clivy,Salomon_V,2029,2418,-2,1,C05,"French Defense: Tarrasch Variation, Closed Variation",12,Salomon_V,black,Clivy,2418,2029,win,1.0
FgyyBltr,2026-01-29T13:15:00.757000+00:00,180+0,standard,blitz,True,resign,black,58,Bardiya___Daneshvar,italyastageleri,2816,2768,-11,7,A05,King's Indian Attack: Symmetrical Defense,4,Bardiya___Daneshvar,white,italyastageleri,2816,2768,loss,0.0
iCdOXRO7,2026-01-29T13:08:44.351000+00:00,180+0,standard,blitz,True,resign,white,79,Bardiya___Daneshvar,MelkMaschinenMeister,2810,2664,6,-4,B10,Caro-Kann Defense: Endgame Offer,5,Bardiya___Daneshvar,white,MelkMaschinenMeister,2810,2664,win,1.0
78ySxYdR,2026-01-29T13:02:39.366000+00:00,180+0,standard,blitz,True,resign,black,154,MelkMaschinenMeister,Bardiya___Daneshvar,2667,2804,-3,6,A15,"English Opening: Anglo-Indian Defense, Queen's Indian Formation",4,Bardiya___Daneshvar,black,MelkMaschinenMeister,2804,2667,win,1.0
TT4kfe7A,2026-01-29T12:57:15.796000+00:00,180+0,standard,blitz,True,resign,white,93,Bardiya___Daneshvar,MelkMaschinenMeister,2798,2671,6,-4,A07,King's Indian Attack,3,Bardiya___Daneshvar,white,MelkMaschinenMeister,2798,2671,win,1.0
cclDcSOs,2026-01-29T12:55:45.060000+00:00,180+0,standard,blitz,True,resign,black,52,MelkMaschinenMeister,Bardiya___Daneshvar,2675,2791,-4,7,A15,"English Opening: Anglo-Indian Defense, Anti-Anti-Grünfeld",7,Bardiya___Daneshvar,black,MelkMaschinenMeister,2791,2675,win,1.0
hREJ78Ss,2026-01-29T12:54:32.090000+00:00,180+0,standard,blitz,True,resign,white,39,Bardiya___Daneshvar,MelkMaschinenMeister,2784,2679,7,-4,A06,Nimzo-Larsen Attack: Classical Variation,3,Bardiya___Daneshvar,white,MelkMaschinenMeister,2784,2679,win,1.0
aTCqFfaw,2026-01-29T12:48:21.663000+00:00,180+0,standard,blitz,True,draw,,168,MelkMaschinenMeister,Bardiya___Daneshvar,2677,2787,2,-3,A15,"English Opening: Anglo-Indian Defense, Anti-Anti-Grünfeld",7,Bardiya___Daneshvar,black,MelkMaschinenMeister,2787,2677,draw,0.5
GaViZ06w,2026-01-29T12:45:25.196000+00:00,180+0,standard,blitz,True,resign,white,71,Bardiya___Daneshvar,MelkMaschinenMeister,2780,2681,7,-4,A13,"English Opening: Agincourt Defense, Catalan Defense",9,Bardiya___Daneshvar,white,MelkMaschinenMeister,2780,2681,win,1.0
7X8LzSvf,2026-01-28T10:43:15.569000+00:00,180+0,standard,blitz,True,outoftime,black,142,Bardiya___Daneshvar,SublimeWarrior,2791,2802,-11,5,A35,"English Opening: Symmetrical Variation, Four Knights Variation",6,Bardiya___Daneshvar,white,SublimeWarrior,2791,2802,loss,0.0
7hHc9mCr,2026-01-28T10:37:22.907000+00:00,180+0,standard,blitz,True,resign,white,83,SublimeWarrior,Bardiya___Daneshvar,2796,2801,6,-10,A56,Benoni Defense,4,Bardiya___Daneshvar,black,SublimeWarrior,2801,2796,loss,0.0
Df2g7BE4,2026-01-28T10:31:11.810000+00:00,180+0,standard,blitz,True,resign,white,103,elconceto,Bardiya___Daneshvar,2911,2809,4,-8,E71,King's Indian Defense: Makogonov Variation,9,Bardiya___Daneshvar,black,elconceto,2809,2911,loss,0.0
qJ8y9xXy,2026-01-28T10:24:55.360000+00:00,180+0,standard,blitz,True,resign,black,78,Bardiya___Daneshvar,Barys74,2825,2707,-16,8,A04,Zukertort Opening: Sicilian Invitation,2,Bardiya___Daneshvar,white,Barys74,2825,2707,loss,0.0
eOKOV90P,2026-01-28T10:21:51.279000+00:00,180+0,standard,blitz,True,resign,white,51,Bardiya___Daneshvar,Abik02,2813,2822,12,-5,A09,"Réti Opening: Advance Variation, Michel Gambit",6,Bardiya___Daneshvar,white,Abik02,2813,2822,win,1.0
b4eHwLzU,2026-01-28T10:16:13.180000+00:00,180+0,standard,blitz,True,mate,black,92,Abik02,Bardiya___Daneshvar,2829,2799,-7,14,C03,"French Defense: Tarrasch Variation, Morozevich Variation",6,Bardiya___Daneshvar,black,Abik02,2799,2829,win,1.0
EZm2dja6,2025-12-19T16:30:02.885000+00:00,120+0,standard,bullet,True,outoftime,,162,Riquelme93,Bardiya___Daneshvar,3076,3087,0,0,A48,London System,8,Bardiya___Daneshvar,black,Riquelme93,3087,3076,draw,0.5
3RWd5bWv,2025-10-25T19:43:57.137000+00:00,60+0,standard,bullet,True,resign,white,73,Night-King96,Bardiya___Daneshvar,3223,3092,4,-5,A40,Queen's Pawn Game,1,Bardiya___Daneshvar,black,Night-King96,3092,3223,loss,0.0
KYK46GFP,2025-10-25T19:41:30.763000+00:00,60+0,standard,bullet,True,outoftime,white,117,tamojerry,Bardiya___Daneshvar,3040,3101,9,-9,B01,Scandinavian Defense: Valencian Variation,6,Bardiya___Daneshvar,black,tamojerry,3101,3040,loss,0.0
VCiOvJaY,2025-10-25T19:36:05.231000+00:00,60+0,standard,bullet,True,outoftime,black,188,Bardiya___Daneshvar,chesscode93,3106,2718,-14,10,A07,King's Indian Attack,3,Bardiya___Daneshvar,white,chesscode93,3106,2718,loss,0.0
1Kt5qmqy,2025-10-25T19:23:27.200000+00:00,60+0,standard,bullet,True,resign,black,108,Bardiya___Daneshvar,KontraJaKO,3104,3120,-8,6,A04,Zukertort Opening: Sicilian Invitation,2,Bardiya___Daneshvar,white,KontraJaKO,3104,3120,loss,0.0
5sXSgkIu,2025-10-25T19:03:14.521000+00:00,60+0,standard,bullet,True,outoftime,black,120,supermanA,Bardiya___Daneshvar,2866,3081,-3,5,A45,Indian Defense: Accelerated London System,3,Bardiya___Daneshvar,black,supermanA,3081,2866,win,1.0
R2zzpgLM,2025-10-20T20:06:52.272000+00:00,300+0,standard,blitz,True,resign,black,28,Bardiya___Daneshvar,bomba777,2812,2360,-13,13,B01,"Scandinavian Defense: Main Line, Mieses Variation",8,Bardiya___Daneshvar,white,bomba777,2812,2360,loss,0.0
SN8YR7sY,2025-10-20T20:04:23.331000+00:00,300+0,standard,blitz,True,resign,white,65,dfsocial,Bardiya___Daneshvar,2702,2821,8,-9,E62,"King's Indian Defense: Fianchetto Variation, Lesser Simagin (Spassky)",14,Bardiya___Daneshvar,black,dfsocial,2821,2702,loss,0.0
JKyYzt15,2025-10-20T20:00:01.139000+00:00,300+0,standard,blitz,True,resign,black,118,Bardiya___Daneshvar,Arsen_Chess,2830,2727,-9,9,A05,King's Indian Attack,4,Bardiya___Daneshvar,white,Arsen_Chess,2830,2727,loss,0.0
0XbOPxDO,2025-10-14T11:07:29.377000+00:00,180+0,standard,blitz,True,resign,white,55,Andrey11976,Bardiya___Daneshvar,2832,2836,6,-6,A45,Trompowsky Attack,3,Bardiya___Daneshvar,black,Andrey11976,2836,2832,loss,0.0
VAAMtGH0,2025-10-11T20:58:24.739000+00:00,180+0,standard,blitz,True,draw,,73,Bardiya___Daneshvar,EricRosen,2840,2641,-4,3,A07,"King's Indian Attack, with e6",6,Bardiya___Daneshvar,white,EricRosen,2840,2641,draw,0.5
VhRYeSts,2025-10-11T20:57:55.867000+00:00,180+0,standard,blitz,True,draw,,23,Bardiya___Daneshvar,tacticthunder,2842,2730,-2,2,A04,Zukertort Opening: Sicilian Invitation,2,Bardiya___Daneshvar,white,tacticthunder,2842,2730,draw,0.5
vfxW5Swu,2025-10-11T20:55:00.394000+00:00,180+0,standard,blitz,True,resign,white,109,Zhigalko_Sergei,Bardiya___Daneshvar,2779,2850,6,-8,B22,Sicilian Defense: Delayed Alapin Variation,10,Bardiya___Daneshvar,black,Zhigalko_Sergei,2850,2779,loss,0.0
be5c6NaY,2025-10-11T20:52:06.970000+00:00,180+0,standard,blitz,True,resign,black,130,Zaven_ChessMood,Bardiya___Daneshvar,2708,2846,-4,4,B23,Sicilian Defense: Closed,3,Bardiya___Daneshvar,black,Zaven_ChessMood,2846,2708,win,1.0
P1uytDlg,2025-10-11T20:48:42.528000+00:00,180+0,standard,blitz,True,draw,,147,AngelitoRT,Bardiya___Daneshvar,2880,2845,-1,1,A45,Trompowsky Attack,3,Bardiya___Daneshvar,black,AngelitoRT,2845,2880,draw,0.5
l12Jyoaw,2025-10-11T20:45:46.966000+00:00,180+0,standard,blitz,True,resign,white,107,Bardiya___Daneshvar,Zhigalko_Sergei,2839,2776,6,-4,A07,King's Indian Attack,3,Bardiya___Daneshvar,white,Zhigalko_Sergei,2839,2776,win,1.0
aFrSG4US,2026-01-28T22:09:17.420000+00:00,180+0,standard,blitz,True,resign,black,90,TimAina1,Abik02,2806,2830,-8,6,C24,Bishop's Opening: Berlin Defense,4,TimAina1,white,Abik02,2806,2830,loss,0.0
WlICTf76,2026-01-12T14:58:52.272000+00:00,180+0,standard,blitz,True,resign,white,27,TimAina1,sergolvz,2802,2635,4,-3,D02,"Queen's Pawn Game: London System, with e6",5,TimAina1,white,sergolvz,2802,2635,win,1.0
q0bTXX5l,2025-12-23T21:40:07.983000+00:00,180+0,standard,blitz,True,resign,black,40,TimAina1,Tigran-Harutyunyan,2809,2838,-7,9,D02,"Queen's Pawn Game: Symmetrical Variation, Pseudo-Catalan",5,TimAina1,white,Tigran-Harutyunyan,2809,2838,loss,0.0
KY1pEmFp,2025-12-11T08:48:36.682000+00:00,180+0,standard,blitz,True,outoftime,black,56,Lanvig,TimAina1,2591,2805,-3,4,B32,Sicilian Defense: Godiva Variation,8,TimAina1,black,Lanvig,2805,2591,win,1.0
qiuMzvIa,2025-12-04T11:16:57.407000+00:00,180+0,standard,blitz,True,resign,black,140,TimAina1,Bryakin_Mikhail,2812,2796,-7,19,B31,"Sicilian Defense: Nyezhmetdinov-Rossolimo Attack, Fianchetto Variation",6,TimAina1,white,Bryakin_Mikhail,2812,2796,loss,0.0
f9JLfAPT,2025-11-30T00:48:38.544000+00:00,180+0,standard,blitz,True,resign,white,123,TimAina1,Aristarch_Kukuev,2807,2746,5,-8,A00,Van't Kruijs Opening,1,TimAina1,white,Aristarch_Kukuev,2807,2746,win,1.0
Y2iOxBEX,2025-11-30T00:28:21.912000+00:00,180+0,standard,blitz,True,resign,black,64,Speedrunto2800e,TimAina1,2663,2804,-15,3,A80,Dutch Defense,2,TimAina1,black,Speedrunto2800e,2804,2663,win,1.0
QsERsRBH,2025-11-28T13:17:03.392000+00:00,180+0,standard,blitz,True,outoftime,white,107,TimAina1,wonderland305,2797,2840,7,-6,B25,Sicilian Defense: Closed,11,TimAina1,white,wonderland305,2797,2840,win,1.0
2LBNSV8J,2025-11-28T10:48:37.956000+00:00,180+0,standard,blitz,True,resign,black,82,Prul1979,TimAina1,2630,2794,-3,3,A80,Dutch Defense,2,TimAina1,black,Prul1979,2794,2630,win,1.0
rwzRw2kK,2025-11-27T18:03:28.101000+00:00,180+0,standard,blitz,True,resign,black,112,Cyprain_W,TimAina1,2781,2788,-6,6,A00,Van Geet Opening,1,TimAina1,black,Cyprain_W,2788,2781,win,1.0
VPKKRw8U,2025-11-27T15:12:56.437000+00:00,180+0,standard,blitz,True,resign,black,60,TimAina1,kacper05,2795,2717,-7,11,A03,Bird Opening: Dutch Variation,2,TimAina1,white,kacper05,2795,2717,loss,0.0
7qYdV7Ni,2025-11-27T15:07:02.420000+00:00,180+0,standard,blitz,True,resign,white,83,TimAina1,FranklinAPalomo,2791,2703,4,-4,A02,Bird Opening,1,TimAina1,white,FranklinAPalomo,2791,2703,win,1.0
fKRchKi4,2025-11-27T14:08:46.021000+00:00,180+0,standard,blitz,True,outoftime,black,136,theonlyoneshoo,TimAina1,2598,2788,-3,3,B00,Pirc Defense,3,TimAina1,black,theonlyoneshoo,2788,2598,win,1.0
9OtKryxx,2025-11-27T13:59:28.850000+00:00,180+0,standard,blitz,True,resign,black,96,BreadPitt2011,TimAina1,2520,2785,-2,3,B09,Pirc Defense: Austrian Attack,7,TimAina1,black,BreadPitt2011,2785,2520,win,1.0
RMM0gOHN,2025-11-27T13:39:40.341000+00:00,180+0,standard,blitz,True,mate,white,71,TimAina1,Malakhov_Igor,2782,2631,3,-3,A02,Bird Opening,1,TimAina1,white,Malakhov_Igor,2782,2631,win,1.0
f2QVZk7I,2025-11-27T13:30:40.671000+00:00,180+0,standard,blitz,True,outoftime,white,141,TimAina1,withyourmoney,2777,2692,5,-4,A01,Nimzo-Larsen Attack: Indian Variation,2,TimAina1,white,withyourmoney,2777,2692,win,1.0
WPwYCVIx,2025-11-27T13:23:13.598000+00:00,180+0,standard,blitz,True,resign,black,42,Perdamburetsky007,TimAina1,2728,2772,-6,5,B06,Modern Defense: Standard Defense,6,TimAina1,black,Perdamburetsky007,2772,2728,win,1.0
DWuOfTpd,2025-11-27T13:18:46.767000+00:00,180+0,standard,blitz,True,resign,black,54,Perdamburetsky007,TimAina1,2733,2766,-5,6,B06,Modern Defense: Standard Defense,6,TimAina1,black,Perdamburetsky007,2766,2733,win,1.0
4BTmioQY,2025-11-26T17:14:02.591000+00:00,60+0,standard,bullet,True,resign,white,25,TimAina1,urpok23,2911,2791,4,-4,C42,Petrov's Defense: Stafford Gambit,8,TimAina1,white,urpok23,2911,2791,win,1.0
Nr0OHU4I,2025-11-23T18:28:44.352000+00:00,180+0,standard,blitz,True,mate,black,72,notrashopenings,TimAina1,2646,2761,-4,5,D13,Slav Defense: Exchange Variation,8,TimAina1,black,notrashopenings,2761,2646,win,1.0
x1WGi8bB,2025-11-18T21:54:42.470000+00:00,180+0,standard,blitz,True,mate,black,88,TimAina1,AP-2804,2768,2755,-7,6,A02,Bird Opening,1,TimAina1,white,AP-2804,2768,2755,loss,0.0
XcnV8DrC,2025-11-17T23:12:44.663000+00:00,60+0,standard,bullet,True,resign,black,84,TimAina1,RD-2,2917,2878,-6,13,A04,Zukertort Opening: Sicilian Invitation,2,TimAina1,white,RD-2,2917,2878,loss,0.0
uKHfFSei,2025-11-12T14:30:50.884000+00:00,180+0,standard,blitz,True,resign,black,63,TimAina1,gmmitkov,2776,2570,-8,9,A40,Horwitz Defense,2,TimAina1,white,gmmitkov,2776,2570,loss,0.0
WtPn75eZ,2025-11-10T09:55:42.724000+00:00,180+0,standard,blitz,True,draw,,29,Futurexxx,TimAina1,2669,2778,2,-2,C11,"French Defense: Classical Variation, Swiss Variation",7,TimAina1,black,Futurexxx,2778,2669,draw,0.5
Mup6Xvr7,2025-11-10T09:48:33.875000+00:00,180+0,standard,blitz,True,resign,black,76,TimAina1,IgorVershinin2009,2785,2748,-7,6,A45,Indian Defense: Accelerated London System,3,TimAina1,white,IgorVershinin2009,2785,2748,loss,0.0
1CZBusDs,2025-11-10T09:42:20.312000+00:00,180+0,standard,blitz,True,outoftime,white,99,TimAina1,Eldoradoremi,2781,2612,4,-4,A45,Indian Defense: Accelerated London System,3,TimAina1,white,Eldoradoremi,2781,2612,win,1.0
UvcqBiIe,2025-11-06T14:56:53.414000+00:00,180+0,standard,blitz,True,resign,black,76,superatos,TimAina1,2481,2780,-2,1,B14,"Caro-Kann Defense: Panov Attack, Main Line",12,TimAina1,black,superatos,2780,2481,win,1.0
losgxd0k,2025-11-06T14:50:46.705000+00:00,180+0,standard,blitz,True,resign,black,55,cn_ua,TimAina1,2702,2775,-4,5,A10,English Opening: Anglo-Dutch Defense,2,TimAina1,black,cn_ua,2775,2702,win,1.0
d0wlVkpK,2025-11-06T10:44:17.294000+00:00,180+0,standard,blitz,True,resign,white,51,cheburashka15,TimAina1,2670,2783,9,-8,A43,Benoni Defense: Old Benoni,4,TimAina1,black,cheburashka15,2783,2670,loss,0.0
cklTLD0h,2025-11-05T16:18:30.196000+00:00,180+0,standard,blitz,True,outoftime,white,147,TimAina1,HardWork1996,2779,2638,4,-4,A03,Bird Opening: Dutch Variation,2,TimAina1,white,HardWork1996,2779,2638,win,1.0
aTUHsnZi,2026-01-29T17:15:27.078000+00:00,60+0,standard,bullet,True,resign,white,103,GrigoriiTer-Saakian,Tyumenskiy_KMC,3148,3066,5,-4,B02,Alekhine Defense: Sämisch Attack,5,GrigoriiTer-Saakian,white,Tyumenskiy_KMC,3148,3066,win,1.0
YJwbdLGD,2026-01-29T01:22:25.713000+00:00,30+0,standard,bullet,True,outoftime,white,95,Panashe47112229,GrigoriiTer-Saakian,2190,3158,12,-11,A04,Zukertort Opening: Kingside Fianchetto,2,GrigoriiTer-Saakian,black,Panashe47112229,3158,2190,loss,0.0
0ZDrgqe8,2026-01-28T20:21:53.457000+00:00,60+0,standard,bullet,True,outoftime,white,171,GrigoriiTer-Saakian,Ediz_Gurel,3161,3395,9,-9,B15,Caro-Kann Defense: Tartakower Variation,10,GrigoriiTer-Saakian,white,Ediz_Gurel,3161,3395,win,1.0
8JWXTtj9,2026-01-27T00:53:27.174000+00:00,60+0,standard,bullet,True,resign,white,47,NextAbracadabra,GrigoriiTer-Saakian,2929,3182,9,-9,A45,Indian Defense,2,GrigoriiTer-Saakian,black,NextAbracadabra,3182,2929,loss,0.0
w4M2R1ID,2026-01-27T00:27:48.373000+00:00,60+0,standard,bullet,True,resign,black,92,GrigoriiTer-Saakian,NextAbracadabra,3184,2926,-9,9,B40,"Sicilian Defense: Delayed Alapin Variation, with e6",5,GrigoriiTer-Saakian,white,NextAbracadabra,3184,2926,loss,0.0
6030dA4Z,2026-01-26T22:45:20.856000+00:00,60+0,standard,bullet,True,resign,black,30,pozvonochek,GrigoriiTer-Saakian,3058,3155,-4,4,A45,Trompowsky Attack,3,GrigoriiTer-Saakian,black,pozvonochek,3155,3058,win,1.0
V6yMc8Ei,2026-01-26T22:07:51.030000+00:00,60+0,standard,bullet,True,draw,,158,GrigoriiTer-Saakian,o3gx,3158,2913,-3,4,C47,Four Knights Game,6,GrigoriiTer-Saakian,white,o3gx,3158,2913,draw,0.5
r89lF4U1,2026-01-26T00:47:22.259000+00:00,60+0,standard,bullet,True,resign,black,72,pozvonochek,GrigoriiTer-Saakian,3005,3148,-4,3,A45,Trompowsky Attack,3,GrigoriiTer-Saakian,black,pozvonochek,3148,3005,win,1.0
ZgK8m72L,2026-01-26T00:39:20.574000+00:00,60+0,standard,bullet,True,mate,white,63,GrigoriiTer-Saakian,pozvonochek,3141,3011,4,-4,C47,Four Knights Game,6,GrigoriiTer-Saakian,white,pozvonochek,3141,3011,win,1.0
DvKq0iCu,2026-01-26T00:34:37.271000+00:00,60+0,standard,bullet,True,resign,white,49,pozvonochek,GrigoriiTer-Saakian,3011,3141,7,-7,A45,Trompowsky Attack,3,GrigoriiTer-Saakian,black,pozvonochek,3141,3011,loss,0.0
WyXoVeZE,2026-01-26T00:29:14.825000+00:00,60+0,standard,bullet,True,resign,white,49,GrigoriiTer-Saakian,pozvonochek,3130,3022,4,-4,C41,"Philidor Defense: Lion Variation, Shirov Gambit",9,GrigoriiTer-Saakian,white,pozvonochek,3130,3022,win,1.0
irWOs4As,2026-01-25T22:53:58.781000+00:00,15+0,standard,ultraBullet,True,mate,black,72,grandmaster322,GrigoriiTer-Saakian,2117,2072,-7,124,A04,Zukertort Opening: Kingside Fianchetto,2,GrigoriiTer-Saakian,black,grandmaster322,2072,2117,win,1.0
sthHrJkz,2026-01-25T22:50:11.754000+00:00,15+0,standard,ultraBullet,True,mate,white,43,GrigoriiTer-Saakian,Ilovehyperbulletxo,1975,1871,97,-33,B00,Pirc Defense,2,GrigoriiTer-Saakian,white,Ilovehyperbulletxo,1975,1871,win,1.0
2B5pApan,2026-01-25T22:39:10.446000+00:00,30+0,standard,bullet,True,outoftime,black,38,Lubiteli,GrigoriiTer-Saakian,1964,3108,0,0,D00,Blackmar-Diemer Gambit: von Popiel Gambit,7,GrigoriiTer-Saakian,black,Lubiteli,3108,1964,win,1.0
W2CVK4tp,2026-01-25T19:20:02.876000+00:00,60+0,standard,bullet,True,draw,,133,GrigoriiTer-Saakian,ErmolaevAndrey,3116,2925,-3,3,C11,"French Defense: Steinitz Variation, Boleslavsky Variation",13,GrigoriiTer-Saakian,white,ErmolaevAndrey,3116,2925,draw,0.5
XvC29qxl,2026-01-25T16:34:04.779000+00:00,30+0,standard,bullet,True,outoftime,white,105,GrigoriiTer-Saakian,RakitinD,3119,3149,6,-6,C41,Philidor Defense: Lion Variation,8,GrigoriiTer-Saakian,white,RakitinD,3119,3149,win,1.0
gv5NWK1H,2026-01-25T15:36:00.172000+00:00,60+0,standard,bullet,True,resign,black,104,Bigmiller,GrigoriiTer-Saakian,2857,3115,-2,3,B00,Nimzowitsch Defense,2,GrigoriiTer-Saakian,black,Bigmiller,3115,2857,win,1.0
x0e15pp7,2026-01-25T15:34:43.352000+00:00,60+0,standard,bullet,True,resign,white,57,GrigoriiTer-Saakian,Bigmiller,3113,2859,2,-2,B06,Modern Defense: Standard Line,5,GrigoriiTer-Saakian,white,Bigmiller,3113,2859,win,1.0
76BqpHBs,2026-01-23T22:30:06.405000+00:00,60+0,standard,bullet,True,mate,black,90,GrigoriiTer-Saakian,KostyaRehsibyRussia,3105,3110,-6,6,B30,Sicilian Defense: Nyezhmetdinov-Rossolimo Attack,5,GrigoriiTer-Saakian,white,KostyaRehsibyRussia,3105,3110,loss,0.0
YWqC7gin,2026-01-23T00:10:56.317000+00:00,60+0,standard,bullet,True,mate,black,134,GrigoriiTer-Saakian,Alamzhi,3098,3021,-7,7,B01,"Scandinavian Defense: Main Line, Leonhardt Gambit",7,GrigoriiTer-Saakian,white,Alamzhi,3098,3021,loss,0.0
JYLs0vgQ,2026-01-22T20:23:51.912000+00:00,180+0,standard,blitz,True,resign,black,24,GrigoriiTer-Saakian,KIS_BAGOLY,2428,2531,-4,7,B22,Sicilian Defense: Delayed Alapin Variation,10,GrigoriiTer-Saakian,white,KIS_BAGOLY,2428,2531,loss,0.0
XZZiwDo0,2026-01-22T20:18:13.917000+00:00,180+0,standard,blitz,True,resign,white,55,realcyberbird,GrigoriiTer-Saakian,2454,2433,5,-5,A40,Queen's Pawn Game: Modern Defense,2,GrigoriiTer-Saakian,black,realcyberbird,2433,2454,loss,0.0
ytqagWET,2026-01-22T20:14:34.064000+00:00,180+0,standard,blitz,True,resign,black,80,GrigoriiTer-Saakian,Odnoobraz,2438,2548,-5,4,B06,"Modern Defense: Two Knights Variation, Suttles Variation",8,GrigoriiTer-Saakian,white,Odnoobraz,2438,2548,loss,0.0
SezO8sFK,2026-01-22T20:10:36.211000+00:00,180+0,standard,blitz,True,resign,black,146,ThirdRook,GrigoriiTer-Saakian,2251,2434,-3,4,A04,Zukertort Opening: Pirc Invitation,2,GrigoriiTer-Saakian,black,ThirdRook,2434,2251,win,1.0
f8WB0BK9,2026-01-22T20:09:40.800000+00:00,180+0,standard,blitz,True,resign,black,30,GrigoriiTer-Saakian,Serg_01,2438,2581,-4,3,B01,Scandinavian Defense: Valencian Variation,6,GrigoriiTer-Saakian,white,Serg_01,2438,2581,loss,0.0
pENubROq,2026-01-22T20:07:45.974000+00:00,180+0,standard,blitz,True,resign,black,68,DmitriyBiryuk777,GrigoriiTer-Saakian,2534,2431,-7,7,B07,Pirc Defense,6,GrigoriiTer-Saakian,black,DmitriyBiryuk777,2431,2534,win,1.0
VWnHlHfz,2026-01-22T20:05:29.882000+00:00,180+0,standard,blitz,True,mate,black,84,terra87,GrigoriiTer-Saakian,2335,2426,-5,5,D85,Grünfeld Defense: Exchange Variation,8,GrigoriiTer-Saakian,black,terra87,2426,2335,win,1.0
EGDrVijb,2026-01-22T20:00:54.167000+00:00,180+0,standard,blitz,True,outoftime,white,75,GrigoriiTer-Saakian,rnv23xxx,2423,2223,3,-3,B00,Pirc Defense,4,GrigoriiTer-Saakian,white,rnv23xxx,2423,2223,win,1.0
Pwn6iHQ5,2026-01-22T19:55:50.662000+00:00,180+0,standard,blitz,True,outoftime,white,89,GrigoriiTer-Saakian,ArtiedaGreggD,2422,2099,1,-1,B01,Scandinavian Defense: Modern Variation,4,GrigoriiTer-Saakian,white,ArtiedaGreggD,2422,2099,win,1.0
h1xTnmO6,2026-01-22T19:52:36.081000+00:00,180+0,standard,blitz,True,draw,,90,realcyberbird,GrigoriiTer-Saakian,2442,2421,-1,1,A41,Old Indian Defense,3,GrigoriiTer-Saakian,black,realcyberbird,2421,2442,draw,0.5
dgjyNRuf,2026-02-01T20:20:05.523000+00:00,1800+0,standard,classical,True,resign,white,119,renselmatthew,grrrrrrr_r,2346,2343,11,-12,C50,"Italian Game: Giuoco Pianissimo, Italian Four Knights Variation",9,grrrrrrr_r,black,renselmatthew,2343,2346,loss,0.0
OPNPuUA9,2026-02-01T18:29:04.473000+00:00,60+0,standard,bullet,True,mate,white,43,Bugs_45,grrrrrrr_r,2608,2654,7,-6,B35,"Sicilian Defense: Accelerated Dragon, Modern Bc4 Variation",13,grrrrrrr_r,black,Bugs_45,2654,2608,loss,0.0
KnNDEiJq,2026-02-01T00:34:58.473000+00:00,1800+0,standard,classical,True,draw,,141,FlyingLemon,grrrrrrr_r,2272,2345,1,-2,C70,"Ruy Lopez: Morphy Defense, Schliemann Defense Deferred",8,grrrrrrr_r,black,FlyingLemon,2345,2272,draw,0.5
q70bfquJ,2026-01-30T23:40:23.724000+00:00,180+0,threeCheck,blitz,True,resign,black,70,grrrrrrr_r,Good_Knight_Mare,2163,1879,-24,12,C00,French Defense: Queen's Knight,3,grrrrrrr_r,white,Good_Knight_Mare,2163,1879,loss,0.0
US2F0HT5,2026-01-30T23:17:02.159000+00:00,180+0,threeCheck,blitz,True,variantEnd,black,52,grrrrrrr_r,Good_Knight_Mare,2142,1851,-29,14,A00,Van Geet Opening,1,grrrrrrr_r,white,Good_Knight_Mare,2142,1851,loss,0.0
BvTC55Ms,2026-01-27T00:50:47.563000+00:00,180+2,standard,blitz,True,resign,white,45,grrrrrrr_r,MANgGugULO_LAnG,2430,2461,10,-6,A37,"English Opening: Symmetrical Variation, Botvinnik System Reversed, with Nf3",13,grrrrrrr_r,white,MANgGugULO_LAnG,2430,2461,win,1.0
XOD4G50o,2026-01-26T14:53:31.899000+00:00,1800+0,standard,classical,True,mate,black,58,ChampionBaku1,grrrrrrr_r,2256,2335,-10,10,C56,"Italian Game: Scotch Gambit, Anderssen Attack",15,grrrrrrr_r,black,ChampionBaku1,2335,2256,win,1.0
AYJNOlDf,2026-01-25T17:34:29.086000+00:00,1500+0,standard,classical,True,mate,white,125,grrrrrrr_r,boec-2021,2322,2356,13,-8,B00,Pirc Defense,4,grrrrrrr_r,white,boec-2021,2322,2356,win,1.0
BSQyimrZ,2026-01-25T17:01:52.555000+00:00,1800+0,standard,classical,True,resign,black,70,boec-2021,grrrrrrr_r,2366,2306,-10,16,E32,Nimzo-Indian Defense: Classical Variation,7,grrrrrrr_r,black,boec-2021,2306,2366,win,1.0
4T3obhDg,2026-01-25T03:13:58.882000+00:00,60+0,standard,bullet,True,mate,white,49,daniiruizz,grrrrrrr_r,2795,2660,4,-3,B06,Modern Defense: Two Knights Variation,7,grrrrrrr_r,black,daniiruizz,2660,2795,loss,0.0
RMlxwFHG,2026-01-25T03:07:45.898000+00:00,60+0,standard,bullet,True,mate,white,101,grrrrrrr_r,AniDG,2650,2461,2,-3,A00,Hungarian Opening: Symmetrical Variation,2,grrrrrrr_r,white,AniDG,2650,2461,win,1.0
QNdCIGph,2026-01-24T21:12:48.949000+00:00,60+0,standard,bullet,True,resign,white,63,grrrrrrr_r,Landmijn,2643,2587,5,-5,A00,Hungarian Opening,1,grrrrrrr_r,white,Landmijn,2643,2587,win,1.0
slZutrDV,2026-01-23T21:13:25.701000+00:00,1800+0,standard,classical,True,resign,white,117,boec-2021,grrrrrrr_r,2338,2336,10,-13,A56,Benoni Defense,4,grrrrrrr_r,black,boec-2021,2336,2338,loss,0.0
sHusZxgU,2026-01-23T20:15:12.079000+00:00,1800+0,standard,classical,True,resign,white,93,Antonesko1999,grrrrrrr_r,2151,2358,10,-22,A00,Grob Opening: Keene Defense,6,grrrrrrr_r,black,Antonesko1999,2358,2151,loss,0.0
i1Okmmrw,2026-01-22T01:55:45.763000+00:00,1800+0,standard,classical,True,mate,white,143,grrrrrrr_r,GRANDMASTER-MADE,2351,2154,7,-3,B10,Caro-Kann Defense: Endgame Variation,9,grrrrrrr_r,white,GRANDMASTER-MADE,2351,2154,win,1.0
S6aeU2Ua,2026-01-19T19:55:46.051000+00:00,0+4,racingKings,bullet,True,resign,white,39,grrrrrrr_r,pla13131313,1746,1969,73,-8,,,,grrrrrrr_r,white,pla13131313,1746,1969,win,1.0
sjAcUPMg,2026-01-17T15:22:40.673000+00:00,60+0,standard,bullet,True,resign,white,43,TYNCHTYKBEK,grrrrrrr_r,2510,2619,8,-7,B06,"Pterodactyl Defense: Eastern, Anhanguera",7,grrrrrrr_r,black,TYNCHTYKBEK,2619,2510,loss,0.0
fb0NNSLY,2026-01-11T19:45:47.927000+00:00,1800+0,standard,classical,True,outoftime,white,83,grrrrrrr_r,polipekodbytu,2343,2211,8,-21,B10,Caro-Kann Defense: Endgame Variation,9,grrrrrrr_r,white,polipekodbytu,2343,2211,win,1.0
e4arUjJl,2026-01-10T02:27:38.241000+00:00,1800+0,standard,classical,True,resign,black,30,Gameoverbruh,grrrrrrr_r,2189,2345,-4,9,A56,Benoni Defense,4,grrrrrrr_r,black,Gameoverbruh,2345,2189,win,1.0
2nwtyVZ1,2026-01-07T18:22:23.670000+00:00,1800+0,standard,classical,True,draw,,87,grrrrrrr_r,Icegrinder45,2349,2243,-4,2,C25,Vienna Game: Max Lange Defense,4,grrrrrrr_r,white,Icegrinder45,2349,2243,draw,0.5
gyWuTNU4,2026-01-04T17:19:09.367000+00:00,1800+0,standard,classical,True,resign,white,69,emandr,grrrrrrr_r,2384,2341,15,-13,C50,"Italian Game: Giuoco Pianissimo, Normal",8,grrrrrrr_r,black,emandr,2341,2384,loss,0.0
6uk8b01N,2026-01-04T15:49:25.024000+00:00,180+2,standard,blitz,True,resign,white,45,bielaj,grrrrrrr_r,2520,2449,12,-6,A00,Hungarian Opening,1,grrrrrrr_r,black,bielaj,2449,2520,loss,0.0
uFbriHzh,2026-01-03T23:54:17.522000+00:00,1800+0,standard,classical,True,outoftime,white,133,Tita-por-siempre,grrrrrrr_r,2232,2362,16,-21,C70,"Ruy Lopez: Morphy Defense, Schliemann Defense Deferred, Jaenisch Gambit Deferred",9,grrrrrrr_r,black,Tita-por-siempre,2362,2232,loss,0.0
lc2rHICv,2026-01-02T22:24:40.392000+00:00,1800+0,standard,classical,True,resign,white,49,grrrrrrr_r,vonWerlich,2350,2254,12,-16,C25,Vienna Game: Max Lange Defense,4,grrrrrrr_r,white,vonWerlich,2350,2254,win,1.0
xmQvLMSj,2026-01-01T22:39:48.451000+00:00,1800+0,standard,classical,True,resign,white,41,grrrrrrr_r,VuvukVuveliy,2334,2343,16,-20,B10,Caro-Kann Defense: Endgame Offer,5,grrrrrrr_r,white,VuvukVuveliy,2334,2343,win,1.0
Qd3NhhKC,2025-12-29T16:49:18.589000+00:00,180+2,standard,blitz,True,mate,white,69,gross7,grrrrrrr_r,2471,2487,8,-8,C42,Petrov's Defense,5,grrrrrrr_r,black,gross7,2487,2471,loss,0.0
1GYfNlat,2025-12-28T16:05:35.416000+00:00,180+2,standard,blitz,True,mate,white,83,Maci,grrrrrrr_r,2386,2483,7,-9,A43,Benoni Defense: Benoni-Indian Defense,4,grrrrrrr_r,black,Maci,2483,2386,loss,0.0
kgQ38TsO,2025-12-28T15:34:20.876000+00:00,180+2,standard,blitz,True,resign,white,49,grrrrrrr_r,shae11,2471,2614,11,-10,B15,Caro-Kann Defense: Tartakower Variation,10,grrrrrrr_r,white,shae11,2471,2614,win,1.0
Ue2APTCn,2025-12-26T15:59:30.302000+00:00,180+2,standard,blitz,True,resign,black,68,L0cust,grrrrrrr_r,2451,2452,-10,8,A43,Benoni Defense: Benoni-Indian Defense,4,grrrrrrr_r,black,L0cust,2452,2451,win,1.0
XOmbpOTT,2025-12-26T05:11:42.423000+00:00,180+2,standard,blitz,True,draw,,82,grrrrrrr_r,Iprotiv,2442,2489,1,0,C50,"Italian Game: Giuoco Pianissimo, Italian Four Knights Variation",9,grrrrrrr_r,white,Iprotiv,2442,2489,draw,0.5
TphuAcQD,2026-01-05T12:47:36.960000+00:00,60+0,standard,bullet,True,outoftime,black,102,Abik02,WTFIsThatOpening,3230,3101,-41,9,B00,Pirc Defense,2,WTFIsThatOpening,black,Abik02,3101,3230,win,1.0
0MY87EyZ,2025-12-24T14:10:35.466000+00:00,60+0,standard,bullet,True,resign,white,49,WTFIsThatOpening,cp_dcm,3090,2883,3,-2,A00,Kádas Opening,1,WTFIsThatOpening,white,cp_dcm,3090,2883,win,1.0
aSxpOveS,2025-12-23T21:50:18.342000+00:00,60+0,standard,bullet,True,mate,black,132,Romaa2011,WTFIsThatOpening,3085,3090,-6,6,B00,Ware Defense,2,WTFIsThatOpening,black,Romaa2011,3090,3085,win,1.0
s95lHmHl,2025-12-23T15:29:38.254000+00:00,15+0,standard,ultraBullet,True,outoftime,black,40,mdcard,WTFIsThatOpening,1487,1423,-5,134,A40,Englund Gambit,2,WTFIsThatOpening,black,mdcard,1423,1487,win,1.0
ZUtTIfDw,2025-12-22T15:14:54.796000+00:00,60+0,standard,bullet,True,mate,white,65,WTFIsThatOpening,promacherrrr,3068,3024,5,-5,A00,Kádas Opening,1,WTFIsThatOpening,white,promacherrrr,3068,3024,win,1.0
Qzp4nWNS,2025-12-21T23:48:49.416000+00:00,60+0,standard,bullet,True,resign,black,52,pozvonochek,WTFIsThatOpening,3028,3056,-5,5,A40,Queen's Pawn Game,1,WTFIsThatOpening,black,pozvonochek,3056,3028,win,1.0
PRbPnEhB,2025-12-21T14:43:39.814000+00:00,60+0,standard,bullet,True,draw,,77,WTFIsThatOpening,Nozdrachev_Vladislav,3057,2961,-1,2,A00,Kádas Opening,1,WTFIsThatOpening,white,Nozdrachev_Vladislav,3057,2961,draw,0.5
xUUEvu4Q,2025-12-21T14:18:35.972000+00:00,60+0,standard,bullet,True,mate,black,118,chad_paterson,WTFIsThatOpening,2869,3054,-4,3,A01,Nimzo-Larsen Attack,1,WTFIsThatOpening,black,chad_paterson,3054,2869,win,1.0
b5Gi3aKb,2025-12-21T13:57:15.240000+00:00,60+0,standard,bullet,True,resign,white,45,WTFIsThatOpening,Menyxtas,3051,2890,3,-3,A00,Kádas Opening,1,WTFIsThatOpening,white,Menyxtas,3051,2890,win,1.0
EwNB8rwJ,2025-12-21T12:25:31.252000+00:00,60+0,standard,bullet,True,resign,black,62,SouthAfricanWolf,WTFIsThatOpening,2861,3048,-3,3,A40,Queen's Pawn Game,1,WTFIsThatOpening,black,SouthAfricanWolf,3048,2861,win,1.0
BPIhInVZ,2025-12-20T14:14:07.569000+00:00,60+0,standard,bullet,True,resign,white,83,WTFIsThatOpening,yankitaspinar,3043,2983,5,-4,A00,Kádas Opening,1,WTFIsThatOpening,white,yankitaspinar,3043,2983,win,1.0
iIIX2RLT,2025-12-20T13:59:08.549000+00:00,60+0,standard,bullet,True,mate,black,66,TelephonePlayer,WTFIsThatOpening,2989,3038,-5,5,A10,English Opening,1,WTFIsThatOpening,black,TelephonePlayer,3038,2989,win,1.0
37O2SsbF,2025-12-20T13:55:03.223000+00:00,60+0,standard,bullet,True,draw,,65,WTFIsThatOpening,Nozdrachev_Vladislav,3040,2952,-2,2,A00,Kádas Opening,1,WTFIsThatOpening,white,Nozdrachev_Vladislav,3040,2952,draw,0.5
80WL9APG,2025-12-20T03:31:01.074000+00:00,60+0,standard,bullet,True,resign,black,66,Chess-Network,WTFIsThatOpening,2883,3036,-4,4,B00,Ware Defense,2,WTFIsThatOpening,black,Chess-Network,3036,2883,win,1.0
jVdSag1Y,2025-12-19T01:49:27.252000+00:00,60+0,standard,bullet,True,resign,white,29,calcu_later,WTFIsThatOpening,3023,3042,6,-6,A40,Queen's Pawn Game,1,WTFIsThatOpening,black,calcu_later,3042,3023,loss,0.0
6HBECF8I,2025-12-19T01:44:59.701000+00:00,60+0,standard,bullet,True,resign,white,103,WTFIsThatOpening,Anwesh9792,3038,2922,4,-4,A00,Kádas Opening,1,WTFIsThatOpening,white,Anwesh9792,3038,2922,win,1.0
RDqmRSp3,2025-12-19T00:29:23.534000+00:00,60+0,standard,bullet,True,resign,white,67,WTFIsThatOpening,Alex200505,3034,2880,4,-3,A00,Kádas Opening,1,WTFIsThatOpening,white,Alex200505,3034,2880,win,1.0
bFgE7vqN,2025-12-18T12:25:47.515000+00:00,60+0,standard,bullet,True,resign,black,70,Hausigel,WTFIsThatOpening,2988,3029,-6,5,A10,English Opening,1,WTFIsThatOpening,black,Hausigel,3029,2988,win,1.0
J5ajaPEW,2025-12-18T12:21:47.736000+00:00,60+0,standard,bullet,True,mate,white,61,WTFIsThatOpening,marekreliga_alt2,3024,2912,5,-4,A00,Kádas Opening,1,WTFIsThatOpening,white,marekreliga_alt2,3024,2912,win,1.0
QcHhROU8,2025-12-16T12:05:11.429000+00:00,60+0,standard,bullet,True,mate,white,79,WTFIsThatOpening,Alamzhi,3025,2967,5,-5,A00,Kádas Opening,1,WTFIsThatOpening,white,Alamzhi,3025,2967,win,1.0
7kkzwzoq,2025-12-15T13:18:01.578000+00:00,60+0,standard,bullet,True,resign,black,62,Polyclinical,WTFIsThatOpening,3057,3018,-7,7,A00,Hungarian Opening,1,WTFIsThatOpening,black,Polyclinical,3018,3057,win,1.0
9QtoPePO,2025-12-15T13:10:27.316000+00:00,60+0,standard,bullet,True,mate,black,74,Ditrealman,WTFIsThatOpening,2982,3012,-5,6,B00,Goldsmith Defense,2,WTFIsThatOpening,black,Ditrealman,3012,2982,win,1.0
qunIb7Lw,2025-12-15T02:47:15.105000+00:00,60+0,standard,bullet,True,mate,black,154,WTFIsThatOpening,ThePatrick27,3022,2821,-10,9,A00,Kádas Opening,1,WTFIsThatOpening,white,ThePatrick27,3022,2821,loss,0.0
SieGhNAD,2025-12-15T01:00:40.414000+00:00,60+0,standard,bullet,True,resign,white,49,WTFIsThatOpening,Rumbitttos,3018,2893,4,-3,A00,Kádas Opening,1,WTFIsThatOpening,white,Rumbitttos,3018,2893,win,1.0
wmdAejlp,2025-12-13T21:37:26.801000+00:00,60+0,standard,bullet,True,mate,black,130,soon_in_June,WTFIsThatOpening,2799,3014,-2,4,A40,Queen's Pawn Game,1,WTFIsThatOpening,black,soon_in_June,3014,2799,win,1.0
lF9ETDU1,2025-12-12T13:57:45.950000+00:00,60+0,standard,bullet,True,resign,white,67,WTFIsThatOpening,ZigZagBB,3010,2902,4,-4,A00,Kádas Opening,1,WTFIsThatOpening,white,ZigZagBB,3010,2902,win,1.0
QJ08pfGY,2025-12-12T04:59:04.694000+00:00,60+0,standard,bullet,True,resign,black,74,Peko1234,WTFIsThatOpening,2842,3006,-3,4,B00,Ware Defense,2,WTFIsThatOpening,black,Peko1234,3006,2842,win,1.0
71gohX4K,2025-12-11T04:02:27.242000+00:00,60+0,standard,bullet,True,resign,black,64,JurgenSanchez97,WTFIsThatOpening,3017,3000,-6,6,B00,Ware Defense,2,WTFIsThatOpening,black,JurgenSanchez97,3000,3017,win,1.0
D6giNHL0,2025-12-05T13:24:53.187000+00:00,60+0,standard,bullet,True,mate,black,74,CyberSpace_xd,WTFIsThatOpening,2845,2993,-4,4,A40,Queen's Pawn Game,1,WTFIsThatOpening,black,CyberSpace_xd,2993,2845,win,1.0
7LeZozRJ,2025-11-30T18:58:47.407000+00:00,60+0,standard,bullet,True,mate,black,152,I_Am_The_Wise_Raven,WTFIsThatOpening,2776,2983,-3,3,A00,Clemenz Opening,1,WTFIsThatOpening,black,I_Am_The_Wise_Raven,2983,2776,win,1.0
BQKUZiqK,2026-01-31T21:58:34.042000+00:00,60+0,standard,bullet,True,mate,white,161,wizard98,Ediz_Gurel,3094,3303,8,-9,B01,Scandinavian Defense: Modern Variation,4,Ediz_Gurel,black,wizard98,3303,3094,loss,0.0
JOapWkXZ,2026-01-31T21:56:57.285000+00:00,60+0,standard,bullet,True,resign,black,110,Ediz_Gurel,chess-art-us,3309,3272,-6,6,A46,Indian Defense: Knights Variation,3,Ediz_Gurel,white,chess-art-us,3309,3272,loss,0.0
A6pxV6p5,2026-01-31T21:42:38.225000+00:00,60+0,standard,bullet,True,resign,white,95,evilhamburger,Ediz_Gurel,2957,3335,10,-11,B01,Scandinavian Defense: Panov Transfer,6,Ediz_Gurel,black,evilhamburger,3335,2957,loss,0.0
ysNIZcIu,2026-01-31T21:40:01.644000+00:00,60+0,standard,bullet,True,resign,white,55,Ediz_Gurel,DIANOCHKA_LOVE11,3339,3111,3,-3,B10,Caro-Kann Defense: Two Knights Attack,5,Ediz_Gurel,white,DIANOCHKA_LOVE11,3339,3111,win,1.0
XYbDJDYC,2026-01-31T21:23:11.351000+00:00,60+0,standard,bullet,True,mate,white,89,evilhamburger,Ediz_Gurel,2956,3335,11,-10,B14,"Caro-Kann Defense: Panov Attack, Fianchetto Defense",10,Ediz_Gurel,black,evilhamburger,3335,2956,loss,0.0
FcOHFG2T,2026-01-31T21:18:26.557000+00:00,60+0,standard,bullet,True,outoftime,white,163,Zhigalko_Sergei,Ediz_Gurel,3143,3345,9,-9,C54,"Italian Game: Classical Variation, Giuoco Pianissimo",13,Ediz_Gurel,black,Zhigalko_Sergei,3345,3143,loss,0.0
wEP4brLK,2026-01-31T20:59:34.778000+00:00,60+0,standard,bullet,True,resign,white,29,junglebook1,Ediz_Gurel,3347,3344,6,-6,C25,"Vienna Gambit, with Max Lange Defense: Knight Variation",7,Ediz_Gurel,black,junglebook1,3344,3347,loss,0.0
3ZtfQ65o,2026-01-31T20:57:22.827000+00:00,60+0,standard,bullet,True,mate,black,110,Ediz_Gurel,Hooligan64,3351,3226,-7,8,B23,Sicilian Defense: Closed,3,Ediz_Gurel,white,Hooligan64,3351,3226,loss,0.0
spjQRA6T,2026-01-31T20:45:20.208000+00:00,60+0,standard,bullet,True,resign,white,77,Ediz_Gurel,specteryamasaki,3376,3017,1,-1,C00,French Defense: Chigorin Variation,3,Ediz_Gurel,white,specteryamasaki,3376,3017,win,1.0
K55CO8FH,2026-01-31T20:40:18.996000+00:00,60+0,standard,bullet,True,resign,black,56,wizard98,Ediz_Gurel,3079,3367,-2,2,B02,Alekhine Defense: Scandinavian Variation,4,Ediz_Gurel,black,wizard98,3367,3079,win,1.0
RdUETsvT,2026-01-31T20:38:06.617000+00:00,60+0,standard,bullet,True,mate,black,110,Ediz_Gurel,AngelitoRT,3375,3198,-8,9,A46,Torre Attack: Classical Defense,5,Ediz_Gurel,white,AngelitoRT,3375,3198,loss,0.0
0vtCd7yP,2026-01-31T20:32:29.431000+00:00,60+0,standard,bullet,True,resign,black,72,Zhigalko_Sergei,Ediz_Gurel,3155,3379,-2,2,C58,"Italian Game: Two Knights Defense, Polerio Defense, Bishop Check Line",11,Ediz_Gurel,black,Zhigalko_Sergei,3379,3155,win,1.0
9kYDYImv,2026-01-31T20:31:17.179000+00:00,60+0,standard,bullet,True,resign,white,77,Ediz_Gurel,Night-King96,3375,3244,4,-4,A01,Nimzo-Larsen Attack: Classical Variation,2,Ediz_Gurel,white,Night-King96,3375,3244,win,1.0
RC4jjcYh,2026-01-31T20:23:28.548000+00:00,60+0,standard,bullet,True,resign,white,83,Bardyk01,Ediz_Gurel,3043,3397,11,-10,A05,Zukertort Opening: Nimzo-Larsen Variation,3,Ediz_Gurel,black,Bardyk01,3397,3043,loss,0.0
uQdhX6u1,2026-01-31T20:15:11.865000+00:00,60+0,standard,bullet,True,outoftime,black,94,Night-King96,Ediz_Gurel,3254,3388,-4,4,C41,"Philidor Defense: Lion Variation, Forcing Line",15,Ediz_Gurel,black,Night-King96,3388,3254,win,1.0
1k48d1TH,2026-01-31T20:09:36.985000+00:00,60+0,standard,bullet,True,mate,white,75,Bardyk01,Ediz_Gurel,3020,3392,12,-10,B13,Caro-Kann Defense: Exchange Variation,5,Ediz_Gurel,black,Bardyk01,3392,3020,loss,0.0
3VqRyYG9,2026-01-31T20:03:42.328000+00:00,60+0,standard,bullet,True,outoftime,white,97,Ediz_Gurel,crazyluzhinTh3,3389,2742,1,-1,B08,Pirc Defense: Classical Variation,8,Ediz_Gurel,white,crazyluzhinTh3,3389,2742,win,1.0
AR8H6bgp,2026-01-31T20:01:16.111000+00:00,60+0,standard,bullet,True,outoftime,,134,yyoochess,Ediz_Gurel,3161,3393,10,-4,B10,Caro-Kann Defense,4,Ediz_Gurel,black,yyoochess,3393,3161,draw,0.5
ibQFfMGs,2026-01-31T20:00:01.959000+00:00,60+0,standard,bullet,True,resign,black,84,chess-art-us,Ediz_Gurel,3400,3386,-6,7,A07,"King's Indian Attack, with e6",6,Ediz_Gurel,black,chess-art-us,3386,3400,win,1.0
RxVUpmU6,2026-01-29T10:06:50.342000+00:00,15+0,standard,ultraBullet,True,outoftime,black,122,Ediz_Gurel,mraquariyaz67,2764,2761,-6,6,A10,English Opening: Great Snake Variation,2,Ediz_Gurel,white,mraquariyaz67,2764,2761,loss,0.0
4CjFN2aT,2026-01-29T10:04:45.473000+00:00,15+0,standard,ultraBullet,True,outoftime,white,115,mraquariyaz67,Ediz_Gurel,2761,2764,5,-6,B06,Modern Defense: Standard Defense,6,Ediz_Gurel,black,mraquariyaz67,2764,2761,loss,0.0
tGVh6YLg,2026-01-29T10:04:01.522000+00:00,15+0,standard,ultraBullet,True,outoftime,white,115,Ediz_Gurel,mraquariyaz67,2758,2766,6,-5,A01,Nimzo-Larsen Attack: Indian Variation,2,Ediz_Gurel,white,mraquariyaz67,2758,2766,win,1.0
6PMSw0ZE,2026-01-29T10:02:40.550000+00:00,15+0,standard,ultraBullet,True,mate,white,45,Ediz_Gurel,mraquariyaz67,2752,2772,6,-5,B06,Modern Defense,2,Ediz_Gurel,white,mraquariyaz67,2752,2772,win,1.0
XSyyhrgB,2026-01-29T09:59:05.383000+00:00,15+0,standard,ultraBullet,True,outoftime,black,84,Ediz_Gurel,mraquariyaz67,2762,2762,-6,6,A01,Nimzo-Larsen Attack: Modern Variation,4,Ediz_Gurel,white,mraquariyaz67,2762,2762,loss,0.0
sAtlJVmx,2026-01-29T09:57:17.882000+00:00,15+0,standard,ultraBullet,True,outoftime,white,109,mraquariyaz67,Ediz_Gurel,2756,2767,6,-5,B01,Scandinavian Defense,2,Ediz_Gurel,black,mraquariyaz67,2767,2756,loss,0.0
Tmj4SHQ9,2026-01-29T09:56:10.561000+00:00,15+0,standard,ultraBullet,True,resign,black,56,mraquariyaz67,Ediz_Gurel,2755,2768,-5,6,A43,Benoni Defense: Old Benoni,2,Ediz_Gurel,black,mraquariyaz67,2768,2755,win,1.0
pedsm1qn,2026-01-29T09:48:14.285000+00:00,15+0,standard,ultraBullet,True,outoftime,white,113,mraquariyaz67,Ediz_Gurel,2765,2757,6,-5,B06,Modern Defense: Standard Defense,6,Ediz_Gurel,black,mraquariyaz67,2757,2765,loss,0.0
aqj6pPAf,2026-01-29T09:46:14.983000+00:00,15+0,standard,ultraBullet,True,mate,white,55,Ediz_Gurel,mraquariyaz67,2751,2771,6,-6,A01,Nimzo-Larsen Attack: Modern Variation,4,Ediz_Gurel,white,mraquariyaz67,2751,2771,win,1.0
0ZDrgqe8,2026-01-28T20:21:53.457000+00:00,60+0,standard,bullet,True,outoftime,white,171,GrigoriiTer-Saakian,Ediz_Gurel,3161,3395,9,-9,B15,Caro-Kann Defense: Tartakower Variation,10,Ediz_Gurel,black,GrigoriiTer-Saakian,3395,3161,loss,0.0
hRLJyTaL,2026-01-27T16:38:24.413000+00:00,60+0,standard,bullet,True,resign,white,45,Ediz_Gurel,junglebook1,3379,3377,5,-5,C65,"Ruy Lopez: Classical Variation, Zukertort Gambit",9,Ediz_Gurel,white,junglebook1,3379,3377,win,1.0
9XJMsudR,2026-01-30T21:52:51.887000+00:00,1200+10,standard,classical,True,mate,white,65,quintof,ErMejo63,2291,1721,0,-1,A18,English Opening: Mikenas-Carls Variation,5,quintof,white,ErMejo63,2291,1721,win,1.0
sEB4xgt9,2026-01-30T13:17:24.457000+00:00,60+0,standard,bullet,True,outoftime,white,95,yurs09,quintof,2138,2469,10,-12,A43,Benoni Defense: Old Benoni,2,quintof,black,yurs09,2469,2138,loss,0.0
3E4uD0tf,2026-01-25T08:17:16.462000+00:00,60+1,standard,bullet,True,outoftime,white,59,quintof,kinkohyo,2482,2116,2,-2,B10,"Caro-Kann Defense: Accelerated Panov Attack, Modern Variation",8,quintof,white,kinkohyo,2482,2116,win,1.0
iI84xmpw,2026-01-23T20:30:00.710000+00:00,1500+3,standard,classical,True,outoftime,white,129,quintof,faudrez,2289,1843,2,0,A18,English Opening: Mikenas-Carls Variation,5,quintof,white,faudrez,2289,1843,win,1.0
dI9dVtE4,2026-01-22T18:25:59.749000+00:00,60+0,chess960,bullet,True,outoftime,white,67,Juvenilia,quintof,2246,2155,4,-6,,,,quintof,black,Juvenilia,2155,2246,loss,0.0
i9qsg6mk,2026-01-21T18:00:03.120000+00:00,1800+0,standard,classical,True,mate,black,88,TheAmaury,quintof,1721,2289,-1,0,A00,Hungarian Opening,1,quintof,black,TheAmaury,2289,1721,win,1.0
KPHYf5cZ,2026-01-21T17:29:20.838000+00:00,120+1,chess960,bullet,True,outoftime,black,72,GermanTresJaques,quintof,2133,2155,-6,7,,,,quintof,black,GermanTresJaques,2155,2133,win,1.0
umcEaGm6,2026-01-20T16:28:35.136000+00:00,60+1,standard,bullet,True,outoftime,black,72,ShamneAnton,quintof,2204,2479,-4,2,B42,"Sicilian Defense: Kan Variation, Polugaevsky Variation",10,quintof,black,ShamneAnton,2479,2204,win,1.0
qsH5CDPQ,2026-01-20T16:11:02.387000+00:00,60+1,standard,bullet,True,mate,white,87,quintof,kaduleyajithey,2478,1366,0,0,A10,English Opening,1,quintof,white,kaduleyajithey,2478,1366,win,1.0
Qhx3Vpsd,2026-01-16T21:18:17.546000+00:00,1500+3,standard,classical,True,resign,black,58,Eigen0121,quintof,1974,2286,-27,3,D27,"Queen's Gambit Accepted: Classical Defense, Rubinstein Variation",13,quintof,black,Eigen0121,2286,1974,win,1.0
VEAVu6lg,2026-01-16T20:30:00.077000+00:00,1500+3,standard,classical,True,resign,white,51,quintof,alex11star,2285,1921,1,-1,A25,"English Opening: King's English Variation, Reversed Closed Sicilian",4,quintof,white,alex11star,2285,1921,win,1.0
uJg8GeBX,2026-01-15T19:44:00.062000+00:00,600+0,standard,rapid,True,resign,black,66,muged,quintof,1193,2257,0,0,A00,Van't Kruijs Opening,1,quintof,black,muged,2257,1193,win,1.0
pNcsltTT,2026-01-14T18:58:58.630000+00:00,1800+0,standard,classical,True,resign,black,140,IliaChess80,quintof,1720,2284,-1,1,A09,Réti Opening: Réti Accepted,4,quintof,black,IliaChess80,2284,1720,win,1.0
GtNwGLve,2026-01-14T17:15:06.614000+00:00,1500+3,standard,classical,True,resign,white,51,Hormisdas,quintof,1981,2297,33,-13,D37,"Queen's Gambit Declined: Three Knights, Vienna Variation",8,quintof,black,Hormisdas,2297,1981,loss,0.0
333qMsyO,2026-01-14T16:26:21.756000+00:00,1500+3,standard,classical,True,resign,white,93,quintof,samkof,2295,1892,2,-1,A25,"English Opening: King's English Variation, Reversed Closed Sicilian",4,quintof,white,samkof,2295,1892,win,1.0
Z3H4f3K3,2026-01-14T15:28:02.021000+00:00,1500+3,standard,classical,True,resign,black,46,lasmatanzas,quintof,1769,2294,-1,1,B23,Sicilian Defense: Closed,4,quintof,black,lasmatanzas,2294,1769,win,1.0
lemJ1qs0,2026-01-13T15:18:37.303000+00:00,1500+3,standard,classical,True,resign,black,162,vkmonster1979,quintof,1620,2294,-5,0,B40,"Sicilian Defense: Delayed Alapin Variation, with e6",5,quintof,black,vkmonster1979,2294,1620,win,1.0
Ft6UQbhr,2026-01-13T14:51:41.860000+00:00,180+0,standard,blitz,True,mate,white,47,quintof,geburator,2335,1579,1,0,A21,"English Opening: King's English Variation, Reversed Sicilian",3,quintof,white,geburator,2335,1579,win,1.0
BUF9jpbW,2026-01-12T19:39:11.348000+00:00,1800+0,standard,classical,True,mate,black,88,Minu99,quintof,1898,2292,-6,2,D00,Queen's Pawn Game,3,quintof,black,Minu99,2292,1898,win,1.0
0OjMRb4p,2026-01-12T19:34:25.295000+00:00,60+0,standard,bullet,True,resign,black,52,Timoha_chess20,quintof,2584,2456,-16,7,A06,Zukertort Opening: Old Indian Attack,3,quintof,black,Timoha_chess20,2456,2584,win,1.0
f7UxbNcq,2026-01-12T17:53:09.509000+00:00,1500+3,standard,classical,True,outoftime,black,150,Chess_Wictor,quintof,2057,2289,-16,3,B21,Sicilian Defense: McDonnell Attack,3,quintof,black,Chess_Wictor,2289,2057,win,1.0
6ZmpQUAP,2026-01-12T17:50:17.471000+00:00,60+0,standard,bullet,True,outoftime,black,86,oiledaniel,quintof,1881,2453,-1,0,D02,"Queen's Pawn Game: London System, with e6",5,quintof,black,oiledaniel,2453,1881,win,1.0
gRxlDHh9,2026-01-12T16:53:48.679000+00:00,1500+3,standard,classical,True,mate,black,128,quintof,Aaronjhernandez,2302,1991,-13,22,A10,English Opening,1,quintof,white,Aaronjhernandez,2302,1991,loss,0.0
cYV1mNQQ,2026-01-12T16:12:21.761000+00:00,1500+3,standard,classical,True,outoftime,black,70,Lenin111,quintof,1977,2300,-4,2,B43,"Sicilian Defense: Kan Variation, Knight Variation",9,quintof,black,Lenin111,2300,1977,win,1.0
dRT4fqaN,2026-01-12T15:29:00.371000+00:00,1500+3,standard,classical,True,resign,white,51,quintof,Kobayashix1,2299,1609,1,-1,A36,"English Opening: Symmetrical Variation, Two Knights, Fianchetto Variation",5,quintof,white,Kobayashix1,2299,1609,win,1.0
bhnmQJDf,2026-01-11T20:30:01.718000+00:00,60+1,standard,bullet,True,mate,white,37,PsoyKorolenko,quintof,2280,2454,8,-8,B40,Sicilian Defense: Kramnik Variation,5,quintof,black,PsoyKorolenko,2454,2280,loss,0.0
mYytCiGT,2026-01-11T20:03:58.655000+00:00,0+1,standard,bullet,True,outoftime,white,53,kingkillerr,quintof,2169,2479,9,-9,B15,Caro-Kann Defense: Campomanes Attack,6,quintof,black,kingkillerr,2479,2169,loss,0.0
Es5qXGAa,2026-01-11T13:21:44.902000+00:00,60+0,standard,bullet,True,mate,white,69,quintof,ChessTrianer,2481,1744,0,-1,A21,"English Opening: King's English Variation, Reversed Sicilian",3,quintof,white,ChessTrianer,2481,1744,win,1.0
W3dOBpln,2026-01-11T11:43:06.522000+00:00,1500+3,standard,classical,True,resign,black,124,monica_belluci76,quintof,1799,2299,-1,0,D27,"Queen's Gambit Accepted: Classical Defense, Rubinstein Variation",13,quintof,black,monica_belluci76,2299,1799,win,1.0
qUGdzBAQ,2026-01-11T10:48:58.722000+00:00,1500+3,standard,classical,True,draw,,156,quintof,fighting1,2301,2210,-2,2,A16,"English Opening: Anglo-Indian Defense, Anglo-Grünfeld Variation",10,quintof,white,fighting1,2301,2210,draw,0.5
H1yiDH0M,2026-02-01T22:43:50.191000+00:00,60+0,standard,bullet,True,outoftime,white,75,verRookt,Jagulep,1824,2164,10,-10,A45,Indian Defense: Accelerated London System,3,Jagulep,black,verRookt,2164,1824,loss,0.0
bKKfgMgE,2026-02-01T22:39:36.804000+00:00,60+0,standard,bullet,True,mate,white,55,Jagulep,radoslawski,2159,2134,5,-6,B07,Czech Defense,6,Jagulep,white,radoslawski,2159,2134,win,1.0
ATt12EM1,2026-02-01T12:36:32.807000+00:00,60+0,standard,bullet,True,outoftime,black,86,Jagulep,Tucsonhacker,2172,1843,-10,10,C10,French Defense: Paulsen Variation,5,Jagulep,white,Tucsonhacker,2172,1843,loss,0.0
msdsVTMa,2026-02-01T10:48:23.664000+00:00,60+0,standard,bullet,True,mate,white,135,Jagulep,EgorAgapitov_2013,2151,2292,8,-8,C44,"Scotch Game: Scotch Gambit, Göring Gambit Declined",8,Jagulep,white,EgorAgapitov_2013,2151,2292,win,1.0
4WJebtwW,2026-02-01T10:42:27.495000+00:00,60+0,standard,bullet,True,mate,white,65,Grimuald,Jagulep,1923,2160,9,-9,A00,Van Geet Opening,1,Jagulep,black,Grimuald,2160,1923,loss,0.0
QTBfEs9S,2026-02-01T07:51:50.524000+00:00,60+0,standard,bullet,True,mate,white,87,DarkOnBerserk,Jagulep,2214,2168,11,-5,D02,Queen's Pawn Game: Chigorin Variation,4,Jagulep,black,DarkOnBerserk,2168,2214,loss,0.0
F2BaCjkf,2026-02-01T07:22:25.019000+00:00,60+0,standard,bullet,True,outoftime,white,77,Jagulep,andoytx,2163,1764,1,-1,B21,"Sicilian Defense: Morphy Gambit, Andreaschek Gambit",7,Jagulep,white,andoytx,2163,1764,win,1.0
Q33GbtwF,2026-02-01T05:50:07.207000+00:00,60+0,standard,bullet,True,outoftime,black,74,Jagulep,Barsa1984,2179,1726,-11,11,C20,King's Pawn Game: Beyer Gambit,4,Jagulep,white,Barsa1984,2179,1726,loss,0.0
U69tawjv,2026-02-01T04:32:23.890000+00:00,60+0,standard,bullet,True,outoftime,white,59,Jagulep,BengHao,2179,1801,1,-1,B21,Sicilian Defense: Smith-Morra Gambit Accepted,6,Jagulep,white,BengHao,2179,1801,win,1.0
SV7pGwZp,2026-02-01T04:26:46.042000+00:00,60+0,standard,bullet,True,outoftime,white,77,HenrySEvangelista,Jagulep,2070,2186,8,-7,A10,English Opening: Anglo-Scandinavian Defense,2,Jagulep,black,HenrySEvangelista,2186,2070,loss,0.0
ZNE8S39w,2026-02-01T02:21:44.865000+00:00,60+0,standard,bullet,True,outoftime,white,85,Jagulep,Wallstreetjunky,2169,2290,8,-8,B21,Sicilian Defense: Smith-Morra Gambit Accepted,6,Jagulep,white,Wallstreetjunky,2169,2290,win,1.0
fKA9dxzV,2026-02-01T02:05:24.612000+00:00,60+0,standard,bullet,True,outoftime,white,49,Jagulep,troncosov24,2144,2118,5,-5,B00,Pirc Defense,3,Jagulep,white,troncosov24,2144,2118,win,1.0
faOK51QP,2026-02-01T01:50:27.505000+00:00,60+0,standard,bullet,True,outoftime,white,125,Jagulep,Killerlion,2127,2433,9,-9,C21,Danish Gambit Accepted,6,Jagulep,white,Killerlion,2127,2433,win,1.0
NDWhHjQJ,2026-02-01T01:33:58.994000+00:00,60+0,standard,bullet,True,outoftime,black,68,apple84928249,Jagulep,2364,2108,-9,10,A10,English Opening: Anglo-Scandinavian Defense,2,Jagulep,black,apple84928249,2108,2364,win,1.0
OaZYB6YM,2026-01-31T10:42:49+00:00,60+0,standard,bullet,True,outoftime,black,86,Jagulep,blueanomoly,2109,2353,-2,4,C44,"Scotch Game: Scotch Gambit, Göring Gambit Declined",8,Jagulep,white,blueanomoly,2109,2353,loss,0.0
GxzclOjq,2026-01-31T09:19:02.589000+00:00,60+0,standard,bullet,True,mate,white,89,yvonnelight,Jagulep,1438,2129,11,-11,B01,Scandinavian Defense: Mieses-Kotroc Variation,4,Jagulep,black,yvonnelight,2129,1438,loss,0.0
Tuyfu7La,2026-01-31T09:08:14.536000+00:00,60+0,standard,bullet,True,mate,black,124,Jagulep,berto777,2141,2356,-3,3,B21,"Sicilian Defense: Smith-Morra Gambit Declined, Push Variation",6,Jagulep,white,berto777,2141,2356,loss,0.0
kYdwC8jl,2026-01-31T08:40:53.887000+00:00,60+0,standard,bullet,True,outoftime,black,64,Jagulep,imnoobiiimnoob,2143,1997,-8,8,D00,Blackmar-Diemer Gambit: Netherlands Variation,6,Jagulep,white,imnoobiiimnoob,2143,1997,loss,0.0
Tm3yuPLr,2026-01-31T08:14:40.394000+00:00,60+0,standard,bullet,True,mate,white,33,Jagulep,Janwronski,2136,1781,1,-2,B06,Modern Defense: Standard Defense,6,Jagulep,white,Janwronski,2136,1781,win,1.0
akn270hE,2026-01-31T04:28:14.779000+00:00,180+0,fromPosition,blitz,True,mate,black,60,Jagulep,bsb_chess,2137,1785,-10,10,,,,Jagulep,white,bsb_chess,2137,1785,loss,0.0
k2qqDnBa,2026-01-31T04:07:26.548000+00:00,180+0,fromPosition,blitz,True,mate,white,49,Joker2703,Jagulep,1884,2141,10,-9,,,,Jagulep,black,Joker2703,2141,1884,loss,0.0
058T7fha,2026-01-31T03:25:28.197000+00:00,60+0,fromPosition,bullet,True,mate,white,57,tomahawkthundervolt,Jagulep,1946,2155,9,-9,,,,Jagulep,black,tomahawkthundervolt,2155,1946,loss,0.0
snyrMkD6,2026-01-31T03:04:19.059000+00:00,60+0,fromPosition,bullet,True,mate,white,59,Valen4000,Jagulep,2014,2171,8,-8,,,,Jagulep,black,Valen4000,2171,2014,loss,0.0
nABYxPgF,2026-01-30T20:43:24.702000+00:00,1200+10,standard,classical,True,mate,white,141,Muhammadabdulvagabov,Jagulep,2052,2297,31,-23,A31,"English Opening: Symmetrical Variation, Anti-Benoni Variation",5,Jagulep,black,Muhammadabdulvagabov,2297,2052,loss,0.0
RbmTP0tq,2026-01-30T12:13:25.445000+00:00,60+0,standard,bullet,True,mate,black,36,Jagulep,DakhileM,2186,1759,-10,11,B00,Nimzowitsch Defense: Kennedy Variation,4,Jagulep,white,DakhileM,2186,1759,loss,0.0
FGpEZNkQ,2026-01-30T10:07:15.187000+00:00,60+0,standard,bullet,True,outoftime,black,84,Jagulep,Her_TCCStars,2188,1936,-9,11,C44,Scotch Game: Lolli Variation,6,Jagulep,white,Her_TCCStars,2188,1936,loss,0.0
uRfXQ2WG,2026-01-30T09:36:30.337000+00:00,60+0,standard,bullet,True,mate,white,63,Ibrohim_10,Jagulep,1939,2211,11,-9,A45,Indian Defense,2,Jagulep,black,Ibrohim_10,2211,1939,loss,0.0
bKo2B0VG,2026-01-30T07:22:09.670000+00:00,60+0,standard,bullet,True,mate,white,69,Lekax99,Jagulep,1602,2233,11,-11,B01,Scandinavian Defense: Mieses-Kotroc Variation,4,Jagulep,black,Lekax99,2233,1602,loss,0.0
kC4utRIt,2026-01-30T07:05:01.634000+00:00,60+0,standard,bullet,True,mate,white,61,ARSENIKUM-1986,Jagulep,2089,2240,8,-8,B01,Scandinavian Defense: Mieses-Kotroc Variation,4,Jagulep,black,ARSENIKUM-1986,2240,2089,loss,0.0
RcDKr4qK,2026-01-30T06:54:49.074000+00:00,60+0,standard,bullet,True,outoftime,black,130,Jagulep,Coach13,2235,2791,0,0,B21,"Sicilian Defense: Smith-Morra Gambit Accepted, Chicago Defense",18,Jagulep,white,Coach13,2235,2791,loss,0.0
6dzqXgBS,2026-01-27T14:51:49.897000+00:00,180+0,standard,blitz,True,resign,white,59,TheRealGenghisKhan,JakobPajeken,2780,2672,4,-3,D01,Rapport-Jobava System,5,TheRealGenghisKhan,white,JakobPajeken,2780,2672,win,1.0
FzwXtgeJ,2026-01-26T15:47:58.875000+00:00,180+0,standard,blitz,True,mate,white,47,TheRealGenghisKhan,cant_handle_h5,2779,2635,4,-3,D01,Rapport-Jobava System,5,TheRealGenghisKhan,white,cant_handle_h5,2779,2635,win,1.0
Nw083FXe,2026-01-26T15:29:51.729000+00:00,180+0,standard,blitz,True,resign,black,102,Vagizovich,TheRealGenghisKhan,2640,2770,-4,4,B01,"Scandinavian Defense: Modern Variation, Gipslis Variation",8,TheRealGenghisKhan,black,Vagizovich,2770,2640,win,1.0
QIBlDLGW,2026-01-26T12:19:46.651000+00:00,180+0,standard,blitz,True,resign,white,21,TheRealGenghisKhan,Romsta,2773,2552,2,-3,B13,Caro-Kann Defense: Exchange Variation,8,TheRealGenghisKhan,white,Romsta,2773,2552,win,1.0
umAPbgcj,2026-01-26T11:45:46.782000+00:00,180+0,standard,blitz,True,resign,black,128,Fabsid,TheRealGenghisKhan,2800,2778,-7,7,E91,King's Indian Defense: Orthodox Variation,11,TheRealGenghisKhan,black,Fabsid,2778,2800,win,1.0
39pjZ6HV,2026-01-26T11:07:09.928000+00:00,180+0,standard,blitz,True,draw,,41,TheRealGenghisKhan,Fabsid,2783,2805,0,0,D03,"Queen's Pawn Game: Torre Attack, Gossip Variation",6,TheRealGenghisKhan,white,Fabsid,2783,2805,draw,0.5
ikkLOrZX,2026-01-25T20:13:43.782000+00:00,180+0,standard,blitz,True,mate,white,105,TheRealGenghisKhan,Girke1976,2777,2675,4,-4,A45,Indian Defense: Reversed Chigorin Defense,4,TheRealGenghisKhan,white,Girke1976,2777,2675,win,1.0
fcPv6tq7,2026-01-25T20:00:42.274000+00:00,180+0,standard,blitz,True,resign,black,70,Odetaaari,TheRealGenghisKhan,2845,2767,-14,7,E97,"King's Indian Defense: Orthodox Variation, Bayonet Attack",17,TheRealGenghisKhan,black,Odetaaari,2767,2845,win,1.0
rAD2Anvk,2026-01-25T11:55:36.970000+00:00,180+0,standard,blitz,True,timeout,black,110,TheRealGenghisKhan,Buhmann,2773,2764,-6,6,A00,Hungarian Opening,1,TheRealGenghisKhan,white,Buhmann,2773,2764,loss,0.0
XaKaUh4f,2026-01-25T11:45:11.019000+00:00,180+0,standard,blitz,True,resign,white,55,TheRealGenghisKhan,SeekingCompensation,2767,2560,2,-3,A00,Hungarian Opening,1,TheRealGenghisKhan,white,SeekingCompensation,2767,2560,win,1.0
mAOxM5WP,2026-01-25T11:35:29.828000+00:00,180+0,standard,blitz,True,resign,black,44,umbrella5000,TheRealGenghisKhan,2539,2771,-3,2,A04,Zukertort Opening: Queenside Fianchetto Variation,2,TheRealGenghisKhan,black,umbrella5000,2771,2539,win,1.0
gP2KU7dU,2026-01-25T11:30:20.904000+00:00,180+0,standard,blitz,True,resign,black,68,TheRealGenghisKhan,filolog,2778,2726,-7,7,A00,Hungarian Opening,1,TheRealGenghisKhan,white,filolog,2778,2726,loss,0.0
KOWwyvrz,2026-01-23T19:30:52.043000+00:00,180+0,standard,blitz,True,resign,black,116,TheChessKiller3,TheRealGenghisKhan,2628,2771,-3,3,A48,East Indian Defense,4,TheRealGenghisKhan,black,TheChessKiller3,2771,2628,win,1.0
DGdlhJ4G,2026-01-23T19:14:50.225000+00:00,180+0,standard,blitz,True,mate,white,91,TheRealGenghisKhan,RakitinD,2765,2754,6,-6,A01,Nimzo-Larsen Attack: Modern Variation,2,TheRealGenghisKhan,white,RakitinD,2765,2754,win,1.0
4ot60fog,2026-01-23T19:09:27.403000+00:00,180+0,standard,blitz,True,mate,white,79,RakitinD,TheRealGenghisKhan,2748,2771,6,-6,B00,Owen Defense,2,TheRealGenghisKhan,black,RakitinD,2771,2748,loss,0.0
oGa6fRvO,2026-01-23T19:03:30.401000+00:00,180+0,standard,blitz,True,resign,white,117,TheRealGenghisKhan,RakitinD,2766,2753,5,-5,A01,Nimzo-Larsen Attack: Modern Variation,2,TheRealGenghisKhan,white,RakitinD,2766,2753,win,1.0
dQapeUia,2026-01-23T18:53:18.142000+00:00,180+0,standard,blitz,True,resign,white,53,filolog,TheRealGenghisKhan,2722,2768,6,-6,B22,"Sicilian Defense: Alapin Variation, Smith-Morra Declined",8,TheRealGenghisKhan,black,filolog,2768,2722,loss,0.0
Pxmpgycd,2026-01-23T18:48:37.734000+00:00,180+0,standard,blitz,True,resign,white,83,TheRealGenghisKhan,BartoszSocko,2762,2802,6,-7,A41,Queen's Pawn Game,2,TheRealGenghisKhan,white,BartoszSocko,2762,2802,win,1.0
Qftc947k,2026-01-23T18:39:30.797000+00:00,180+0,standard,blitz,True,resign,white,47,Roshka_Yevgeniy,TheRealGenghisKhan,2773,2764,7,-6,A57,Benko Gambit Accepted: Dlugy Variation,9,TheRealGenghisKhan,black,Roshka_Yevgeniy,2764,2773,loss,0.0
3c3nBVPQ,2026-01-23T18:34:29.432000+00:00,180+0,standard,blitz,True,resign,black,44,TheRealGenghisKhan,MitsisGeorgios02,2769,2615,-8,9,C00,French Defense: Hoffmann Gambit,8,TheRealGenghisKhan,white,MitsisGeorgios02,2769,2615,loss,0.0
M3Tm3BYa,2026-01-23T18:32:27.060000+00:00,180+0,standard,blitz,True,resign,white,39,Roshka_Yevgeniy,TheRealGenghisKhan,2760,2775,8,-6,A07,"King's Indian Attack, with e6",6,TheRealGenghisKhan,black,Roshka_Yevgeniy,2775,2760,loss,0.0
4YAD7Pvq,2026-01-23T16:56:03.066000+00:00,180+0,standard,blitz,True,mate,black,92,JoeAssaad,TheRealGenghisKhan,2648,2771,-4,4,B20,Sicilian Defense: Mengarini Variation,3,TheRealGenghisKhan,black,JoeAssaad,2771,2648,win,1.0
iY8tqfjn,2026-01-23T13:15:51.326000+00:00,180+0,standard,blitz,True,draw,,5,TheRealGenghisKhan,justwanttoplay0,2773,2648,-2,2,B23,"Sicilian Defense: Closed, Traditional",4,TheRealGenghisKhan,white,justwanttoplay0,2773,2648,draw,0.5
G8hvk9tA,2026-01-22T18:51:33.013000+00:00,180+0,standard,blitz,True,resign,white,73,TheRealGenghisKhan,SublimeWarrior,2769,2811,6,-6,C50,"Italian Game: Giuoco Pianissimo, Normal",8,TheRealGenghisKhan,white,SublimeWarrior,2769,2811,win,1.0
yaNQiwXS,2026-01-22T18:48:06.212000+00:00,180+0,standard,blitz,True,resign,black,36,Sultai,TheRealGenghisKhan,2631,2765,-3,4,B40,"Sicilian Defense: Delayed Alapin Variation, with e6",5,TheRealGenghisKhan,black,Sultai,2765,2631,win,1.0
sFvtqwKl,2026-01-20T15:40:47.087000+00:00,180+0,standard,blitz,True,resign,white,56,Dr_Tiger,TheRealGenghisKhan,2912,2767,3,-4,A11,English Opening: Caro-Kann Defensive System,2,TheRealGenghisKhan,black,Dr_Tiger,2767,2912,loss,0.0
UBdmnJY2,2026-01-20T15:18:47.970000+00:00,180+0,standard,blitz,True,resign,black,60,Sultai,TheRealGenghisKhan,2585,2764,-3,3,B01,"Scandinavian Defense: Valencian Variation, Main Line",10,TheRealGenghisKhan,black,Sultai,2764,2585,win,1.0
l23nkXPX,2026-01-20T15:13:51.768000+00:00,180+0,standard,blitz,True,resign,black,86,TheRealGenghisKhan,HardWork1996,2772,2631,-8,9,B20,Sicilian Defense,2,TheRealGenghisKhan,white,HardWork1996,2772,2631,loss,0.0
xBeFWBwn,2026-01-20T15:00:29.277000+00:00,180+0,standard,blitz,True,resign,black,88,Buhmann,TheRealGenghisKhan,2735,2760,-6,5,B38,"Sicilian Defense: Accelerated Dragon, Maróczy Bind",11,TheRealGenghisKhan,black,Buhmann,2760,2735,win,1.0
ufHUhsOm,2026-01-20T14:58:33.445000+00:00,180+0,standard,blitz,True,resign,black,46,TheRealGenghisKhan,abudabi22840,2763,2942,-3,8,D01,Rapport-Jobava System,5,TheRealGenghisKhan,white,abudabi22840,2763,2942,loss,0.0
LzQERsdT,2026-02-01T20:35:29.549000+00:00,600+0,standard,rapid,True,resign,black,50,Endgame2801,YaaasQueen,2527,2556,-6,11,B90,Sicilian Defense: Najdorf Variation,10,YaaasQueen,black,Endgame2801,2556,2527,win,1.0
yDl5kzrS,2026-02-01T13:14:06.969000+00:00,180+0,standard,blitz,True,stalemate,,138,superpower4,YaaasQueen,2574,2514,-1,1,B51,Sicilian Defense: Moscow Variation,5,YaaasQueen,black,superpower4,2514,2574,draw,0.5
bMzuNC01,2026-01-31T12:45:05.522000+00:00,600+0,standard,rapid,True,resign,black,114,Unknown_Dark_knight,YaaasQueen,2402,2549,-5,7,B96,Sicilian Defense: Najdorf Variation,13,YaaasQueen,black,Unknown_Dark_knight,2549,2402,win,1.0
NNONSRlA,2026-01-30T23:09:57.977000+00:00,180+0,standard,blitz,True,resign,black,90,YaaasQueen,playablecharacter,2515,2386,-7,8,B19,Caro-Kann Defense: Classical Variation,14,YaaasQueen,white,playablecharacter,2515,2386,loss,0.0
LNzRrTgw,2026-01-30T01:49:49.478000+00:00,180+0,standard,blitz,True,resign,white,63,Bajanista,YaaasQueen,2457,2533,7,-6,B54,"Sicilian Defense: Modern Variations, Main Line",8,YaaasQueen,black,Bajanista,2533,2457,loss,0.0
MzNOEGkD,2026-01-30T01:15:07.081000+00:00,180+2,standard,blitz,True,mate,black,78,IamALLsadness,YaaasQueen,2375,2526,-4,3,E44,Nimzo-Indian Defense: St. Petersburg Variation,9,YaaasQueen,black,IamALLsadness,2526,2375,win,1.0
PcKDwxsd,2026-01-29T23:36:43.554000+00:00,180+0,standard,blitz,True,mate,white,91,YaaasQueen,leonteo,2530,2390,3,-3,C02,"French Defense: Advance Variation, Milner-Barry Gambit",11,YaaasQueen,white,leonteo,2530,2390,win,1.0
b3yR7LX2,2026-01-29T23:29:38.515000+00:00,180+0,standard,blitz,True,resign,black,82,B-A-N-K-A-I,YaaasQueen,2426,2525,-5,5,D43,Semi-Slav Defense,8,YaaasQueen,black,B-A-N-K-A-I,2525,2426,win,1.0
muoIuXnh,2026-01-29T15:00:01.437000+00:00,180+0,standard,blitz,True,draw,,138,YaaasQueen,Alexboy14,2520,2687,2,-2,B00,St. George Defense,2,YaaasQueen,white,Alexboy14,2520,2687,draw,0.5
8zwY6VkE,2026-01-28T18:46:08.308000+00:00,180+0,standard,blitz,True,outoftime,white,117,YaaasQueen,Benek77,2500,2555,6,-7,B22,Sicilian Defense: Alapin Variation,3,YaaasQueen,white,Benek77,2500,2555,win,1.0
lHKMJqDm,2026-01-28T11:23:56.152000+00:00,180+0,standard,blitz,True,resign,black,54,nuitet87673,YaaasQueen,2485,2509,-6,5,B96,Sicilian Defense: Najdorf Variation,13,YaaasQueen,black,nuitet87673,2509,2485,win,1.0
q2PRTTRv,2026-01-28T02:29:09.720000+00:00,180+0,standard,blitz,True,draw,,105,YaaasQueen,R_ojito,2509,2487,0,1,C47,Four Knights Game: Glek System,7,YaaasQueen,white,R_ojito,2509,2487,draw,0.5
l8rGRZ4t,2026-01-27T23:47:45.883000+00:00,180+0,standard,blitz,True,resign,white,67,YaaasQueen,besfighter,2504,2496,5,-5,B22,Sicilian Defense: Alapin Variation,3,YaaasQueen,white,besfighter,2504,2496,win,1.0
vYHD13Yz,2026-01-27T12:33:32.635000+00:00,60+0,standard,bullet,True,resign,white,61,Reisr,YaaasQueen,2502,2682,8,-9,B50,Sicilian Defense: Modern Variations,4,YaaasQueen,black,Reisr,2682,2502,loss,0.0
9Q0BcJ8N,2026-01-23T19:22:33.775000+00:00,180+0,standard,blitz,True,mate,black,38,Ngazio2000,YaaasQueen,2454,2504,-5,5,B96,Sicilian Defense: Najdorf Variation,13,YaaasQueen,black,Ngazio2000,2504,2454,win,1.0
fRqKIffa,2026-01-23T14:23:57.772000+00:00,180+0,standard,blitz,True,resign,white,57,YaaasQueen,jncool68,2502,2633,8,-7,C50,Italian Game,5,YaaasQueen,white,jncool68,2502,2633,win,1.0
74Wqy6Pz,2026-01-21T22:12:17.106000+00:00,180+0,standard,blitz,True,resign,white,31,YaaasQueen,ChessDama2021,2526,2594,7,-7,B22,"Sicilian Defense: Alapin Variation, Barmen Defense",6,YaaasQueen,white,ChessDama2021,2526,2594,win,1.0
9SWgQeFB,2026-01-20T22:40:03.721000+00:00,60+0,standard,bullet,True,outoftime,white,85,songokuzinho,YaaasQueen,2565,2690,8,-7,B20,Sicilian Defense: King David's Opening,3,YaaasQueen,black,songokuzinho,2690,2565,loss,0.0
phG41Rzy,2026-01-18T15:48:04.732000+00:00,180+0,standard,blitz,True,resign,white,71,GoodKnightRookie,YaaasQueen,2459,2488,6,-6,B90,"Sicilian Defense: Najdorf Variation, Freak Attack",11,YaaasQueen,black,GoodKnightRookie,2488,2459,loss,0.0
dGguHeAm,2026-01-16T14:31:45.919000+00:00,180+0,standard,blitz,True,resign,black,88,YaaasQueen,BraveEagle,2527,2386,-8,8,B06,Modern Defense,4,YaaasQueen,white,BraveEagle,2527,2386,loss,0.0
vUXWkCrB,2026-01-15T16:58:07.388000+00:00,180+0,standard,blitz,True,resign,black,62,YaaasQueen,DiogenesSinopeus,2518,2588,-4,5,C71,"Ruy Lopez: Morphy Defense, Modern Steinitz Defense",8,YaaasQueen,white,DiogenesSinopeus,2518,2588,loss,0.0
rtbNcGND,2026-01-15T13:11:33.369000+00:00,180+0,standard,blitz,True,mate,white,81,YaaasQueen,Din-don-dan,2515,2354,3,-3,C02,"French Defense: Advance Variation, Paulsen Attack",9,YaaasQueen,white,Din-don-dan,2515,2354,win,1.0
EmlcxfOx,2026-01-13T17:18:20.091000+00:00,60+0,standard,bullet,True,resign,white,49,pmlmail,YaaasQueen,2656,2679,6,-6,A46,Torre Attack: Classical Defense,5,YaaasQueen,black,pmlmail,2679,2656,loss,0.0
3uupzQZG,2026-01-12T14:56:17.750000+00:00,180+0,standard,blitz,True,resign,white,111,JustAnAppleToday,YaaasQueen,2528,2529,6,-6,D35,"Queen's Gambit Declined: Exchange Variation, Positional Variation",10,YaaasQueen,black,JustAnAppleToday,2529,2528,loss,0.0
THVJAt1s,2026-01-11T12:52:16.662000+00:00,180+0,standard,blitz,True,resign,black,57,chocolate10,YaaasQueen,2446,2532,-11,4,A05,Zukertort Opening,2,YaaasQueen,black,chocolate10,2532,2446,win,1.0
MOZuLJhe,2026-01-11T12:46:55.742000+00:00,180+0,standard,blitz,True,resign,white,25,YaaasQueen,IamNeneu,2527,2454,5,-5,C02,"French Defense: Advance Variation, Euwe Variation",10,YaaasQueen,white,IamNeneu,2527,2454,win,1.0
Wg3TwUWZ,2026-01-11T12:44:02.531000+00:00,180+0,standard,blitz,True,resign,black,46,senior_pomid0r,YaaasQueen,2363,2524,-4,3,B21,Sicilian Defense: Smith-Morra Gambit,3,YaaasQueen,black,senior_pomid0r,2524,2363,win,1.0
eVXctAHH,2026-01-10T03:09:23.441000+00:00,180+0,standard,blitz,True,resign,white,79,YaaasQueen,kranlegends,2507,2382,4,-3,C02,"French Defense: Advance Variation, Extended Bishop Swap",6,YaaasQueen,white,kranlegends,2507,2382,win,1.0
xnGhttkV,2026-01-09T14:34:58.836000+00:00,180+0,standard,blitz,True,mate,white,97,NaTalJa_er3,YaaasQueen,2512,2527,6,-6,B96,Sicilian Defense: Najdorf Variation,13,YaaasQueen,black,NaTalJa_er3,2527,2512,loss,0.0
KvqJQgCN,2026-01-09T12:12:42.023000+00:00,180+0,standard,blitz,True,resign,white,77,YaaasQueen,ManofCourage,2510,2691,8,-9,C54,"Italian Game: Classical Variation, Giuoco Pianissimo",13,YaaasQueen,white,ManofCourage,2510,2691,win,1.0
MeVcE6jA,2026-01-26T07:49:18.394000+00:00,180+0,standard,blitz,True,resign,white,41,Bronstein-Style,TAsad10,2813,2760,9,-4,B22,Sicilian Defense: Alapin Variation,3,Bronstein-Style,white,TAsad10,2813,2760,win,1.0
kFclfPtW,2026-01-26T07:44:05.650000+00:00,180+0,standard,blitz,True,resign,black,72,TAsad10,Bronstein-Style,2765,2802,-5,11,E05,"Catalan Opening: Open Defense, Classical Line",12,Bronstein-Style,black,TAsad10,2802,2765,win,1.0
F9WOmN3U,2026-01-26T07:39:56.179000+00:00,180+0,standard,blitz,True,resign,white,49,Bronstein-Style,TAsad10,2791,2771,11,-6,C55,"Italian Game: Two Knights Defense, Modern Bishop's Opening",8,Bronstein-Style,white,TAsad10,2791,2771,win,1.0
Winwg0mu,2026-01-26T07:33:17.161000+00:00,180+0,standard,blitz,True,draw,,153,TAsad10,Bronstein-Style,2770,2792,1,-1,E35,"Nimzo-Indian Defense: Classical Variation, Noa Variation",10,Bronstein-Style,black,TAsad10,2792,2770,draw,0.5
kBehVJK4,2026-01-26T07:24:41.437000+00:00,180+0,standard,blitz,True,mate,white,99,Bronstein-Style,manneredmonkey,2784,2643,8,-4,B07,Pirc Defense,6,Bronstein-Style,white,manneredmonkey,2784,2643,win,1.0
wNKXxXdZ,2026-01-25T13:15:06.286000+00:00,180+0,standard,blitz,True,draw,,104,Buhmann,Bronstein-Style,2752,2785,0,-1,A05,Zukertort Opening,2,Bronstein-Style,black,Buhmann,2785,2752,draw,0.5
V3znMVl4,2026-01-25T13:09:52.408000+00:00,180+0,standard,blitz,True,resign,white,63,Bronstein-Style,Buhmann,2773,2757,12,-5,C11,French Defense: Steinitz Variation,12,Bronstein-Style,white,Buhmann,2773,2757,win,1.0
SBWeEWA7,2026-01-25T13:05:42.035000+00:00,180+0,standard,blitz,True,resign,black,70,Buhmann,Bronstein-Style,2763,2758,-6,15,E14,Queen's Indian Defense: Spassky System,7,Bronstein-Style,black,Buhmann,2758,2763,win,1.0
5csgCy4T,2026-01-25T13:02:58.366000+00:00,180+0,standard,blitz,True,resign,white,45,Bronstein-Style,Buhmann,2743,2768,15,-5,C07,"French Defense: Tarrasch Variation, Open System, Euwe-Keres Line",7,Bronstein-Style,white,Buhmann,2743,2768,win,1.0
ZTAI3MVN,2026-01-25T13:00:30.388000+00:00,180+0,standard,blitz,True,resign,white,45,Buhmann,Bronstein-Style,2763,2757,5,-14,E14,Queen's Indian Defense: Spassky System,7,Bronstein-Style,black,Buhmann,2757,2763,loss,0.0
zmBCyLDt,2026-01-25T12:53:50.733000+00:00,180+0,standard,blitz,True,resign,white,67,Bronstein-Style,Italiangangster,2743,2705,14,-5,E90,"King's Indian Defense: Normal Variation, Rare Defenses",9,Bronstein-Style,white,Italiangangster,2743,2705,win,1.0
p1TGbjoj,2026-01-25T12:46:19.049000+00:00,180+0,standard,blitz,True,draw,,103,Bronstein-Style,KhatanbaatarGM,2748,2665,-5,2,C92,"Ruy Lopez: Closed, Smyslov-Breyer-Zaitsev Hybrid",24,Bronstein-Style,white,KhatanbaatarGM,2748,2665,draw,0.5
uxAiHPZ4,2026-01-25T12:40:39.322000+00:00,180+0,standard,blitz,True,resign,black,44,random1234321,Bronstein-Style,2663,2733,-5,15,B12,"Caro-Kann Defense: Advance Variation, Botvinnik-Carls Defense",6,Bronstein-Style,black,random1234321,2733,2663,win,1.0
P0nq1Weg,2026-01-25T12:33:36.843000+00:00,180+0,standard,blitz,True,resign,white,83,Bronstein-Style,Dispecher,2720,2628,13,-4,B22,Sicilian Defense: Alapin Variation,3,Bronstein-Style,white,Dispecher,2720,2628,win,1.0
I8FxsMEN,2026-01-25T11:42:02.868000+00:00,180+0,standard,blitz,True,resign,black,122,manneredmonkey,Bronstein-Style,2642,2703,-5,17,A15,English Opening: Anglo-Indian Defense,2,Bronstein-Style,black,manneredmonkey,2703,2642,win,1.0
NH8fi5y3,2026-01-25T11:36:17.692000+00:00,180+0,standard,blitz,True,resign,black,64,Legendary_1988,Bronstein-Style,2558,2690,-4,13,A54,Old Indian Defense: Two Knights Variation,7,Bronstein-Style,black,Legendary_1988,2690,2558,win,1.0
1zRarqDp,2026-01-25T11:27:45.774000+00:00,180+0,standard,blitz,True,mate,black,140,Bronstein-Style,Kakonoeciuak,2720,2576,-30,8,C11,"French Defense: Steinitz Variation, Boleslavsky Variation",13,Bronstein-Style,white,Kakonoeciuak,2720,2576,loss,0.0
TolkWpja,2026-01-22T18:26:47.946000+00:00,60+0,standard,bullet,True,resign,black,36,Bronstein-Style,KostyaRehsibyRussia,3040,3052,-6,6,C64,Ruy Lopez: Classical Variation,6,Bronstein-Style,white,KostyaRehsibyRussia,3040,3052,loss,0.0
PRRPXKLO,2026-01-19T18:58:17.294000+00:00,180+0,standard,blitz,True,mate,black,112,orangepuppy,Bronstein-Style,2649,2701,-5,19,C53,Italian Game: Classical Variation,7,Bronstein-Style,black,orangepuppy,2701,2649,win,1.0
9jKKmrBp,2026-01-17T07:41:18.557000+00:00,60+0,standard,bullet,True,outoftime,white,121,NextAbracadabra,Bronstein-Style,2900,3057,8,-8,A40,Horwitz Defense,2,Bronstein-Style,black,NextAbracadabra,3057,2900,loss,0.0
VCK0mAws,2026-01-17T07:37:39.719000+00:00,60+0,standard,bullet,True,resign,black,76,Tiraturyan_ChessMood,Bronstein-Style,3009,3060,-5,5,A28,"English Opening: King's English Variation, Four Knights Variation, Flexible Line",7,Bronstein-Style,black,Tiraturyan_ChessMood,3060,3009,win,1.0
18UXlvqg,2026-01-16T17:27:41.394000+00:00,60+0,standard,bullet,True,resign,white,51,Tsoi_Dima,Bronstein-Style,3114,3080,5,-5,C00,French Defense: Two Knights Variation,5,Bronstein-Style,black,Tsoi_Dima,3080,3114,loss,0.0
WGtFkIF4,2026-01-16T17:22:20.211000+00:00,60+0,standard,bullet,True,outoftime,white,159,Tsoi_Dima,Bronstein-Style,3116,3078,5,-5,B23,Sicilian Defense: Closed,3,Bronstein-Style,black,Tsoi_Dima,3078,3116,loss,0.0
9EzfQRqg,2026-01-16T17:20:35.458000+00:00,60+0,standard,bullet,True,resign,white,69,Bronstein-Style,Tsoi_Dima,3072,3122,6,-6,C41,Philidor Defense,6,Bronstein-Style,white,Tsoi_Dima,3072,3122,win,1.0
WotsTNCa,2026-01-16T06:36:32.628000+00:00,60+0,standard,bullet,True,resign,white,51,Bronstein-Style,Baur079,3100,2919,3,-3,B01,Scandinavian Defense: Mieses-Kotroc Variation,4,Bronstein-Style,white,Baur079,3100,2919,win,1.0
JYnSzZn3,2026-01-15T07:24:59.805000+00:00,60+0,standard,bullet,True,mate,white,73,StellarChesss,Bronstein-Style,2819,3089,10,-9,A45,Trompowsky Attack,3,Bronstein-Style,black,StellarChesss,3089,2819,loss,0.0
2nZhrfPj,2026-01-14T21:40:31.616000+00:00,60+0,standard,bullet,True,resign,black,60,georgestoleriu,Bronstein-Style,2935,3079,-4,5,A00,Van't Kruijs Opening,1,Bronstein-Style,black,georgestoleriu,3079,2935,win,1.0
wSwAKuhC,2026-01-10T07:05:51.496000+00:00,180+0,standard,blitz,True,draw,,95,Bronstein-Style,laogun,2702,2690,-1,1,C10,French Defense: Paulsen Variation,5,Bronstein-Style,white,laogun,2702,2690,draw,0.5
pwgxKzdt,2026-01-09T07:17:44.147000+00:00,180+0,standard,blitz,True,resign,white,89,Lector118,Bronstein-Style,2583,2734,7,-32,E05,"Catalan Opening: Open Defense, Classical Line",12,Bronstein-Style,black,Lector118,2734,2583,loss,0.0
yuYZ7ups,2026-01-08T16:27:08.358000+00:00,180+0,standard,blitz,True,outoftime,white,89,Bronstein-Style,Kinryln,2713,2669,21,-5,B06,Modern Defense,2,Bronstein-Style,white,Kinryln,2713,2669,win,1.0
qxnK5xL5,2026-02-01T21:10:50.778000+00:00,180+0,standard,blitz,True,resign,black,79,bornak88,Fuego37,2005,2093,-4,7,C37,King's Gambit Accepted: Blachly Gambit,8,Fuego37,black,bornak88,2093,2005,win,1.0
0TVhFS8U,2026-01-30T14:33:49.203000+00:00,1800+0,standard,classical,True,resign,white,47,Fuego37,shez_26,2309,2157,7,-6,B52,"Sicilian Defense: Moscow Variation, Main Line",6,Fuego37,white,shez_26,2309,2157,win,1.0
EEbabxCA,2026-01-30T14:09:25.055000+00:00,1800+0,standard,classical,True,resign,white,51,De-ser,Fuego37,2210,2325,8,-16,C60,Ruy Lopez: Fianchetto Defense,6,Fuego37,black,De-ser,2325,2210,loss,0.0
J7vEueEX,2026-01-29T20:49:22.150000+00:00,600+0,standard,rapid,True,resign,black,75,Fuego37,Dont_Ragebait_Me,2170,2317,-4,3,D20,"Queen's Gambit Accepted: Central Variation, Greco Variation",6,Fuego37,white,Dont_Ragebait_Me,2170,2317,loss,0.0
LXqSNxJg,2026-01-29T20:45:45.003000+00:00,600+0,standard,rapid,True,resign,white,45,Aloha_penguin,Fuego37,2026,2179,8,-9,C37,King's Gambit Accepted: Quaade Gambit,7,Fuego37,black,Aloha_penguin,2179,2026,loss,0.0
6sR3mnnX,2026-01-26T19:42:07.144000+00:00,600+0,standard,rapid,True,draw,,118,Fuego37,Mihail_2008,2169,2081,-2,2,A80,Dutch Defense,2,Fuego37,white,Mihail_2008,2169,2081,draw,0.5
kTH34wmS,2026-01-25T18:42:03.495000+00:00,1800+0,standard,classical,True,mate,white,61,boec-2021,Fuego37,2353,2336,7,-11,D10,Slav Defense: Exchange Variation,5,Fuego37,black,boec-2021,2336,2353,loss,0.0
KRSk2PRh,2026-01-19T18:36:14.758000+00:00,1800+0,standard,classical,True,resign,black,58,QuietMotion,Fuego37,2398,2321,-15,15,C56,"Italian Game: Scotch Gambit, Nakhmanson Gambit",11,Fuego37,black,QuietMotion,2321,2398,win,1.0
ln1O3HTf,2026-01-18T08:16:39.199000+00:00,900+10,standard,rapid,True,draw,,215,BraveYoungLion,Fuego37,2240,2192,-2,1,C60,Ruy Lopez: Fianchetto Defense,6,Fuego37,black,BraveYoungLion,2192,2240,draw,0.5
0cs91RiD,2026-01-16T13:59:56.853000+00:00,60+0,standard,bullet,True,resign,white,73,Fuego37,Kiselev_Evgeniy,2251,2405,23,-7,D10,Slav Defense: Exchange Variation,5,Fuego37,white,Kiselev_Evgeniy,2251,2405,win,1.0
OecS6qU5,2026-01-16T06:53:17.881000+00:00,600+0,standard,rapid,True,mate,white,137,AAMFGC,Fuego37,2257,2206,11,-5,D52,"Queen's Gambit Declined: Cambridge Springs Defense, Bogoljubow Variation",15,Fuego37,black,AAMFGC,2206,2257,loss,0.0
S40QK1kT,2026-01-15T16:47:45.748000+00:00,600+0,standard,rapid,True,mate,black,50,Fuego37,Marimedrope,2195,2283,-4,4,D31,Queen's Gambit Declined: Queen's Knight Variation,5,Fuego37,white,Marimedrope,2195,2283,loss,0.0
o0Hg08s3,2026-01-15T06:41:12.127000+00:00,600+0,standard,rapid,True,mate,white,65,Fuego37,Udayn,2192,2258,7,-7,D46,Semi-Slav Defense: Chigorin Defense,12,Fuego37,white,Udayn,2192,2258,win,1.0
yiCmpjEa,2026-01-13T21:18:21.673000+00:00,600+0,standard,rapid,True,resign,black,82,IvsYou6722,Fuego37,2207,2186,-6,6,C60,Ruy Lopez: Fianchetto Defense,6,Fuego37,black,IvsYou6722,2186,2207,win,1.0
OJ3vnGUi,2026-01-13T21:13:40.847000+00:00,600+0,standard,rapid,True,resign,black,64,PMatyireFischer,Fuego37,2232,2180,-21,6,C56,"Italian Game: Scotch Gambit, Max Lange Attack",12,Fuego37,black,PMatyireFischer,2180,2232,win,1.0
AusxGtuO,2026-01-13T20:35:55.823000+00:00,600+0,standard,rapid,True,resign,black,110,Fuego37,ibonuribeetxebarria,2180,2183,-6,6,D52,Queen's Gambit Declined: Cambridge Springs Defense,12,Fuego37,white,ibonuribeetxebarria,2180,2183,loss,0.0
dN2CNFcj,2026-01-13T20:32:57.433000+00:00,600+0,standard,rapid,True,resign,white,35,VaclavCerny18,Fuego37,2259,2184,4,-4,C45,Scotch Game: Schmidt Variation,8,Fuego37,black,VaclavCerny18,2184,2259,loss,0.0
MYkckNP0,2026-01-12T19:55:02.371000+00:00,600+0,standard,rapid,True,resign,white,69,Ct368,Fuego37,2323,2197,4,-4,D17,"Slav Defense: Czech Variation, Krause Attack",11,Fuego37,black,Ct368,2197,2323,loss,0.0
T1Vr3ogK,2026-01-12T19:18:30.110000+00:00,600+0,standard,rapid,True,resign,black,74,KUOTSU,Fuego37,2329,2189,-30,8,C56,"Italian Game: Scotch Gambit, Anderssen Attack",15,Fuego37,black,KUOTSU,2189,2329,win,1.0
uexmv6XW,2026-01-12T14:33:13.080000+00:00,600+0,standard,rapid,True,resign,white,51,Fuego37,Maxxi2015,2184,2205,6,-6,D35,"Queen's Gambit Declined: Exchange Variation, Positional Variation",9,Fuego37,white,Maxxi2015,2184,2205,win,1.0
DnIL8nbe,2026-01-11T15:49:34.833000+00:00,60+0,standard,bullet,True,outoftime,black,78,Scheiterer,Fuego37,2065,1908,-7,157,C49,"Four Knights Game: Spanish Variation, Double Spanish",8,Fuego37,black,Scheiterer,1908,2065,win,1.0
khUfDu9z,2026-01-11T15:46:06.740000+00:00,60+0,standard,bullet,True,mate,black,54,Ern3sto,Fuego37,1530,1500,-3,268,C02,French Defense: Advance Variation,5,Fuego37,black,Ern3sto,1500,1530,win,1.0
HviqZ5Bj,2026-01-11T15:14:45.798000+00:00,600+0,standard,rapid,True,resign,white,95,Fuego37,Dhruvmuthe,2175,2187,6,-18,E61,King's Indian Defense,5,Fuego37,white,Dhruvmuthe,2175,2187,win,1.0
mj7hkhbA,2026-01-11T09:21:31.226000+00:00,1800+0,standard,classical,True,resign,black,86,Brilliant_Bishop,Fuego37,2247,2312,-8,9,C29,"Vienna Game: Vienna Gambit, Main Line",6,Fuego37,black,Brilliant_Bishop,2312,2247,win,1.0
qC1LeS11,2026-01-10T18:15:50.837000+00:00,600+0,standard,rapid,True,resign,black,56,Fuego37,limonluchesskek27,2176,2114,-6,66,D35,"Queen's Gambit Declined: Exchange Variation, Positional Variation",10,Fuego37,white,limonluchesskek27,2176,2114,loss,0.0
HlWks5ZM,2026-01-10T16:56:12.941000+00:00,600+0,standard,rapid,True,resign,black,56,stevinho,Fuego37,2153,2177,-6,5,D13,Slav Defense: Exchange Variation,8,Fuego37,black,stevinho,2177,2153,win,1.0
W4G6LG3d,2026-01-10T16:42:00.273000+00:00,600+0,standard,rapid,True,mate,white,71,Fuego37,neonhawk,2172,2117,5,-5,D43,Semi-Slav Defense,8,Fuego37,white,neonhawk,2172,2117,win,1.0
EqfjPo5Q,2026-01-10T13:47:48.907000+00:00,1800+0,standard,classical,True,resign,white,94,Fuego37,pochitawai,2307,2108,5,-3,D38,Queen's Gambit Declined: Ragozin Defense,8,Fuego37,white,pochitawai,2307,2108,win,1.0
gx6XbH2I,2026-01-10T11:52:30.258000+00:00,1800+0,standard,classical,True,draw,,69,Fuego37,bobmarley1love,2304,2413,3,-5,E15,"Queen's Indian Defense: Fianchetto Variation, Check Variation, Intermezzo Line",12,Fuego37,white,bobmarley1love,2304,2413,draw,0.5
KwJvcSzI,2026-01-10T10:18:52.243000+00:00,600+0,standard,rapid,True,resign,white,91,Aleksey2004,Fuego37,2034,2180,8,-8,D00,Queen's Pawn Game: Accelerated London System,3,Fuego37,black,Aleksey2004,2180,2034,loss,0.0
ANWkX4CZ,2026-01-30T16:07:43.853000+00:00,180+0,standard,blitz,True,resign,black,58,ArjunMalik2025,candidate100,1692,2432,0,0,A00,Hungarian Opening: Indian Defense,2,candidate100,black,ArjunMalik2025,2432,1692,win,1.0
iACPrI93,2026-01-30T15:40:27.151000+00:00,180+2,standard,blitz,True,resign,white,78,Dathabija,candidate100,2433,2433,6,-6,D38,Queen's Gambit Declined: Ragozin Defense,8,candidate100,black,Dathabija,2433,2433,loss,0.0
Vx42ndYW,2026-01-30T15:33:44.445000+00:00,180+2,standard,blitz,True,resign,white,69,candidate100,CyberCobra24,2426,2491,7,-7,A08,King's Indian Attack: Sicilian Variation,5,candidate100,white,CyberCobra24,2426,2491,win,1.0
vR6iVY9u,2026-01-30T15:15:49.457000+00:00,180+0,standard,blitz,True,resign,black,58,candidate100,PREDATOR_KCI,2450,2102,-10,14,A04,Zukertort Opening: Sicilian Invitation,2,candidate100,white,PREDATOR_KCI,2450,2102,loss,0.0
UXOr2dk0,2026-01-30T15:12:00.829000+00:00,180+0,standard,blitz,True,mate,black,108,DAS_2013,candidate100,2354,2446,-5,4,B01,Scandinavian Defense: Main Line,6,candidate100,black,DAS_2013,2446,2354,win,1.0
V4UNPSX0,2026-01-30T15:09:01.762000+00:00,180+0,standard,blitz,True,resign,white,63,Mental_rampage,candidate100,2222,2455,10,-9,C11,French Defense: Henneberger Variation,7,candidate100,black,Mental_rampage,2455,2222,loss,0.0
x2oSGRzK,2026-01-30T11:19:40.179000+00:00,600+0,standard,rapid,True,mate,white,131,candidate100,Al_Shima,2543,2563,8,-7,A45,Indian Defense: Accelerated London System,3,candidate100,white,Al_Shima,2543,2563,win,1.0
XnuYYYJi,2026-01-30T10:45:27.674000+00:00,600+0,standard,rapid,True,resign,white,61,candidate100,i_hate_dogs,2535,2573,8,-9,D00,Queen's Pawn Game: Accelerated London System,3,candidate100,white,i_hate_dogs,2535,2573,win,1.0
8lAHEl2p,2026-01-29T18:19:19.524000+00:00,180+2,standard,blitz,True,resign,white,49,candidate100,ElessarAnduril,2455,2399,4,-4,A14,"English Opening: Agincourt Defense, Neo-Catalan Declined",9,candidate100,white,ElessarAnduril,2455,2399,win,1.0
SXAAd8Qo,2026-01-29T11:41:30.558000+00:00,600+0,standard,rapid,True,resign,white,59,candidate100,Frankeinsteinzombie,2525,2633,10,-8,A45,Indian Defense: Accelerated London System,3,candidate100,white,Frankeinsteinzombie,2525,2633,win,1.0
pvTRC0Tu,2026-01-27T13:06:45.324000+00:00,180+0,standard,blitz,True,resign,white,65,stachista,candidate100,2474,2469,5,-6,B00,"Nimzowitsch Defense: Kennedy Variation, Paulsen Attack",7,candidate100,black,stachista,2469,2474,loss,0.0
wiSKmn0u,2026-01-27T13:00:51.312000+00:00,180+0,standard,blitz,True,resign,white,51,TheCementoSpirit,candidate100,2719,2471,4,-2,E15,"Queen's Indian Defense: Fianchetto Variation, Nimzowitsch Variation, Quiet Line",9,candidate100,black,TheCementoSpirit,2471,2719,loss,0.0
eexXl7F0,2026-01-27T11:16:31.497000+00:00,600+0,standard,rapid,True,mate,black,80,BooomBoss,candidate100,2541,2518,-48,7,B01,"Scandinavian Defense: Main Line, Mieses Variation",8,candidate100,black,BooomBoss,2518,2541,win,1.0
0A8Zg6a9,2026-01-26T10:38:22.931000+00:00,180+0,standard,blitz,True,resign,white,59,candidate100,Despaired_One,2469,2499,6,-6,A07,King's Indian Attack: Yugoslav Variation,8,candidate100,white,Despaired_One,2469,2499,win,1.0
jqWyi8Sf,2026-01-26T10:31:25.138000+00:00,60+0,standard,bullet,True,resign,white,43,candidate100,RM_slayer,2538,2569,16,-6,A07,"King's Indian Attack, with e6",6,candidate100,white,RM_slayer,2538,2569,win,1.0
WiJmaWIJ,2026-01-26T08:01:33.493000+00:00,600+0,standard,rapid,True,outoftime,black,88,runner24,candidate100,2645,2507,-12,11,D00,Blackmar-Diemer Gambit Declined: Vienna Defense,8,candidate100,black,runner24,2507,2645,win,1.0
qdEjjJw5,2026-01-26T06:12:45.752000+00:00,180+0,standard,blitz,True,resign,black,95,candidate100,Vn1995,2474,2514,-5,5,A07,King's Indian Attack: Keres Variation,4,candidate100,white,Vn1995,2474,2514,loss,0.0
fPqbSPmH,2026-01-26T05:10:54.326000+00:00,180+0,standard,blitz,True,mate,white,111,candidate100,omariscof,2479,2500,6,-6,A45,Indian Defense: Accelerated London System,3,candidate100,white,omariscof,2479,2500,win,1.0
ko9nwYqr,2026-01-25T14:17:47.850000+00:00,600+0,standard,rapid,True,draw,,156,Smart_Kotik,candidate100,2529,2507,-1,0,A07,"King's Indian Attack, with e6",6,candidate100,black,Smart_Kotik,2507,2529,draw,0.5
x0NIqFt4,2026-01-24T08:39:15.786000+00:00,180+2,standard,blitz,True,resign,black,86,SolidskiSkak,candidate100,2518,2473,-6,6,D50,Queen's Gambit Declined: Modern Variation,7,candidate100,black,SolidskiSkak,2473,2518,win,1.0
XxllHysb,2026-01-24T07:41:16.254000+00:00,600+0,standard,rapid,True,resign,white,53,Teodescu,candidate100,2537,2513,16,-6,B01,"Scandinavian Defense: Main Line, Mieses Variation",8,candidate100,black,Teodescu,2513,2537,loss,0.0
nda49Eij,2026-01-24T05:16:56.335000+00:00,180+2,standard,blitz,True,mate,white,79,candidate100,Ertugal,2466,2522,7,-6,D34,Tarrasch Defense: Classical Variation,16,candidate100,white,Ertugal,2466,2522,win,1.0
TbDEL7Sf,2026-01-23T17:08:35.539000+00:00,180+2,standard,blitz,True,mate,white,113,never_give_app,candidate100,2046,2476,11,-11,B01,Scandinavian Defense,2,candidate100,black,never_give_app,2476,2046,loss,0.0
TmyldW0c,2026-01-22T13:38:38.744000+00:00,180+0,standard,blitz,True,outoftime,white,67,Jossbros,candidate100,2531,2480,5,-5,B01,Scandinavian Defense: Mieses-Kotroc Variation,4,candidate100,black,Jossbros,2480,2531,loss,0.0
3qmmU8mg,2026-01-22T13:35:00.751000+00:00,180+0,standard,blitz,True,draw,,75,candidate100,dimkor,2480,2504,0,-1,E65,"King's Indian Defense: Fianchetto Variation, Yugoslav Variation, Exchange Line",16,candidate100,white,dimkor,2480,2504,draw,0.5
flzk44qq,2026-01-22T12:59:28.349000+00:00,600+0,standard,rapid,True,resign,black,54,DefensiveTiger,candidate100,2602,2504,-10,9,A05,King's Indian Attack,4,candidate100,black,DefensiveTiger,2504,2602,win,1.0
vw23jOTO,2026-01-22T12:52:47.696000+00:00,180+0,standard,blitz,True,resign,black,52,candidate100,Digora,2480,2584,-4,4,A45,Indian Defense: Accelerated London System,3,candidate100,white,Digora,2480,2584,loss,0.0
sr9esQbh,2026-01-22T12:48:07.815000+00:00,180+0,standard,blitz,True,outoftime,black,42,candidate100,Alexboy14,2484,2659,-4,3,A40,Polish Defense,2,candidate100,white,Alexboy14,2484,2659,loss,0.0
8K5Kbnoh,2026-01-22T12:39:06.622000+00:00,180+2,standard,blitz,True,resign,white,99,Guardian47district,candidate100,2609,2487,4,-3,E12,"Queen's Indian Defense: Petrosian Variation, Farago Defense",10,candidate100,black,Guardian47district,2487,2609,loss,0.0
Rxd3gHfI,2026-01-21T08:25:22.898000+00:00,180+2,standard,blitz,True,resign,black,136,Dynamovec,candidate100,2611,2485,-8,8,B01,Scandinavian Defense: Mieses-Kotroc Variation,4,candidate100,black,Dynamovec,2485,2611,win,1.0
ZwH1QQmz,2026-02-01T14:19:20.010000+00:00,180+0,standard,blitz,True,resign,white,71,PumASan,karagioules,2832,2642,3,-3,A46,Yusupov-Rubinstein System,5,PumASan,white,karagioules,2832,2642,win,1.0
85ayCf4v,2026-02-01T12:49:13.796000+00:00,180+0,standard,blitz,True,resign,black,130,richdataanalyst,PumASan,2682,2826,-8,3,B61,"Sicilian Defense: Richter-Rauzer Variation, Modern Variation",13,PumASan,black,richdataanalyst,2826,2682,win,1.0
BdtJ47VR,2026-02-01T12:28:32.573000+00:00,180+0,standard,blitz,True,resign,black,78,ChessRabbit2023,PumASan,2593,2827,-2,3,B40,"Sicilian Defense: Delayed Alapin Variation, with e6",5,PumASan,black,ChessRabbit2023,2827,2593,win,1.0
UkYmA566,2026-02-01T12:06:54.200000+00:00,180+0,standard,blitz,True,resign,white,149,PumASan,richdataanalyst,2815,2648,3,-7,E01,Catalan Opening: Closed,7,PumASan,white,richdataanalyst,2815,2648,win,1.0
ApewYfEm,2026-01-31T15:11:06.267000+00:00,180+0,standard,blitz,True,mate,white,121,PumASan,Blazeus,2814,2772,5,-5,A80,Dutch Defense,2,PumASan,white,Blazeus,2814,2772,win,1.0
4owLcmj0,2026-01-29T17:42:02.720000+00:00,60+0,standard,bullet,True,resign,white,83,PumASan,Elfugitivo,2993,2981,7,-5,A05,King's Indian Attack: Spassky Variation,4,PumASan,white,Elfugitivo,2993,2981,win,1.0
SD6r5lNy,2026-01-29T14:52:49.995000+00:00,60+0,standard,bullet,True,mate,black,136,PumASan,The_main_event003,2985,2999,-9,7,A05,King's Indian Attack: Symmetrical Defense,4,PumASan,white,The_main_event003,2985,2999,loss,0.0
VxRWlpQc,2026-01-29T14:19:37.718000+00:00,180+0,standard,blitz,True,resign,black,80,Carlsen_brat,PumASan,2693,2791,-5,5,D43,Semi-Slav Defense,8,PumASan,black,Carlsen_brat,2791,2693,win,1.0
GW0QSFw1,2026-01-29T14:06:56.308000+00:00,180+0,standard,blitz,True,outoftime,black,130,Apjoshua,PumASan,2600,2783,-3,4,B23,Sicilian Defense: Grand Prix Attack,5,PumASan,black,Apjoshua,2783,2600,win,1.0
v5LcGue8,2026-01-29T13:41:01.117000+00:00,180+0,standard,blitz,True,outoftime,white,133,PumASan,zheskiyestzhi,2787,2614,3,-3,A40,Horwitz Defense,2,PumASan,white,zheskiyestzhi,2787,2614,win,1.0
MSxheouY,2026-01-26T12:15:32.940000+00:00,60+0,standard,bullet,True,stalemate,,114,PumASan,Kampan,2977,2889,-3,1,A05,King's Indian Attack,4,PumASan,white,Kampan,2977,2889,draw,0.5
mEyy2D0K,2026-01-25T17:12:03.284000+00:00,180+0,standard,blitz,True,outoftime,black,74,Ordekalog,PumASan,2622,2783,-4,4,B20,Sicilian Defense,2,PumASan,black,Ordekalog,2783,2622,win,1.0
hUPvV1gD,2026-01-16T16:48:12.088000+00:00,180+0,standard,blitz,True,mate,white,89,Popovich2020,PumASan,2726,2784,7,-7,A48,"Torre Attack: Fianchetto Defense, Euwe Variation",8,PumASan,black,Popovich2020,2784,2726,loss,0.0
iOo66BvZ,2026-01-15T12:18:40.592000+00:00,180+2,standard,blitz,True,draw,,152,PumASan,Romvid,2786,2698,-2,1,B91,"Sicilian Defense: Najdorf Variation, Zagreb Variation",11,PumASan,white,Romvid,2786,2698,draw,0.5
f1FsVuwn,2026-01-05T16:06:35.668000+00:00,180+0,standard,blitz,True,mate,white,99,PumASan,Toro123,2782,2690,4,-4,A07,King's Indian Attack,3,PumASan,white,Toro123,2782,2690,win,1.0
0aF4LnOJ,2026-01-05T15:54:29.517000+00:00,180+0,standard,blitz,True,outoftime,white,135,PumASan,Oleg946,2785,2678,4,-4,D20,Queen's Gambit Accepted,4,PumASan,white,Oleg946,2785,2678,win,1.0
7jg8ssv5,2026-01-05T15:28:15.420000+00:00,180+0,standard,blitz,True,resign,black,104,Prime_2025,PumASan,2654,2808,-4,3,D55,"Queen's Gambit Declined: Neo-Orthodox Variation, Main Line",13,PumASan,black,Prime_2025,2808,2654,win,1.0
Xkoafc6C,2026-01-05T15:24:48.101000+00:00,180+0,standard,blitz,True,resign,white,33,PumASan,Barys74,2804,2663,4,-4,E20,Nimzo-Indian Defense: Romanishin Variation,7,PumASan,white,Barys74,2804,2663,win,1.0
qIRJmiL3,2026-01-05T15:06:07.184000+00:00,180+0,standard,blitz,True,outoftime,white,127,LegacyOfBob,PumASan,2937,2799,4,-3,D02,Queen's Pawn Game: London System,5,PumASan,black,LegacyOfBob,2799,2937,loss,0.0
w1018dzO,2026-01-03T18:21:58.551000+00:00,180+0,standard,blitz,True,resign,black,188,enmQ,PumASan,2750,2798,-5,5,C65,"Ruy Lopez: Berlin Defense, Nyholm Attack",9,PumASan,black,enmQ,2798,2750,win,1.0
vPz6WTp6,2026-01-03T17:19:29.082000+00:00,180+0,standard,blitz,True,mate,black,130,MirOBV,PumASan,2713,2760,-5,5,C55,"Italian Game: Two Knights Defense, Modern Bishop's Opening",8,PumASan,black,MirOBV,2760,2713,win,1.0
eVC7gfey,2026-01-03T17:03:31.800000+00:00,180+0,standard,blitz,True,resign,black,172,PumASan,GABUZYAN_CHESSMOOD,2769,2700,-7,10,A31,"English Opening: Symmetrical Variation, Anti-Benoni Variation",5,PumASan,white,GABUZYAN_CHESSMOOD,2769,2700,loss,0.0
Xd9C0WVD,2026-01-03T16:42:17.620000+00:00,180+0,standard,blitz,True,outoftime,black,108,WalkInTheSkies,PumASan,2676,2755,-5,5,C45,Scotch Game: Classical Variation,8,PumASan,black,WalkInTheSkies,2755,2676,win,1.0
X5HbQNUq,2026-01-03T16:35:48.381000+00:00,180+0,standard,blitz,True,resign,white,65,PumASan,MirOBV,2750,2710,5,-4,E65,"King's Indian Defense: Fianchetto Variation, Yugoslav Variation",13,PumASan,white,MirOBV,2750,2710,win,1.0
35W1drc2,2026-01-01T16:53:25.431000+00:00,180+0,standard,blitz,True,resign,white,97,PumASan,Oil_Domain_Expension,2735,2659,4,-4,E17,Queen's Indian Defense: Classical Variation,11,PumASan,white,Oil_Domain_Expension,2735,2659,win,1.0
mW2jiiNV,2026-01-01T16:37:13.656000+00:00,180+0,standard,blitz,True,resign,black,152,MR_HW,PumASan,2724,2727,-6,5,C80,"Ruy Lopez: Open, Main Line",16,PumASan,black,MR_HW,2727,2724,win,1.0
uZbfwNtI,2026-01-01T16:21:33.819000+00:00,180+0,standard,blitz,True,resign,black,48,PumASan,test3kelo,2727,2642,-7,13,C54,"Italian Game: Classical Variation, Giuoco Pianissimo",12,PumASan,white,test3kelo,2727,2642,loss,0.0
9HA0RskQ,2025-12-29T00:59:03.482000+00:00,180+0,standard,blitz,True,mate,white,123,Chomuszka,PumASan,2521,2718,9,-8,E01,Catalan Opening: Closed,7,PumASan,black,Chomuszka,2718,2521,loss,0.0
dN4WNMHi,2025-12-29T00:28:54.016000+00:00,180+0,standard,blitz,True,resign,white,123,PumASan,gammagramma,2706,2593,4,-4,E20,Nimzo-Indian Defense: Romanishin Variation,7,PumASan,white,gammagramma,2706,2593,win,1.0
UifkaeZI,2025-12-28T23:38:29.125000+00:00,180+0,standard,blitz,True,outoftime,black,112,likeyacutg,PumASan,2667,2708,-5,5,A18,English Opening: Mikenas-Carls Variation,5,PumASan,black,likeyacutg,2708,2667,win,1.0
Qdvf258S,2026-02-01T18:25:00.105000+00:00,60+0,standard,bullet,True,outoftime,black,78,Solayman2,RakitinD,2392,2893,0,1,A04,Zukertort Opening: Kingside Fianchetto,2,RakitinD,black,Solayman2,2893,2392,win,1.0
ZkBgpaeW,2026-02-01T18:23:36.300000+00:00,60+0,standard,bullet,True,mate,black,64,RakitinD,Molot_ua,2903,2618,-10,10,A40,Queen's Pawn Game,1,RakitinD,white,Molot_ua,2903,2618,loss,0.0
NT34idqW,2026-02-01T18:13:49.347000+00:00,60+0,standard,bullet,True,outoftime,white,93,Molot_ua,RakitinD,2598,2900,10,-10,A00,Mieses Opening,1,RakitinD,black,Molot_ua,2900,2598,loss,0.0
SClDpWJ2,2026-02-01T18:03:56.810000+00:00,60+0,standard,bullet,True,outoftime,white,161,RakitinD,che-boland-mikhandi,2883,2868,6,-5,B30,Sicilian Defense: Nyezhmetdinov-Rossolimo Attack,5,RakitinD,white,che-boland-mikhandi,2883,2868,win,1.0
mbz1w79I,2026-02-01T17:44:45.976000+00:00,60+0,standard,bullet,True,mate,black,56,RakitinD,destroyer_13,2918,2418,-11,11,A04,Zukertort Opening: Kingside Fianchetto,2,RakitinD,white,destroyer_13,2918,2418,loss,0.0
ETxoiyMq,2026-02-01T12:26:51.521000+00:00,180+0,standard,blitz,True,outoftime,black,114,khrapov1991,RakitinD,2387,2698,-2,2,C40,Latvian Gambit,4,RakitinD,black,khrapov1991,2698,2387,win,1.0
5zfbXcTE,2026-02-01T12:24:00.520000+00:00,180+0,standard,blitz,True,resign,white,89,RakitinD,FlagoMeeeeen,2696,2415,2,-3,C10,French Defense: Rubinstein Variation,6,RakitinD,white,FlagoMeeeeen,2696,2415,win,1.0
DfpwbDh1,2026-02-01T12:20:45.725000+00:00,180+0,standard,blitz,True,outoftime,black,88,Kirill133,RakitinD,2134,2696,0,0,A46,Indian Defense: Wade-Tartakower Defense,4,RakitinD,black,Kirill133,2696,2134,win,1.0
YHlXH9gc,2026-02-01T12:17:08.175000+00:00,180+0,standard,blitz,True,resign,black,74,Lyubatheonlyone,RakitinD,2321,2694,-1,2,C40,Latvian Gambit,4,RakitinD,black,Lyubatheonlyone,2694,2321,win,1.0
PfPS9hSv,2026-02-01T12:14:18.274000+00:00,180+0,standard,blitz,True,resign,white,47,RakitinD,Grammnik,2693,2274,1,-1,B15,Caro-Kann Defense: Tartakower Variation,10,RakitinD,white,Grammnik,2693,2274,win,1.0
pIQpiLyL,2026-02-01T12:09:32.623000+00:00,180+0,standard,blitz,True,outoftime,black,102,ng99,RakitinD,2353,2692,-1,1,C40,Latvian Gambit,4,RakitinD,black,ng99,2692,2353,win,1.0
Oc3m3RlW,2026-02-01T12:06:43.947000+00:00,180+0,standard,blitz,True,resign,white,81,RakitinD,tieckl,2691,2333,1,-1,B08,Pirc Defense: Classical Variation,8,RakitinD,white,tieckl,2691,2333,win,1.0
MAIgClUD,2026-02-01T12:03:31.096000+00:00,180+0,standard,blitz,True,mate,white,147,GrazyHunter,RakitinD,2652,2697,16,-6,A01,Nimzo-Larsen Attack: Modern Variation,2,RakitinD,black,GrazyHunter,2697,2652,loss,0.0
VYRuxPnH,2026-02-01T12:01:37.418000+00:00,180+0,standard,blitz,True,timeout,white,17,RakitinD,DmitriyBiryuk777,2694,2504,3,-2,B06,Modern Defense: Standard Defense,6,RakitinD,white,DmitriyBiryuk777,2694,2504,win,1.0
WFmpra5y,2026-02-01T12:00:43.684000+00:00,180+0,standard,blitz,True,resign,white,33,RakitinD,tieckl,2693,2327,1,-1,B53,Sicilian Defense: Chekhover Variation,7,RakitinD,white,tieckl,2693,2327,win,1.0
4qj2Y6YQ,2026-02-01T11:56:52.374000+00:00,180+0,standard,blitz,True,mate,black,96,denis_gatil,RakitinD,2368,2691,-1,2,C40,Latvian Gambit,4,RakitinD,black,denis_gatil,2691,2368,win,1.0
C9qlaQYg,2026-02-01T11:53:56.594000+00:00,180+0,standard,blitz,True,resign,black,42,Vladimir_Shishkin,RakitinD,2086,2691,0,0,A04,Zukertort Opening: Pirc Invitation,2,RakitinD,black,Vladimir_Shishkin,2691,2086,win,1.0
Y0Ld9wXj,2026-02-01T11:52:31.543000+00:00,180+0,standard,blitz,True,resign,white,31,RakitinD,Arkadiy87,2690,2174,1,0,C40,Latvian Gambit Accepted: Bilguer Variation,9,RakitinD,white,Arkadiy87,2690,2174,win,1.0
oyBrtNlN,2026-02-01T11:49:35.571000+00:00,180+0,standard,blitz,True,resign,black,92,serezhaa,RakitinD,2155,2690,-1,0,C40,Latvian Gambit: Mlotkowski Variation,5,RakitinD,black,serezhaa,2690,2155,win,1.0
qxfOcf1n,2026-02-01T11:45:29.558000+00:00,180+0,standard,blitz,True,draw,,97,RakitinD,GrazyHunter,2689,2736,1,-2,B06,Modern Defense: Two Knights Variation,7,RakitinD,white,GrazyHunter,2689,2736,draw,0.5
rXy5S1qF,2026-02-01T11:40:31.804000+00:00,180+0,standard,blitz,True,outoftime,white,145,RakitinD,AIOANN,2687,2477,2,-42,B06,Modern Defense,2,RakitinD,white,AIOANN,2687,2477,win,1.0
r4y0tDaL,2026-02-01T11:37:41.493000+00:00,180+0,standard,blitz,True,resign,black,96,Arseny1583,RakitinD,2190,2686,-1,1,A41,Rat Defense: English Rat,4,RakitinD,black,Arseny1583,2686,2190,win,1.0
9AFbQGVJ,2026-02-01T11:32:37.473000+00:00,180+0,standard,blitz,True,outoftime,white,149,RakitinD,GrazyHunter,2679,2750,7,-20,C58,"Italian Game: Two Knights Defense, Polerio Defense, Bishop Check Line",11,RakitinD,white,GrazyHunter,2679,2750,win,1.0
i2k7Br9t,2026-02-01T11:28:02.736000+00:00,180+0,standard,blitz,True,outoftime,black,118,Vladimir_Shishkin,RakitinD,2074,2679,0,0,A04,Zukertort Opening: Pirc Invitation,2,RakitinD,black,Vladimir_Shishkin,2679,2074,win,1.0
W5za61ZN,2026-02-01T11:23:00.763000+00:00,180+0,standard,blitz,True,mate,black,152,RakitinD,GrazyHunter,2684,2733,-5,16,C54,"Italian Game: Classical Variation, Greco Gambit, Modern Line",12,RakitinD,white,GrazyHunter,2684,2733,loss,0.0
3gbgkWY1,2026-02-01T11:21:38.005000+00:00,180+0,standard,blitz,True,resign,black,56,tieckl,RakitinD,2337,2682,-1,2,A00,Hungarian Opening,1,RakitinD,black,tieckl,2682,2337,win,1.0
jtTChmZI,2026-02-01T11:19:15.195000+00:00,180+0,standard,blitz,True,mate,white,59,RakitinD,djkot,2682,2006,0,0,C00,French Defense: Franco-Sicilian Defense,4,RakitinD,white,djkot,2682,2006,win,1.0
xntn4J0d,2026-02-01T11:14:39.512000+00:00,180+0,standard,blitz,True,outoftime,black,90,Engulf,RakitinD,2395,2680,-2,2,A41,Rat Defense: English Rat,4,RakitinD,black,Engulf,2680,2395,win,1.0
MYIIaUfx,2026-02-01T11:09:49.540000+00:00,180+0,standard,blitz,True,mate,black,112,RakitinD,ng99,2691,2311,-11,11,A10,English Opening: Anglo-Scandinavian Defense,2,RakitinD,white,ng99,2691,2311,loss,0.0
jNFCXuh4,2026-02-01T11:07:59.813000+00:00,180+0,standard,blitz,True,resign,black,30,senya-2011,RakitinD,1960,2690,0,1,A41,Rat Defense: English Rat,4,RakitinD,black,senya-2011,2690,1960,win,1.0
triQoenn,2026-01-31T02:28:32.362000+00:00,180+0,standard,blitz,True,mate,white,59,KingofCheapos,OlhaSoComoSeJoga,2415,2417,5,-6,C79,"Ruy Lopez: Morphy Defense, Steinitz Deferred",10,OlhaSoComoSeJoga,black,KingofCheapos,2417,2415,loss,0.0
1PpvB5rb,2026-01-29T18:08:09.818000+00:00,600+0,standard,rapid,True,resign,black,66,OlhaSoComoSeJoga,enclasesUNI,2652,2792,-10,14,A50,Slav Indian,4,OlhaSoComoSeJoga,white,enclasesUNI,2652,2792,loss,0.0
t4tWhppT,2026-01-29T17:12:18.359000+00:00,600+0,standard,rapid,True,mate,black,42,RexOranis,OlhaSoComoSeJoga,2459,2643,-3,9,C22,Center Game: Paulsen Attack Variation,7,OlhaSoComoSeJoga,black,RexOranis,2643,2459,win,1.0
EgAC0oAU,2026-01-27T20:01:48.066000+00:00,300+0,standard,blitz,True,resign,white,47,OlhaSoComoSeJoga,unrealrealist,2405,2309,4,-4,A57,Benko Gambit Accepted: Modern Variation,9,OlhaSoComoSeJoga,white,unrealrealist,2405,2309,win,1.0
1ljKH6ti,2026-01-27T18:01:19.140000+00:00,600+0,standard,rapid,True,resign,black,64,Hotmaledotcom,OlhaSoComoSeJoga,2500,2632,-3,11,D02,Queen's Pawn Game: Symmetrical Variation,4,OlhaSoComoSeJoga,black,Hotmaledotcom,2632,2500,win,1.0
SjTcaR5R,2026-01-27T17:51:02.373000+00:00,600+0,standard,rapid,True,resign,white,37,OlhaSoComoSeJoga,wealthtaxesuk,2624,2435,8,-5,E00,Catalan Opening,5,OlhaSoComoSeJoga,white,wealthtaxesuk,2624,2435,win,1.0
1fw0yjMP,2026-01-27T17:09:57.488000+00:00,600+0,standard,rapid,True,outoftime,white,157,OlhaSoComoSeJoga,zweidreizehen,2612,2493,12,-3,D30,Queen's Gambit Declined,4,OlhaSoComoSeJoga,white,zweidreizehen,2612,2493,win,1.0
tOfYaCAw,2026-01-27T16:43:49.008000+00:00,600+0,standard,rapid,True,resign,white,55,Smart_Kotik,OlhaSoComoSeJoga,2538,2635,7,-23,A05,Zukertort Opening,2,OlhaSoComoSeJoga,black,Smart_Kotik,2635,2538,loss,0.0
yD4p2p03,2026-01-26T20:10:03.472000+00:00,300+0,standard,blitz,True,resign,black,68,OlhaSoComoSeJoga,Knights4base,2424,2517,-5,5,B06,Modern Defense: Standard Line,5,OlhaSoComoSeJoga,white,Knights4base,2424,2517,loss,0.0
IweWNfVh,2026-01-23T13:01:59.786000+00:00,600+0,standard,rapid,True,resign,black,54,mystisking,OlhaSoComoSeJoga,2561,2605,-11,18,D13,Slav Defense: Exchange Variation,8,OlhaSoComoSeJoga,black,mystisking,2605,2561,win,1.0
IzEBz67P,2026-01-22T19:03:31.653000+00:00,600+0,standard,rapid,True,resign,black,60,andreu666,OlhaSoComoSeJoga,2498,2589,-4,16,D10,Slav Defense: Exchange Variation,5,OlhaSoComoSeJoga,black,andreu666,2589,2498,win,1.0
zMk44ij5,2026-01-20T19:59:08.057000+00:00,180+0,standard,blitz,True,resign,white,73,OlhaSoComoSeJoga,Gnechko_Ruslan,2424,2442,7,-6,D30,Queen's Gambit Declined,4,OlhaSoComoSeJoga,white,Gnechko_Ruslan,2424,2442,win,1.0
8BzAOZfd,2026-01-20T17:38:54.930000+00:00,600+0,standard,rapid,True,mate,black,88,Main_Anchor,OlhaSoComoSeJoga,2438,2564,-13,16,D02,Queen's Pawn Game: London System,5,OlhaSoComoSeJoga,black,Main_Anchor,2564,2438,win,1.0
LEHhWqWk,2026-01-18T19:20:21.568000+00:00,180+0,standard,blitz,True,resign,white,71,Lybchenko_Oleg,OlhaSoComoSeJoga,2574,2441,3,-5,C58,"Italian Game: Two Knights Defense, Polerio Defense, Bishop Check Line",11,OlhaSoComoSeJoga,black,Lybchenko_Oleg,2441,2574,loss,0.0
fQGzBcf2,2026-01-18T18:28:16.182000+00:00,180+0,standard,blitz,True,resign,black,56,HAMHAM22,OlhaSoComoSeJoga,2361,2407,-5,11,A15,"English Opening: Anglo-Indian Defense, King's Knight Variation",3,OlhaSoComoSeJoga,black,HAMHAM22,2407,2361,win,1.0
5MlwTiNu,2026-01-18T18:13:35.547000+00:00,180+0,standard,blitz,True,resign,white,45,OlhaSoComoSeJoga,CoffeM12,2405,2437,13,-6,B09,"Pirc Defense: Austrian Attack, Unzicker Attack",11,OlhaSoComoSeJoga,white,CoffeM12,2405,2437,win,1.0
tN5tndn5,2026-01-18T17:21:24.269000+00:00,180+0,standard,blitz,True,resign,black,46,OlhaSoComoSeJoga,mortgagegod,2428,2413,-15,6,A43,Benoni Defense: Old Benoni,3,OlhaSoComoSeJoga,white,mortgagegod,2428,2413,loss,0.0
Vt8KbXPx,2026-01-18T17:03:27.487000+00:00,180+0,standard,blitz,True,outoftime,black,132,behxhetshala,OlhaSoComoSeJoga,2406,2401,-6,15,C50,"Italian Game: Giuoco Pianissimo, Italian Four Knights Variation",9,OlhaSoComoSeJoga,black,behxhetshala,2401,2406,win,1.0
IUSEQ9ok,2026-01-18T16:55:33.415000+00:00,180+0,standard,blitz,True,mate,black,120,ReySolis,OlhaSoComoSeJoga,2348,2387,-5,14,C77,"Ruy Lopez: Morphy Defense, Bayreuth Variation",9,OlhaSoComoSeJoga,black,ReySolis,2387,2348,win,1.0
a3xZAEgi,2025-12-12T13:34:28.742000+00:00,180+0,standard,blitz,True,resign,black,56,OlhaSoComoSeJoga,straybullet,2393,2411,-13,6,A62,Benoni Defense: Fianchetto Variation,16,OlhaSoComoSeJoga,white,straybullet,2393,2411,loss,0.0
CamBIxks,2025-12-09T15:05:33.475000+00:00,600+0,standard,rapid,True,resign,black,52,HamedManoochehri,OlhaSoComoSeJoga,2506,2545,-5,19,D02,Queen's Pawn Game: London System,5,OlhaSoComoSeJoga,black,HamedManoochehri,2545,2506,win,1.0
vPjW4EJd,2025-11-26T21:20:45.227000+00:00,300+0,standard,blitz,True,outoftime,white,119,OlhaSoComoSeJoga,gmnofal,2381,2283,9,-4,D22,Queen's Gambit Accepted: Alekhine Defense,6,OlhaSoComoSeJoga,white,gmnofal,2381,2283,win,1.0
jue8f2O7,2025-11-26T21:02:10.297000+00:00,600+0,standard,rapid,True,resign,white,63,OlhaSoComoSeJoga,Rvnl20023,2529,2484,16,-8,E00,Catalan Opening,5,OlhaSoComoSeJoga,white,Rvnl20023,2529,2484,win,1.0
VB6EcGCg,2025-11-26T20:47:55.814000+00:00,600+0,standard,rapid,True,resign,black,66,Fishka05,OlhaSoComoSeJoga,2524,2506,-14,23,D19,"Slav Defense: Czech Variation, Classical System, Main Line",17,OlhaSoComoSeJoga,black,Fishka05,2506,2524,win,1.0
1KEaJcj0,2025-11-12T21:14:09.474000+00:00,600+0,standard,rapid,True,draw,,94,EwigesTalent,OlhaSoComoSeJoga,2464,2509,1,-3,A34,English Opening: Symmetrical Variation,10,OlhaSoComoSeJoga,black,EwigesTalent,2509,2464,draw,0.5
jGda0sU1,2025-11-12T20:54:20.256000+00:00,600+0,standard,rapid,True,resign,black,104,OlhaSoComoSeJoga,BlindMonster,2527,2563,-18,6,D71,Neo-Grünfeld Defense: Exchange Variation,10,OlhaSoComoSeJoga,white,BlindMonster,2527,2563,loss,0.0
kCTKr4h8,2025-11-06T15:33:08.988000+00:00,60+0,standard,bullet,True,outoftime,white,97,OlhaSoComoSeJoga,Cindycastagnola21,2278,2268,67,-5,A00,Van't Kruijs Opening,1,OlhaSoComoSeJoga,white,Cindycastagnola21,2278,2268,win,1.0
PwOVDTDE,2025-11-06T15:26:07.614000+00:00,300+0,standard,blitz,True,resign,black,66,Alvalde,OlhaSoComoSeJoga,2344,2373,-5,8,B10,Caro-Kann Defense,2,OlhaSoComoSeJoga,black,Alvalde,2373,2344,win,1.0
xKAgUmqb,2025-11-06T15:22:38.772000+00:00,300+0,standard,blitz,True,resign,white,45,kerzol5777,OlhaSoComoSeJoga,2203,2387,8,-14,D10,Slav Defense: Exchange Variation,5,OlhaSoComoSeJoga,black,kerzol5777,2387,2203,loss,0.0
tkM141Hj,2025-11-06T15:10:29.032000+00:00,600+0,standard,rapid,True,resign,black,52,OlhaSoComoSeJoga,SHIDFAR2007,2539,2698,-12,4,D30,Queen's Gambit Declined,4,OlhaSoComoSeJoga,white,SHIDFAR2007,2539,2698,loss,0.0
OlLDM4qN,2026-02-01T18:52:45.870000+00:00,15+0,standard,ultraBullet,True,outoftime,black,92,zanycolourfulwindow,SpartakMos,2246,2320,-5,5,A00,Mieses Opening,1,zanycolourfulwindow,white,SpartakMos,2246,2320,loss,0.0
QeL0ho1j,2026-02-01T18:29:41.386000+00:00,15+0,standard,ultraBullet,True,outoftime,white,57,Knightmare1312,zanycolourfulwindow,1786,2248,11,-11,A43,Benoni Defense: Old Benoni,2,zanycolourfulwindow,black,Knightmare1312,2248,1786,loss,0.0
JVrvd1rq,2026-02-01T18:22:40.790000+00:00,15+0,standard,ultraBullet,True,mate,white,53,AbraCadabra08,zanycolourfulwindow,1946,2265,11,-10,A00,Kádas Opening,1,zanycolourfulwindow,black,AbraCadabra08,2265,1946,loss,0.0
ybKMH3xT,2026-02-01T18:13:13.849000+00:00,15+0,standard,ultraBullet,True,mate,white,47,sherlock2001holmes,zanycolourfulwindow,2007,2268,9,-10,A04,Zukertort Opening: Herrstrom Gambit,2,zanycolourfulwindow,black,sherlock2001holmes,2268,2007,loss,0.0
Gi4PNhyC,2026-02-01T17:19:27.055000+00:00,15+0,standard,ultraBullet,True,mate,black,86,zanycolourfulwindow,Monkey_GOAT,2278,2285,-5,17,A00,Mieses Opening,1,zanycolourfulwindow,white,Monkey_GOAT,2278,2285,loss,0.0
9DcPXixk,2026-02-01T17:15:48.863000+00:00,15+0,standard,ultraBullet,True,outoftime,white,61,Monkey_GOAT,zanycolourfulwindow,2271,2270,22,-6,A43,Benoni Defense: Old Benoni,2,zanycolourfulwindow,black,Monkey_GOAT,2270,2271,loss,0.0
V272SVd3,2026-02-01T17:03:15.858000+00:00,15+0,standard,ultraBullet,True,mate,black,66,Safaralyevv,zanycolourfulwindow,1704,2274,0,0,A00,Hungarian Opening,1,zanycolourfulwindow,black,Safaralyevv,2274,1704,win,1.0
iSFrUE0F,2026-01-31T12:03:30.331000+00:00,180+0,standard,blitz,True,outoftime,white,103,zanycolourfulwindow,elothiras,2210,2350,8,-8,B05,"Alekhine Defense: Modern Variation, Main Line",8,zanycolourfulwindow,white,elothiras,2210,2350,win,1.0
SxMUS1Zq,2026-01-28T18:48:41.313000+00:00,600+0,standard,rapid,True,resign,black,46,emandr,zanycolourfulwindow,2594,2594,-6,12,C06,"French Defense: Tarrasch Variation, Closed Variation, Main Line",15,zanycolourfulwindow,black,emandr,2594,2594,win,1.0
y2XcPxEu,2026-01-28T18:26:25.073000+00:00,600+0,standard,rapid,True,mate,white,121,zanycolourfulwindow,ToyTiko,2586,2450,8,-3,B28,"Sicilian Defense: O'Kelly Variation, Kieseritzky System",5,zanycolourfulwindow,white,ToyTiko,2586,2450,win,1.0
xhDWkpNT,2026-01-24T18:06:00.241000+00:00,480+0,standard,rapid,True,resign,white,73,zanycolourfulwindow,lavpobjednik12,2586,1975,0,-1,B30,Sicilian Defense: Nyezhmetdinov-Rossolimo Attack,5,zanycolourfulwindow,white,lavpobjednik12,2586,1975,win,1.0
EVZ6BhHz,2026-01-21T18:58:51.536000+00:00,480+0,standard,rapid,True,draw,,108,zanycolourfulwindow,RiseP,2588,2505,-3,4,C42,Petrov's Defense: Nimzowitsch Attack,9,zanycolourfulwindow,white,RiseP,2588,2505,draw,0.5
bHrXttIZ,2026-01-21T18:39:48.955000+00:00,600+0,standard,rapid,True,resign,black,76,KungFuMaster8,zanycolourfulwindow,2500,2578,-14,10,C05,"French Defense: Tarrasch Variation, Pawn Center Variation",9,zanycolourfulwindow,black,KungFuMaster8,2578,2500,win,1.0
id4ktS5N,2026-01-21T18:25:47.960000+00:00,600+0,standard,rapid,True,resign,black,68,LamazeSimon,zanycolourfulwindow,2663,2560,-8,18,C11,"French Defense: Steinitz Variation, Boleslavsky Variation",13,zanycolourfulwindow,black,LamazeSimon,2560,2663,win,1.0
Wn3PjT1w,2026-01-14T18:20:43.912000+00:00,600+0,standard,rapid,True,resign,white,76,i_hate_dogs,zanycolourfulwindow,2545,2591,11,-15,C01,French Defense: Exchange Variation,7,zanycolourfulwindow,black,i_hate_dogs,2591,2545,loss,0.0
bdut8BmN,2026-01-14T18:05:08.880000+00:00,600+0,standard,rapid,True,resign,white,87,zanycolourfulwindow,Dubov-ii,2577,2564,14,-5,C40,Latvian Gambit Accepted: Bilguer Variation,9,zanycolourfulwindow,white,Dubov-ii,2577,2564,win,1.0
02OyovdN,2026-01-05T18:00:03.535000+00:00,300+3,standard,blitz,True,mate,black,80,zanycolourfulwindow,Purple1szed,2171,2308,-4,4,C41,Philidor Defense: Lion Variation,8,zanycolourfulwindow,white,Purple1szed,2171,2308,loss,0.0
dL0Jrb5K,2025-12-31T23:57:55.754000+00:00,180+2,standard,blitz,True,mate,white,61,PolishEngland,zanycolourfulwindow,2293,2175,4,-4,C01,French Defense: Exchange Variation,5,zanycolourfulwindow,black,PolishEngland,2175,2293,loss,0.0
xJK8hBU4,2025-12-31T23:45:04.634000+00:00,180+2,standard,blitz,True,resign,black,52,zanycolourfulwindow,PolishEngland,2178,2291,-4,4,C54,"Italian Game: Classical Variation, Giuoco Pianissimo, with a6",12,zanycolourfulwindow,white,PolishEngland,2178,2291,loss,0.0
J0GnngKv,2025-12-31T23:41:28.575000+00:00,180+2,standard,blitz,True,mate,white,77,zanycolourfulwindow,JamesTheseus,2176,1943,2,-2,C53,"Italian Game: Classical Variation, La Bourdonnais Variation",12,zanycolourfulwindow,white,JamesTheseus,2176,1943,win,1.0
6uEV98dA,2025-12-31T23:27:21.194000+00:00,180+2,standard,blitz,True,outoftime,black,162,zanycolourfulwindow,PolishEngland,2185,2295,-4,4,C54,"Italian Game: Classical Variation, Giuoco Pianissimo",12,zanycolourfulwindow,white,PolishEngland,2185,2295,loss,0.0
HRX2c4Q1,2025-12-31T23:09:52.323000+00:00,180+2,standard,blitz,True,mate,black,106,PolishEngland,zanycolourfulwindow,2306,2169,-8,8,C01,French Defense: Exchange Variation,7,zanycolourfulwindow,black,PolishEngland,2169,2306,win,1.0
pY3IXiY8,2025-12-31T22:44:42.483000+00:00,180+2,standard,blitz,True,resign,black,77,zanycolourfulwindow,SarahLongson,2176,2157,-6,6,C54,"Italian Game: Classical Variation, Giuoco Pianissimo",9,zanycolourfulwindow,white,SarahLongson,2176,2157,loss,0.0
A7VDD2Mg,2025-12-31T22:34:54.233000+00:00,180+2,standard,blitz,True,draw,,101,TheForkPower,zanycolourfulwindow,2157,2177,0,-1,A18,English Opening: Mikenas-Carls Variation,7,zanycolourfulwindow,black,TheForkPower,2177,2157,draw,0.5
uKcUXmjf,2025-12-31T22:27:58.103000+00:00,180+2,standard,blitz,True,resign,white,39,rowrulz,zanycolourfulwindow,2233,2179,17,-5,E05,"Catalan Opening: Open Defense, Classical Line",12,zanycolourfulwindow,black,rowrulz,2179,2233,loss,0.0
D7MiaKqQ,2025-12-31T22:14:05.413000+00:00,180+2,standard,blitz,True,resign,white,104,PolishEngland,zanycolourfulwindow,2307,2179,4,-4,D55,"Queen's Gambit Declined: Neo-Orthodox Variation, Main Line",13,zanycolourfulwindow,black,PolishEngland,2179,2307,loss,0.0
EJATlZ0w,2025-12-31T22:06:38.626000+00:00,180+2,standard,blitz,True,resign,black,74,zanycolourfulwindow,TheForkPower,2184,2136,-8,8,B22,"Sicilian Defense: Alapin Variation, Smith-Morra Declined",8,zanycolourfulwindow,white,TheForkPower,2184,2136,loss,0.0
Dreexbdr,2025-12-31T21:56:07.313000+00:00,180+2,standard,blitz,True,outoftime,black,92,rowrulz,zanycolourfulwindow,2232,2175,-29,8,A14,"English Opening: Agincourt Defense, Neo-Catalan Declined",12,zanycolourfulwindow,black,rowrulz,2175,2232,win,1.0
1ZvrcmrM,2025-12-31T21:43:05.813000+00:00,180+2,standard,blitz,True,resign,white,139,PolishEngland,zanycolourfulwindow,2313,2179,3,-4,D55,"Queen's Gambit Declined: Neo-Orthodox Variation, Main Line",13,zanycolourfulwindow,black,PolishEngland,2179,2313,loss,0.0
ok5G3dLZ,2025-12-31T21:37:56.852000+00:00,180+2,standard,blitz,True,resign,black,61,zanycolourfulwindow,Callumcoll66,2191,1876,-12,42,B76,"Sicilian Defense: Dragon Variation, Yugoslav Attack",16,zanycolourfulwindow,white,Callumcoll66,2191,1876,loss,0.0
MDVKEtCS,2026-01-28T22:01:43.526000+00:00,600+0,standard,rapid,True,resign,white,36,yosfoo16l,Hammurapi65,2540,2472,11,-5,C46,Three Knights Opening,5,yosfoo16l,white,Hammurapi65,2540,2472,win,1.0
qxZ6pJS8,2026-01-28T21:47:57.655000+00:00,600+0,standard,rapid,True,outoftime,black,40,Rafaxq1,yosfoo16l,2401,2530,-7,10,D08,Queen's Gambit Declined: Albin Countergambit,4,yosfoo16l,black,Rafaxq1,2530,2401,win,1.0
WWpKgIdu,2026-01-28T21:25:12.413000+00:00,600+0,standard,rapid,True,resign,black,44,SRITHIK_GOPISETTY,yosfoo16l,1742,2529,0,1,C01,"French Defense: Exchange Variation, Monte Carlo Variation",7,yosfoo16l,black,SRITHIK_GOPISETTY,2529,1742,win,1.0
cJmIjFi9,2026-01-24T20:21:52.393000+00:00,600+5,standard,rapid,True,draw,,31,yosfoo16l,PelauKing,2532,2464,-3,4,C55,Italian Game: Two Knights Defense,10,yosfoo16l,white,PelauKing,2532,2464,draw,0.5
zecod269,2026-01-24T19:59:42.019000+00:00,600+5,standard,rapid,True,resign,white,118,PelauKing,yosfoo16l,2445,2551,19,-19,D37,Queen's Gambit Declined: Three Knights Variation,7,yosfoo16l,black,PelauKing,2551,2445,loss,0.0
PBTkuXRh,2026-01-24T19:45:24.938000+00:00,900+0,standard,rapid,True,resign,white,77,yosfoo16l,Telekinesis2010,2541,2423,10,-16,B10,Caro-Kann Defense,4,yosfoo16l,white,Telekinesis2010,2541,2423,win,1.0
X0uzbApU,2026-01-24T11:04:06.898000+00:00,900+0,standard,rapid,True,resign,black,48,Attackinlala,yosfoo16l,2219,2536,-4,5,A22,"English Opening: King's English, Mazedonisch",5,yosfoo16l,black,Attackinlala,2536,2219,win,1.0
a95oe7PG,2026-01-24T10:58:37.243000+00:00,900+0,standard,rapid,True,resign,white,41,yosfoo16l,Attackinlala,2531,2224,5,-5,B12,"Caro-Kann Defense: Advance Variation, Botvinnik-Carls Defense",6,yosfoo16l,white,Attackinlala,2531,2224,win,1.0
EDhoM5t6,2026-01-24T10:37:25.674000+00:00,600+0,standard,rapid,True,draw,,120,LionStrategist,yosfoo16l,2336,2540,3,-9,C77,"Ruy Lopez: Morphy Defense, Anderssen Variation",9,yosfoo16l,black,LionStrategist,2540,2336,draw,0.5
dL1L3q8Z,2026-01-24T10:12:20.410000+00:00,600+0,standard,rapid,True,resign,white,71,yosfoo16l,CHESSMAESTR21,2508,2627,23,-14,B30,Sicilian Defense: Old Sicilian,4,yosfoo16l,white,CHESSMAESTR21,2508,2627,win,1.0
UiqQllO6,2026-01-23T08:33:20.546000+00:00,600+0,standard,rapid,True,resign,black,44,Janmer2512,yosfoo16l,2284,2498,-16,10,B01,Scandinavian Defense: Modern Variation,4,yosfoo16l,black,Janmer2512,2498,2284,win,1.0
IJ4rmBgT,2026-01-23T08:06:06.782000+00:00,600+0,standard,rapid,True,resign,black,65,Cthutq1976,yosfoo16l,2462,2479,-10,19,D02,Queen's Pawn Game: Chigorin Variation,4,yosfoo16l,black,Cthutq1976,2479,2462,win,1.0
vERXHYR7,2026-01-20T22:57:09.043000+00:00,600+0,standard,rapid,True,resign,white,49,yosfoo16l,prostoaligieri,2489,2264,9,-2,B02,Alekhine Defense: Two Pawns Attack,5,yosfoo16l,white,prostoaligieri,2489,2264,win,1.0
qk5n7wkI,2026-01-20T22:36:38.180000+00:00,600+0,standard,rapid,True,mate,black,96,XComebackArcX,yosfoo16l,2458,2465,-7,24,C56,"Italian Game: Scotch Gambit, Anderssen Attack",15,yosfoo16l,black,XComebackArcX,2465,2458,win,1.0
0WP5DiiW,2026-01-20T17:00:47.143000+00:00,600+0,standard,rapid,True,resign,black,32,Malenia_GoddessofRot,yosfoo16l,2440,2441,-19,24,D20,"Queen's Gambit Accepted: Central Variation, McDonnell Defense",6,yosfoo16l,black,Malenia_GoddessofRot,2441,2440,win,1.0
xmWMiYFG,2026-01-20T16:54:43.203000+00:00,600+0,standard,rapid,True,resign,white,35,yosfoo16l,ArseniP3shka64,2426,2277,15,-3,C54,"Italian Game: Classical Variation, Giuoco Pianissimo",9,yosfoo16l,white,ArseniP3shka64,2426,2277,win,1.0
IxWZVhe8,2026-01-20T16:49:30.030000+00:00,600+0,standard,rapid,True,resign,black,29,Lordbresco,yosfoo16l,2375,2399,-5,27,D08,Queen's Gambit Declined: Albin Countergambit,4,yosfoo16l,black,Lordbresco,2399,2375,win,1.0
FpOCAmNI,2026-01-20T16:38:23.909000+00:00,600+0,standard,rapid,True,resign,white,41,yosfoo16l,an49g,2368,2390,31,-8,C11,"French Defense: Classical Variation, Steinitz Variation",7,yosfoo16l,white,an49g,2368,2390,win,1.0
d6tCARZQ,2026-01-20T16:26:52.059000+00:00,600+0,standard,rapid,True,mate,black,76,cmilz33,yosfoo16l,2225,2345,-4,23,A20,English Opening: King's English Variation,2,yosfoo16l,black,cmilz33,2345,2225,win,1.0
EGFjSa1b,2026-01-20T16:19:42.327000+00:00,600+0,standard,rapid,True,resign,black,37,Scoypion,yosfoo16l,2255,2314,-5,31,C58,"Italian Game: Two Knights Defense, Polerio Defense, Bishop Check Line",11,yosfoo16l,black,Scoypion,2314,2255,win,1.0
MXY2x74m,2026-01-20T16:05:42.995000+00:00,600+0,standard,rapid,True,mate,white,61,yosfoo16l,PamPomPam,2282,2223,32,-4,B15,Caro-Kann Defense: Main Line,7,yosfoo16l,white,PamPomPam,2282,2223,win,1.0
1sN296TC,2026-01-19T17:52:23.825000+00:00,600+0,standard,rapid,True,resign,white,55,yosfoo16l,Antoikd,2256,2116,26,-3,C25,Vienna Game,3,yosfoo16l,white,Antoikd,2256,2116,win,1.0
dw9Y1Y9S,2026-01-15T20:10:08.051000+00:00,600+0,standard,rapid,True,mate,black,14,MaxwellBHM,yosfoo16l,2151,2214,-10,42,C35,King's Gambit Accepted: Cunningham Defense,6,yosfoo16l,black,MaxwellBHM,2214,2151,win,1.0
uWFaiPeF,2026-01-15T19:55:01.932000+00:00,600+0,standard,rapid,True,resign,white,63,yosfoo16l,A62AA,2141,2264,73,-13,A06,Zukertort Opening: Tennison Gambit,3,yosfoo16l,white,A62AA,2141,2264,win,1.0
2lyOMrZh,2026-01-15T19:36:16.559000+00:00,600+0,standard,rapid,True,resign,black,120,molaki12,yosfoo16l,2044,2081,-13,60,C44,Scotch Game: Benima Defense,8,yosfoo16l,black,molaki12,2081,2044,win,1.0
cPfSqyV9,2026-01-15T19:12:06.207000+00:00,600+0,standard,rapid,True,resign,black,40,pucheroargentino,yosfoo16l,1992,2000,-5,81,C50,"Italian Game: Giuoco Pianissimo, Italian Four Knights Variation",9,yosfoo16l,black,pucheroargentino,2000,1992,win,1.0
CHxaEPew,2026-01-14T21:15:34.358000+00:00,600+0,standard,rapid,True,resign,black,52,jpvs,yosfoo16l,1895,1892,-5,108,B20,Sicilian Defense: Mengarini Variation,3,yosfoo16l,black,jpvs,1892,1895,win,1.0
6qxTXd5S,2026-01-14T21:03:23.757000+00:00,600+0,standard,rapid,True,resign,white,50,yosfoo16l,Hasan_hamdan10,1722,1794,170,-4,C46,Three Knights Opening,6,yosfoo16l,white,Hasan_hamdan10,1722,1794,win,1.0
YJnA95Qk,2026-01-13T18:46:18.212000+00:00,0+1,standard,bullet,True,outoftime,black,86,yosfoo16l,Korgoth1,1500,1418,-311,4,B06,Modern Defense,2,yosfoo16l,white,Korgoth1,1500,1418,loss,0.0
GdYt2EmC,2026-01-12T21:51:18.961000+00:00,600+0,standard,rapid,True,mate,black,42,ahmedmosaadn,yosfoo16l,1463,1500,-4,222,C35,King's Gambit Accepted: Cunningham Defense,6,yosfoo16l,black,ahmedmosaadn,1500,1463,win,1.0
mUcHVlQ1,2026-02-01T00:17:39.773000+00:00,60+0,standard,bullet,True,mate,black,74,mbojan23,Watneg,3081,3246,-4,4,B94,Sicilian Defense: Najdorf Variation,11,Watneg,black,mbojan23,3246,3081,win,1.0
JSgJdEj1,2026-02-01T00:11:24.534000+00:00,60+0,standard,bullet,True,resign,white,65,Watneg,mbojan23,3255,3072,3,-2,B06,Modern Defense: Norwegian Defense,4,Watneg,white,mbojan23,3255,3072,win,1.0
MK2kbHOY,2026-02-01T00:05:21.234000+00:00,60+0,standard,bullet,True,resign,black,62,mbojan23,Watneg,3070,3258,-3,3,A45,Trompowsky Attack,3,Watneg,black,mbojan23,3258,3070,win,1.0
bQ504KPD,2026-01-22T01:25:23.034000+00:00,60+0,standard,bullet,True,outoftime,white,145,abudabi22840,Watneg,3235,3258,6,-6,D03,Queen's Pawn Game: Torre Attack,5,Watneg,black,abudabi22840,3258,3235,loss,0.0
xXdaraR9,2026-01-22T01:22:02.385000+00:00,60+0,standard,bullet,True,resign,black,62,abudabi22840,Watneg,3246,3247,-6,6,D02,Queen's Pawn Game: Symmetrical Variation,4,Watneg,black,abudabi22840,3247,3246,win,1.0
etfS4Gxf,2026-01-19T01:19:40.491000+00:00,60+0,standard,bullet,True,mate,black,48,Mishka_The_Great,Watneg,3135,3234,-4,5,A45,Trompowsky Attack,3,Watneg,black,Mishka_The_Great,3234,3135,win,1.0
mO7KDih8,2026-01-16T18:03:39.400000+00:00,60+0,standard,bullet,True,outoftime,black,132,Egniyzo_Ghemaklykhor,Watneg,3195,3188,-6,7,A04,Zukertort Opening: Sicilian Invitation,2,Watneg,black,Egniyzo_Ghemaklykhor,3188,3195,win,1.0
xSBGllqn,2026-01-16T18:00:06.462000+00:00,60+0,standard,bullet,True,outoftime,white,155,Egniyzo_Ghemaklykhor,Watneg,3195,3188,5,-7,A05,King's Indian Attack: Symmetrical Defense,4,Watneg,black,Egniyzo_Ghemaklykhor,3188,3195,loss,0.0
UHEp3RZg,2026-01-16T16:34:36.516000+00:00,60+0,standard,bullet,True,mate,black,70,jangarbarek,Watneg,3101,3182,-4,6,B06,Modern Defense,4,Watneg,black,jangarbarek,3182,3101,win,1.0
jQjjpHdf,2026-01-16T16:25:53.651000+00:00,60+0,standard,bullet,True,resign,white,55,jangarbarek,Watneg,3100,3184,7,-9,A45,Trompowsky Attack,3,Watneg,black,jangarbarek,3184,3100,loss,0.0
3zYNkTlo,2025-12-13T00:16:27.261000+00:00,60+0,standard,bullet,True,resign,white,9,ARM-777777,Watneg,3175,3188,6,-6,A48,Torre Attack: Fianchetto Defense,5,Watneg,black,ARM-777777,3188,3175,loss,0.0
6m5kSRZs,2025-12-13T00:13:55.280000+00:00,60+0,standard,bullet,True,mate,white,139,Watneg,ARM-777777,3182,3181,6,-6,B23,"Sicilian Defense: Closed, Traditional",4,Watneg,white,ARM-777777,3182,3181,win,1.0
hnXCM1oi,2025-11-25T22:45:18.754000+00:00,60+0,standard,bullet,True,outoftime,black,160,Watneg,Amin_____tb,3165,3230,-5,5,C42,Petrov's Defense: Nimzowitsch Attack,9,Watneg,white,Amin_____tb,3165,3230,loss,0.0
YferEZOa,2025-11-25T22:44:21.127000+00:00,60+0,standard,bullet,True,resign,white,42,Amin_____tb,Watneg,3225,3170,5,-5,A36,"English Opening: Symmetrical Variation, Ultra-Symmetrical Variation",8,Watneg,black,Amin_____tb,3170,3225,loss,0.0
VF8WEZsd,2025-11-23T12:46:21.824000+00:00,60+0,standard,bullet,True,outoftime,white,115,Ediz_Gurel,Watneg,3354,3176,3,-3,D93,"Grünfeld Defense: Three Knights Variation, Hungarian Variation",11,Watneg,black,Ediz_Gurel,3176,3354,loss,0.0
gI3injfz,2025-11-23T12:31:44.613000+00:00,60+0,standard,bullet,True,resign,black,73,Ediz_Gurel,Watneg,3351,3179,-9,9,B23,Sicilian Defense: Closed,3,Watneg,black,Ediz_Gurel,3179,3351,win,1.0
045lkxVC,2025-11-04T23:20:27.634000+00:00,60+0,standard,bullet,True,draw,,102,Watneg,sane_man,3190,3133,-1,1,C26,Vienna Game: Stanley Variation,5,Watneg,white,sane_man,3190,3133,draw,0.5
rCRbAeiT,2025-11-04T23:06:52.467000+00:00,60+0,standard,bullet,True,outoftime,white,83,Watneg,sane_man,3177,3145,6,-5,C41,Philidor Defense,6,Watneg,white,sane_man,3177,3145,win,1.0
blbWdmh6,2025-11-04T22:48:29.675000+00:00,60+0,standard,bullet,True,outoftime,black,138,BrightFalcon,Watneg,3197,3177,-6,6,A48,"Queen's Pawn Game: Torre Attack, Grünfeld Variation, Main Line",10,Watneg,black,BrightFalcon,3177,3197,win,1.0
hhDaB544,2025-11-04T22:38:46.894000+00:00,60+0,standard,bullet,True,mate,black,74,Perdamburetsky007,Watneg,3010,3173,-3,3,B09,Pirc Defense: Austrian Attack,7,Watneg,black,Perdamburetsky007,3173,3010,win,1.0
vMlPoof9,2025-11-04T02:16:15.053000+00:00,60+0,standard,bullet,True,outoftime,,122,Watneg,sane_man,3165,3146,0,0,C25,Vienna Game: Max Lange Defense,4,Watneg,white,sane_man,3165,3146,draw,0.5
zNoPbAbK,2025-11-04T01:46:14.614000+00:00,60+0,standard,bullet,True,outoftime,black,134,Watneg,Tintirito,3178,3037,-7,8,B06,Modern Defense,4,Watneg,white,Tintirito,3178,3037,loss,0.0
Nvui0XYT,2025-11-03T00:17:09.100000+00:00,60+0,standard,bullet,True,resign,black,52,darkness_24,Watneg,2980,3196,-2,3,A49,Indian Defense: Przepiorka Variation,5,Watneg,black,darkness_24,3196,2980,win,1.0
l9YILkbE,2025-10-29T21:42:05.020000+00:00,60+0,standard,bullet,True,resign,black,60,indianstar,Watneg,3115,3164,-5,5,A04,Zukertort Opening: Sicilian Invitation,2,Watneg,black,indianstar,3164,3115,win,1.0
AXv4RFXh,2025-10-27T23:36:37.842000+00:00,60+0,standard,bullet,True,resign,black,100,ARM-777777,Watneg,3215,3167,-6,6,A48,Queen's Pawn Game: Barry Attack,8,Watneg,black,ARM-777777,3167,3215,win,1.0
lKtm7Xkq,2025-10-27T22:49:03.754000+00:00,60+0,standard,bullet,True,resign,white,71,Watneg,Hripach007,3135,3109,6,-5,C26,"Vienna Game: Stanley Variation, Reversed Spanish",6,Watneg,white,Hripach007,3135,3109,win,1.0
j54xT0FY,2025-10-27T22:37:41.232000+00:00,60+0,standard,bullet,True,mate,white,35,tamojerry,Watneg,3145,3136,6,-6,B23,Sicilian Defense: Closed,3,Watneg,black,tamojerry,3136,3145,loss,0.0
uVl3Qeqg,2025-10-27T22:36:01.626000+00:00,60+0,standard,bullet,True,resign,black,62,Watneg,tamojerry,3142,3139,-6,6,B23,Sicilian Defense: Closed,3,Watneg,white,tamojerry,3142,3139,loss,0.0
QqPyrxmM,2025-10-27T22:25:30.216000+00:00,60+0,standard,bullet,True,outoftime,white,133,tamojerry,Watneg,3147,3134,5,-6,B23,Sicilian Defense: Closed,3,Watneg,black,tamojerry,3134,3147,loss,0.0
MV7uAHpX,2025-10-05T22:34:41.873000+00:00,60+0,standard,bullet,True,resign,black,80,Rat_variant,Watneg,3025,3152,-3,3,B51,Sicilian Defense: Moscow Variation,5,Watneg,black,Rat_variant,3152,3025,win,1.0
ARpVMBDQ,2026-02-01T15:56:07.082000+00:00,180+0,standard,blitz,True,outoftime,white,95,Chalawan,SwitzerlandChair,2631,2822,9,-9,C18,"French Defense: Winawer Variation, Portisch-Hook Variation",12,SwitzerlandChair,black,Chalawan,2822,2631,loss,0.0
5SI2tuOe,2026-02-01T15:49:55.189000+00:00,180+0,standard,blitz,True,outoftime,white,93,SwitzerlandChair,Chalawan,2819,2634,3,-3,B40,"Sicilian Defense: French Variation, Open",6,SwitzerlandChair,white,Chalawan,2819,2634,win,1.0
MFMUAsdQ,2026-02-01T15:44:59.021000+00:00,180+0,standard,blitz,True,outoftime,black,62,Chalawan,SwitzerlandChair,2637,2816,-3,3,C18,"French Defense: Winawer Variation, Portisch-Hook Variation",12,SwitzerlandChair,black,Chalawan,2816,2637,win,1.0
BP1E90JX,2026-02-01T15:38:47.276000+00:00,180+0,standard,blitz,True,outoftime,white,127,SwitzerlandChair,Chalawan,2813,2640,3,-3,B21,Sicilian Defense: Smith-Morra Gambit,3,SwitzerlandChair,white,Chalawan,2813,2640,win,1.0
3TgAyKtJ,2026-02-01T15:32:46.152000+00:00,180+0,standard,blitz,True,outoftime,black,104,Chalawan,SwitzerlandChair,2643,2810,-3,3,C18,"French Defense: Winawer Variation, Portisch-Hook Variation",12,SwitzerlandChair,black,Chalawan,2810,2643,win,1.0
fpqGFG3h,2026-02-01T15:27:37.761000+00:00,180+0,standard,blitz,True,resign,white,61,SwitzerlandChair,Chalawan,2806,2647,4,-4,B40,"Sicilian Defense: French Variation, Open",6,SwitzerlandChair,white,Chalawan,2806,2647,win,1.0
J8F5l3cA,2026-02-01T15:22:30.422000+00:00,180+0,standard,blitz,True,resign,black,108,Chalawan,SwitzerlandChair,2650,2803,-3,3,C18,"French Defense: Winawer Variation, Portisch-Hook Variation",12,SwitzerlandChair,black,Chalawan,2803,2650,win,1.0
FJx56TRU,2026-02-01T15:17:40.090000+00:00,180+0,standard,blitz,True,resign,white,45,SwitzerlandChair,Chalawan,2800,2653,3,-3,B40,"Sicilian Defense: French Variation, Open",6,SwitzerlandChair,white,Chalawan,2800,2653,win,1.0
CZGlPawJ,2026-02-01T15:14:05.660000+00:00,180+0,standard,blitz,True,resign,black,54,Chalawan,SwitzerlandChair,2657,2796,-4,4,C18,"French Defense: Winawer Variation, Portisch-Hook Variation",12,SwitzerlandChair,black,Chalawan,2796,2657,win,1.0
QzV9eVon,2026-02-01T15:08:58.925000+00:00,180+0,standard,blitz,True,mate,black,90,SwitzerlandChair,Yan_Dyomin2010,2804,2676,-8,11,C48,"Four Knights Game: Spanish Variation, Rubinstein Variation",9,SwitzerlandChair,white,Yan_Dyomin2010,2804,2676,loss,0.0
1W12UEE3,2026-02-01T15:08:27.263000+00:00,180+0,standard,blitz,True,resign,black,28,Yan_Dyomin2010,SwitzerlandChair,2681,2800,-5,4,B01,Scandinavian Defense: Mieses-Kotroc Variation,4,SwitzerlandChair,black,Yan_Dyomin2010,2800,2681,win,1.0
FwzPRaLB,2026-02-01T15:02:12.258000+00:00,180+0,standard,blitz,True,outoftime,,183,SwitzerlandChair,Yan_Dyomin2010,2802,2678,-2,3,C48,"Four Knights Game: Spanish Variation, Rubinstein Variation",9,SwitzerlandChair,white,Yan_Dyomin2010,2802,2678,draw,0.5
EN8Pl3pQ,2026-02-01T14:58:46.360000+00:00,180+0,standard,blitz,True,resign,black,60,Yan_Dyomin2010,SwitzerlandChair,2684,2798,-6,4,B01,Scandinavian Defense: Mieses-Kotroc Variation,4,SwitzerlandChair,black,Yan_Dyomin2010,2798,2684,win,1.0
ltlXABFN,2026-02-01T14:53:23.483000+00:00,180+0,standard,blitz,True,draw,,69,SwitzerlandChair,baril1,2801,2545,-3,4,C48,"Four Knights Game: Spanish Variation, Rubinstein Variation",9,SwitzerlandChair,white,baril1,2801,2545,draw,0.5
dIuZHEY8,2026-02-01T14:49:24.577000+00:00,180+0,standard,blitz,True,resign,black,70,Chomuszka,SwitzerlandChair,2515,2799,-2,2,A41,Queen's Pawn Game,2,SwitzerlandChair,black,Chomuszka,2799,2515,win,1.0
rz86WZsZ,2026-02-01T14:42:21.198000+00:00,180+0,standard,blitz,True,mate,black,134,SwitzerlandChair,CyrilMarcelin,2808,2589,-9,10,B01,Scandinavian Defense: Mieses-Kotroc Variation,4,SwitzerlandChair,white,CyrilMarcelin,2808,2589,loss,0.0
4xIXZoDa,2026-02-01T14:37:38.339000+00:00,180+0,standard,blitz,True,resign,white,83,SwitzerlandChair,IgorVershinin2009,2805,2682,3,-3,C49,"Four Knights Game: Spanish Variation, Double Spanish",8,SwitzerlandChair,white,IgorVershinin2009,2805,2682,win,1.0
yAiXeNzh,2026-02-01T14:26:24.090000+00:00,180+0,standard,blitz,True,outoftime,black,64,SwitzerlandChair,ChessRabbit2023,2818,2612,-8,9,B54,"Sicilian Defense: Modern Variations, Main Line",8,SwitzerlandChair,white,ChessRabbit2023,2818,2612,loss,0.0
C63oNSOf,2026-02-01T14:15:39.661000+00:00,180+0,standard,blitz,True,outoftime,black,120,SwitzerlandChair,GrozaGrosov,2826,2565,-9,10,B15,Caro-Kann Defense: Tartakower Variation,10,SwitzerlandChair,white,GrozaGrosov,2826,2565,loss,0.0
RDDJoalK,2026-02-01T14:11:55.559000+00:00,180+0,standard,blitz,True,mate,white,79,lost_in_soul,SwitzerlandChair,2643,2834,9,-8,C18,"French Defense: Winawer Variation, Portisch-Hook Variation",12,SwitzerlandChair,black,lost_in_soul,2834,2643,loss,0.0
w5PX3SMv,2026-02-01T14:05:50.958000+00:00,180+0,standard,blitz,True,resign,white,129,SwitzerlandChair,lost_in_soul,2832,2646,2,-3,B54,"Sicilian Defense: Modern Variations, Main Line",8,SwitzerlandChair,white,lost_in_soul,2832,2646,win,1.0
QdmpeLre,2026-02-01T14:00:34.048000+00:00,180+0,standard,blitz,True,resign,white,71,SwitzerlandChair,Opteron85,2829,2639,3,-3,B00,Pirc Defense,3,SwitzerlandChair,white,Opteron85,2829,2639,win,1.0
hbOFKz4L,2026-02-01T13:54:24.496000+00:00,180+0,standard,blitz,True,mate,white,133,Shukh_Nikolay,SwitzerlandChair,2621,2838,9,-9,C41,Philidor Defense,5,SwitzerlandChair,black,Shukh_Nikolay,2838,2621,loss,0.0
uF8Q5AKP,2026-02-01T13:42:32.460000+00:00,180+0,standard,blitz,True,resign,white,55,SwitzerlandChair,Merthiin,2845,2557,2,-2,B40,"Sicilian Defense: French Variation, Open",6,SwitzerlandChair,white,Merthiin,2845,2557,win,1.0
w8oayiPI,2026-02-01T13:30:55.552000+00:00,180+0,standard,blitz,True,outoftime,black,92,SwitzerlandChair,gogotaniye,2851,2740,-8,7,B21,Sicilian Defense: Smith-Morra Gambit,3,SwitzerlandChair,white,gogotaniye,2851,2740,loss,0.0
p7kQzHA3,2026-02-01T13:23:50.974000+00:00,180+0,standard,blitz,True,outoftime,black,140,Kostik_Mostik,SwitzerlandChair,2888,2844,-8,7,A05,Zukertort Opening,2,SwitzerlandChair,black,Kostik_Mostik,2844,2888,win,1.0
JDerZp4i,2026-02-01T13:16:51.434000+00:00,180+0,standard,blitz,True,outoftime,white,177,SwitzerlandChair,ChessRabbit2023,2842,2597,2,-2,C48,"Four Knights Game: Spanish Variation, Rubinstein Variation",9,SwitzerlandChair,white,ChessRabbit2023,2842,2597,win,1.0
187uU4az,2026-02-01T13:10:43.421000+00:00,180+0,standard,blitz,True,outoftime,white,119,gogotaniye,SwitzerlandChair,2744,2849,7,-7,A46,Indian Defense: Wade-Tartakower Defense,4,SwitzerlandChair,black,gogotaniye,2849,2744,loss,0.0
tlUEydGp,2026-02-01T13:05:03.595000+00:00,180+0,standard,blitz,True,draw,,94,SwitzerlandChair,KnusperHaehnchen,2853,2553,-4,4,B54,"Sicilian Defense: Modern Variations, Main Line",8,SwitzerlandChair,white,KnusperHaehnchen,2853,2553,draw,0.5
wKWPcRhu,2026-02-01T12:58:17.236000+00:00,180+0,standard,blitz,True,outoftime,white,175,Kostik_Mostik,SwitzerlandChair,2871,2859,6,-6,B01,Scandinavian Defense: Mieses-Kotroc Variation,4,SwitzerlandChair,black,Kostik_Mostik,2859,2871,loss,0.0
uNLB8Wmm,2026-01-31T04:51:36.677000+00:00,600+0,standard,rapid,True,resign,black,58,Frassienco,NewGarryKasparov,2572,2538,-12,15,E60,King's Indian Defense: Fianchetto Variation,7,Frassienco,white,NewGarryKasparov,2572,2538,loss,0.0
UWQnHixd,2026-01-30T17:21:14.324000+00:00,600+0,standard,rapid,True,outoftime,black,74,Da_Rubens,Frassienco,2366,2563,-3,5,C03,"French Defense: Tarrasch Variation, Morozevich Variation",6,Frassienco,black,Da_Rubens,2563,2366,win,1.0
unbZiSE9,2026-01-17T06:28:17.710000+00:00,600+0,standard,rapid,True,resign,black,66,Frassienco,PomonaBB35,2557,2408,-13,8,E62,"King's Indian Defense: Fianchetto Variation, Uhlmann-Szabo System",14,Frassienco,white,PomonaBB35,2557,2408,loss,0.0
9XkrgaaJ,2026-01-17T06:13:53.363000+00:00,600+0,standard,rapid,True,resign,white,61,pogchad,Frassienco,2383,2571,36,-14,C03,"French Defense: Tarrasch Variation, Morozevich Variation",6,Frassienco,black,pogchad,2571,2383,loss,0.0
ZG4K3Rzl,2026-01-17T04:53:15.533000+00:00,180+0,standard,blitz,True,outoftime,white,83,Frassienco,Intagliodgreat,2253,2321,76,-6,D35,"Queen's Gambit Declined: Exchange Variation, Positional Variation",10,Frassienco,white,Intagliodgreat,2253,2321,win,1.0
orLUvuHt,2026-01-16T16:02:29.007000+00:00,600+0,standard,rapid,True,resign,black,140,The-Chessguy,Frassienco,2378,2560,-3,6,E62,"King's Indian Defense: Fianchetto Variation, Larsen Defense",14,Frassienco,black,The-Chessguy,2560,2378,win,1.0
lOAwUwYR,2026-01-09T15:49:14.132000+00:00,600+0,standard,rapid,True,resign,black,76,mhmoudaraby305,Frassienco,2411,2554,-4,6,C02,"French Defense: Advance Variation, Lputian Variation",12,Frassienco,black,mhmoudaraby305,2554,2411,win,1.0
Yu15M7ak,2025-12-30T06:56:57.339000+00:00,600+0,standard,rapid,True,resign,black,72,Frassienco,self_service,2583,2662,-7,8,A50,Queen's Indian Accelerated,4,Frassienco,white,self_service,2583,2662,loss,0.0
pLqhPWFK,2025-12-30T06:35:14.431000+00:00,600+0,standard,rapid,True,mate,black,62,bardhi2026,Frassienco,2403,2578,-3,5,A06,Nimzo-Larsen Attack: Classical Variation,3,Frassienco,black,bardhi2026,2578,2403,win,1.0
l8Eisiy8,2025-12-29T07:45:39.016000+00:00,600+0,standard,rapid,True,resign,white,43,Frassienco,knocking_max78,2571,2263,2,-1,A68,Benoni Defense: Four Pawns Attack,16,Frassienco,white,knocking_max78,2571,2263,win,1.0
IV7BRhzX,2025-12-19T08:51:09.448000+00:00,600+0,standard,rapid,True,resign,black,64,Frassienco,JohnWaball,2587,2643,-6,5,A15,"English Opening: Anglo-Indian Defense, King's Knight Variation",3,Frassienco,white,JohnWaball,2587,2643,loss,0.0
B8nLpExD,2025-12-19T08:32:12.129000+00:00,600+0,standard,rapid,True,draw,,95,Frassienco,Tipok_XII,2590,2473,-3,2,D35,"Queen's Gambit Declined: Exchange Variation, Positional Variation",10,Frassienco,white,Tipok_XII,2590,2473,draw,0.5
yLGBtlZD,2025-12-14T03:49:52.140000+00:00,600+0,standard,rapid,True,resign,black,70,Frassienco,YaaasQueen,2608,2555,-9,11,D00,"Queen's Pawn Game: Accelerated London System, Steinitz Countergambit",4,Frassienco,white,YaaasQueen,2608,2555,loss,0.0
B1bykzh0,2025-12-13T10:18:05.322000+00:00,600+0,standard,rapid,True,resign,white,71,Frassienco,ankof,2592,2467,5,-4,A05,Zukertort Opening: Nimzo-Larsen Variation,3,Frassienco,white,ankof,2592,2467,win,1.0
R0bTZvtN,2025-12-13T09:55:52.403000+00:00,600+0,standard,rapid,True,outoftime,white,171,eaglean,Frassienco,2537,2602,7,-10,C00,French Defense: King's Indian Attack,3,Frassienco,black,eaglean,2602,2537,loss,0.0
TAQZCzgB,2025-12-13T03:51:22.360000+00:00,600+0,standard,rapid,True,resign,black,38,DreamDestructor_2012,Frassienco,2586,2593,-6,9,C12,"French Defense: McCutcheon Variation, Exchange Variation",9,Frassienco,black,DreamDestructor_2012,2593,2586,win,1.0
JWRGsO25,2025-12-13T03:32:07.237000+00:00,600+0,standard,rapid,True,resign,white,109,Frassienco,CTH-HoangChinh2013,2589,2408,4,-9,D20,Queen's Gambit Accepted: Old Variation,5,Frassienco,white,CTH-HoangChinh2013,2589,2408,win,1.0
tuH2WLgD,2025-12-12T12:50:23.357000+00:00,600+0,standard,rapid,True,resign,white,63,Frassienco,prostoaligieri,2579,2306,3,-2,D00,Queen's Pawn Game: Accelerated London System,3,Frassienco,white,prostoaligieri,2579,2306,win,1.0
ZKmwcVE0,2025-12-12T12:33:32.606000+00:00,600+0,standard,rapid,True,resign,black,67,SHYEAN17092014,Frassienco,2380,2575,-3,4,E81,"King's Indian Defense: Sämisch Variation, Normal Defense",10,Frassienco,black,SHYEAN17092014,2575,2380,win,1.0
plt6gcwV,2025-12-12T12:18:08.579000+00:00,600+0,standard,rapid,True,resign,white,65,Frassienco,Designer_96,2567,2537,8,-6,A37,"English Opening: Symmetrical Variation, Botvinnik System Reversed, with Nf3",13,Frassienco,white,Designer_96,2567,2537,win,1.0
NscYroUF,2025-12-12T12:01:18.608000+00:00,600+0,standard,rapid,True,resign,black,56,Frassienco,Tharvin2010,2580,2398,-13,10,A45,Indian Defense: Accelerated London System,3,Frassienco,white,Tharvin2010,2580,2398,loss,0.0
GkY9D5cA,2025-12-12T11:41:35.505000+00:00,600+0,standard,rapid,True,resign,black,74,Barselona_forever5,Frassienco,2438,2574,-12,6,E94,"King's Indian Defense: Orthodox Variation, Glek Defense",14,Frassienco,black,Barselona_forever5,2574,2438,win,1.0
1kK7KYXA,2025-12-09T14:58:02.618000+00:00,600+0,standard,rapid,True,resign,white,73,Frassienco,Zombet,2571,2314,3,-2,A15,"English Opening: Anglo-Indian Defense, King's Indian Formation",4,Frassienco,white,Zombet,2571,2314,win,1.0
fRHggWD9,2025-12-09T14:31:09.567000+00:00,600+0,standard,rapid,True,resign,white,47,JohnWaball,Frassienco,2607,2574,7,-9,E71,King's Indian Defense: Makogonov Variation,9,Frassienco,black,JohnWaball,2574,2607,loss,0.0
zwk8vXFh,2025-12-08T13:58:23.318000+00:00,600+0,standard,rapid,True,resign,black,50,StrangerAM,Frassienco,2517,2569,-5,9,C03,"French Defense: Tarrasch Variation, Morozevich Variation",6,Frassienco,black,StrangerAM,2569,2517,win,1.0
UXMabd7T,2025-12-08T13:38:27.874000+00:00,600+0,standard,rapid,True,resign,white,45,Frassienco,interestinglandscape,2555,2548,10,-6,E65,"King's Indian Defense: Fianchetto Variation, Yugoslav Variation, Exchange Line",16,Frassienco,white,interestinglandscape,2555,2548,win,1.0
IvdFJKYZ,2025-12-07T04:37:24.161000+00:00,600+0,standard,rapid,True,resign,white,81,Frassienco,MorphyPaul96,2539,2423,8,-4,C43,"Petrov's Defense: Modern Attack, Murrey Variation",8,Frassienco,white,MorphyPaul96,2539,2423,win,1.0
vErv9lDf,2025-12-07T04:29:09.463000+00:00,600+0,standard,rapid,True,draw,,70,Shihaliev_O,Frassienco,2368,2544,2,-5,C00,French Defense: King's Indian Attack,3,Frassienco,black,Shihaliev_O,2544,2368,draw,0.5
AMn00W6g,2025-11-29T14:03:05.698000+00:00,600+0,standard,rapid,True,resign,black,70,Frassienco,Shubham-Singh,2555,2381,-17,8,D48,Semi-Slav Defense: Meran Variation,16,Frassienco,white,Shubham-Singh,2555,2381,loss,0.0
KbQ3BJvV,2025-11-29T13:27:30.732000+00:00,600+0,standard,rapid,True,resign,white,89,Frassienco,The_Iceberg,2547,2436,8,-6,A15,"English Opening: Anglo-Indian Defense, King's Knight Variation",3,Frassienco,white,The_Iceberg,2547,2436,win,1.0
OqbChj7D,2026-02-01T16:13:12.018000+00:00,180+0,standard,blitz,True,mate,black,120,Goldenpawn1211,TAsad10,2830,2922,-5,5,C47,Four Knights Game,6,TAsad10,black,Goldenpawn1211,2922,2830,win,1.0
Pzg3LPJB,2026-02-01T15:16:15.479000+00:00,180+0,standard,blitz,True,resign,black,62,specteryamasaki,TAsad10,2705,2918,-2,2,E04,Catalan Opening: Open Defense,9,TAsad10,black,specteryamasaki,2918,2705,win,1.0
5tvcdOUz,2026-02-01T14:20:14.648000+00:00,180+0,standard,blitz,True,resign,white,62,TAsad10,Kos1189,2916,2661,2,-2,D15,"Slav Defense: Chebanenko Variation, Advance System",9,TAsad10,white,Kos1189,2916,2661,win,1.0
EbeHmecl,2026-02-01T14:12:35.082000+00:00,180+0,standard,blitz,True,resign,black,64,Thirty2possibilities,TAsad10,2835,2911,-5,5,A30,"English Opening: Symmetrical Variation, Hedgehog Defense",12,TAsad10,black,Thirty2possibilities,2911,2835,win,1.0
8KUHEIpk,2026-02-01T14:07:32.933000+00:00,180+0,standard,blitz,True,resign,white,52,TAsad10,Thirty2possibilities,2906,2840,5,-5,A53,Old Indian Defense,4,TAsad10,white,Thirty2possibilities,2906,2840,win,1.0
vi2z7ojt,2026-02-01T13:08:51.479000+00:00,60+0,standard,bullet,True,outoftime,white,53,TAsad10,olaf_olamide,1957,2079,69,-7,B13,Caro-Kann Defense: Exchange Variation,8,TAsad10,white,olaf_olamide,1957,2079,win,1.0
zL1y7n0H,2026-02-01T10:43:40.907000+00:00,180+0,standard,blitz,True,resign,white,49,TAsad10,Bakayoyo,2897,2721,3,-3,D17,"Slav Defense: Czech Variation, Carlsbad Variation, Morozevich Variation",22,TAsad10,white,Bakayoyo,2897,2721,win,1.0
wIIPIWB6,2026-02-01T10:34:21.659000+00:00,180+0,standard,blitz,True,mate,white,85,TAsad10,RisingPhoenix33,2895,2697,2,-3,E32,Nimzo-Indian Defense: Classical Variation,7,TAsad10,white,RisingPhoenix33,2895,2697,win,1.0
3ZDRJeS1,2026-02-01T09:21:15.104000+00:00,180+0,standard,blitz,True,resign,black,54,CalisthenicsBoy,TAsad10,2925,2888,-7,7,A07,"King's Indian Attack, with e6",6,TAsad10,black,CalisthenicsBoy,2888,2925,win,1.0
rtGWIYMO,2026-02-01T09:14:41.836000+00:00,180+0,standard,blitz,True,outoftime,white,163,TAsad10,CalisthenicsBoy,2882,2933,6,-8,E98,"King's Indian Defense: Orthodox Variation, Classical System",17,TAsad10,white,CalisthenicsBoy,2882,2933,win,1.0
0y1QcVN7,2026-01-31T22:00:11.653000+00:00,180+0,standard,blitz,True,resign,black,69,cutemouse83,TAsad10,2963,2875,-7,7,D37,Queen's Gambit Declined: Barmen Variation,8,TAsad10,black,cutemouse83,2875,2963,win,1.0
m6C6Lqnb,2026-01-31T21:57:09.693000+00:00,180+0,standard,blitz,True,resign,black,64,TAsad10,cutemouse83,2879,2959,-4,4,D86,"Grünfeld Defense: Exchange Variation, Classical Variation",13,TAsad10,white,cutemouse83,2879,2959,loss,0.0
c5TTtcT0,2026-01-31T21:51:30.921000+00:00,180+0,standard,blitz,True,resign,black,100,cutemouse83,TAsad10,2966,2872,-7,7,D46,Semi-Slav Defense: Chigorin Defense,12,TAsad10,black,cutemouse83,2872,2966,win,1.0
9P9LaaAs,2026-01-31T21:44:26.531000+00:00,180+0,standard,blitz,True,resign,white,89,TAsad10,london_2021,2868,2789,4,-5,E39,"Nimzo-Indian Defense: Classical Variation, Berlin Variation, Macieja System",14,TAsad10,white,london_2021,2868,2789,win,1.0
WPqt0vCh,2026-01-31T21:37:47.945000+00:00,180+0,standard,blitz,True,outoftime,black,168,Ss1c37,TAsad10,2700,2864,-3,4,C58,"Italian Game: Two Knights Defense, Polerio Defense, Bishop Check Line",11,TAsad10,black,Ss1c37,2864,2700,win,1.0
L2IS7JdJ,2026-01-31T21:24:11.791000+00:00,180+0,standard,blitz,True,outoftime,white,95,TAsad10,MGSAFT,2862,2589,2,-2,D06,Queen's Gambit Declined: Austrian Defense,4,TAsad10,white,MGSAFT,2862,2589,win,1.0
6Lyut2B8,2026-01-31T21:18:17.073000+00:00,180+0,standard,blitz,True,mate,black,50,Chessiguana,TAsad10,2744,2858,-4,4,A45,Indian Defense: Accelerated London System,3,TAsad10,black,Chessiguana,2858,2744,win,1.0
AAvMXfeW,2026-01-31T20:59:55.929000+00:00,180+0,standard,blitz,True,outoftime,black,144,TAsad10,Ss1c37,2867,2677,-9,9,E32,Nimzo-Indian Defense: Classical Variation,7,TAsad10,white,Ss1c37,2867,2677,loss,0.0
7CMK46X4,2026-01-31T13:19:18.828000+00:00,180+0,standard,blitz,True,resign,white,75,ilqar_7474,TAsad10,2890,2872,6,-5,C88,"Ruy Lopez: Closed, Anti-Marshall",15,TAsad10,black,ilqar_7474,2872,2890,loss,0.0
Ij2gY0LV,2026-01-31T13:15:46.610000+00:00,180+0,standard,blitz,True,resign,white,46,TAsad10,gepard2014,2869,2674,3,-2,D26,"Queen's Gambit Accepted: Classical Defense, Steinitz Variation, Exchange Variation",12,TAsad10,white,gepard2014,2869,2674,win,1.0
nAqUSwsN,2026-01-31T11:17:24.811000+00:00,180+0,standard,blitz,True,resign,white,59,TAsad10,emirislamking,2866,2712,3,-3,E91,King's Indian Defense: Orthodox Variation,11,TAsad10,white,emirislamking,2866,2712,win,1.0
SniJORFK,2026-01-31T11:11:13.415000+00:00,180+0,standard,blitz,True,resign,black,142,emirislamking,TAsad10,2716,2863,-4,3,D02,"Queen's Pawn Game: Symmetrical Variation, Pseudo-Catalan",5,TAsad10,black,emirislamking,2863,2716,win,1.0
FJD9D755,2026-01-31T11:06:53.262000+00:00,180+0,standard,blitz,True,resign,white,59,Nrvnk90,TAsad10,2549,2872,11,-9,E49,"Nimzo-Indian Defense: Normal Variation, Botvinnik System",13,TAsad10,black,Nrvnk90,2872,2549,loss,0.0
oy3ZUIgF,2026-01-31T10:47:20.656000+00:00,180+0,standard,blitz,True,resign,white,45,TAsad10,gepard2014,2870,2662,2,-2,D26,"Queen's Gambit Accepted: Classical Defense, Steinitz Variation, Exchange Variation",12,TAsad10,white,gepard2014,2870,2662,win,1.0
1lkjHi55,2026-01-31T10:44:03.499000+00:00,180+0,standard,blitz,True,resign,black,54,gepard2014,TAsad10,2665,2867,-3,3,C88,Ruy Lopez: Closed,14,TAsad10,black,gepard2014,2867,2665,win,1.0
mRyx9t4j,2026-01-31T10:38:35.394000+00:00,180+0,standard,blitz,True,resign,black,82,TAsad10,gepard2014,2876,2656,-9,9,D26,"Queen's Gambit Accepted: Classical Defense, Steinitz Variation, Exchange Variation",12,TAsad10,white,gepard2014,2876,2656,loss,0.0
JZvlyeDK,2026-01-31T10:16:45.281000+00:00,180+0,standard,blitz,True,resign,black,44,RookandRookie,TAsad10,2721,2872,-4,4,A34,"English Opening: Symmetrical Variation, Three Knights Variation",5,TAsad10,black,RookandRookie,2872,2721,win,1.0
CBvJz32l,2026-01-31T10:12:02.587000+00:00,180+0,standard,blitz,True,resign,white,55,TAsad10,RookandRookie,2869,2724,3,-3,E35,"Nimzo-Indian Defense: Classical Variation, Noa Variation",10,TAsad10,white,RookandRookie,2869,2724,win,1.0
Oa0eR98p,2026-01-31T10:00:56.736000+00:00,180+0,standard,blitz,True,resign,white,77,TAsad10,Sicilian_training,2870,2721,3,-3,E35,"Nimzo-Indian Defense: Classical Variation, Noa Variation",10,TAsad10,white,Sicilian_training,2870,2721,win,1.0
XIDeftWD,2026-01-31T09:37:34.696000+00:00,180+0,standard,blitz,True,resign,white,51,TAsad10,The_main_event003,2871,2847,5,-5,E90,"King's Indian Defense: Normal Variation, Rare Defenses",9,TAsad10,white,The_main_event003,2871,2847,win,1.0
sCtz8Ijy,2026-01-26T16:07:46.872000+00:00,60+0,standard,bullet,True,resign,white,95,Vladimirovich9000,Dark_Cast1gator,3241,2987,2,-2,E71,King's Indian Defense: Makogonov Variation,9,Vladimirovich9000,white,Dark_Cast1gator,3241,2987,win,1.0
qtYaGRsJ,2026-01-26T15:54:15.463000+00:00,180+0,standard,blitz,True,mate,black,112,Vladimirovich9000,Goldenpawn1211,2988,2804,-9,9,E71,King's Indian Defense: Makogonov Variation,9,Vladimirovich9000,white,Goldenpawn1211,2988,2804,loss,0.0
f9y0Zxr3,2026-01-26T11:27:08.226000+00:00,60+0,standard,bullet,True,resign,black,50,Black-Mamba93,Vladimirovich9000,3021,3236,-3,2,B12,"Caro-Kann Defense: Advance Variation, Botvinnik-Carls Defense",6,Vladimirovich9000,black,Black-Mamba93,3236,3021,win,1.0
TIR9cOJs,2026-01-26T11:25:13.639000+00:00,60+0,standard,bullet,True,outoftime,white,77,Vladimirovich9000,ErmolaevAndrey,3234,2975,2,-2,A07,King's Indian Attack,3,Vladimirovich9000,white,ErmolaevAndrey,3234,2975,win,1.0
Vs8qCFfk,2026-01-26T11:14:49.062000+00:00,180+0,standard,blitz,True,outoftime,black,160,Fabsid,Vladimirovich9000,2805,2985,-3,3,A47,Pseudo Queen's Indian Defense,4,Vladimirovich9000,black,Fabsid,2985,2805,win,1.0
s5Y6u3fs,2026-01-26T10:43:58.785000+00:00,60+0,standard,bullet,True,mate,black,128,msb2,Vladimirovich9000,3102,3252,-3,4,D11,Slav Defense: Modern Line,5,Vladimirovich9000,black,msb2,3252,3102,win,1.0
IYcQnyE5,2026-01-26T09:48:13.764000+00:00,60+0,standard,bullet,True,mate,black,154,Vladimirovich9000,indianstar,3250,3100,-8,9,B00,Nimzowitsch Defense,2,Vladimirovich9000,white,indianstar,3250,3100,loss,0.0
ImQyzAG8,2026-01-26T09:46:25.501000+00:00,60+0,standard,bullet,True,resign,black,112,indianstar,Vladimirovich9000,3104,3246,-4,4,A04,Zukertort Opening: Queen's Gambit Invitation,2,Vladimirovich9000,black,indianstar,3246,3104,win,1.0
V6gpIjJN,2026-01-26T09:40:58.757000+00:00,60+0,standard,bullet,True,resign,black,80,Vladimirovich9000,Yoozhik,3248,3000,-9,9,A46,Indian Defense: Knights Variation,3,Vladimirovich9000,white,Yoozhik,3248,3000,loss,0.0
Ilk7UH2X,2026-01-23T18:17:19.307000+00:00,60+0,standard,bullet,True,outoftime,white,95,Vladimirovich9000,Dr_Tiger,3243,3233,5,-6,A47,Pseudo Queen's Indian Defense,4,Vladimirovich9000,white,Dr_Tiger,3243,3233,win,1.0
d8ME0w7L,2026-01-22T08:08:38.380000+00:00,60+0,standard,bullet,True,resign,black,68,Tuzakli_Egitim,Vladimirovich9000,3167,3258,-5,4,B40,"Sicilian Defense: French Variation, Open",6,Vladimirovich9000,black,Tuzakli_Egitim,3258,3167,win,1.0
Dr1BB3mz,2026-01-22T08:06:24.456000+00:00,60+0,standard,bullet,True,outoftime,white,139,Vladimirovich9000,Tuzakli_Egitim,3253,3171,5,-4,D05,Queen's Pawn Game: Colle System,7,Vladimirovich9000,white,Tuzakli_Egitim,3253,3171,win,1.0
Kf9sNG9C,2026-01-19T15:48:10.278000+00:00,60+0,standard,bullet,True,resign,white,63,Andrey11976,Vladimirovich9000,3128,3261,7,-8,A43,Benoni Defense: Benoni-Indian Defense,4,Vladimirovich9000,black,Andrey11976,3261,3128,loss,0.0
0ERNdrhZ,2026-01-19T15:45:12.278000+00:00,60+0,standard,bullet,True,resign,black,54,Andrey11976,Vladimirovich9000,3123,3265,-4,4,A45,Trompowsky Attack,3,Vladimirovich9000,black,Andrey11976,3265,3123,win,1.0
FvZCkA8K,2026-01-19T15:44:06.181000+00:00,60+0,standard,bullet,True,resign,white,55,Vladimirovich9000,Andrey11976,3262,3126,3,-3,B10,Caro-Kann Defense: Two Knights Attack,5,Vladimirovich9000,white,Andrey11976,3262,3126,win,1.0
XUil2D9T,2026-01-19T15:42:14.480000+00:00,60+0,standard,bullet,True,resign,white,89,Andrey11976,Vladimirovich9000,3119,3270,7,-8,A45,Trompowsky Attack,3,Vladimirovich9000,black,Andrey11976,3270,3119,loss,0.0
nvln1vXi,2026-01-19T15:40:53.580000+00:00,60+0,standard,bullet,True,resign,white,61,Vladimirovich9000,Andrey11976,3267,3122,3,-3,D55,"Queen's Gambit Declined: Neo-Orthodox Variation, Main Line",13,Vladimirovich9000,white,Andrey11976,3267,3122,win,1.0
54J6Ht2x,2026-01-19T15:36:58.483000+00:00,60+0,standard,bullet,True,resign,white,87,Vladimirovich9000,Andrey11976,3271,3117,4,-3,B15,Caro-Kann Defense,5,Vladimirovich9000,white,Andrey11976,3271,3117,win,1.0
xh0xVJ8h,2026-01-19T15:34:47.406000+00:00,60+0,standard,bullet,True,outoftime,black,150,Andrey11976,Vladimirovich9000,3121,3267,-4,4,D35,"Queen's Gambit Declined: Exchange Variation, Positional Variation",10,Vladimirovich9000,black,Andrey11976,3267,3121,win,1.0
6qBccW2y,2026-01-19T15:21:28.293000+00:00,180+0,standard,blitz,True,draw,,124,Dr_Tiger,Vladimirovich9000,2910,2986,1,-1,C28,"Bishop's Opening: Vienna Hybrid, Hromádka Variation",9,Vladimirovich9000,black,Dr_Tiger,2986,2910,draw,0.5
n7njRpzt,2026-01-19T15:18:13.701000+00:00,180+0,standard,blitz,True,resign,white,41,Vladimirovich9000,Dr_Tiger,2981,2914,5,-4,E11,Bogo-Indian Defense: Nimzowitsch Variation,8,Vladimirovich9000,white,Dr_Tiger,2981,2914,win,1.0
VaJ0H73U,2026-01-19T15:12:43.331000+00:00,180+0,standard,blitz,True,resign,black,56,Dr_Tiger,Vladimirovich9000,2919,2976,-5,5,C50,Italian Game: Paris Defense,6,Vladimirovich9000,black,Dr_Tiger,2976,2919,win,1.0
DimXokBx,2026-01-19T15:08:43.332000+00:00,180+0,standard,blitz,True,resign,white,55,Vladimirovich9000,Dr_Tiger,2971,2924,5,-5,E11,Bogo-Indian Defense: Grünfeld Variation,7,Vladimirovich9000,white,Dr_Tiger,2971,2924,win,1.0
DDA5FXyf,2026-01-19T15:02:53.898000+00:00,180+0,standard,blitz,True,resign,black,76,Dr_Tiger,Vladimirovich9000,2929,2966,-5,5,C50,Italian Game: Paris Defense,6,Vladimirovich9000,black,Dr_Tiger,2966,2929,win,1.0
MgILvvQB,2026-01-19T14:57:28.127000+00:00,180+0,standard,blitz,True,draw,,64,Vladimirovich9000,Dr_Tiger,2967,2928,-1,1,E17,Queen's Indian Defense: Opocensky Variation,13,Vladimirovich9000,white,Dr_Tiger,2967,2928,draw,0.5
b2ho6vWc,2026-01-19T14:51:35.672000+00:00,180+0,standard,blitz,True,draw,,85,Dr_Tiger,Vladimirovich9000,2928,2967,0,0,C63,"Ruy Lopez: Schliemann Defense, Schönemann Attack",7,Vladimirovich9000,black,Dr_Tiger,2967,2928,draw,0.5
EiHkXje8,2026-01-19T14:46:12.942000+00:00,180+0,standard,blitz,True,resign,black,93,Vladimirovich9000,Dr_Tiger,2974,2921,-7,7,D35,Queen's Gambit Declined: Exchange Variation,7,Vladimirovich9000,white,Dr_Tiger,2974,2921,loss,0.0
w8lh4JCZ,2026-01-19T14:41:13.492000+00:00,180+0,standard,blitz,True,resign,black,72,Dr_Tiger,Vladimirovich9000,2926,2969,-5,5,E09,"Catalan Opening: Closed Variation, Traditional Variation",22,Vladimirovich9000,black,Dr_Tiger,2969,2926,win,1.0
MWYceJqz,2026-01-19T14:34:57.622000+00:00,180+0,standard,blitz,True,draw,,115,Vladimirovich9000,Dr_Tiger,2970,2925,-1,1,E12,"Queen's Indian Defense: Kasparov-Petrosian Variation, Andersson Variation",10,Vladimirovich9000,white,Dr_Tiger,2970,2925,draw,0.5
m0kSlSs4,2026-01-19T14:31:17.339000+00:00,180+0,standard,blitz,True,resign,black,36,gepard_is_great,Vladimirovich9000,2929,2964,-38,6,C63,Ruy Lopez: Schliemann Defense,6,Vladimirovich9000,black,gepard_is_great,2964,2929,win,1.0
bIDaz2tl,2026-02-01T23:02:20.225000+00:00,60+0,standard,bullet,True,mate,white,75,H99O,Vlad_95,2474,2521,6,-6,A07,"King's Indian Attack, with e6",6,Vlad_95,black,H99O,2521,2474,loss,0.0
OANUs6UP,2026-02-01T22:36:50.351000+00:00,60+0,standard,bullet,True,mate,white,109,AloisioF,Vlad_95,2434,2529,7,-7,A40,Horwitz Defense,2,Vlad_95,black,AloisioF,2529,2434,loss,0.0
kTrBralz,2026-01-31T16:48:55.672000+00:00,60+0,standard,bullet,True,resign,black,62,Vlad_95,MoonTeam64,2494,2484,-6,18,E14,Queen's Indian Defense: Spassky System,7,Vlad_95,white,MoonTeam64,2494,2484,loss,0.0
I92VUjZn,2026-01-30T19:23:05.504000+00:00,1200+10,standard,classical,True,resign,white,110,Vlad_95,leochessq,2288,2232,8,-48,E11,Bogo-Indian Defense: Wade-Smyslov Variation,8,Vlad_95,white,leochessq,2288,2232,win,1.0
p4sb3HQk,2026-01-29T14:31:34.153000+00:00,180+0,standard,blitz,True,resign,white,121,Vlad_95,Sonics1962,2374,2408,6,-6,D30,Queen's Gambit Declined,4,Vlad_95,white,Sonics1962,2374,2408,win,1.0
To51yPMs,2026-01-29T13:44:51.056000+00:00,180+0,standard,blitz,True,outoftime,black,86,Vlad_95,Rudeeeem00,2374,2332,-6,7,D06,Queen's Gambit Declined: Marshall Defense,4,Vlad_95,white,Rudeeeem00,2374,2332,loss,0.0
v2whXY9n,2026-01-29T12:19:50.692000+00:00,180+0,standard,blitz,True,resign,white,59,Vlad_95,BezopasanIgrac,2368,2205,3,-3,D30,Queen's Gambit Declined,4,Vlad_95,white,BezopasanIgrac,2368,2205,win,1.0
ZAPRbn1V,2026-01-26T00:53:44.441000+00:00,180+0,standard,blitz,True,draw,,71,Vlad_95,NkNiner2,2374,2510,2,-2,A31,"English Opening: Symmetrical Variation, Anti-Benoni Variation",5,Vlad_95,white,NkNiner2,2374,2510,draw,0.5
IyS1vs7F,2026-01-26T00:31:25.391000+00:00,180+0,standard,blitz,True,resign,white,97,Leon_Blanco,Vlad_95,2356,2371,6,-5,C10,"French Defense: Rubinstein Variation, Blackburne Defense",8,Vlad_95,black,Leon_Blanco,2371,2356,loss,0.0
1CLbNAPg,2026-01-26T00:27:12.785000+00:00,180+0,standard,blitz,True,resign,white,59,Vlad_95,Leon_Blanco,2366,2361,5,-5,D30,Queen's Gambit Declined,4,Vlad_95,white,Leon_Blanco,2366,2361,win,1.0
LXPBozPp,2026-01-25T22:36:15.136000+00:00,180+0,standard,blitz,True,mate,white,95,ItsMeNotMario,Vlad_95,2487,2358,3,-3,C10,"French Defense: Rubinstein Variation, Blackburne Defense",8,Vlad_95,black,ItsMeNotMario,2358,2487,loss,0.0
jQwm9Xum,2026-01-25T22:01:59.735000+00:00,180+0,standard,blitz,True,outoftime,black,102,ArnieChipmunk,Vlad_95,2423,2366,-7,7,C10,"French Defense: Rubinstein Variation, Blackburne Defense",8,Vlad_95,black,ArnieChipmunk,2366,2423,win,1.0
CqrFdEn0,2026-01-25T21:23:52.958000+00:00,180+0,standard,blitz,True,outoftime,white,125,soldier14,Vlad_95,2374,2376,6,-6,D30,Queen's Gambit Declined,4,Vlad_95,black,soldier14,2376,2374,loss,0.0
e39v47t5,2026-01-22T19:20:11.156000+00:00,600+0,standard,rapid,True,mate,white,189,Vlad_95,JJPlayz,2395,2462,7,-7,D47,Semi-Slav Defense: Semi-Meran Variation,13,Vlad_95,white,JJPlayz,2395,2462,win,1.0
1Z7w44CN,2026-01-22T18:55:30.701000+00:00,600+0,standard,rapid,True,resign,white,59,Vlad_95,BosphorusChess,2389,2355,6,-19,D32,Tarrasch Defense: Symmetrical Variation,10,Vlad_95,white,BosphorusChess,2389,2355,win,1.0
TsWCc9Uu,2026-01-22T17:44:40.984000+00:00,600+0,standard,rapid,True,outoftime,,174,Vlad_95,Youncore,2383,2304,-2,2,E11,Bogo-Indian Defense: Nimzowitsch Variation,8,Vlad_95,white,Youncore,2383,2304,draw,0.5
PSliRn0n,2026-01-17T12:45:32.371000+00:00,60+0,standard,bullet,True,mate,white,145,Maestro_del_Ajedrez,Vlad_95,2432,2477,6,-6,A07,"King's Indian Attack, with e6",6,Vlad_95,black,Maestro_del_Ajedrez,2477,2432,loss,0.0
DIEGwzqy,2026-01-17T12:38:29.685000+00:00,60+0,standard,bullet,True,outoftime,black,64,Vlad_95,Kayrosas,2481,2575,-4,5,E14,Queen's Indian Defense: Spassky System,7,Vlad_95,white,Kayrosas,2481,2575,loss,0.0
wGr1N0KC,2026-01-16T17:10:12.128000+00:00,1200+10,standard,classical,True,resign,black,58,ChemEngineeer,Vlad_95,2144,2274,-8,7,C10,"French Defense: Rubinstein Variation, Capablanca Line",13,Vlad_95,black,ChemEngineeer,2274,2144,win,1.0
fWV5MRhT,2026-01-15T20:18:56.045000+00:00,600+0,standard,rapid,True,mate,white,121,LeTigreLigerien,Vlad_95,2278,2397,7,-9,C02,"French Defense: Advance Variation, Paulsen Attack",9,Vlad_95,black,LeTigreLigerien,2397,2278,loss,0.0
Vc9eAts8,2026-01-15T19:49:41.239000+00:00,600+0,standard,rapid,True,mate,white,63,QuesttoGM,Vlad_95,2496,2404,11,-5,C07,"French Defense: Tarrasch Variation, Eliskases Variation",12,Vlad_95,black,QuesttoGM,2404,2496,loss,0.0
bnb1ABYz,2026-01-15T19:27:53.567000+00:00,600+0,standard,rapid,True,mate,black,86,Vlad_95,fischerfan12,2411,2458,-7,15,D79,Neo-Grünfeld Defense: Ultra-Delayed Exchange Variation,14,Vlad_95,white,fischerfan12,2411,2458,loss,0.0
4iFVLTEk,2026-01-15T18:43:16.235000+00:00,600+0,standard,rapid,True,draw,,110,Vlad_95,jame2019,2397,2373,-1,1,E10,Indian Defense: Anti-Nimzo-Indian,5,Vlad_95,white,jame2019,2397,2373,draw,0.5
nwQEWkHa,2026-01-15T17:45:51.227000+00:00,600+0,standard,rapid,True,mate,white,61,Vlad_95,fizjaz,2409,1647,0,-1,E10,Indian Defense: Anti-Nimzo-Indian,5,Vlad_95,white,fizjaz,2409,1647,win,1.0
FTY3igE3,2026-01-12T12:36:32.569000+00:00,60+0,standard,bullet,True,mate,white,135,Vlad_95,hippase,2469,2446,5,-5,A50,Mexican Defense,4,Vlad_95,white,hippase,2469,2446,win,1.0
NnqHzvq0,2026-01-12T11:30:25.590000+00:00,60+0,standard,bullet,True,outoftime,white,83,Vlad_95,Archpoet,2452,2460,5,-5,A43,Benoni Defense: Old Benoni,2,Vlad_95,white,Archpoet,2452,2460,win,1.0
GpYy8uQ7,2026-01-12T10:18:07.879000+00:00,60+0,standard,bullet,True,mate,black,60,Vlad_95,drglavas,2420,2573,-4,4,D22,"Queen's Gambit Accepted: Alekhine Defense, Haberditz Variation",8,Vlad_95,white,drglavas,2420,2573,loss,0.0
bHjR3ICm,2026-01-12T10:07:52.237000+00:00,60+0,standard,bullet,True,mate,black,62,dimabond,Vlad_95,2408,2422,-6,5,A40,Horwitz Defense,2,Vlad_95,black,dimabond,2422,2408,win,1.0
F1eDu4UH,2026-01-12T09:51:33.382000+00:00,60+0,standard,bullet,True,resign,white,37,Vlad_95,flamaster7,2416,2413,6,-6,D11,"Slav Defense: Quiet Variation, Pin Defense",8,Vlad_95,white,flamaster7,2416,2413,win,1.0
exrC30a0,2026-01-12T00:44:40.135000+00:00,60+0,standard,bullet,True,outoftime,black,88,Vlad_95,OjaiJoao,2482,2667,-3,3,D26,Queen's Gambit Accepted: Classical Defense,10,Vlad_95,white,OjaiJoao,2482,2667,loss,0.0
deKjMXPm,2026-02-01T08:23:08.443000+00:00,1800+0,standard,classical,True,draw,,121,Artem_3000,Kartikeyan_2012,2279,2212,-2,1,E73,King's Indian Defense: Semi-Averbakh System,11,Artem_3000,white,Kartikeyan_2012,2279,2212,draw,0.5
wJqWJ5g2,2026-01-18T08:00:01.938000+00:00,1800+0,standard,classical,True,resign,black,52,Rudraaryan,Artem_3000,2246,2268,-123,8,B12,"Caro-Kann Defense: Advance Variation, Short Variation",7,Artem_3000,black,Rudraaryan,2268,2246,win,1.0
e096qHc9,2026-01-03T07:23:47.430000+00:00,1800+0,standard,classical,True,resign,black,56,Artem_3000,sadekman,2271,2298,-10,60,D37,"Queen's Gambit Declined: Harrwitz Attack, Fianchetto Defense",14,Artem_3000,white,sadekman,2271,2298,loss,0.0
jgFnexFz,2026-01-01T08:23:36.771000+00:00,1800+0,standard,classical,True,resign,white,97,Signo49,Artem_3000,2203,2276,8,-13,E11,Bogo-Indian Defense: Nimzowitsch Variation,8,Artem_3000,black,Signo49,2276,2203,loss,0.0
ve2nJNhy,2025-12-31T08:30:01.981000+00:00,1800+0,standard,classical,True,resign,white,123,Artem_3000,Branco2,2269,2132,7,-4,D35,"Queen's Gambit Declined: Exchange Variation, Positional Variation",9,Artem_3000,white,Branco2,2269,2132,win,1.0
OTGWq6dF,2025-12-28T08:40:18.811000+00:00,1800+0,standard,classical,True,draw,,132,Vladimir_V2012,Artem_3000,2242,2270,1,-1,E21,Nimzo-Indian Defense: Three Knights Variation,7,Artem_3000,black,Vladimir_V2012,2270,2242,draw,0.5
QsjoZFkD,2025-12-27T08:43:27.730000+00:00,1800+0,standard,classical,True,resign,black,46,MahmoudNaiim,Artem_3000,2272,2257,-22,13,D01,Rapport-Jobava System,5,Artem_3000,black,MahmoudNaiim,2257,2272,win,1.0
zFVjBnDT,2025-12-20T08:35:46.634000+00:00,1800+0,standard,classical,True,resign,white,53,TRUEMASTERME2,Artem_3000,2211,2258,26,-13,B16,Caro-Kann Defense: Finnish Variation,8,Artem_3000,black,TRUEMASTERME2,2258,2211,loss,0.0
OgdDdUIy,2025-12-15T16:58:38.078000+00:00,120+1,standard,bullet,True,resign,black,74,Artem_3000,mhysat,2458,2423,-7,7,A54,Old Indian Defense: Two Knights Variation,7,Artem_3000,white,mhysat,2458,2423,loss,0.0
DLu1fIse,2025-12-13T15:37:57.307000+00:00,120+1,standard,bullet,True,resign,white,47,Artem_3000,yousef11919,2466,2326,4,-3,A56,Benoni Defense: Weenink Variation,6,Artem_3000,white,yousef11919,2466,2326,win,1.0
ll29mMv2,2025-12-13T09:02:20.753000+00:00,1800+0,standard,classical,True,resign,black,68,Artem_3000,Yakari72,2264,2132,-17,47,D31,Queen's Gambit Declined: Janowski Variation,6,Artem_3000,white,Yakari72,2264,2132,loss,0.0
ipwzI6YU,2025-12-07T08:13:47.720000+00:00,1800+0,standard,classical,True,draw,,128,Artem_3000,popinou11,2266,2225,-2,4,D35,"Queen's Gambit Declined: Exchange Variation, Positional Variation",9,Artem_3000,white,popinou11,2266,2225,draw,0.5
nkz2zcL5,2025-12-06T08:56:25.340000+00:00,1800+0,standard,classical,True,mate,white,85,Artem_3000,matapalo,2254,2228,12,-7,A40,Queen's Pawn Game,1,Artem_3000,white,matapalo,2254,2228,win,1.0
Ru7Gfqhn,2025-11-30T13:43:18.224000+00:00,120+1,standard,bullet,True,outoftime,white,81,CCCP265,Artem_3000,2338,2440,7,-7,E11,Bogo-Indian Defense: Nimzowitsch Variation,8,Artem_3000,black,CCCP265,2440,2338,loss,0.0
grJMUsmg,2025-11-25T16:43:35.359000+00:00,120+1,standard,bullet,True,resign,black,109,Ronsel,Artem_3000,2473,2444,-6,6,B27,Sicilian Defense: Hyperaccelerated Dragon,4,Artem_3000,black,Ronsel,2444,2473,win,1.0
FyT3rYx3,2025-11-17T17:54:46.020000+00:00,120+1,standard,bullet,True,mate,black,184,ShChamp,Artem_3000,2529,2453,-7,7,A14,"English Opening: Agincourt Defense, Neo-Catalan Declined, Early b3",9,Artem_3000,black,ShChamp,2453,2529,win,1.0
wyzFyVo8,2025-11-16T08:30:05.931000+00:00,1800+0,standard,classical,True,resign,white,81,Artem_3000,Raufleg0n,2262,2244,12,-28,D85,Grünfeld Defense: Exchange Variation,8,Artem_3000,white,Raufleg0n,2262,2244,win,1.0
2tZNXvjz,2025-11-15T12:58:27.116000+00:00,120+1,standard,bullet,True,resign,white,81,FairChessPlayer,Artem_3000,2417,2459,6,-6,E11,Bogo-Indian Defense: Nimzowitsch Variation,8,Artem_3000,black,FairChessPlayer,2459,2417,loss,0.0
CR3fhz4w,2025-11-15T08:30:49.695000+00:00,1800+0,standard,classical,True,draw,,183,FischerSpassky59,Artem_3000,2187,2265,6,-3,B27,Sicilian Defense: Hyperaccelerated Fianchetto,5,Artem_3000,black,FischerSpassky59,2265,2187,draw,0.5
rMjYZMxT,2025-11-10T18:54:58.518000+00:00,120+1,standard,bullet,True,resign,white,61,epa1234,Artem_3000,2509,2489,5,-5,E05,"Catalan Opening: Open Defense, Classical Line",12,Artem_3000,black,epa1234,2489,2509,loss,0.0
vwTswqiB,2025-11-04T09:08:51.954000+00:00,1800+0,standard,classical,True,resign,white,97,firstchoice001,Artem_3000,2218,2280,9,-15,A45,Indian Defense: Accelerated London System,3,Artem_3000,black,firstchoice001,2280,2218,loss,0.0
I3EXwR9A,2025-10-30T07:06:39.417000+00:00,120+1,standard,bullet,True,draw,,87,Artem_3000,yurifridkin,2512,2317,-2,2,E20,Nimzo-Indian Defense: Kmoch Variation,7,Artem_3000,white,yurifridkin,2512,2317,draw,0.5
h0aCac3I,2025-10-30T06:53:04.429000+00:00,120+1,standard,bullet,True,resign,white,40,Artem_3000,BengalChamp,2493,2700,9,-26,D35,"Queen's Gambit Declined: Exchange Variation, Positional Variation",10,Artem_3000,white,BengalChamp,2493,2700,win,1.0
EGHmUNxU,2025-10-27T09:29:18.595000+00:00,120+1,standard,bullet,True,outoftime,black,84,kvadrik,Artem_3000,2584,2508,-8,7,D53,Queen's Gambit Declined,8,Artem_3000,black,kvadrik,2508,2584,win,1.0
SWt8PK5l,2025-10-27T09:22:17.992000+00:00,120+1,standard,bullet,True,resign,black,46,Artem_3000,Surinov_Michail,2509,2361,-8,8,D00,Queen's Pawn Game: Accelerated London System,3,Artem_3000,white,Surinov_Michail,2509,2361,loss,0.0
xvz1s8IN,2025-10-19T12:23:08.766000+00:00,120+1,standard,bullet,True,resign,white,77,Gossef,Artem_3000,2453,2482,7,-6,A01,Nimzo-Larsen Attack,1,Artem_3000,black,Gossef,2482,2453,loss,0.0
fk4cXwNE,2025-10-19T08:34:15.353000+00:00,1800+0,standard,classical,True,resign,black,76,Artem_3000,CHESSNO001,2311,2205,-17,8,A56,Benoni Defense,4,Artem_3000,white,CHESSNO001,2311,2205,loss,0.0
Z2eZTAG9,2025-10-15T19:36:04.589000+00:00,120+1,standard,bullet,True,resign,black,70,Artem_3000,i_love_1C,2527,2655,-4,12,D11,Slav Defense: Breyer Variation,7,Artem_3000,white,i_love_1C,2527,2655,loss,0.0
w2zjtYtl,2025-10-09T16:40:06.455000+00:00,120+1,standard,bullet,True,draw,,118,qimnastikaww,Artem_3000,2498,2503,0,0,B27,Sicilian Defense: Hyperaccelerated Fianchetto,5,Artem_3000,black,qimnastikaww,2503,2498,draw,0.5
XxdgieLs,2025-10-05T08:48:16.744000+00:00,1800+0,standard,classical,True,resign,black,46,trembling-eyes,Artem_3000,2126,2296,-11,7,A07,King's Indian Attack: Keres Variation,8,Artem_3000,black,trembling-eyes,2296,2126,win,1.0
600zm8Mc,2026-01-31T14:43:09.589000+00:00,60+0,standard,bullet,True,mate,white,63,chessmaster2006,AnIndianChessplayer,3149,3034,4,-4,A46,Indian Defense: Knights Variation,3,chessmaster2006,white,AnIndianChessplayer,3149,3034,win,1.0
VFWxHjv7,2026-01-31T09:47:20.556000+00:00,60+0,standard,bullet,True,resign,white,109,chessmaster2006,stanbad1,3142,2922,3,-2,C11,"French Defense: Steinitz Variation, Boleslavsky Variation",13,chessmaster2006,white,stanbad1,3142,2922,win,1.0
JT9fy6vr,2026-01-31T09:43:39.702000+00:00,60+0,standard,bullet,True,mate,black,130,Gahan-MG,chessmaster2006,2923,3136,-2,3,A01,Nimzo-Larsen Attack: Modern Variation,4,chessmaster2006,black,Gahan-MG,3136,2923,win,1.0
oIaaoWlb,2026-01-31T09:41:35.738000+00:00,60+0,standard,bullet,True,resign,white,123,chessmaster2006,Gahan-MG,3133,2926,3,-3,A48,East Indian Defense,4,chessmaster2006,white,Gahan-MG,3133,2926,win,1.0
yyykjNhT,2026-01-31T09:40:47.545000+00:00,60+0,standard,bullet,True,resign,black,46,Gahan-MG,chessmaster2006,2929,3129,-3,4,A01,Nimzo-Larsen Attack: Modern Variation,4,chessmaster2006,black,Gahan-MG,3129,2929,win,1.0
Hqx5C3LJ,2026-01-19T07:35:48.988000+00:00,60+0,standard,bullet,True,outoftime,white,133,artem64,chessmaster2006,3003,3155,8,-9,E19,"Queen's Indian Defense: Classical Variation, Traditional Variation, Main Line",17,chessmaster2006,black,artem64,3155,3003,loss,0.0
tIc4aKT9,2026-01-17T21:58:27.990000+00:00,180+0,standard,blitz,True,draw,,79,handofprince,chessmaster2006,2784,2875,1,-1,C47,Four Knights Game: Scotch Variation Accepted,8,chessmaster2006,black,handofprince,2875,2784,draw,0.5
MwJ6jOtP,2026-01-17T21:55:55.879000+00:00,180+0,standard,blitz,True,mate,white,63,Riquelme93,chessmaster2006,2715,2884,8,-9,C56,Italian Game: Scotch Invitation Declined,8,chessmaster2006,black,Riquelme93,2884,2715,loss,0.0
9s7HsrAW,2026-01-17T21:50:56.261000+00:00,180+0,standard,blitz,True,outoftime,white,121,AngelitoRT,chessmaster2006,2852,2892,6,-8,E17,Queen's Indian Defense: Classical Variation,11,chessmaster2006,black,AngelitoRT,2892,2852,loss,0.0
tEutG7Fu,2026-01-17T21:46:57.094000+00:00,180+0,standard,blitz,True,resign,black,154,chessmaster2006,handofprince,2901,2770,-9,9,A05,King's Indian Attack: Wahls Defense,10,chessmaster2006,white,handofprince,2901,2770,loss,0.0
inyzHW0o,2026-01-17T21:43:43.259000+00:00,180+0,standard,blitz,True,resign,black,118,gepard2014,chessmaster2006,2572,2899,-1,2,B01,"Scandinavian Defense: Valencian Variation, Main Line",10,chessmaster2006,black,gepard2014,2899,2572,win,1.0
ZEDYcWsv,2026-01-17T21:40:47.953000+00:00,180+0,standard,blitz,True,resign,black,94,chessmaster2006,Zhigalko_Sergei,2908,2838,-9,7,A07,King's Indian Attack,3,chessmaster2006,white,Zhigalko_Sergei,2908,2838,loss,0.0
aYoacNvk,2026-01-17T21:34:22.400000+00:00,180+0,standard,blitz,True,resign,white,116,chessmaster2006,yoseph2013,2904,2734,4,-3,A04,Zukertort Opening: Sicilian Invitation,2,chessmaster2006,white,yoseph2013,2904,2734,win,1.0
s0XvjqKX,2026-01-17T21:27:54.891000+00:00,180+0,standard,blitz,True,resign,black,92,Night-King96,chessmaster2006,2874,2897,-7,7,D01,Rapport-Jobava System,6,chessmaster2006,black,Night-King96,2897,2874,win,1.0
KUklGEvy,2026-01-17T21:24:09.945000+00:00,180+0,standard,blitz,True,resign,white,130,chessmaster2006,KontraJaKO,2888,2759,5,-3,A04,Zukertort Opening: Kingside Fianchetto,2,chessmaster2006,white,KontraJaKO,2888,2759,win,1.0
NTWEplme,2026-01-17T21:20:16.941000+00:00,180+0,standard,blitz,True,resign,white,87,chess-art-us,chessmaster2006,2800,2898,7,-10,A07,King's Indian Attack,3,chessmaster2006,black,chess-art-us,2898,2800,loss,0.0
ekKZYrjs,2026-01-17T21:16:48.139000+00:00,180+0,standard,blitz,True,resign,white,93,chessmaster2006,KontraJaKO,2893,2765,5,-3,A04,Zukertort Opening: Queenside Fianchetto Variation,2,chessmaster2006,white,KontraJaKO,2893,2765,win,1.0
BSqsnLvd,2026-01-17T21:14:28.131000+00:00,180+0,standard,blitz,True,resign,black,56,lagartodeleyende,chessmaster2006,2552,2890,-2,3,A11,"Réti Opening: Anglo-Slav Variation, Gurevich System",5,chessmaster2006,black,lagartodeleyende,2890,2552,win,1.0
8ZNASymx,2026-01-17T21:10:33.178000+00:00,180+0,standard,blitz,True,outoftime,black,154,chessmaster2006,yoseph2013,2903,2712,-13,8,A48,East Indian Defense,4,chessmaster2006,white,yoseph2013,2903,2712,loss,0.0
rwikPl7n,2026-01-17T21:06:52.166000+00:00,180+0,standard,blitz,True,mate,black,116,MatthewG-p4p,chessmaster2006,2808,2896,-5,7,A03,Bird Opening: Dutch Variation,2,chessmaster2006,black,MatthewG-p4p,2896,2808,win,1.0
AuevTx0J,2026-01-17T21:04:36.043000+00:00,180+0,standard,blitz,True,resign,white,67,KontraJaKO,chessmaster2006,2747,2908,9,-12,A20,English Opening: King's English Variation,2,chessmaster2006,black,KontraJaKO,2908,2747,loss,0.0
e21lyMGb,2026-01-17T20:59:02.360000+00:00,180+0,standard,blitz,True,draw,,207,handofprince,chessmaster2006,2741,2912,4,-4,C47,Four Knights Game: Scotch Variation Accepted,8,chessmaster2006,black,handofprince,2912,2741,draw,0.5
PXfTCuKw,2026-01-17T20:54:24.500000+00:00,180+0,standard,blitz,True,draw,,100,chessmaster2006,Eyesless18,2916,2753,-4,4,A07,King's Indian Attack,3,chessmaster2006,white,Eyesless18,2916,2753,draw,0.5
Io7XHFwc,2026-01-17T20:52:57.974000+00:00,180+0,standard,blitz,True,resign,black,22,dmitrij_IM,chessmaster2006,2768,2910,-7,6,A46,Indian Defense: Knights Variation,3,chessmaster2006,black,dmitrij_IM,2910,2768,win,1.0
0o8WJZ4X,2026-01-17T20:48:54.525000+00:00,180+0,standard,blitz,True,outoftime,white,89,chessmaster2006,Night-King96,2902,2886,8,-7,A05,King's Indian Attack: Symmetrical Defense,4,chessmaster2006,white,Night-King96,2902,2886,win,1.0
xiUMl9mV,2026-01-17T20:44:18.034000+00:00,180+0,standard,blitz,True,resign,black,92,mysterious_expert,chessmaster2006,2729,2896,-7,6,D00,Queen's Pawn Game,3,chessmaster2006,black,mysterious_expert,2896,2729,win,1.0
9xSpTNjA,2026-01-17T20:40:31.603000+00:00,180+0,standard,blitz,True,outoftime,black,196,chessmaster2006,Zhigalko_Sergei,2908,2852,-12,7,D02,Queen's Pawn Game: Zukertort Variation,3,chessmaster2006,white,Zhigalko_Sergei,2908,2852,loss,0.0
7YntDw6a,2026-01-17T20:36:15.197000+00:00,180+0,standard,blitz,True,outoftime,white,187,chessmaster2006,Gianmarco_es,2905,2616,3,-2,A40,Horwitz Defense,2,chessmaster2006,white,Gianmarco_es,2905,2616,win,1.0
Vpgt5Ie4,2026-01-17T20:31:40.874000+00:00,180+0,standard,blitz,True,resign,white,123,handofprince,chessmaster2006,2756,2919,18,-14,C47,Four Knights Game: Scotch Variation Accepted,8,chessmaster2006,black,handofprince,2919,2756,loss,0.0
WUGHdiKY,2026-01-17T20:30:38.990000+00:00,180+0,standard,blitz,True,draw,,24,chessmaster2006,Zhigalko_Sergei,2921,2843,-2,2,B30,Sicilian Defense: Nyezhmetdinov-Rossolimo Attack,5,chessmaster2006,white,Zhigalko_Sergei,2921,2843,draw,0.5
qsuQRT9y,2026-02-01T17:08:13.122000+00:00,420+0,standard,blitz,True,resign,black,96,Subhalok123disaster1,Aleks-lexa,1968,2071,-14,4,C44,Scotch Game: Benima Defense,8,Aleks-lexa,black,Subhalok123disaster1,2071,1968,win,1.0
1BI7kgbn,2026-02-01T16:47:24.548000+00:00,420+0,standard,blitz,True,resign,white,101,Aleks-lexa,DragoniPlayer,2069,1773,2,-2,E76,King's Indian Defense: Four Pawns Attack,9,Aleks-lexa,white,DragoniPlayer,2069,1773,win,1.0
syfwKLh6,2026-02-01T16:31:27.185000+00:00,420+0,standard,blitz,True,draw,,106,Pali9,Aleks-lexa,1870,2072,3,-3,A85,Dutch Defense: Queen's Knight Variation,5,Aleks-lexa,black,Pali9,2072,1870,draw,0.5
vw4F3Abj,2026-02-01T16:10:33.405000+00:00,420+0,standard,blitz,True,mate,white,65,makedonskyaweli,Aleks-lexa,2380,2073,8,-1,A80,Dutch Defense: Hopton Attack,3,Aleks-lexa,black,makedonskyaweli,2073,2380,loss,0.0
wkZ3btcP,2026-02-01T09:41:23.840000+00:00,480+0,standard,rapid,True,resign,white,112,Aleks-lexa,Sasavujic,2176,1803,1,-1,D53,Queen's Gambit Declined,8,Aleks-lexa,white,Sasavujic,2176,1803,win,1.0
4K8bAnSU,2025-12-23T05:53:10.404000+00:00,3 days per move,standard,correspondence,True,mate,black,192,Blitzer5,Aleks-lexa,2214,2581,-4,3,C47,Four Knights Game: Italian Variation,7,Aleks-lexa,black,Blitzer5,2581,2214,win,1.0
2jJkMFKd,2026-02-01T07:46:01.063000+00:00,420+0,standard,blitz,True,resign,white,87,Aleks-lexa,SMPL,2071,1842,2,-2,D31,Semi-Slav Defense: Accelerated Move Order,6,Aleks-lexa,white,SMPL,2071,1842,win,1.0
7v9cu11D,2026-02-01T04:43:32.088000+00:00,420+0,standard,blitz,True,outoftime,black,66,KirCat777,Aleks-lexa,1760,2069,-2,2,C30,King's Gambit Declined: Queen's Knight Defense,4,Aleks-lexa,black,KirCat777,2069,1760,win,1.0
O1FchfH4,2026-02-01T00:24:20.970000+00:00,420+0,standard,blitz,True,outoftime,black,114,Aleks-lexa,collectionneur25,2078,1875,-9,9,A40,Horwitz Defense,2,Aleks-lexa,white,collectionneur25,2078,1875,loss,0.0
BbyQe5qF,2026-02-01T00:06:44.394000+00:00,420+0,standard,blitz,True,outoftime,black,82,Aleks-lexa,Elias2011,2088,1793,-10,10,D53,Queen's Gambit Declined,8,Aleks-lexa,white,Elias2011,2088,1793,loss,0.0
ymZ566gt,2026-01-30T18:13:51.606000+00:00,480+0,standard,rapid,True,resign,black,120,lavpobjednik12,Aleks-lexa,1965,2173,-3,3,A10,English Opening: Anglo-Dutch Defense,2,Aleks-lexa,black,lavpobjednik12,2173,1965,win,1.0
icwPAbPe,2026-01-30T17:10:24.998000+00:00,420+0,standard,blitz,True,resign,black,72,RomanticaParrott,Aleks-lexa,1823,2086,-10,2,C30,King's Gambit Declined: Queen's Knight Defense,4,Aleks-lexa,black,RomanticaParrott,2086,1823,win,1.0
7NVwsntx,2026-01-30T04:54:32.970000+00:00,420+0,standard,blitz,True,mate,white,95,Aleks-lexa,CharlyIII,2084,1779,2,-2,A40,Horwitz Defense,2,Aleks-lexa,white,CharlyIII,2084,1779,win,1.0
JrapzudI,2026-01-29T19:00:57.963000+00:00,420+0,standard,blitz,True,outoftime,white,79,Aleks-lexa,Nestor84,2082,1827,2,-2,D43,Semi-Slav Defense: Anti-Moscow Gambit,11,Aleks-lexa,white,Nestor84,2082,1827,win,1.0
hbml8nyo,2026-01-29T15:09:48.106000+00:00,900+0,standard,rapid,True,resign,black,46,Tkayyyyyy,Aleks-lexa,1815,2172,-2,1,A80,Dutch Defense,2,Aleks-lexa,black,Tkayyyyyy,2172,1815,win,1.0
DUX15OVE,2026-01-29T05:01:08.290000+00:00,480+0,standard,rapid,True,mate,black,102,Vegeta123456,Aleks-lexa,1888,2170,-3,2,C20,King's Pawn Game: MacLeod Attack,3,Aleks-lexa,black,Vegeta123456,2170,1888,win,1.0
Fv2CTRrJ,2026-01-29T04:16:20.544000+00:00,420+0,standard,blitz,True,resign,white,59,Aleks-lexa,filidor77,2080,1810,2,-2,D10,Slav Defense,5,Aleks-lexa,white,filidor77,2080,1810,win,1.0
zOIflGcG,2026-01-28T18:12:42.582000+00:00,420+0,standard,blitz,True,resign,white,43,Aleks-lexa,kingspawn15,2078,1795,2,-2,A80,Dutch Defense: Hopton Attack,3,Aleks-lexa,white,kingspawn15,2078,1795,win,1.0
8s1uUvkk,2026-01-28T17:59:00.491000+00:00,420+0,standard,blitz,True,outoftime,white,101,Helena-Sofi,Aleks-lexa,1919,2086,18,-8,C44,Ponziani Opening: Jaenisch Counterattack,6,Aleks-lexa,black,Helena-Sofi,2086,1919,loss,0.0
bdmb8mx4,2026-01-28T14:26:11.139000+00:00,540+0,standard,rapid,True,resign,white,73,Aleks-lexa,OZBUDAK,2168,1874,2,-8,D32,Queen's Gambit Declined: Tarrasch Defense,8,Aleks-lexa,white,OZBUDAK,2168,1874,win,1.0
vJTniZ9C,2026-01-28T14:14:17.774000+00:00,420+0,standard,blitz,True,resign,black,64,irajdavanipour60,Aleks-lexa,1864,2084,-10,2,C50,Italian Game: Hungarian Defense,6,Aleks-lexa,black,irajdavanipour60,2084,1864,win,1.0
GqUzw8GK,2026-01-28T03:35:24.362000+00:00,900+0,standard,rapid,True,outoftime,black,114,Aleks-lexa,ReySerrata,2177,1903,-9,48,D10,Slav Defense,5,Aleks-lexa,white,ReySerrata,2177,1903,loss,0.0
DH8rmdJk,2025-12-06T05:29:21.372000+00:00,3 days per move,standard,correspondence,True,resign,white,119,Niantal,Aleks-lexa,2167,2578,13,-19,C66,"Ruy Lopez: Berlin Defense, Improved Steinitz Defense",8,Aleks-lexa,black,Niantal,2578,2167,loss,0.0
fQtr3Xpi,2026-01-28T02:26:00.287000+00:00,420+0,standard,blitz,True,outoftime,black,76,Leonardomil1,Aleks-lexa,1837,2081,-3,3,C44,Ponziani Opening: Jaenisch Counterattack,6,Aleks-lexa,black,Leonardomil1,2081,1837,win,1.0
NFPz9Cvo,2026-01-27T17:44:53.100000+00:00,1800+0,standard,classical,True,mate,white,147,Aleks-lexa,Kabbouri2020,2356,1886,2,0,A40,"Kangaroo Defense: Keres Defense, Transpositional Variation",5,Aleks-lexa,white,Kabbouri2020,2356,1886,win,1.0
MBYRKZK2,2026-01-27T17:40:43.121000+00:00,480+0,standard,rapid,True,resign,black,22,licheneschess,Aleks-lexa,1856,2175,-2,2,A85,Dutch Defense: Queen's Knight Variation,5,Aleks-lexa,black,licheneschess,2175,1856,win,1.0
ao2XZFD8,2026-01-27T15:51:33.848000+00:00,420+0,standard,blitz,True,resign,black,30,KirCat777,Aleks-lexa,1767,2080,-2,1,C30,King's Gambit Declined: Queen's Knight Defense,4,Aleks-lexa,black,KirCat777,2080,1767,win,1.0
nK3aFrXf,2026-01-27T15:36:25.904000+00:00,900+0,standard,rapid,True,resign,white,57,Aleks-lexa,Zbigniewzgolfa,2174,1831,1,-1,D55,"Queen's Gambit Declined: Modern Variation, Normal Line",11,Aleks-lexa,white,Zbigniewzgolfa,2174,1831,win,1.0
tVnycET8,2026-01-20T13:25:55.578000+00:00,2 days per move,standard,correspondence,True,mate,white,139,pgalvezi,Aleks-lexa,2507,2558,25,-13,C65,"Ruy Lopez: Berlin Defense, Anti-Berlin Variation",7,Aleks-lexa,black,pgalvezi,2558,2507,loss,0.0
iJdFrTa9,2026-01-27T11:16:07.693000+00:00,420+0,standard,blitz,True,resign,black,56,kindruk,Aleks-lexa,1728,2078,-2,2,C50,Italian Game: Hungarian Defense,6,Aleks-lexa,black,kindruk,2078,1728,win,1.0
Ljgxpah3,2026-02-01T20:00:46.465000+00:00,480+0,standard,rapid,True,mate,white,67,PREDATOR624,GeovanNobre,2339,1851,1,-1,B23,Sicilian Defense: Closed,3,PREDATOR624,white,GeovanNobre,2339,1851,win,1.0
CAJ9y9zv,2026-01-31T11:42:02.667000+00:00,60+10,standard,blitz,True,resign,black,82,barnstormsky,PREDATOR624,1857,2229,-1,1,B20,Sicilian Defense: Keres Variation,3,PREDATOR624,black,barnstormsky,2229,1857,win,1.0
DYOELL5a,2026-01-31T11:19:04.273000+00:00,480+0,standard,rapid,True,mate,white,75,PREDATOR624,aFANofPatrick_XD,2334,2040,2,-6,C47,Four Knights Game,6,PREDATOR624,white,aFANofPatrick_XD,2334,2040,win,1.0
rF7i89vn,2026-01-31T10:18:35.404000+00:00,480+0,standard,rapid,True,outoftime,,129,Onnellisuus,PREDATOR624,2236,2330,7,-2,A46,Indian Defense: Spielmann-Indian,4,PREDATOR624,black,Onnellisuus,2330,2236,draw,0.5
EjxT73kq,2026-01-31T08:43:51.554000+00:00,600+5,standard,rapid,True,resign,white,59,fyrafyra,PREDATOR624,2128,2349,34,-8,A50,Mexican Defense,4,PREDATOR624,black,fyrafyra,2349,2128,loss,0.0
mQNQ5aRP,2026-01-30T22:28:04.316000+00:00,540+0,standard,rapid,True,resign,white,41,mahmoud_khalil1,PREDATOR624,1933,2371,11,-11,A45,Indian Defense,2,PREDATOR624,black,mahmoud_khalil1,2371,1933,loss,0.0
TPZHjO3K,2026-01-29T14:12:36.497000+00:00,300+0,standard,blitz,True,mate,black,40,PREDATOR624,simonkedoh01,2223,2169,-7,7,B23,Sicilian Defense: Closed,4,PREDATOR624,white,simonkedoh01,2223,2169,loss,0.0
QN2jz0Lk,2026-01-29T08:59:50.238000+00:00,180+2,standard,blitz,True,outoftime,black,60,PREDATOR624,OldIndianFence,2224,2085,-8,13,C43,"Petrov's Defense: Modern Attack, Center Variation",7,PREDATOR624,white,OldIndianFence,2224,2085,loss,0.0
ffSywSxG,2026-01-28T17:27:11.545000+00:00,180+1,standard,blitz,True,resign,white,45,Riemann,PREDATOR624,1832,2225,10,-10,B45,Sicilian Defense: Four Knights Variation,10,PREDATOR624,black,Riemann,2225,1832,loss,0.0
ZJzDP7Ep,2026-01-26T12:09:06.825000+00:00,1200+15,standard,classical,True,resign,white,31,PREDATOR624,Mrcius,2408,1992,2,-1,A15,"English Opening: Anglo-Indian Defense, King's Knight Variation",3,PREDATOR624,white,Mrcius,2408,1992,win,1.0
QIOvpSm2,2026-01-26T12:00:10.166000+00:00,120+2,standard,blitz,True,outoftime,black,78,PREDATOR624,Dicebe10,2217,1732,-11,11,B01,Scandinavian Defense: Mieses-Kotroc Variation,4,PREDATOR624,white,Dicebe10,2217,1732,loss,0.0
XJvgEqN4,2026-01-26T11:45:09.507000+00:00,300+3,standard,blitz,True,outoftime,white,105,gabcsiko,PREDATOR624,2007,2226,9,-9,B00,"Nimzowitsch Defense: Kennedy Variation, Linksspringer Variation",5,PREDATOR624,black,gabcsiko,2226,2007,loss,0.0
zAMltYRN,2026-01-26T09:20:53.648000+00:00,900+0,standard,rapid,True,resign,black,60,ichmagchesse,PREDATOR624,1937,2367,-2,1,B45,Sicilian Defense: Four Knights Variation,10,PREDATOR624,black,ichmagchesse,2367,1937,win,1.0
qoXVm5LL,2026-01-25T20:32:56.014000+00:00,300+3,standard,blitz,True,resign,white,87,PREDATOR624,MurilloJATAI,2221,1826,1,-2,B23,Sicilian Defense: Grand Prix Attack,5,PREDATOR624,white,MurilloJATAI,2221,1826,win,1.0
bi8dL9X9,2026-01-25T19:52:12.538000+00:00,300+8,standard,rapid,True,resign,black,110,fanta1951,PREDATOR624,2053,2362,-2,2,B24,"Sicilian Defense: Closed, Fianchetto Variation",5,PREDATOR624,black,fanta1951,2362,2053,win,1.0
UNDNC0ak,2026-01-24T15:13:52.679000+00:00,180+2,standard,blitz,True,resign,black,80,PREDATOR624,ObliviateBlunder,2235,2148,-7,7,B23,Sicilian Defense: Grand Prix Attack,5,PREDATOR624,white,ObliviateBlunder,2235,2148,loss,0.0
TfWs1qr3,2026-01-23T20:12:24.262000+00:00,0+5,standard,blitz,True,mate,black,64,pamor,PREDATOR624,1763,2223,-1,1,B00,"Nimzowitsch Defense: Kennedy Variation, Linksspringer Variation",5,PREDATOR624,black,pamor,2223,1763,win,1.0
30Ug85ej,2026-01-23T17:14:03.994000+00:00,180+1,standard,blitz,True,outoftime,white,83,PREDATOR624,szekel57,2235,1839,1,-1,C46,Three Knights Opening,5,PREDATOR624,white,szekel57,2235,1839,win,1.0
MM7M2ddi,2026-01-23T14:32:35.953000+00:00,180+2,standard,blitz,True,outoftime,white,85,mhdhussamhayareyah2,PREDATOR624,2181,2235,6,-7,B00,"Nimzowitsch Defense: Kennedy Variation, Linksspringer Variation",5,PREDATOR624,black,mhdhussamhayareyah2,2235,2181,loss,0.0
jI1nBbQf,2026-01-22T21:49:16.773000+00:00,60+10,standard,blitz,True,resign,black,34,PREDATOR624,HongKongGlory,2226,2309,-4,5,B07,"Lion Defense: Anti-Philidor, Lion's Cave",8,PREDATOR624,white,HongKongGlory,2226,2309,loss,0.0
jlzOve9o,2026-01-22T17:34:56.872000+00:00,180+0,standard,blitz,True,mate,black,60,Shcherbakov35,PREDATOR624,2054,2205,-4,3,A45,Indian Defense: Accelerated London System,3,PREDATOR624,black,Shcherbakov35,2205,2054,win,1.0
6lg9Zgew,2026-01-22T17:02:54.465000+00:00,180+2,standard,blitz,True,outoftime,black,78,PREDATOR624,genakozodoev,2222,2300,-4,21,B12,"Caro-Kann Defense: Advance Variation, Botvinnik-Carls Defense",6,PREDATOR624,white,genakozodoev,2222,2300,loss,0.0
jZ9NQZ4M,2026-01-22T14:23:50.865000+00:00,300+4,standard,blitz,True,resign,white,13,PREDATOR624,ezdi60,2219,1802,1,-1,B12,"Caro-Kann Defense: Advance Variation, Tal Variation",7,PREDATOR624,white,ezdi60,2219,1802,win,1.0
tKWuupEX,2026-01-21T14:32:32.998000+00:00,300+0,standard,blitz,True,resign,black,54,PREDATOR624,Mohamoha5668,2215,1956,-10,9,B23,Sicilian Defense: Grand Prix Attack,5,PREDATOR624,white,Mohamoha5668,2215,1956,loss,0.0
my4swVfW,2026-01-20T11:08:12.863000+00:00,180+5,standard,blitz,True,resign,white,75,Jos70,PREDATOR624,1827,2261,11,-13,C78,Ruy Lopez: Morphy Defense,9,PREDATOR624,black,Jos70,2261,1827,loss,0.0
vvTpqtOa,2026-01-20T09:35:57.072000+00:00,480+0,standard,rapid,True,mate,white,91,PREDATOR624,Vlados1k,2343,2182,3,-4,C46,Three Knights Opening,5,PREDATOR624,white,Vlados1k,2343,2182,win,1.0
WEiKv3YL,2026-01-19T16:26:02.645000+00:00,600+5,standard,rapid,True,mate,black,66,No_soy_yo,PREDATOR624,2330,2334,-5,6,C25,Vienna Game: Paulsen Variation,5,PREDATOR624,black,No_soy_yo,2334,2330,win,1.0
CE9uImZ6,2026-01-19T12:54:21.506000+00:00,480+0,standard,rapid,True,outoftime,white,73,PREDATOR624,supermangigachad,2346,2015,1,-5,B09,"Pirc Defense: Austrian Attack, Weiss Variation",11,PREDATOR624,white,supermangigachad,2346,2015,win,1.0
cgrleiVU,2026-01-18T18:10:30.185000+00:00,480+0,standard,rapid,True,resign,white,37,aleksandrilin47,PREDATOR624,2197,2357,53,-7,B00,Nimzowitsch Defense: Kennedy Variation,4,PREDATOR624,black,aleksandrilin47,2357,2197,loss,0.0
YJnfVu5F,2026-01-16T13:04:21.069000+00:00,900+0,standard,rapid,True,resign,black,44,Hsthayninh_8386,PREDATOR624,2111,2343,-3,3,A20,English Opening: King's English Variation,2,PREDATOR624,black,Hsthayninh_8386,2343,2111,win,1.0
uowV7ZGZ,2026-02-01T16:48:13.482000+00:00,30+0,standard,bullet,True,resign,black,36,snow152,emirislamking,2805,3221,-1,1,A00,Lasker Simul Special,2,snow152,white,emirislamking,2805,3221,loss,0.0
tt0AwzB6,2026-01-30T16:58:09.833000+00:00,180+0,standard,blitz,True,draw,,60,cucumber4,snow152,2425,2346,-1,1,A04,Zukertort Opening: Ross Gambit,2,snow152,black,cucumber4,2346,2425,draw,0.5
z3qgo3H1,2026-01-30T16:55:31.889000+00:00,180+0,standard,blitz,True,mate,white,77,snow152,GeNer4tion_KiLL,2338,2520,8,-8,B10,Caro-Kann Defense,2,snow152,white,GeNer4tion_KiLL,2338,2520,win,1.0
T9SpmhY4,2026-01-30T16:53:24.478000+00:00,180+0,standard,blitz,True,resign,white,47,snow152,PawnToBitcoin,2330,2627,9,-14,B27,Sicilian Defense: Hyperaccelerated Pterodactyl,6,snow152,white,PawnToBitcoin,2330,2627,win,1.0
3MSXZRmz,2026-01-30T16:52:58.322000+00:00,180+0,standard,blitz,True,resign,black,28,GeNer4tion_KiLL,snow152,2541,2321,-9,9,B30,Sicilian Defense: Old Sicilian,4,snow152,black,GeNer4tion_KiLL,2321,2541,win,1.0
161gf15S,2026-01-30T16:48:17.943000+00:00,180+0,standard,blitz,True,mate,black,90,snow152,andank_NNK,2330,2285,-6,7,B21,"Sicilian Defense: Smith-Morra Gambit Accepted, Kan Formation",10,snow152,white,andank_NNK,2330,2285,loss,0.0
fGeNizs3,2026-01-30T16:43:08.149000+00:00,180+0,standard,blitz,True,resign,white,63,snow152,HP969_JDS,2319,2353,6,-6,B30,Sicilian Defense: Old Sicilian,4,snow152,white,HP969_JDS,2319,2353,win,1.0
md7kCX4E,2026-01-30T16:41:23.911000+00:00,180+0,standard,blitz,True,resign,black,40,B3B3B3_NNK,snow152,2315,2313,-7,6,B23,Sicilian Defense: Grand Prix Attack,5,snow152,black,B3B3B3_NNK,2313,2315,win,1.0
KPOLjISs,2026-01-30T16:35:15.823000+00:00,180+0,standard,blitz,True,mate,white,43,Andrey_Klymchuk,snow152,2724,2311,1,-1,B20,Sicilian Defense,2,snow152,black,Andrey_Klymchuk,2311,2724,loss,0.0
teOExyKh,2026-01-30T16:04:17.087000+00:00,180+0,standard,blitz,True,mate,black,158,snow152,DrMelekess,2307,2591,-2,2,B00,"Nimzowitsch Defense: Scandinavian Variation, Bogoljubow Variation, Heinola-Deppe Gambit",6,snow152,white,DrMelekess,2307,2591,loss,0.0
VbpozYsJ,2026-01-30T15:33:10.350000+00:00,180+0,standard,blitz,True,mate,black,96,snow152,lancelot_NNK,2304,2161,-8,15,B13,"Caro-Kann Defense: Panov Attack, Modern Defense",10,snow152,white,lancelot_NNK,2304,2161,loss,0.0
xEI4Dl8u,2026-01-30T15:11:12.817000+00:00,180+0,standard,blitz,True,draw,,142,Mams_KCI,snow152,2247,2312,1,-1,A07,"King's Indian Attack, with e6",6,snow152,black,Mams_KCI,2312,2247,draw,0.5
s9OPBPTO,2026-01-30T15:07:44.692000+00:00,180+0,standard,blitz,True,outoftime,white,121,snow152,manitodeplomo,2303,2543,9,-10,B01,"Scandinavian Defense: Main Line, Mieses Variation",8,snow152,white,manitodeplomo,2303,2543,win,1.0
b6swF3fv,2026-01-30T08:18:22.919000+00:00,1500+0,standard,classical,True,mate,black,118,snow152,Chameleonowitch,2329,2268,-11,32,B00,Goldsmith Defense,2,snow152,white,Chameleonowitch,2329,2268,loss,0.0
QSxYekPp,2026-01-30T08:37:43.690000+00:00,30+0,standard,bullet,True,mate,white,135,snow152,Dark_Cast1gator,2821,3003,8,-8,A00,Hungarian Opening: Indian Defense,2,snow152,white,Dark_Cast1gator,2821,3003,win,1.0
pq3k0Iz2,2026-01-29T19:50:23.416000+00:00,30+0,standard,bullet,True,outoftime,white,93,snow152,Mishka_The_Great,2818,3173,11,-10,B06,Modern Defense,2,snow152,white,Mishka_The_Great,2818,3173,win,1.0
gSKuKZDA,2026-01-29T18:36:03.794000+00:00,30+0,standard,bullet,True,mate,white,91,finisher667,snow152,2732,2833,7,-8,A43,Benoni Defense: Benoni-Indian Defense,4,snow152,black,finisher667,2833,2732,loss,0.0
VpJASOaz,2026-01-29T12:17:00.106000+00:00,30+0,standard,bullet,True,mate,white,69,snow152,Mishka_The_Great,2848,3112,10,-9,B37,"Sicilian Defense: Accelerated Dragon, Maróczy Bind",10,snow152,white,Mishka_The_Great,2848,3112,win,1.0
caot3US2,2026-01-28T07:12:43.890000+00:00,180+0,standard,blitz,True,mate,black,84,snow152,kotlcfp,2314,2008,-9,10,C44,Ponziani Opening,5,snow152,white,kotlcfp,2314,2008,loss,0.0
qf7HeWvf,2026-01-27T17:26:27.896000+00:00,30+0,standard,bullet,True,mate,black,56,daur2004,snow152,2743,2846,-4,4,A46,Indian Defense: Wade-Tartakower Defense,4,snow152,black,daur2004,2846,2743,win,1.0
yZveHFoS,2026-01-27T16:00:30.215000+00:00,180+0,standard,blitz,True,mate,black,130,Crazy_Carlsen007,snow152,2434,2296,-8,8,B45,"Sicilian Defense: Four Knights Variation, Sveshnikov Transfer",12,snow152,black,Crazy_Carlsen007,2296,2434,win,1.0
qVPC9jOg,2026-01-26T14:03:59.796000+00:00,30+0,standard,bullet,True,outoftime,black,118,hyo_lee,snow152,3001,2816,-9,8,A00,Van't Kruijs Opening,1,snow152,black,hyo_lee,2816,3001,win,1.0
b2IbNlp5,2026-01-26T14:02:46.693000+00:00,30+0,standard,bullet,True,mate,white,83,snow152,hyo_lee,2807,3009,9,-8,A00,Hungarian Opening,1,snow152,white,hyo_lee,2807,3009,win,1.0
1GViY7Yn,2026-01-26T14:01:16.063000+00:00,30+0,standard,bullet,True,outoftime,white,157,hyo_lee,snow152,3007,2810,2,-3,A00,Hungarian Opening: Indian Defense,2,snow152,black,hyo_lee,2810,3007,loss,0.0
opoiOrJy,2026-01-26T14:00:07.190000+00:00,30+0,standard,bullet,True,mate,black,84,snow152,hyo_lee,2813,3003,-3,4,A00,Hungarian Opening: Symmetrical Variation,2,snow152,white,hyo_lee,2813,3003,loss,0.0
4YOzQnZP,2026-01-26T13:58:39.037000+00:00,30+0,standard,bullet,True,mate,white,151,hyo_lee,snow152,3001,2816,2,-3,A05,Zukertort Opening: Nimzo-Larsen Variation,3,snow152,black,hyo_lee,2816,3001,loss,0.0
4Xdc8xeC,2026-01-26T09:37:03.525000+00:00,180+0,standard,blitz,True,mate,black,108,snow152,MaurusPrimo,2302,2314,-6,6,B13,"Caro-Kann Defense: Panov Attack, Modern Defense",10,snow152,white,MaurusPrimo,2302,2314,loss,0.0
bk8mNRch,2026-01-25T15:00:11.075000+00:00,600+5,standard,rapid,True,resign,black,44,macter,snow152,2127,2406,-2,2,B33,Sicilian Defense: Lasker-Pelikan Variation,10,snow152,black,macter,2406,2127,win,1.0
C0BTxgTN,2026-01-24T19:12:28.330000+00:00,30+0,standard,bullet,True,mate,black,146,snow152,Zhebb,2800,2844,-5,5,B00,Pirc Defense,2,snow152,white,Zhebb,2800,2844,loss,0.0
LpEOWBMq,2026-01-24T19:11:23.006000+00:00,30+0,standard,bullet,True,mate,white,77,Zhebb,snow152,2839,2805,5,-5,D02,Queen's Pawn Game: London System,5,snow152,black,Zhebb,2805,2839,loss,0.0
ZskymBvK,2026-01-31T07:20:30.132000+00:00,600+0,fromPosition,rapid,True,outoftime,white,127,ozkayaefe,BlindJagulep,1499,2272,12,-44,,,,BlindJagulep,black,ozkayaefe,2272,1499,loss,0.0
LN3utVcx,2026-01-31T07:06:39.264000+00:00,600+0,fromPosition,rapid,True,resign,black,66,viktoriv,BlindJagulep,1790,2270,-1,2,,,,BlindJagulep,black,viktoriv,2270,1790,win,1.0
u7T1baGQ,2026-01-31T06:50:02.690000+00:00,600+0,fromPosition,rapid,True,resign,black,52,dragan888,BlindJagulep,1990,2252,-2,9,,,,BlindJagulep,black,dragan888,2252,1990,win,1.0
bq3VdgLo,2026-01-31T06:23:53.630000+00:00,600+0,fromPosition,rapid,True,outoftime,white,89,tipo10sBACKAGAIN,BlindJagulep,1802,2343,11,-49,,,,BlindJagulep,black,tipo10sBACKAGAIN,2343,1802,loss,0.0
Ra6c5Ccy,2026-01-31T06:14:58.368000+00:00,600+0,fromPosition,rapid,True,mate,black,102,BlindJagulep,Leo2014nid,2394,1800,-51,12,,,,BlindJagulep,white,Leo2014nid,2394,1800,loss,0.0
UkKHYNTC,2026-01-30T22:51:40.408000+00:00,1200+10,standard,classical,True,mate,black,122,BlindJagulep,EmpiezalaMagia,2291,2365,-10,47,B15,Caro-Kann Defense: von Hennig Gambit,7,BlindJagulep,white,EmpiezalaMagia,2291,2365,loss,0.0
GEugszAG,2026-01-30T22:16:44.332000+00:00,1200+10,standard,classical,True,mate,black,132,andres1964,BlindJagulep,1725,2290,-7,1,B01,Scandinavian Defense,2,BlindJagulep,black,andres1964,2290,1725,win,1.0
rxsegO1J,2026-01-26T14:30:20.229000+00:00,300+0,standard,blitz,True,resign,white,107,scorpio2022,BlindJagulep,2333,2208,4,-6,B01,Scandinavian Defense,2,BlindJagulep,black,scorpio2022,2208,2333,loss,0.0
ScOXnLG3,2026-01-26T14:20:38.264000+00:00,300+0,standard,blitz,True,resign,white,84,BlindJagulep,blackden4ik,2207,1749,1,0,B21,Sicilian Defense: Smith-Morra Gambit Accepted,6,BlindJagulep,white,blackden4ik,2207,1749,win,1.0
IXhM9mMP,2026-01-26T13:59:54.531000+00:00,300+0,standard,blitz,True,mate,white,117,zhonin_alik,BlindJagulep,2285,2213,5,-7,B01,Scandinavian Defense: Mieses-Kotroc Variation,4,BlindJagulep,black,zhonin_alik,2213,2285,loss,0.0
pLFUO7R3,2026-01-26T13:30:57.819000+00:00,60+0,standard,bullet,True,mate,white,53,pepe1993,BlindJagulep,2106,2199,7,-17,D02,Queen's Pawn Game: Chigorin Variation,4,BlindJagulep,black,pepe1993,2199,2106,loss,0.0
MZYpnN20,2026-01-26T11:56:12.440000+00:00,300+0,standard,blitz,True,mate,white,115,MeatOnBread,BlindJagulep,2225,2222,5,-9,D01,Rapport-Jobava System,5,BlindJagulep,black,MeatOnBread,2222,2225,loss,0.0
K8qthH6B,2026-01-26T11:34:22.565000+00:00,600+0,standard,rapid,True,mate,black,106,Ivanchuko,BlindJagulep,1797,2392,-1,2,A06,Zukertort Opening: Santasiere's Folly,3,BlindJagulep,black,Ivanchuko,2392,1797,win,1.0
paoirwPN,2026-01-26T11:21:51.679000+00:00,600+0,standard,rapid,True,mate,white,45,BlindJagulep,irondlashivakumar,2386,2037,6,-2,B01,Scandinavian Defense: Gubinsky-Melts Defense,6,BlindJagulep,white,irondlashivakumar,2386,2037,win,1.0
uOMZCRFq,2026-01-26T10:58:56.224000+00:00,600+0,standard,rapid,True,outoftime,black,60,Ange_lina_jolie,BlindJagulep,2163,2372,-3,14,A57,Benko Gambit Declined: Main Line,7,BlindJagulep,black,Ange_lina_jolie,2372,2163,win,1.0
a8KOtCij,2026-01-26T10:36:27.102000+00:00,300+0,standard,blitz,True,mate,black,98,BlindJagulep,Beg2win,2238,1836,-18,11,B00,St. George Defense,2,BlindJagulep,white,Beg2win,2238,1836,loss,0.0
tXY6tCn3,2026-01-26T10:26:23.273000+00:00,300+0,standard,blitz,True,resign,white,69,BlindJagulep,jcalder83,2234,1991,4,-4,C21,Danish Gambit,5,BlindJagulep,white,jcalder83,2234,1991,win,1.0
TBVJWlbo,2026-01-26T10:15:42.880000+00:00,300+0,standard,blitz,True,resign,white,89,BlindJagulep,PscIonG,2233,1735,1,-1,B15,Caro-Kann Defense,5,BlindJagulep,white,PscIonG,2233,1735,win,1.0
9D1ZfeHa,2026-01-26T10:05:09.141000+00:00,300+0,standard,blitz,True,mate,white,75,ToxicRush,BlindJagulep,2234,2244,10,-11,A57,Benko Gambit Declined: Main Line,7,BlindJagulep,black,ToxicRush,2244,2234,loss,0.0
tKP8nwod,2026-01-26T09:53:26.564000+00:00,300+0,standard,blitz,True,outoftime,black,102,LilaLavendel,BlindJagulep,1997,2239,-8,5,B01,Scandinavian Defense: Mieses-Kotroc Variation,4,BlindJagulep,black,LilaLavendel,2239,1997,win,1.0
qog17aTE,2026-01-26T09:41:33.737000+00:00,300+0,standard,blitz,True,mate,white,23,BlindJagulep,PAMPAM2021,2229,1683,1,-1,C21,Danish Gambit,5,BlindJagulep,white,PAMPAM2021,2229,1683,win,1.0
8cZ7zbBw,2026-01-26T09:24:02.404000+00:00,300+0,standard,blitz,True,resign,black,94,j_ulee,BlindJagulep,1734,2228,0,1,A52,"Indian Defense: Budapest Defense, Adler Variation",7,BlindJagulep,black,j_ulee,2228,1734,win,1.0
ZR5HMsJ4,2026-01-26T09:09:18.379000+00:00,300+0,standard,blitz,True,mate,black,100,BlindJagulep,Leif-Lopez,2244,2076,-17,8,B07,King's Pawn Game: Maróczy Defense,4,BlindJagulep,white,Leif-Lopez,2244,2076,loss,0.0
YATatGrX,2026-01-26T09:05:49.190000+00:00,60+0,standard,bullet,True,outoftime,black,72,BlindJagulep,mohits15,2218,2567,-4,1,C21,Danish Gambit Accepted,6,BlindJagulep,white,mohits15,2218,2567,loss,0.0
zzBUlubl,2026-01-26T08:56:19.475000+00:00,600+0,standard,rapid,True,resign,black,42,Sergei_65,BlindJagulep,2060,2363,-2,9,B01,Scandinavian Defense,2,BlindJagulep,black,Sergei_65,2363,2060,win,1.0
YCWobKWC,2026-01-26T08:37:48.761000+00:00,300+0,standard,blitz,True,outoftime,white,121,BlindJagulep,alvaripalvari,2242,1873,2,-2,C21,Danish Gambit,5,BlindJagulep,white,alvaripalvari,2242,1873,win,1.0
lTYAyblV,2026-01-26T08:15:31.350000+00:00,300+0,standard,blitz,True,outoftime,black,66,rstrojo,BlindJagulep,1804,2237,-1,3,B01,Scandinavian Defense: Mieses-Kotroc Variation,4,BlindJagulep,black,rstrojo,2237,1804,win,1.0
cOlnhYIR,2026-01-26T07:30:18.930000+00:00,300+0,standard,blitz,True,resign,black,54,Giumpe,BlindJagulep,1306,2237,0,0,A51,Indian Defense: Budapest Defense,4,BlindJagulep,black,Giumpe,2237,1306,win,1.0
0xKu1REp,2026-01-23T21:52:04.202000+00:00,1200+10,standard,classical,True,resign,white,35,BlindJagulep,LimpChimp69,2283,1974,4,-15,B00,Owen Defense,2,BlindJagulep,white,LimpChimp69,2283,1974,win,1.0
yWd6DuRr,2026-01-23T20:58:36.873000+00:00,1200+10,standard,classical,True,resign,black,116,Frandenegri,BlindJagulep,1962,2278,-17,4,B01,Scandinavian Defense: Mieses-Kotroc Variation,4,BlindJagulep,black,Frandenegri,2278,1962,win,1.0
gATCft3U,2026-01-31T10:58:16.095000+00:00,600+0,standard,rapid,True,draw,,141,Anatolianchess,Integrale25,2725,2640,-3,3,C18,"French Defense: Winawer Variation, Advance Variation, with h4",14,Integrale25,black,Anatolianchess,2640,2725,draw,0.5
S0uNYN0k,2026-01-31T10:42:57.867000+00:00,600+0,standard,rapid,True,resign,white,83,DuRuDiDo,Integrale25,2593,2657,11,-17,D02,Queen's Pawn Game: Zukertort Variation,3,Integrale25,black,DuRuDiDo,2657,2593,loss,0.0
54rGcy3h,2026-01-31T10:28:37.753000+00:00,600+0,standard,rapid,True,draw,,116,Integrale25,LarsKissa,2663,2514,-6,10,A33,"English Opening: Symmetrical Variation, Anti-Benoni Variation, Spielmann Defense",10,Integrale25,white,LarsKissa,2663,2514,draw,0.5
Jpd6beQI,2026-01-31T09:45:34.432000+00:00,600+0,standard,rapid,True,resign,black,54,Ogetsu,Integrale25,2461,2650,-3,9,C02,"French Defense: Advance Variation, Euwe Variation",10,Integrale25,black,Ogetsu,2650,2461,win,1.0
HS7qa6Ei,2026-01-31T09:36:28.170000+00:00,600+0,standard,rapid,True,resign,white,47,Integrale25,RookandRookie,2636,2579,14,-9,D30,Semi-Slav Defense: Quiet Variation,10,Integrale25,white,RookandRookie,2636,2579,win,1.0
o43KPNWR,2026-01-25T10:30:53.995000+00:00,600+0,standard,rapid,True,draw,,59,Dynamicus,Integrale25,2555,2629,2,-3,C07,"French Defense: Tarrasch Variation, Chistyakov Defense",8,Integrale25,black,Dynamicus,2629,2555,draw,0.5
ESuXsz9F,2026-01-25T10:09:01.361000+00:00,600+0,standard,rapid,True,draw,,65,Integrale25,RexOranis,2645,2466,-9,3,A81,Dutch Defense: Semi-Leningrad Variation,6,Integrale25,white,RexOranis,2645,2466,draw,0.5
ClxRFzm0,2026-01-24T13:32:57.315000+00:00,600+0,standard,rapid,True,resign,black,122,emandr,Integrale25,2585,2627,-6,18,C07,"French Defense: Tarrasch Variation, Chistyakov Defense",8,Integrale25,black,emandr,2627,2585,win,1.0
qtBWcSsA,2026-01-24T13:18:59.044000+00:00,600+0,standard,rapid,True,resign,white,55,Integrale25,RichardHaiden_Alarma,2611,2524,16,-4,E92,King's Indian Defense: Exchange Variation,13,Integrale25,white,RichardHaiden_Alarma,2611,2524,win,1.0
pEbDAvFq,2026-01-24T13:05:22.739000+00:00,600+0,standard,rapid,True,resign,white,67,Integrale25,Pain_Bringer,2599,2420,12,-3,E94,"King's Indian Defense: Orthodox Variation, Glek Defense",14,Integrale25,white,Pain_Bringer,2599,2420,win,1.0
3D0Fg1d8,2026-01-24T12:44:23.336000+00:00,600+0,standard,rapid,True,outoftime,white,145,RichardHaiden_Alarma,Integrale25,2512,2630,7,-31,D15,"Slav Defense: Chebanenko Variation, Advance System",9,Integrale25,black,RichardHaiden_Alarma,2630,2512,loss,0.0
Pz26yanh,2026-01-24T12:25:04.105000+00:00,600+0,standard,rapid,True,draw,,77,Estonicca,Integrale25,2596,2632,0,-2,D10,Slav Defense,5,Integrale25,black,Estonicca,2632,2596,draw,0.5
CcvSAl1h,2026-01-24T11:02:23.017000+00:00,600+0,standard,rapid,True,resign,white,117,Integrale25,bczero3,2598,2475,19,-4,A88,"Dutch Defense: Leningrad Variation, Warsaw Variation",14,Integrale25,white,bczero3,2598,2475,win,1.0
yYh6Tiht,2026-01-24T10:39:17.804000+00:00,600+0,standard,rapid,True,outoftime,black,148,Integrale25,Americanchampion,2617,2776,-19,7,A15,"English Opening: Anglo-Indian Defense, King's Indian Formation, Double Fianchetto",8,Integrale25,white,Americanchampion,2617,2776,loss,0.0
l9qbUWgR,2026-01-23T20:48:51.858000+00:00,600+0,standard,rapid,True,resign,black,60,esam-nashat2019,Integrale25,2426,2597,-3,20,D15,Slav Defense: Chebanenko Variation,8,Integrale25,black,esam-nashat2019,2597,2426,win,1.0
eDa9hWBv,2026-01-23T20:32:10.099000+00:00,600+0,standard,rapid,True,draw,,147,Hotmaledotcom,Integrale25,2458,2611,2,-14,A46,"Queen's Pawn Game: Veresov Attack, Classical Defense",7,Integrale25,black,Hotmaledotcom,2611,2458,draw,0.5
39HYjNDR,2026-01-23T20:23:27.220000+00:00,600+0,standard,rapid,True,resign,white,55,dolynachess,Integrale25,2669,2647,18,-36,D11,Slav Defense: Modern Line,10,Integrale25,black,dolynachess,2647,2669,loss,0.0
mv0QrJQH,2026-01-23T20:09:59.728000+00:00,600+0,standard,rapid,True,resign,white,63,Integrale25,JingLang,2632,2339,15,-3,E91,King's Indian Defense: Orthodox Variation,11,Integrale25,white,JingLang,2632,2339,win,1.0
HCzhRZ9b,2026-01-02T17:25:53.524000+00:00,600+0,standard,rapid,True,resign,black,50,UDIEN_KECE,Integrale25,2331,2620,-4,45,C01,French Defense: Exchange Variation,7,Integrale25,black,UDIEN_KECE,2620,2331,win,1.0
QRjH8zHp,2025-11-04T09:36:29.986000+00:00,120+1,standard,bullet,True,resign,white,161,Integrale25,PobednikNo1,2523,2546,14,-6,A04,Zukertort Opening: Queenside Fianchetto Variation,2,Integrale25,white,PobednikNo1,2523,2546,win,1.0
QOXbvpjq,2025-11-04T09:19:25.433000+00:00,120+1,standard,bullet,True,resign,white,73,Integrale25,Yuri61,2533,2417,10,-4,A15,"English Opening: Anglo-Indian Defense, Queen's Indian Formation",4,Integrale25,white,Yuri61,2533,2417,win,1.0
IBniFzUA,2025-11-04T09:12:24.513000+00:00,120+1,standard,bullet,True,resign,black,50,naive_dreamer_07,Integrale25,2445,2511,-4,13,A00,Hungarian Opening: Slav Formation,4,Integrale25,black,naive_dreamer_07,2511,2445,win,1.0
c9zDeO04,2025-01-18T15:24:14.642000+00:00,120+1,standard,bullet,True,draw,,49,Integrale25,Derpsnurf,2538,2398,-2,2,A30,English Opening: Symmetrical Variation,3,Integrale25,white,Derpsnurf,2538,2398,draw,0.5
4YtiesBD,2025-01-18T15:05:14.639000+00:00,120+1,standard,bullet,True,draw,,38,suslik76,Integrale25,2462,2543,1,-1,C16,"French Defense: Winawer Variation, Advance Variation",7,Integrale25,black,suslik76,2543,2462,draw,0.5
ihwzeqKd,2025-01-18T13:21:00.882000+00:00,120+1,standard,bullet,True,draw,,127,xretas,Integrale25,2370,2560,3,-3,C16,"French Defense: Winawer Variation, Advance Variation",7,Integrale25,black,xretas,2560,2370,draw,0.5
TTD13kG9,2025-01-18T12:57:23.515000+00:00,120+1,standard,bullet,True,resign,white,55,DSOTM1973,Integrale25,2411,2565,8,-8,C04,"French Defense: Tarrasch Variation, Guimard Defense, Main Line",8,Integrale25,black,DSOTM1973,2565,2411,loss,0.0
EqCdl7UZ,2025-01-18T12:54:26.231000+00:00,120+1,standard,bullet,True,resign,black,44,Integrale25,armora,2573,2373,-8,9,D07,"Queen's Gambit Declined: Chigorin Defense, Main Line",6,Integrale25,white,armora,2573,2373,loss,0.0
qDu4hikj,2025-01-17T18:24:54.650000+00:00,120+1,standard,bullet,True,resign,white,35,Integrale25,trenerchess79,2587,2370,3,-2,E94,"King's Indian Defense: Orthodox Variation, Positional Defense, Closed Line",15,Integrale25,white,trenerchess79,2587,2370,win,1.0
UKPkZSil,2025-01-09T15:01:24.457000+00:00,120+1,standard,bullet,True,draw,,46,VollbartVolker2,Integrale25,2724,2587,-2,3,C01,French Defense: Exchange Variation,7,Integrale25,black,VollbartVolker2,2587,2724,draw,0.5
Q7qBLPPj,2025-01-09T13:56:00.137000+00:00,120+1,standard,bullet,True,outoftime,black,78,Integrale25,BaoDuyRuouDe,2575,2685,-4,7,D02,Queen's Pawn Game: Chigorin Variation,4,Integrale25,white,BaoDuyRuouDe,2575,2685,loss,0.0
QJTrL4um,2026-02-01T17:29:43.092000+00:00,180+0,chess960,blitz,True,mate,white,133,Dr-middelgame,Free_Palestine_Tat,2036,2115,11,-7,,,,Dr-middelgame,white,Free_Palestine_Tat,2036,2115,win,1.0
foBbTnhM,2026-02-01T16:53:27.045000+00:00,300+3,chess960,blitz,True,resign,white,77,Dr-middelgame,fernando9713,2041,1881,5,-11,,,,Dr-middelgame,white,fernando9713,2041,1881,win,1.0
wAIdoduD,2026-02-01T16:36:26.981000+00:00,300+0,chess960,blitz,True,mate,white,57,Wierde,Dr-middelgame,1906,2065,8,-14,,,,Dr-middelgame,black,Wierde,2065,1906,loss,0.0
e3xIRdpi,2026-01-31T20:43:29.066000+00:00,180+2,chess960,blitz,True,resign,white,65,Batalla1,Dr-middelgame,2146,2081,5,-8,,,,Dr-middelgame,black,Batalla1,2081,2146,loss,0.0
JfhSS0A6,2026-01-30T16:00:35.995000+00:00,420+3,standard,rapid,True,outoftime,white,83,Dr-middelgame,seluhartem1804,2571,2087,1,-1,B14,Caro-Kann Defense: Panov Attack,10,Dr-middelgame,white,seluhartem1804,2571,2087,win,1.0
YevMcjkS,2026-01-30T15:41:31.543000+00:00,300+3,chess960,blitz,True,outoftime,black,34,schnappi,Dr-middelgame,2204,2060,-8,15,,,,Dr-middelgame,black,schnappi,2060,2204,win,1.0
rGxi8khY,2026-01-30T15:12:04.669000+00:00,600+5,chess960,rapid,True,resign,white,103,Dr-middelgame,Iuch,2054,1885,6,-5,,,,Dr-middelgame,white,Iuch,2054,1885,win,1.0
MUn7TLuD,2026-01-29T20:07:45.310000+00:00,120+0,chess960,bullet,True,outoftime,black,94,baemothblind,Dr-middelgame,1955,2046,-5,8,,,,Dr-middelgame,black,baemothblind,2046,1955,win,1.0
5GBIf43c,2026-01-29T19:52:49.129000+00:00,180+2,chess960,blitz,True,resign,white,79,Dr-middelgame,suibianplayplay,2033,2089,13,-7,,,,Dr-middelgame,white,suibianplayplay,2033,2089,win,1.0
ygPqBLUg,2026-01-29T19:45:04.836000+00:00,120+1,chess960,bullet,True,outoftime,white,41,Dr-middelgame,gresnijeromonah_sava,2024,1943,9,-5,,,,Dr-middelgame,white,gresnijeromonah_sava,2024,1943,win,1.0
GvTxCeBA,2026-01-29T19:36:30.567000+00:00,180+0,chess960,blitz,True,resign,white,39,Dr-middelgame,Skiwi,2008,2100,16,-8,,,,Dr-middelgame,white,Skiwi,2008,2100,win,1.0
e3WGCzAX,2026-01-29T19:23:29.006000+00:00,300+3,chess960,blitz,True,mate,white,51,themiddleway,Dr-middelgame,1953,2023,7,-15,,,,Dr-middelgame,black,themiddleway,2023,1953,loss,0.0
K49rQSUh,2026-01-29T18:32:20.979000+00:00,180+2,chess960,blitz,True,outoftime,black,88,Canonball,Dr-middelgame,1933,2013,-4,10,,,,Dr-middelgame,black,Canonball,2013,1933,win,1.0
K10FRWVz,2026-01-29T18:24:53.046000+00:00,180+0,chess960,blitz,True,outoftime,black,126,Affinator,Dr-middelgame,2018,1999,-6,14,,,,Dr-middelgame,black,Affinator,1999,2018,win,1.0
qKBTiv7d,2026-01-28T19:23:30.962000+00:00,120+2,chess960,blitz,True,outoftime,white,89,Dr-middelgame,monnat,2015,2012,15,-6,,,,Dr-middelgame,white,monnat,2015,2012,win,1.0
EafkevTd,2026-01-28T19:19:57.966000+00:00,180+0,chess960,blitz,True,resign,white,39,Dr-middelgame,KARMADN,2003,1917,12,-4,,,,Dr-middelgame,white,KARMADN,2003,1917,win,1.0
FOQwGBND,2026-01-27T15:11:59.367000+00:00,180+2,chess960,blitz,True,resign,black,46,Wag0nWh33l,Dr-middelgame,1911,2034,-15,11,,,,Dr-middelgame,black,Wag0nWh33l,2034,1911,win,1.0
5GjkeEQi,2026-01-20T09:52:31.835000+00:00,600+0,standard,rapid,True,resign,white,35,Dr-middelgame,Glavbukh,2566,2379,5,-3,B13,Caro-Kann Defense: Panov Attack,7,Dr-middelgame,white,Glavbukh,2566,2379,win,1.0
mPyl5TtZ,2026-01-20T09:50:38.628000+00:00,60+0,standard,bullet,True,resign,black,44,ReadYourminD,Dr-middelgame,2393,2409,-6,10,A00,Hungarian Opening: Indian Defense,2,Dr-middelgame,black,ReadYourminD,2409,2393,win,1.0
oE2rFWs9,2026-01-18T11:12:56.059000+00:00,300+0,standard,blitz,True,outoftime,white,85,Dr-middelgame,lmmpek65,2270,2209,6,-4,B07,Czech Defense,6,Dr-middelgame,white,lmmpek65,2270,2209,win,1.0
HyEGHtGQ,2026-01-18T08:55:56.104000+00:00,300+0,standard,blitz,True,resign,white,69,Dr-middelgame,ivanvak,2262,2222,8,-4,C10,"French Defense: Rubinstein Variation, Blackburne Defense",8,Dr-middelgame,white,ivanvak,2262,2222,win,1.0
PpBTVS4V,2026-01-18T08:46:48.932000+00:00,300+0,standard,blitz,True,resign,white,71,Gen1us1997,Dr-middelgame,2303,2270,14,-8,D01,Rapport-Jobava System,6,Dr-middelgame,black,Gen1us1997,2270,2303,loss,0.0
Mis1kP6d,2026-01-18T08:44:54.138000+00:00,300+0,standard,blitz,True,draw,,24,Dimitar72,Dr-middelgame,2282,2269,0,1,A48,"London System, with Bd3",9,Dr-middelgame,black,Dimitar72,2269,2282,draw,0.5
OEaoadmH,2026-01-17T16:12:47.429000+00:00,300+0,standard,blitz,True,outoftime,white,113,Dr-middelgame,dudafanboy,2259,2330,10,-6,C45,Scotch Game: Mieses Variation,11,Dr-middelgame,white,dudafanboy,2259,2330,win,1.0
L5sC8w1v,2026-01-17T16:03:24.932000+00:00,300+3,standard,blitz,True,resign,black,48,Dr-middelgame,MarkusAgrippa,2266,2355,-7,5,B22,"Sicilian Defense: Alapin Variation, Barmen Defense, Modern Line",10,Dr-middelgame,white,MarkusAgrippa,2266,2355,loss,0.0
TjfudNM7,2026-01-17T15:48:38.393000+00:00,300+3,standard,blitz,True,resign,white,59,Artoghol,Dr-middelgame,2221,2276,12,-10,B13,Caro-Kann Defense: Exchange Variation,5,Dr-middelgame,black,Artoghol,2276,2221,loss,0.0
4YHuDuVG,2026-01-17T15:17:54.931000+00:00,300+0,standard,blitz,True,outoftime,white,135,eddieemc,Dr-middelgame,2334,2284,4,-8,A45,Trompowsky Attack,3,Dr-middelgame,black,eddieemc,2284,2334,loss,0.0
DYPdm54h,2026-01-17T14:48:15.904000+00:00,300+0,standard,blitz,True,outoftime,white,101,Dr-middelgame,Lim_ember,2277,2196,7,-4,C00,French Defense: Normal Variation,3,Dr-middelgame,white,Lim_ember,2277,2196,win,1.0
fMM8VtnI,2026-01-17T14:35:36.234000+00:00,300+0,standard,blitz,True,resign,white,34,Marc_Pistole,Dr-middelgame,2168,2289,8,-12,B12,"Caro-Kann Defense: Advance Variation, Tal Variation",7,Dr-middelgame,black,Marc_Pistole,2289,2168,loss,0.0
2eNnS55x,2026-01-17T14:21:03.075000+00:00,300+0,standard,blitz,True,outoftime,white,137,Dr-middelgame,Mortimer500,2278,2333,11,-14,C45,Scotch Game: Mieses Variation,11,Dr-middelgame,white,Mortimer500,2278,2333,win,1.0
LZ8qu0mW,2026-01-28T19:37:16.791000+00:00,180+0,standard,blitz,True,resign,black,104,arturchix,Valerii1122334455,2836,2688,-9,8,A30,English Opening: Symmetrical Variation,3,arturchix,white,Valerii1122334455,2836,2688,loss,0.0
uPBvy9AL,2026-01-28T19:33:38.377000+00:00,180+0,standard,blitz,True,resign,white,45,Valerii1122334455,arturchix,2680,2846,8,-10,E04,Catalan Opening: Open Defense,9,arturchix,black,Valerii1122334455,2846,2680,loss,0.0
4ZRZlse4,2026-01-16T12:28:41.680000+00:00,180+0,standard,blitz,True,outoftime,white,81,arturchix,PchelkinVK,2842,2739,4,-4,A04,Zukertort Opening: Black Mustang Defense,2,arturchix,white,PchelkinVK,2842,2739,win,1.0
vuztJZwU,2026-01-16T12:21:52.347000+00:00,180+0,standard,blitz,True,mate,black,94,arturchix,lada23new,2851,2688,-9,9,A08,King's Indian Attack: Sicilian Variation,15,arturchix,white,lada23new,2851,2688,loss,0.0
zGa540IE,2026-01-14T18:41:52.687000+00:00,180+0,standard,blitz,True,resign,white,105,arturchix,Chesspattern_on_IG,2848,2638,3,-2,D76,Neo-Grünfeld Defense: Delayed Exchange Variation,14,arturchix,white,Chesspattern_on_IG,2848,2638,win,1.0
8GxrKaR0,2026-01-14T18:31:20.054000+00:00,180+0,standard,blitz,True,resign,black,72,GoFar,arturchix,2743,2844,-4,4,A04,Zukertort Opening: Dutch Variation,2,arturchix,black,GoFar,2844,2743,win,1.0
VcWv0Rb9,2026-01-14T18:27:27.531000+00:00,180+0,standard,blitz,True,resign,white,53,arturchix,GoFar,2839,2748,5,-5,A42,Pterodactyl Defense,10,arturchix,white,GoFar,2839,2748,win,1.0
QoAtvXT6,2026-01-05T17:54:37.380000+00:00,180+0,standard,blitz,True,resign,white,57,mraquariyaz67,arturchix,2931,2843,4,-4,E04,Catalan Opening: Open Defense,9,arturchix,black,mraquariyaz67,2843,2931,loss,0.0
6MhN1uC3,2026-01-05T17:48:35.683000+00:00,180+0,standard,blitz,True,mate,black,90,arturchix,mraquariyaz67,2848,2926,-5,5,A05,King's Indian Attack: Symmetrical Defense,4,arturchix,white,mraquariyaz67,2848,2926,loss,0.0
0kuiodP6,2026-01-05T17:42:21.976000+00:00,180+0,standard,blitz,True,outoftime,white,103,mraquariyaz67,arturchix,2922,2853,4,-5,A80,Dutch Defense: Hopton Attack,3,arturchix,black,mraquariyaz67,2853,2922,loss,0.0
4LGCUQwk,2026-01-05T17:36:58.299000+00:00,180+0,standard,blitz,True,resign,white,63,arturchix,mraquariyaz67,2845,2929,8,-7,A05,King's Indian Attack: Symmetrical Defense,4,arturchix,white,mraquariyaz67,2845,2929,win,1.0
HPGxqkPn,2026-01-05T17:34:46.492000+00:00,180+0,standard,blitz,True,resign,white,29,mraquariyaz67,arturchix,2924,2850,5,-5,A80,Dutch Defense: Hopton Attack,3,arturchix,black,mraquariyaz67,2850,2924,loss,0.0
C1rYH4RT,2026-01-05T17:29:28.908000+00:00,180+0,standard,blitz,True,resign,black,58,MirOBV,arturchix,2694,2846,-3,4,B15,Caro-Kann Defense: Tartakower Variation,10,arturchix,black,MirOBV,2846,2694,win,1.0
Qla4d2SF,2025-12-20T17:52:46.646000+00:00,180+0,standard,blitz,True,resign,white,67,BeWater11,arturchix,2604,2855,9,-9,A20,English Opening: King's English Variation,2,arturchix,black,BeWater11,2855,2604,loss,0.0
fvEu9Z6o,2025-12-20T17:48:36.296000+00:00,180+0,standard,blitz,True,resign,white,71,arturchix,BeWater11,2853,2606,2,-2,A33,"English Opening: Symmetrical Variation, Anti-Benoni Variation, Spielmann Defense",10,arturchix,white,BeWater11,2853,2606,win,1.0
DcJp3Tgt,2025-12-20T17:45:02.758000+00:00,180+0,standard,blitz,True,resign,black,54,BeWater11,arturchix,2608,2851,-2,2,A88,"Dutch Defense: Leningrad Variation, Warsaw Variation",14,arturchix,black,BeWater11,2851,2608,win,1.0
aOwAFxNe,2025-12-20T17:40:58.097000+00:00,180+0,standard,blitz,True,resign,white,53,arturchix,BeWater11,2848,2611,3,-3,A05,Zukertort Opening,2,arturchix,white,BeWater11,2848,2611,win,1.0
9FA23YDr,2025-12-17T14:13:52.509000+00:00,180+0,standard,blitz,True,resign,black,66,avadaa_kedavraa,arturchix,2513,2847,-3,1,A80,Dutch Defense: Raphael Variation,3,arturchix,black,avadaa_kedavraa,2847,2513,win,1.0
Bvxgq46V,2025-12-17T14:09:38.089000+00:00,180+0,standard,blitz,True,resign,white,77,arturchix,avadaa_kedavraa,2845,2516,2,-3,A05,King's Indian Attack,4,arturchix,white,avadaa_kedavraa,2845,2516,win,1.0
deGekOi9,2025-12-17T14:04:21.803000+00:00,180+0,standard,blitz,True,resign,black,62,arturchix,Krai458,2849,3004,-4,3,A05,King's Indian Attack: Symmetrical Defense,4,arturchix,white,Krai458,2849,3004,loss,0.0
5mfpUpRq,2025-12-14T19:02:48.529000+00:00,180+0,standard,blitz,True,outoftime,white,99,Ordekalog,arturchix,2656,2857,8,-8,B15,Caro-Kann Defense: Alekhine Gambit,9,arturchix,black,Ordekalog,2857,2656,loss,0.0
uU7QcFXE,2025-12-14T18:56:02.996000+00:00,180+0,standard,blitz,True,outoftime,,161,arturchix,Burjugul_7,2860,2716,-3,2,A05,King's Indian Attack: Symmetrical Defense,4,arturchix,white,Burjugul_7,2860,2716,draw,0.5
GybXzmh7,2025-12-14T18:52:32.526000+00:00,180+0,standard,blitz,True,resign,black,50,Burjugul_7,arturchix,2719,2856,-3,4,A87,Dutch Defense: Leningrad Variation,9,arturchix,black,Burjugul_7,2856,2719,win,1.0
LWeE6QrE,2025-12-14T18:46:33.569000+00:00,180+0,standard,blitz,True,resign,white,105,BILLYS10,arturchix,2721,2864,7,-8,D35,Queen's Gambit Declined: Exchange Variation,7,arturchix,black,BILLYS10,2864,2721,loss,0.0
ZgsFeyvr,2025-12-14T18:43:21.159000+00:00,180+0,standard,blitz,True,resign,black,54,arturchix,BILLYS10,2872,2712,-8,9,A07,King's Indian Attack: Yugoslav Variation,8,arturchix,white,BILLYS10,2872,2712,loss,0.0
w6GJKBnr,2025-12-13T15:57:29.743000+00:00,180+0,standard,blitz,True,outoftime,black,110,Sobino106,arturchix,2737,2868,-3,4,B12,"Caro-Kann Defense: Advance Variation, Botvinnik-Carls Defense",6,arturchix,black,Sobino106,2868,2737,win,1.0
EDQCvMZQ,2025-12-13T15:49:22.065000+00:00,180+0,standard,blitz,True,outoftime,white,109,arturchix,KFC2025,2865,2747,3,-3,E17,"Queen's Indian Defense: Fianchetto Variation, Kramnik Variation",13,arturchix,white,KFC2025,2865,2747,win,1.0
t1NJBz4q,2025-12-13T13:38:45.321000+00:00,180+0,standard,blitz,True,outoftime,white,91,arturchix,Wildindian,2861,2764,4,-4,A05,King's Indian Attack: Symmetrical Defense,4,arturchix,white,Wildindian,2861,2764,win,1.0
TWW9VEvV,2025-12-13T13:33:45.189000+00:00,180+0,standard,blitz,True,resign,black,72,Wildindian,arturchix,2768,2856,-4,5,D02,Queen's Pawn Game: London System,5,arturchix,black,Wildindian,2856,2768,win,1.0
2IiOCGuO,2025-12-13T13:26:59.274000+00:00,180+0,standard,blitz,True,draw,,197,Juan_Delasala,arturchix,2718,2858,2,-2,B15,Caro-Kann Defense: Forgacs Variation,11,arturchix,black,Juan_Delasala,2858,2718,draw,0.5
zP8HqpKO,2026-01-29T14:17:45.234000+00:00,600+0,standard,rapid,True,outoftime,white,107,JohnWaball,ShahxaibKhan,2663,2446,2,-3,E11,Bogo-Indian Defense: Grünfeld Variation,7,JohnWaball,white,ShahxaibKhan,2663,2446,win,1.0
QtYGnvhv,2026-01-29T11:51:09.917000+00:00,600+0,standard,rapid,True,resign,white,91,JohnWaball,PJatoba,2676,2524,4,-14,D30,Queen's Gambit Declined,4,JohnWaball,white,PJatoba,2676,2524,win,1.0
0Xtteuzt,2026-01-25T20:46:41.054000+00:00,600+0,standard,rapid,True,resign,black,50,JohnWaball,Squfig,2682,2726,-6,17,E90,"King's Indian Defense: Normal Variation, Rare Defenses",9,JohnWaball,white,Squfig,2682,2726,loss,0.0
jAQqvA0l,2026-01-25T20:32:12.025000+00:00,600+0,standard,rapid,True,resign,white,89,Squfig,JohnWaball,2708,2687,18,-5,E22,Nimzo-Indian Defense: Spielmann Variation,7,JohnWaball,black,Squfig,2687,2708,loss,0.0
TezpP2oM,2026-01-21T12:30:34.971000+00:00,600+0,standard,rapid,True,resign,white,51,JohnWaball,RichardHaiden_Alarma,2678,2457,3,-3,D85,"Grünfeld Defense: Exchange Variation, Modern Exchange Variation",14,JohnWaball,white,RichardHaiden_Alarma,2678,2457,win,1.0
6d1Mi7Hn,2026-01-21T12:10:20.745000+00:00,600+0,standard,rapid,True,outoftime,black,122,RhysMontrose,JohnWaball,2514,2675,-8,3,E12,"Queen's Indian Defense: Kasparov-Petrosian Variation, Andersson Variation",10,JohnWaball,black,RhysMontrose,2675,2514,win,1.0
Q50C1nTY,2026-01-21T11:40:42.709000+00:00,600+0,standard,rapid,True,resign,white,121,JohnWaball,Chesskid1509,2671,2576,4,-5,E04,Catalan Opening: Open Defense,9,JohnWaball,white,Chesskid1509,2671,2576,win,1.0
gS3Ywnha,2026-01-21T11:07:15.747000+00:00,600+0,standard,rapid,True,resign,white,90,JohnWaball,PIONEER1971,2668,2444,3,-2,A38,"English Opening: Symmetrical Variation, Full Symmetry Line",10,JohnWaball,white,PIONEER1971,2668,2444,win,1.0
2bfSvCcr,2026-01-21T10:45:21.898000+00:00,600+0,standard,rapid,True,mate,black,78,HoMeEeEr,JohnWaball,2552,2664,-5,4,A00,Hungarian Opening: Indian Defense,2,JohnWaball,black,HoMeEeEr,2664,2552,win,1.0
LStqVrWV,2026-01-21T10:31:46.137000+00:00,600+0,standard,rapid,True,resign,black,56,JohnWaball,Haunting_Games,2671,2637,-7,12,A91,Dutch Defense: Classical Variation,8,JohnWaball,white,Haunting_Games,2671,2637,loss,0.0
N5mngnrr,2026-01-21T10:18:33.179000+00:00,600+0,standard,rapid,True,resign,black,80,JohnWaball,Alleks1000,2680,2415,-9,25,A20,English Opening: King's English Variation,2,JohnWaball,white,Alleks1000,2680,2415,loss,0.0
dAgs2ihL,2026-01-20T20:02:28.091000+00:00,600+0,standard,rapid,True,resign,black,46,RMchess04,JohnWaball,2452,2677,-5,3,C69,"Ruy Lopez: Exchange Variation, Normal Variation",9,JohnWaball,black,RMchess04,2677,2452,win,1.0
yRy0i2Yc,2026-01-20T19:46:02.362000+00:00,600+0,standard,rapid,True,resign,black,90,JoelGroenewoud,JohnWaball,2700,2671,-17,6,A01,Nimzo-Larsen Attack: Indian Variation,2,JohnWaball,black,JoelGroenewoud,2671,2700,win,1.0
5YXEGh7h,2026-01-20T19:34:51.463000+00:00,600+0,standard,rapid,True,resign,black,68,JohnWaball,JoelGroenewoud,2677,2683,-6,17,D17,"Slav Defense: Czech Variation, Bled Attack",11,JohnWaball,white,JoelGroenewoud,2677,2683,loss,0.0
ZiQ3UYKI,2026-01-20T17:08:46.741000+00:00,600+0,standard,rapid,True,resign,white,81,elitelohunter,JohnWaball,2499,2679,23,-10,C45,Scotch Game: Tartakower Variation,11,JohnWaball,black,elitelohunter,2679,2499,loss,0.0
jvfT5Y7T,2026-01-20T16:49:17.922000+00:00,600+0,standard,rapid,True,resign,white,77,JohnWaball,Jspace02,2675,2518,4,-4,E11,Bogo-Indian Defense: Grünfeld Variation,7,JohnWaball,white,Jspace02,2675,2518,win,1.0
vBhBavPK,2026-01-19T21:06:16.575000+00:00,600+0,standard,rapid,True,draw,,90,RookandRookie,JohnWaball,2579,2673,2,-1,A20,English Opening: King's English Variation,2,JohnWaball,black,RookandRookie,2673,2579,draw,0.5
tl9kfMxV,2026-01-19T20:56:34.645000+00:00,600+0,standard,rapid,True,draw,,78,JohnWaball,RookandRookie,2676,2575,-3,4,E15,"Queen's Indian Defense: Fianchetto Variation, Nimzowitsch Variation",8,JohnWaball,white,RookandRookie,2676,2575,draw,0.5
O1auhI2Q,2026-01-14T18:49:59.223000+00:00,600+0,standard,rapid,True,outoftime,white,179,JohnWaball,iCe_eNerGyTeaM,2667,2506,4,-4,A40,Mikenas Defense,2,JohnWaball,white,iCe_eNerGyTeaM,2667,2506,win,1.0
hEMCLjZa,2026-01-13T10:14:43.804000+00:00,600+0,standard,rapid,True,resign,black,62,Al_Shima,JohnWaball,2570,2661,-6,6,A01,Nimzo-Larsen Attack: Classical Variation,2,JohnWaball,black,Al_Shima,2661,2570,win,1.0
VAuPReC2,2026-01-02T13:40:57.753000+00:00,600+0,standard,rapid,True,resign,white,107,JohnWaball,Mathe-Ass,2658,2477,3,-4,E11,Bogo-Indian Defense: Grünfeld Variation,7,JohnWaball,white,Mathe-Ass,2658,2477,win,1.0
8To7wsJB,2026-01-02T13:18:59.411000+00:00,600+0,standard,rapid,True,resign,white,135,Emeriithus,JohnWaball,2362,2665,10,-10,A45,Indian Defense: Accelerated London System,3,JohnWaball,black,Emeriithus,2665,2362,loss,0.0
yRtJqsHp,2026-01-01T22:07:45.089000+00:00,600+0,standard,rapid,True,mate,black,90,BabyStickley,JohnWaball,2428,2662,-2,3,C50,Italian Game: Paris Defense,6,JohnWaball,black,BabyStickley,2662,2428,win,1.0
LxEvRsqx,2025-12-30T22:42:07.565000+00:00,600+0,standard,rapid,True,resign,white,107,JohnWaball,SuperSunbeam,2659,2580,4,-5,E11,Bogo-Indian Defense: Grünfeld Variation,7,JohnWaball,white,SuperSunbeam,2659,2580,win,1.0
EzSR1PyH,2025-12-30T22:23:32.684000+00:00,600+0,standard,rapid,True,resign,black,78,SuperSunbeam,JohnWaball,2585,2654,-5,5,C72,"Ruy Lopez: Morphy Defense, Modern Steinitz Defense",9,JohnWaball,black,SuperSunbeam,2654,2585,win,1.0
VALZRmfp,2025-12-30T21:33:07.527000+00:00,600+0,standard,rapid,True,resign,white,93,JohnWaball,IrajZerai,2651,2486,3,-3,E15,"Queen's Indian Defense: Fianchetto Variation, Rubinstein Variation",13,JohnWaball,white,IrajZerai,2651,2486,win,1.0
vdQ8JvW9,2025-12-30T21:13:13.262000+00:00,600+0,standard,rapid,True,resign,black,78,Da_Rubens,JohnWaball,2457,2647,-3,4,C75,"Ruy Lopez: Morphy Defense, Modern Steinitz Defense",10,JohnWaball,black,Da_Rubens,2647,2457,win,1.0
ySncSrQB,2025-12-29T21:58:18.398000+00:00,600+0,standard,rapid,True,resign,black,96,Gustav-Baecker,JohnWaball,2458,2644,-4,3,C72,"Ruy Lopez: Morphy Defense, Modern Steinitz Defense",9,JohnWaball,black,Gustav-Baecker,2644,2458,win,1.0
Xx73i4Du,2025-12-29T21:43:55.840000+00:00,600+0,standard,rapid,True,resign,white,77,JohnWaball,JJPlayz,2641,2480,3,-3,E06,Catalan Opening: Closed,9,JohnWaball,white,JJPlayz,2641,2480,win,1.0
m46r2AwK,2025-12-27T14:40:15.128000+00:00,600+0,standard,rapid,True,resign,black,107,emandr,JohnWaball,2590,2636,-5,5,C55,"Italian Game: Two Knights Defense, Modern Bishop's Opening",7,JohnWaball,black,emandr,2636,2590,win,1.0
t8gCbMe5,2026-02-01T04:59:35.551000+00:00,600+0,standard,rapid,True,resign,white,31,SnakeCobra,PauloPaulo23,2024,1960,8,-4,B06,Modern Defense: Modern Pterodactyl,6,SnakeCobra,white,PauloPaulo23,2024,1960,win,1.0
uaMzUPB9,2026-01-30T17:34:15.329000+00:00,1200+10,standard,classical,True,resign,black,64,TMuller,SnakeCobra,2234,2339,-22,6,D41,Queen's Gambit Declined: Semi-Tarrasch Defense,9,SnakeCobra,black,TMuller,2339,2234,win,1.0
uTImI3Dw,2026-01-30T17:00:00.794000+00:00,1200+10,standard,classical,True,resign,white,111,SnakeCobra,RealCraigMusaka,2330,2334,9,-31,C47,Four Knights Game: Scotch Variation Accepted,8,SnakeCobra,white,RealCraigMusaka,2330,2334,win,1.0
gx4OklFr,2026-01-29T13:20:45.133000+00:00,1800+0,standard,classical,True,outoftime,white,161,SnakeCobra,gaintkiller,2324,2158,6,-5,B30,Sicilian Defense: Nyezhmetdinov-Rossolimo Attack,5,SnakeCobra,white,gaintkiller,2324,2158,win,1.0
zpyldvUt,2026-01-29T10:32:50.048000+00:00,0+1,standard,bullet,True,resign,white,81,DarshanMandya,SnakeCobra,1899,2112,27,-8,B20,Sicilian Defense,2,SnakeCobra,black,DarshanMandya,2112,1899,loss,0.0
Xty5hyfb,2026-01-29T04:37:47.745000+00:00,0+1,standard,bullet,True,resign,white,49,HeavensQuake,SnakeCobra,2477,2114,1,-2,A43,Benoni Defense: Old Benoni,2,SnakeCobra,black,HeavensQuake,2114,2477,loss,0.0
WJpPdq91,2026-01-29T04:34:44.478000+00:00,0+1,standard,bullet,True,mate,white,59,Sambuddha_2013,SnakeCobra,1606,2124,44,-10,B50,Sicilian Defense: Modern Variations,4,SnakeCobra,black,Sambuddha_2013,2124,1606,loss,0.0
rzSUh30C,2026-01-29T03:44:38.059000+00:00,180+0,standard,blitz,True,mate,black,118,arupkumar505,SnakeCobra,1902,1893,-6,7,A08,King's Indian Attack: Sicilian Variation,9,SnakeCobra,black,arupkumar505,1893,1902,win,1.0
YbETgue7,2026-01-28T16:17:53.333000+00:00,600+0,standard,rapid,True,outoftime,white,113,SnakeCobra,htpansur,2011,2000,9,-5,C44,Scotch Game: Lolli Variation,9,SnakeCobra,white,htpansur,2011,2000,win,1.0
gPGxXgT8,2026-01-28T04:13:26.548000+00:00,60+1,standard,bullet,True,mate,white,87,Khagoev,SnakeCobra,1867,2138,10,-10,B22,Sicilian Defense: Alapin Variation,3,SnakeCobra,black,Khagoev,2138,1867,loss,0.0
a33YoFIb,2026-01-27T13:50:47.527000+00:00,60+0,standard,bullet,True,mate,white,61,omaricooo,SnakeCobra,2118,2132,28,-6,B90,"Sicilian Defense: Najdorf Variation, English Attack",11,SnakeCobra,black,omaricooo,2132,2118,loss,0.0
QYdoLCuL,2026-01-27T13:34:42.083000+00:00,60+0,standard,bullet,True,resign,white,49,SnakeCobra,Olga_Zubova,2113,2574,11,-10,B11,"Caro-Kann Defense: Two Knights Attack, Mindeno Variation",6,SnakeCobra,white,Olga_Zubova,2113,2574,win,1.0
jbks0sAR,2026-01-27T13:29:44.034000+00:00,60+0,standard,bullet,True,outoftime,black,42,ImmuneTurtleAs,SnakeCobra,907,2107,0,0,B21,Sicilian Defense: Smith-Morra Gambit,3,SnakeCobra,black,ImmuneTurtleAs,2107,907,win,1.0
IPkuwto6,2026-01-27T13:18:28.994000+00:00,60+0,standard,bullet,True,mate,white,45,SnakeCobra,JohnChessMasrer2100,2113,1253,0,0,C00,French Defense: Horwitz Attack,3,SnakeCobra,white,JohnChessMasrer2100,2113,1253,win,1.0
88wMRlgg,2026-01-27T12:50:25.767000+00:00,60+0,standard,bullet,True,resign,white,65,ringaroses,SnakeCobra,2105,2118,27,-5,B94,Sicilian Defense: Najdorf Variation,11,SnakeCobra,black,ringaroses,2118,2105,loss,0.0
BP3AXI70,2026-01-25T06:19:35.564000+00:00,180+2,crazyhouse,blitz,True,mate,black,42,erenkly,SnakeCobra,1297,1682,-8,47,B90,Sicilian Defense: Najdorf Variation,10,SnakeCobra,black,erenkly,1682,1297,win,1.0
BPO9XDjm,2026-01-25T06:15:29.109000+00:00,180+2,crazyhouse,blitz,True,mate,white,41,SnakeCobra,Margo1313,1500,1416,182,-16,C44,Scotch Game,5,SnakeCobra,white,Margo1313,1500,1416,win,1.0
8lYjqor0,2026-01-25T02:30:01.529000+00:00,1500+3,standard,classical,True,mate,black,60,TOPA81,SnakeCobra,1879,2323,-1,1,B50,Sicilian Defense: Modern Variations,4,SnakeCobra,black,TOPA81,2323,1879,win,1.0
N0ZeBk0B,2026-01-24T13:27:15.239000+00:00,1800+0,standard,classical,True,resign,black,78,Ngandung,SnakeCobra,2246,2315,-6,8,B96,"Sicilian Defense: Najdorf Variation, Polugaevsky Variation",14,SnakeCobra,black,Ngandung,2315,2246,win,1.0
8c7ct1n1,2026-01-24T05:53:18.088000+00:00,1800+0,standard,classical,True,resign,white,45,SnakeCobra,Kamiak_bear,2310,2136,5,-10,B30,Sicilian Defense: Nyezhmetdinov-Rossolimo Attack,5,SnakeCobra,white,Kamiak_bear,2310,2136,win,1.0
Ww35Lp1F,2026-01-24T02:35:10.708000+00:00,60+0,standard,bullet,True,outoftime,black,76,kievblesbudjc,SnakeCobra,2121,2098,-6,6,A04,Zukertort Opening: Sicilian Invitation,2,SnakeCobra,black,kievblesbudjc,2098,2121,win,1.0
6Cg6f1YH,2026-01-23T14:05:49.728000+00:00,60+0,standard,bullet,True,outoftime,white,79,Raffinson,SnakeCobra,1434,2101,11,-11,B21,Sicilian Defense: McDonnell Attack,3,SnakeCobra,black,Raffinson,2101,1434,loss,0.0
MYUDmEwu,2026-01-23T09:59:15.242000+00:00,1800+0,standard,classical,True,resign,black,112,flying_cactus21,SnakeCobra,1738,2310,-1,0,A71,"Benoni Defense: Classical Variation, Averbakh-Grivas Attack",15,SnakeCobra,black,flying_cactus21,2310,1738,win,1.0
WuslGVvo,2026-01-23T08:55:33.123000+00:00,1800+0,standard,classical,True,outoftime,white,127,SnakeCobra,EduardoQuinto357,2305,2105,5,-3,B40,"Sicilian Defense: Delayed Alapin Variation, with e6",5,SnakeCobra,white,EduardoQuinto357,2305,2105,win,1.0
K3aFBDUd,2026-01-23T07:58:35.874000+00:00,1800+0,standard,classical,True,resign,black,80,Chamion_12345,SnakeCobra,1921,2303,-2,2,B92,"Sicilian Defense: Najdorf Variation, Opocensky Variation",11,SnakeCobra,black,Chamion_12345,2303,1921,win,1.0
sfeIE0pi,2026-01-23T05:42:24.722000+00:00,60+0,standard,bullet,True,resign,white,77,chess_monk_lab,SnakeCobra,1801,2130,10,-9,B21,Sicilian Defense: Smith-Morra Gambit,3,SnakeCobra,black,chess_monk_lab,2130,1801,loss,0.0
PrWSwZzN,2026-01-23T05:40:15.398000+00:00,60+0,standard,bullet,True,mate,black,64,SnakeCobra,TSHEKO,2138,2004,-8,8,C53,Italian Game: Classical Variation,7,SnakeCobra,white,TSHEKO,2138,2004,loss,0.0
x8vOx0mb,2026-01-23T05:33:23.588000+00:00,60+0,standard,bullet,True,outoftime,white,67,SnakeCobra,kera2,2133,1735,1,-1,B01,Scandinavian Defense: Modern Variation,4,SnakeCobra,white,kera2,2133,1735,win,1.0
Yb3WSAtf,2026-01-21T11:04:10.049000+00:00,60+0,fromPosition,bullet,True,outoftime,white,83,Kupa88,SnakeCobra,1785,2145,10,-10,,,,SnakeCobra,black,Kupa88,2145,1785,loss,0.0
tZRCflBu,2026-01-20T04:52:35.156000+00:00,0+1,standard,bullet,True,outoftime,white,57,SnakeCobra,GamAlpha,2150,1385,0,0,C53,"Italian Game: Classical Variation, La Bourdonnais Variation",12,SnakeCobra,white,GamAlpha,2150,1385,win,1.0
hQT7oiF9,2026-01-31T10:05:53.513000+00:00,1800+0,standard,classical,True,resign,black,53,WolfWinner,jame2019,2303,2292,-15,12,B10,Caro-Kann Defense,2,WolfWinner,white,jame2019,2303,2292,loss,0.0
T9N7BkpO,2026-01-27T16:18:39.075000+00:00,1800+0,standard,classical,True,outoftime,white,37,TOMRATD,WolfWinner,2334,2316,15,-13,D15,Slav Defense: Three Knights Variation,7,WolfWinner,black,TOMRATD,2316,2334,loss,0.0
tohXB8fC,2026-01-14T16:13:15.714000+00:00,1800+5,standard,classical,True,resign,white,67,WolfWinner,Aaryav8,2300,2031,4,-4,B22,"Sicilian Defense: Alapin Variation, Barmen Defense",6,WolfWinner,white,Aaryav8,2300,2031,win,1.0
cGjs3OR6,2026-01-14T15:40:56.844000+00:00,1800+5,standard,classical,True,resign,black,42,gmshloky,WolfWinner,2252,2287,-10,13,C64,Ruy Lopez: Classical Variation,6,WolfWinner,black,gmshloky,2287,2252,win,1.0
AvyBN1LB,2025-12-16T16:11:08.219000+00:00,1800+20,standard,classical,True,cheat,white,35,Elgranate1243,WolfWinner,2162,2268,11,-14,D11,Slav Defense: Modern Line,5,WolfWinner,black,Elgranate1243,2268,2162,loss,0.0
zfusjxSt,2025-12-13T15:25:33.697000+00:00,1800+5,standard,classical,True,resign,white,87,turkaskeri531,WolfWinner,2012,2280,100,-16,D10,Slav Defense: Exchange Variation,5,WolfWinner,black,turkaskeri531,2280,2012,loss,0.0
Wog87jDM,2025-12-09T16:20:28.241000+00:00,1800+0,standard,classical,True,resign,white,68,freedom_sky,WolfWinner,2225,2284,37,-12,D20,"Queen's Gambit Accepted: Central Variation, Alekhine System",6,WolfWinner,black,freedom_sky,2284,2225,loss,0.0
21ctGACt,2025-11-25T16:00:21.471000+00:00,1800+0,standard,classical,True,mate,black,126,akonkel,WolfWinner,2189,2266,-15,9,C64,"Ruy Lopez: Classical Variation, Central Variation",7,WolfWinner,black,akonkel,2266,2189,win,1.0
v9YNWIqV,2025-11-17T17:54:31.715000+00:00,1800+0,standard,classical,True,resign,white,17,WolfWinner,Moodupeng,2238,2142,8,-4,B12,"Caro-Kann Defense: Advance Variation, Botvinnik-Carls Defense",6,WolfWinner,white,Moodupeng,2238,2142,win,1.0
CspZYKDG,2025-11-17T15:48:05.678000+00:00,1800+20,standard,classical,True,draw,,76,PlumbChess01,WolfWinner,2193,2239,5,-1,C50,Italian Game: Giuoco Piano,6,WolfWinner,black,PlumbChess01,2239,2193,draw,0.5
lJJ8LfMN,2025-11-15T12:11:02.585000+00:00,1800+0,standard,classical,True,timeout,white,33,radMehrDH,WolfWinner,2418,2245,5,-6,D02,Queen's Pawn Game: Chigorin Variation,4,WolfWinner,black,radMehrDH,2245,2418,loss,0.0
IBUZzzcs,2025-11-11T17:44:35.402000+00:00,1800+0,standard,classical,True,resign,black,78,philssh11,WolfWinner,2106,2239,-18,6,C44,"Scotch Game: Scotch Gambit, London Defense",8,WolfWinner,black,philssh11,2239,2106,win,1.0
inRr2fqS,2025-11-11T15:46:18.952000+00:00,1800+0,standard,classical,True,resign,black,82,WolfWinner,YASHPPG1,2252,2140,-13,7,B40,Sicilian Defense: Kramnik Variation,5,WolfWinner,white,YASHPPG1,2252,2140,loss,0.0
6Z4PuJ4t,2025-11-08T08:58:35.547000+00:00,1800+0,standard,classical,True,resign,white,115,WolfWinner,Blunderking41,2246,2069,6,-6,B00,Nimzowitsch Defense: Breyer Variation,6,WolfWinner,white,Blunderking41,2246,2069,win,1.0
8PEJd5AL,2025-11-08T07:18:12.167000+00:00,1800+0,standard,classical,True,resign,white,48,ChampionBaku1,WolfWinner,2205,2258,10,-12,C54,"Italian Game: Classical Variation, Greco Gambit, Anderssen Variation",16,WolfWinner,black,ChampionBaku1,2258,2205,loss,0.0
qHFa8tci,2025-11-08T06:11:22.257000+00:00,1800+0,standard,classical,True,resign,white,75,WolfWinner,NewAnatolian,2244,2391,14,-21,B22,"Sicilian Defense: Alapin Variation, Smith-Morra Declined",8,WolfWinner,white,NewAnatolian,2244,2391,win,1.0
GZg42Dms,2025-11-01T17:36:46.286000+00:00,1800+0,standard,classical,True,outoftime,black,136,WolfWinner,Trushev_SV,2256,2129,-12,19,B40,Sicilian Defense: Kramnik Variation,5,WolfWinner,white,Trushev_SV,2256,2129,loss,0.0
1FjF0Oe9,2025-11-01T15:21:20.805000+00:00,1800+0,standard,classical,True,resign,white,98,Laurent595,WolfWinner,2115,2270,20,-14,C54,"Italian Game: Classical Variation, Giuoco Pianissimo",12,WolfWinner,black,Laurent595,2270,2115,loss,0.0
M3fA2cyC,2025-10-28T17:53:14.060000+00:00,1800+0,standard,classical,True,resign,white,33,WolfWinner,Branco2,2259,2110,6,-4,B22,"Sicilian Defense: Alapin Variation, Smith-Morra Declined",8,WolfWinner,white,Branco2,2259,2110,win,1.0
UPkDCAkh,2025-10-21T18:30:25.774000+00:00,1800+0,standard,classical,True,mate,white,73,WolfWinner,Stress1234,2253,2386,11,-81,B22,Sicilian Defense: Alapin Variation,3,WolfWinner,white,Stress1234,2253,2386,win,1.0
TEuTdKgb,2025-10-21T16:23:00.894000+00:00,1800+0,standard,classical,True,resign,white,69,TDNATuanHung2016,WolfWinner,2142,2258,31,-13,A00,Hungarian Opening,1,WolfWinner,black,TDNATuanHung2016,2258,2142,loss,0.0
dN7M0ueY,2025-10-18T09:06:40.595000+00:00,1800+0,standard,classical,True,mate,white,159,WolfWinner,DannKd,2251,2150,7,-5,B40,Sicilian Defense: Kramnik Variation,5,WolfWinner,white,DannKd,2251,2150,win,1.0
pG36lW9w,2025-10-18T07:15:24.415000+00:00,1800+0,standard,classical,True,mate,white,43,WolfWinner,Phillip_Shabelnikov,2235,2159,8,-5,B27,Sicilian Defense: Hyperaccelerated Pterodactyl,6,WolfWinner,white,Phillip_Shabelnikov,2235,2159,win,1.0
yfL58BZ7,2025-10-14T18:14:48.412000+00:00,1800+0,standard,classical,True,resign,black,90,GiannisMitsopoulos,WolfWinner,2174,2226,-13,9,C54,"Italian Game: Classical Variation, Greco Gambit, Modern Line",12,WolfWinner,black,GiannisMitsopoulos,2226,2174,win,1.0
DcBHL9ex,2025-10-14T16:18:12.572000+00:00,1800+0,standard,classical,True,mate,black,56,WolfWinner,Alecjan,2240,2104,-14,8,C40,Elephant Gambit: Paulsen Countergambit,6,WolfWinner,white,Alecjan,2240,2104,loss,0.0
NR6Dfhqq,2025-10-11T09:09:06.554000+00:00,1800+0,standard,classical,True,draw,,89,kenny9900,WolfWinner,2226,2241,0,-1,D01,Rapport-Jobava System,5,WolfWinner,black,kenny9900,2241,2226,draw,0.5
PvPBiOpK,2025-10-11T08:56:19.834000+00:00,1800+0,standard,classical,True,resign,white,39,WolfWinner,Blunderman8,2234,2110,7,-40,C59,"Italian Game: Two Knights Defense, Polerio Defense, Suhle Defense",16,WolfWinner,white,Blunderman8,2234,2110,win,1.0
zCuvzigi,2025-10-11T07:15:08.515000+00:00,1800+0,standard,classical,True,mate,white,41,kenny9900,WolfWinner,2195,2246,11,-12,D01,Rapport-Jobava System,5,WolfWinner,black,kenny9900,2246,2195,loss,0.0
Tqit378U,2025-10-07T18:07:48.038000+00:00,1800+0,standard,classical,True,resign,white,39,WolfWinner,ABuggersLife,2240,2075,6,-3,B22,"Sicilian Defense: Alapin Variation, Smith-Morra Declined",8,WolfWinner,white,ABuggersLife,2240,2075,win,1.0
FwMfmnPo,2025-10-07T17:46:58.792000+00:00,1800+0,standard,classical,True,resign,white,58,WolfWinner,DinA4_EGAAAL,2235,2016,5,-19,C58,"Italian Game: Two Knights Defense, Polerio Defense, Bishop Check Line",11,WolfWinner,white,DinA4_EGAAAL,2235,2016,win,1.0
ofQDMhDm,2026-01-28T23:47:08.690000+00:00,180+0,standard,blitz,True,mate,black,126,Fritzi_2003,Nargilaa,2773,2788,-6,11,B50,"Sicilian Defense: Delayed Alapin Variation, with d6",5,Nargilaa,black,Fritzi_2003,2788,2773,win,1.0
7OvWLHiA,2026-01-28T23:25:06.640000+00:00,180+0,standard,blitz,True,resign,black,82,Nargilaa,hyperreal,2794,2652,-18,8,A34,"English Opening: Symmetrical Variation, Fianchetto Variation",5,Nargilaa,white,hyperreal,2794,2652,loss,0.0
LhTbOEh8,2026-01-28T18:54:42.492000+00:00,180+0,standard,blitz,True,resign,black,80,MirOBV,Nargilaa,2666,2807,-3,10,C54,"Italian Game: Classical Variation, Giuoco Pianissimo",10,Nargilaa,black,MirOBV,2807,2666,win,1.0
Sk2m4i7n,2026-01-28T18:42:29.162000+00:00,180+0,standard,blitz,True,resign,white,76,MirOBV,Nargilaa,2659,2815,8,-23,B90,Sicilian Defense: Najdorf Variation,10,Nargilaa,black,MirOBV,2815,2659,loss,0.0
JYojvyMM,2026-01-28T18:26:53.747000+00:00,180+0,standard,blitz,True,mate,white,131,Luka77G,Nargilaa,2645,2825,8,-27,B53,Sicilian Defense: Chekhover Variation,7,Nargilaa,black,Luka77G,2825,2645,loss,0.0
eERX4F2g,2026-01-28T12:16:13.083000+00:00,180+0,standard,blitz,True,resign,black,88,Nargilaa,Tsoi_Dima,2829,2939,-15,6,A04,Zukertort Opening: Dutch Variation,2,Nargilaa,white,Tsoi_Dima,2829,2939,loss,0.0
BxtGSunn,2026-01-28T00:21:47.847000+00:00,180+0,standard,blitz,True,resign,white,53,Nargilaa,Chessbasse16,2822,2556,7,-2,A45,Trompowsky Attack: Poisoned Pawn Variation,7,Nargilaa,white,Chessbasse16,2822,2556,win,1.0
uxPF7LCJ,2026-01-28T00:14:39.902000+00:00,180+0,standard,blitz,True,mate,black,96,Nargilaa,GraysonRorrer,2848,2786,-26,8,A07,King's Indian Attack: Double Fianchetto,4,Nargilaa,white,GraysonRorrer,2848,2786,loss,0.0
buHC1gkD,2026-01-27T23:50:08.358000+00:00,180+0,standard,blitz,True,resign,white,75,Nargilaa,Surreptitiously421,2813,2631,14,-3,C50,Italian Game: Giuoco Piano,6,Nargilaa,white,Surreptitiously421,2813,2631,win,1.0
qTkJs0zx,2026-01-26T22:16:56.485000+00:00,180+0,standard,blitz,True,resign,black,40,Nargilaa,manneredmonkey,2803,2600,-63,8,A30,English Opening: Symmetrical Variation,3,Nargilaa,white,manneredmonkey,2803,2600,loss,0.0
80KOR5Ii,2025-05-12T19:49:37.835000+00:00,180+0,standard,blitz,True,resign,white,62,filmer75,Nargilaa,2609,2784,8,-12,C58,"Italian Game: Two Knights Defense, Polerio Defense, Bishop Check Line",11,Nargilaa,black,filmer75,2784,2609,loss,0.0
rdnTTKhK,2025-05-12T19:46:32.881000+00:00,180+0,standard,blitz,True,resign,black,62,Nargilaa,cutemouse83,2789,2951,-5,3,D37,Queen's Gambit Declined: Three Knights Variation,7,Nargilaa,white,cutemouse83,2789,2951,loss,0.0
4n4N59ZJ,2025-05-12T19:42:39.576000+00:00,180+0,standard,blitz,True,resign,black,52,doberman_333,Nargilaa,2585,2785,-3,4,D30,Queen's Gambit Declined,4,Nargilaa,black,doberman_333,2785,2585,win,1.0
YGeZ52q1,2025-05-12T17:36:03.348000+00:00,180+0,standard,blitz,True,draw,,42,AliceBelleGothique,Nargilaa,2698,2805,2,-3,C47,Four Knights Game: Glek System,7,Nargilaa,black,AliceBelleGothique,2805,2698,draw,0.5
ESiBbiJo,2025-05-12T17:27:24.493000+00:00,180+0,standard,blitz,True,draw,,134,Nargilaa,AliceBelleGothique,2803,2685,-3,2,B08,Pirc Defense: Classical Variation,8,Nargilaa,white,AliceBelleGothique,2803,2685,draw,0.5
u5QEg06H,2025-05-12T17:20:23.966000+00:00,180+0,standard,blitz,True,outoftime,,175,Nargilaa,Romsta,2808,2585,-5,3,B13,"Caro-Kann Defense: Exchange Variation, Rubinstein Variation",11,Nargilaa,white,Romsta,2808,2585,draw,0.5
4AN2z5b9,2025-05-12T17:13:55.569000+00:00,180+0,standard,blitz,True,resign,black,84,dlingren,Nargilaa,2738,2800,-6,8,B45,Sicilian Defense: Four Knights Variation,10,Nargilaa,black,dlingren,2800,2738,win,1.0
wWeXDLBq,2025-05-12T16:27:00.114000+00:00,180+0,standard,blitz,True,resign,white,89,FaustiOro,Nargilaa,2937,2806,3,-6,A05,King's Indian Attack,4,Nargilaa,black,FaustiOro,2806,2937,loss,0.0
Jc2nookf,2025-05-12T16:18:28.354000+00:00,180+0,standard,blitz,True,mate,white,173,Nargilaa,AliceBelleGothique,2800,2652,6,-5,B07,Modern Defense: Geller's System,7,Nargilaa,white,AliceBelleGothique,2800,2652,win,1.0
TQmPUPpd,2025-05-12T16:06:42.853000+00:00,180+0,standard,blitz,True,outoftime,black,120,chess_life7,Nargilaa,2692,2792,-4,8,B94,Sicilian Defense: Najdorf Variation,11,Nargilaa,black,chess_life7,2792,2692,win,1.0
hBIUKBQH,2025-05-12T16:00:46.506000+00:00,180+0,standard,blitz,True,resign,white,79,Nargilaa,Alex_Lidsky,2786,2607,6,-3,B08,"Pirc Defense: Classical Variation, Quiet System",9,Nargilaa,white,Alex_Lidsky,2786,2607,win,1.0
xv74t3O3,2025-05-12T15:54:47.117000+00:00,180+0,standard,blitz,True,resign,black,72,VanuatuLover,Nargilaa,2766,2775,-10,11,E32,Nimzo-Indian Defense: Classical Variation,7,Nargilaa,black,VanuatuLover,2775,2766,win,1.0
41oPQJcJ,2025-05-12T15:48:45.059000+00:00,180+0,standard,blitz,True,resign,white,57,Nargilaa,Sueta35,2767,2669,8,-4,D46,Semi-Slav Defense: Chigorin Defense,15,Nargilaa,white,Sueta35,2767,2669,win,1.0
cjXH1Cvf,2025-05-12T15:43:26.231000+00:00,180+0,standard,blitz,True,resign,white,57,Anatolianchess,Nargilaa,2794,2778,5,-11,C44,"Scotch Game: Scotch Gambit, Advance Variation",9,Nargilaa,black,Anatolianchess,2778,2794,loss,0.0
TIYDuPvl,2025-05-12T15:38:04.543000+00:00,180+0,standard,blitz,True,resign,black,46,Valerii1122334455,Nargilaa,2638,2770,-3,8,D24,Queen's Gambit Accepted: Bogoljubow Defense,9,Nargilaa,black,Valerii1122334455,2770,2638,win,1.0
vhM56j9H,2025-05-05T13:00:13.596000+00:00,180+0,standard,blitz,True,resign,white,99,Nargilaa,eskijagged1993,2765,2563,5,-3,A45,Trompowsky Attack: Classical Defense,4,Nargilaa,white,eskijagged1993,2765,2563,win,1.0
Ye1lXrIu,2025-04-27T18:14:28.791000+00:00,180+0,standard,blitz,True,resign,black,87,Consent_to_treatment,Nargilaa,2744,2754,-5,11,E10,Indian Defense: Anti-Nimzo-Indian,5,Nargilaa,black,Consent_to_treatment,2754,2744,win,1.0
4jmKwYdD,2025-04-27T18:10:36.942000+00:00,180+0,standard,blitz,True,draw,,71,Nargilaa,Burma555,2757,2666,-3,1,D11,"Slav Defense: Quiet Variation, Pin Defense",8,Nargilaa,white,Burma555,2757,2666,draw,0.5
YV6xLbRi,2025-04-17T20:47:59.607000+00:00,60+0,standard,bullet,True,resign,black,58,Sevensan,Nargilaa,2611,2813,-3,4,A46,"Torre Attack: Classical Defense, Nimzowitsch Variation",6,Nargilaa,black,Sevensan,2813,2611,win,1.0
khNClGoF,2025-04-16T23:41:47.340000+00:00,60+0,standard,bullet,True,resign,black,54,SouthAfricanRhino,Nargilaa,2599,2652,-5,13,A49,Indian Defense: Przepiorka Variation,5,Nargilaa,black,SouthAfricanRhino,2652,2599,win,1.0
U79eaQt2,2026-01-29T22:08:06.487000+00:00,60+0,standard,bullet,True,mate,white,89,Chess-For-All,Gordima,2760,2928,8,-9,B23,Sicilian Defense: Closed,3,Gordima,black,Chess-For-All,2928,2760,loss,0.0
FM9DTxyF,2026-01-29T19:37:14.397000+00:00,180+0,standard,blitz,True,resign,white,39,Gordima,Sobino106,2904,2707,5,-2,E60,"Indian Defense: Anti-Grünfeld, Basman-Williams Attack",5,Gordima,white,Sobino106,2904,2707,win,1.0
IRmHU7Tm,2026-01-29T19:34:08.765000+00:00,60+0,standard,bullet,True,outoftime,white,105,dwkd,Gordima,2968,2932,5,-4,B20,Sicilian Defense,2,Gordima,black,dwkd,2932,2968,loss,0.0
vl3YEKXK,2026-01-29T19:30:19.704000+00:00,60+0,standard,bullet,True,outoftime,white,59,dwkd,Gordima,2969,2931,5,-5,B20,Sicilian Defense,2,Gordima,black,dwkd,2931,2969,loss,0.0
W62cKAg2,2026-01-29T19:15:40.316000+00:00,60+0,standard,bullet,True,mate,black,52,dwkd,Gordima,2967,2933,-6,6,A82,Dutch Defense: Blackmar's Second Gambit,7,Gordima,black,dwkd,2933,2967,win,1.0
QuQLbK4p,2026-01-29T19:11:20.683000+00:00,60+0,standard,bullet,True,mate,black,114,dwkd,Gordima,2980,2920,-7,7,A80,Dutch Defense: Raphael Variation,3,Gordima,black,dwkd,2920,2980,win,1.0
aoLeY43D,2026-01-29T16:57:14.644000+00:00,60+0,standard,bullet,True,mate,black,102,Anonymous_Beast,Gordima,2789,2927,-4,4,A00,Hungarian Opening: Dutch Defense,2,Gordima,black,Anonymous_Beast,2927,2789,win,1.0
x8cnH0D4,2026-01-18T14:16:55.936000+00:00,60+0,standard,bullet,True,resign,black,64,chesslavaplanet,Gordima,2834,2977,-4,4,B32,Sicilian Defense: Löwenthal Variation,8,Gordima,black,chesslavaplanet,2977,2834,win,1.0
t0UKs0h2,2026-01-17T17:56:02.529000+00:00,60+0,standard,bullet,True,resign,black,52,Gordima,pozvonochek,2966,3052,-4,5,E11,Bogo-Indian Defense: Wade-Smyslov Variation,8,Gordima,white,pozvonochek,2966,3052,loss,0.0
87rjmT80,2026-01-17T17:34:30.261000+00:00,60+0,standard,bullet,True,resign,white,31,Gordima,shuriks91,2932,3005,7,-7,E60,"Indian Defense: Anti-Grünfeld, Basman-Williams Attack",5,Gordima,white,shuriks91,2932,3005,win,1.0
WhXta9mT,2026-01-17T15:49:11.869000+00:00,60+0,standard,bullet,True,mate,black,78,Sultai,Gordima,2851,2928,-5,4,B32,Sicilian Defense: Löwenthal Variation,8,Gordima,black,Sultai,2928,2851,win,1.0
LizyhfFb,2026-01-16T19:49:08.005000+00:00,60+0,standard,bullet,True,resign,black,68,Gordima,BreatEastonEllis,2954,2836,-8,10,A41,Queen's Pawn Game,2,Gordima,white,BreatEastonEllis,2954,2836,loss,0.0
oV38Lvcy,2026-01-16T18:21:27.973000+00:00,60+0,standard,bullet,True,resign,white,41,Gordima,Q-Texx,2926,2841,4,-4,A67,Benoni Defense: Taimanov Variation,15,Gordima,white,Q-Texx,2926,2841,win,1.0
OwOeIKZW,2026-01-16T17:21:30.936000+00:00,60+0,standard,bullet,True,resign,black,51,KruzakFarab,Gordima,2924,2935,-5,5,A82,Dutch Defense: Blackmar's Second Gambit,7,Gordima,black,KruzakFarab,2935,2924,win,1.0
cLYZz3YG,2026-01-15T18:07:49.399000+00:00,60+0,standard,bullet,True,outoftime,black,66,Gordima,SecretAccount001,2983,2967,-7,6,D30,Queen's Gambit Declined,4,Gordima,white,SecretAccount001,2983,2967,loss,0.0
DVdwjVP8,2026-01-15T18:03:56.282000+00:00,60+0,standard,bullet,True,resign,black,48,Gordima,SecretAccount001,2996,2954,-7,7,D30,Queen's Gambit Declined,4,Gordima,white,SecretAccount001,2996,2954,loss,0.0
9IDITZ0g,2026-01-15T17:43:12.096000+00:00,180+0,standard,blitz,True,resign,white,65,TuzBailey,Gordima,2758,2919,8,-15,A81,Dutch Defense: Semi-Leningrad Variation,6,Gordima,black,TuzBailey,2919,2758,loss,0.0
47SUiBAa,2026-01-13T18:36:21.769000+00:00,180+0,standard,blitz,True,resign,white,73,Gordima,vistagausta,2909,2887,10,-5,E60,"Indian Defense: Anti-Grünfeld, Basman-Williams Attack",5,Gordima,white,vistagausta,2909,2887,win,1.0
terQlAjK,2026-01-13T18:30:40.607000+00:00,180+0,standard,blitz,True,mate,black,76,vistagausta,Gordima,2893,2898,-6,11,B70,Sicilian Defense: Dragon Variation,10,Gordima,black,vistagausta,2898,2893,win,1.0
JSJTUyty,2026-01-13T18:25:13.617000+00:00,180+0,standard,blitz,True,outoftime,black,66,Gordima,vistagausta,2910,2886,-12,7,E60,"Indian Defense: Anti-Grünfeld, Basman-Williams Attack",5,Gordima,white,vistagausta,2910,2886,loss,0.0
G7aUZis2,2026-01-13T18:18:46.386000+00:00,180+0,standard,blitz,True,outoftime,white,139,vistagausta,Gordima,2880,2924,6,-14,A00,Van't Kruijs Opening,1,Gordima,black,vistagausta,2924,2880,loss,0.0
3CxljcG8,2026-01-13T18:00:56.134000+00:00,180+0,standard,blitz,True,mate,black,86,Gordima,vistagausta,2939,2880,-15,7,E60,"Indian Defense: Anti-Grünfeld, Basman-Williams Attack",5,Gordima,white,vistagausta,2939,2880,loss,0.0
XqnEkPwL,2026-01-13T17:54:24.098000+00:00,180+0,standard,blitz,True,outoftime,black,136,vistagausta,Gordima,2885,2927,-5,12,B70,Sicilian Defense: Dragon Variation,10,Gordima,black,vistagausta,2927,2885,win,1.0
75mL9ccO,2026-01-13T17:47:55.447000+00:00,180+0,standard,blitz,True,mate,white,153,Gordima,vistagausta,2915,2890,12,-5,E60,"Indian Defense: Anti-Grünfeld, Basman-Williams Attack",5,Gordima,white,vistagausta,2915,2890,win,1.0
2GI9RC23,2026-01-13T17:43:32.427000+00:00,180+0,standard,blitz,True,resign,white,61,vistagausta,Gordima,2884,2930,6,-15,A00,Van't Kruijs Opening,1,Gordima,black,vistagausta,2930,2884,loss,0.0
GSA7QZPU,2026-01-13T17:38:05.456000+00:00,180+0,standard,blitz,True,resign,black,58,Kos1189,Gordima,2669,2924,-2,6,A81,Dutch Defense: Semi-Leningrad Variation,6,Gordima,black,Kos1189,2924,2669,win,1.0
85mMFVOa,2026-01-11T18:48:16.213000+00:00,180+0,standard,blitz,True,draw,,101,Gordima,IsolatedMushroom,2932,2748,-8,4,E10,Indian Defense: Anti-Nimzo-Indian,5,Gordima,white,IsolatedMushroom,2932,2748,draw,0.5
zV8cB8Xf,2026-01-11T18:18:58.155000+00:00,180+0,standard,blitz,True,resign,black,48,Gordima,chessisinmyblood,2954,2772,-22,9,E12,Queen's Indian Defense,6,Gordima,white,chessisinmyblood,2954,2772,loss,0.0
MwTvNvJ8,2026-01-11T18:12:33.892000+00:00,180+0,standard,blitz,True,resign,white,57,Prime_2025,Gordima,2648,2982,10,-28,A84,Dutch Defense: Normal Variation,4,Gordima,black,Prime_2025,2982,2648,loss,0.0
TCgL8Kmx,2026-01-10T20:48:44.247000+00:00,180+0,standard,blitz,True,resign,white,89,Gordima,Carobee,2973,2796,9,-3,E12,Queen's Indian Defense,6,Gordima,white,Carobee,2973,2796,win,1.0
hWAeXOaO,2026-02-01T22:57:43.693000+00:00,480+0,standard,rapid,True,resign,black,76,GertyErol,ChessBoiJasonUSCA,1949,2552,0,0,B06,Modern Defense,4,ChessBoiJasonUSCA,black,GertyErol,2552,1949,win,1.0
csDCYAzX,2026-02-01T21:09:56.156000+00:00,480+0,standard,rapid,True,resign,white,59,ChessBoiJasonUSCA,ark69-2,2550,2200,2,-1,A00,Hungarian Opening,1,ChessBoiJasonUSCA,white,ark69-2,2550,2200,win,1.0
0TT6AErV,2026-02-01T20:34:03.350000+00:00,480+0,standard,rapid,True,mate,black,120,roadtograndmaster214,ChessBoiJasonUSCA,2004,2549,-4,1,B06,Modern Defense,4,ChessBoiJasonUSCA,black,roadtograndmaster214,2549,2004,win,1.0
WUnZI8oU,2026-02-01T19:50:44.670000+00:00,480+0,standard,rapid,True,resign,black,34,modern_heresiarch,ChessBoiJasonUSCA,2232,2546,-3,3,B06,Modern Defense: Pseudo-Austrian Attack,7,ChessBoiJasonUSCA,black,modern_heresiarch,2546,2232,win,1.0
f6att6PK,2026-01-31T20:15:21.459000+00:00,60+0,chess960,bullet,True,outoftime,black,84,ChessBoiJasonUSCA,Dakaissa_25,2334,2370,-5,13,,,,ChessBoiJasonUSCA,white,Dakaissa_25,2334,2370,loss,0.0
OuLY8u9J,2026-01-31T20:12:06.982000+00:00,60+0,chess960,bullet,True,mate,black,66,ChessBoiJasonUSCA,akoenig,2345,1941,-11,10,,,,ChessBoiJasonUSCA,white,akoenig,2345,1941,loss,0.0
oPKjaZDH,2026-01-31T20:01:53.095000+00:00,480+0,standard,rapid,True,resign,black,26,wladboskov,ChessBoiJasonUSCA,2170,2544,-2,2,A40,Queen's Pawn Game: Modern Defense,2,ChessBoiJasonUSCA,black,wladboskov,2544,2170,win,1.0
Y7DTjWs9,2026-01-31T19:28:34.634000+00:00,480+0,standard,rapid,True,resign,black,28,Stupidisbeautiful,ChessBoiJasonUSCA,2006,2543,-1,1,A41,Modern Defense,6,ChessBoiJasonUSCA,black,Stupidisbeautiful,2543,2006,win,1.0
l1gpkKLw,2026-01-30T23:06:07.884000+00:00,60+0,chess960,bullet,True,resign,black,52,Antherson_Az,ChessBoiJasonUSCA,1932,2336,-1,1,,,,ChessBoiJasonUSCA,black,Antherson_Az,2336,1932,win,1.0
POtKwI29,2026-01-30T03:28:02.991000+00:00,60+0,chess960,bullet,True,resign,black,62,ChessBoiJasonUSCA,bandidomexicano,2345,2060,-10,10,,,,ChessBoiJasonUSCA,white,bandidomexicano,2345,2060,loss,0.0
TSv69bgu,2026-01-29T22:02:06.926000+00:00,480+0,standard,rapid,True,outoftime,white,75,ChessBoiJasonUSCA,FuzzMobile,2548,2053,1,-1,A00,Hungarian Opening,1,ChessBoiJasonUSCA,white,FuzzMobile,2548,2053,win,1.0
hsOncKeX,2026-01-28T16:13:12.427000+00:00,480+0,standard,rapid,True,resign,black,57,one_autumnleaf,ChessBoiJasonUSCA,2451,2541,-15,7,A40,Queen's Pawn Game: Modern Defense,2,ChessBoiJasonUSCA,black,one_autumnleaf,2541,2451,win,1.0
VZ7HLxsn,2026-01-27T04:21:11.734000+00:00,180+0,standard,blitz,True,mate,white,121,ChessBoiJasonUSCA,DaniloBesedes,2567,2496,6,-4,A00,Hungarian Opening,1,ChessBoiJasonUSCA,white,DaniloBesedes,2567,2496,win,1.0
2NNAN5lL,2026-01-27T04:14:32.882000+00:00,180+0,standard,blitz,True,resign,black,106,vilka_logka,ChessBoiJasonUSCA,2550,2558,-6,9,A40,Queen's Pawn Game: Modern Defense,2,ChessBoiJasonUSCA,black,vilka_logka,2558,2550,win,1.0
dcqNM8Cd,2026-01-27T00:37:04.174000+00:00,180+0,standard,blitz,True,mate,white,67,ChessBoiJasonUSCA,Beth_Harmon1958,2558,2396,4,-3,E65,"King's Indian Defense: Fianchetto Variation, Yugoslav Variation",13,ChessBoiJasonUSCA,white,Beth_Harmon1958,2558,2396,win,1.0
wnZSBWvm,2026-01-27T00:30:36.618000+00:00,180+0,standard,blitz,True,mate,white,79,AlPacino80,ChessBoiJasonUSCA,2581,2566,5,-8,B06,Modern Defense: Pseudo-Austrian Attack,7,ChessBoiJasonUSCA,black,AlPacino80,2566,2581,loss,0.0
LniglWnC,2026-01-27T00:26:00.902000+00:00,180+0,standard,blitz,True,resign,black,52,ChessBoiJasonUSCA,AlPacino80,2575,2575,-9,6,A00,Hungarian Opening: Indian Defense,2,ChessBoiJasonUSCA,white,AlPacino80,2575,2575,loss,0.0
5GyLEwGs,2026-01-25T23:26:03.394000+00:00,480+0,standard,rapid,True,mate,black,84,Taras7373,ChessBoiJasonUSCA,2203,2539,-5,2,B06,Modern Defense,4,ChessBoiJasonUSCA,black,Taras7373,2539,2203,win,1.0
NICKOmL7,2026-01-25T21:53:38.201000+00:00,480+0,standard,rapid,True,outoftime,black,78,Hematom87,ChessBoiJasonUSCA,2371,2533,-4,6,B06,Modern Defense: Standard Defense,6,ChessBoiJasonUSCA,black,Hematom87,2533,2371,win,1.0
qBuHKtDu,2026-01-24T23:48:53.344000+00:00,480+0,standard,rapid,True,resign,white,41,ChessBoiJasonUSCA,ylw005,2532,2136,1,-6,A00,Hungarian Opening,1,ChessBoiJasonUSCA,white,ylw005,2532,2136,win,1.0
F9qA5c5G,2026-01-23T21:48:56.115000+00:00,480+0,standard,rapid,True,draw,,153,ChessBoiJasonUSCA,analisispostmortem,2537,2287,-5,26,A00,Hungarian Opening,1,ChessBoiJasonUSCA,white,analisispostmortem,2537,2287,draw,0.5
1OfnYoOt,2026-01-23T15:21:00.908000+00:00,480+0,standard,rapid,True,mate,black,84,Lmatos,ChessBoiJasonUSCA,2270,2533,-10,4,A40,Queen's Pawn Game: Modern Defense,2,ChessBoiJasonUSCA,black,Lmatos,2533,2270,win,1.0
sIfut6EG,2026-01-21T09:25:40.467000+00:00,60+0,chess960,bullet,True,outoftime,black,58,Shakarim,ChessBoiJasonUSCA,2053,2335,-2,2,,,,ChessBoiJasonUSCA,black,Shakarim,2335,2053,win,1.0
n4zvNDZU,2026-01-20T00:42:28.112000+00:00,60+0,chess960,bullet,True,outoftime,black,80,ChessBoiJasonUSCA,Sagor1246,2337,1937,-11,11,,,,ChessBoiJasonUSCA,white,Sagor1246,2337,1937,loss,0.0
GOJk8BQT,2026-01-18T21:38:34.619000+00:00,480+0,standard,rapid,True,resign,black,32,Schachidiot,ChessBoiJasonUSCA,2202,2528,-7,3,A40,Queen's Pawn Game: Modern Defense,2,ChessBoiJasonUSCA,black,Schachidiot,2528,2202,win,1.0
qhkkJL7o,2026-01-18T19:00:44.017000+00:00,480+0,standard,rapid,True,outoftime,white,113,FrodorfZero,ChessBoiJasonUSCA,2224,2555,56,-13,B06,Modern Defense,4,ChessBoiJasonUSCA,black,FrodorfZero,2555,2224,loss,0.0
qEKy2M3G,2026-01-16T19:22:21.908000+00:00,480+0,standard,rapid,True,resign,black,80,baril1,ChessBoiJasonUSCA,2424,2550,-37,5,B07,Modern Defense: Geller's System,7,ChessBoiJasonUSCA,black,baril1,2550,2424,win,1.0
OR04WG0C,2026-01-15T17:38:32.536000+00:00,480+0,standard,rapid,True,resign,white,53,ChessBoiJasonUSCA,Flarion,2542,2266,3,-2,A00,Hungarian Opening,1,ChessBoiJasonUSCA,white,Flarion,2542,2266,win,1.0
4o4xekvB,2026-01-14T22:19:18.452000+00:00,480+0,standard,rapid,True,mate,white,141,ChessBoiJasonUSCA,Diablo4747,2539,2307,3,-3,A11,"Réti Opening: Anglo-Slav Variation, with g3",12,ChessBoiJasonUSCA,white,Diablo4747,2539,2307,win,1.0
sjtlNBng,2026-01-14T01:31:29.434000+00:00,480+0,standard,rapid,True,resign,black,40,Apovit,ChessBoiJasonUSCA,2257,2535,-2,4,A42,Modern Defense: Averbakh System,7,ChessBoiJasonUSCA,black,Apovit,2535,2257,win,1.0
2Mh7KBP4,2026-02-01T07:22:35.237000+00:00,15+0,standard,ultraBullet,True,mate,black,58,Vyga2012,Agent_SS8,2125,1976,-8,29,A00,Van Geet Opening: Laroche Gambit,2,Vyga2012,white,Agent_SS8,2125,1976,loss,0.0
D7EvSUOF,2026-02-01T07:21:50.025000+00:00,15+0,standard,ultraBullet,True,outoftime,white,69,Agent_SS8,Vyga2012,1945,2133,31,-8,A01,Nimzo-Larsen Attack: Classical Variation,2,Vyga2012,black,Agent_SS8,2133,1945,loss,0.0
QFOtr30f,2026-02-01T06:57:37.492000+00:00,15+0,standard,ultraBullet,True,mate,black,50,Vyga2012,Tactics-Strategy2700,2167,1970,-6,222,A00,Van Geet Opening,1,Vyga2012,white,Tactics-Strategy2700,2167,1970,loss,0.0
cWzxrZW7,2026-01-31T17:40:01.729000+00:00,60+0,crazyhouse,bullet,True,mate,black,40,Vyga2012,CrouchingTiger,2156,2387,-4,3,A00,Van Geet Opening,1,Vyga2012,white,CrouchingTiger,2156,2387,loss,0.0
AjYBOEVc,2026-01-31T17:37:59.541000+00:00,60+0,crazyhouse,bullet,True,mate,black,58,CrouchingTiger,Vyga2012,2397,2142,-10,14,A00,Van't Kruijs Opening,1,Vyga2012,black,CrouchingTiger,2142,2397,win,1.0
0cR28HhX,2026-01-31T14:38:14.877000+00:00,45+0,horde,bullet,True,stalemate,,178,Budgie67,Vyga2012,2319,2341,1,0,,,,Vyga2012,black,Budgie67,2341,2319,draw,0.5
IaVQgaT8,2026-01-31T13:30:14.516000+00:00,15+0,standard,ultraBullet,True,outoftime,black,80,hajeko,Vyga2012,2329,2062,-9,10,A04,Zukertort Opening: Ross Gambit,2,Vyga2012,black,hajeko,2062,2329,win,1.0
HkwwvT7H,2026-01-31T13:28:30.449000+00:00,15+0,standard,ultraBullet,True,outoftime,white,65,Vyga2012,hajeko,2057,2335,9,-10,C47,"Four Knights Game: Scotch Variation, Belgrade Gambit",9,Vyga2012,white,hajeko,2057,2335,win,1.0
bjL0tsmv,2026-01-31T13:27:05.825000+00:00,15+0,standard,ultraBullet,True,outoftime,white,73,Vyga2012,hajeko,2049,2342,10,-9,B00,Pirc Defense,2,Vyga2012,white,hajeko,2049,2342,win,1.0
YaGbOlUi,2026-01-31T09:20:46.846000+00:00,30+0,threeCheck,bullet,True,variantEnd,white,39,cr0c0d1l3,Vyga2012,2053,2320,10,-9,B23,"Sicilian Defense: Closed, Traditional",4,Vyga2012,black,cr0c0d1l3,2320,2053,loss,0.0
TE2Wutfz,2026-01-31T09:11:13.407000+00:00,30+0,threeCheck,bullet,True,outoftime,black,50,Vyga2012,cr0c0d1l3,2319,2054,-9,10,A00,Van Geet Opening,1,Vyga2012,white,cr0c0d1l3,2319,2054,loss,0.0
pZPNlF62,2026-01-31T09:03:13.519000+00:00,30+0,threeCheck,bullet,True,variantEnd,black,52,Vyga2012,cr0c0d1l3,2313,2061,-9,9,A00,Van Geet Opening,1,Vyga2012,white,cr0c0d1l3,2313,2061,loss,0.0
dGkfbLHZ,2026-01-31T07:41:05.570000+00:00,180+0,chess960,blitz,True,mate,black,114,Vyga2012,Neverhood,2354,2441,-4,5,,,,Vyga2012,white,Neverhood,2354,2441,loss,0.0
gGrQCqgd,2026-01-31T07:38:28.807000+00:00,30+0,kingOfTheHill,bullet,True,variantEnd,black,38,Vyga2012,KeithCar,2303,1723,-11,11,C46,Three Knights Opening,5,Vyga2012,white,KeithCar,2303,1723,loss,0.0
fIODGUUQ,2026-01-31T07:34:06.066000+00:00,30+0,kingOfTheHill,bullet,True,variantEnd,white,47,Alixanyann_2011,Vyga2012,1962,2308,66,-9,C00,French Defense: Normal Variation,3,Vyga2012,black,Alixanyann_2011,2308,1962,loss,0.0
3THDz7mm,2026-01-30T14:56:40.249000+00:00,45+0,horde,bullet,True,stalemate,,150,RickyF1993,Vyga2012,2266,2347,1,-2,,,,Vyga2012,black,RickyF1993,2347,2266,draw,0.5
fjwTseDb,2026-01-30T14:06:33.758000+00:00,30+0,threeCheck,bullet,True,variantEnd,white,69,JudeBaeTorrens,Vyga2012,2063,2320,9,-9,B00,Nimzowitsch Defense: Franco-Nimzowitsch Variation,4,Vyga2012,black,JudeBaeTorrens,2320,2063,loss,0.0
1QEQwURD,2026-01-30T13:38:01.365000+00:00,30+0,threeCheck,bullet,True,variantEnd,white,45,Statham_13,Vyga2012,2702,2292,4,-1,A05,Zukertort Opening,4,Vyga2012,black,Statham_13,2292,2702,loss,0.0
igIOwN15,2026-01-30T09:43:30.086000+00:00,30+0,threeCheck,bullet,True,variantEnd,black,44,Vyga2012,Stelldichein,2312,2280,-6,6,C25,Vienna Game: Anderssen Defense,4,Vyga2012,white,Stelldichein,2312,2280,loss,0.0
May8Y3jy,2026-01-30T09:06:15.525000+00:00,30+0,threeCheck,bullet,True,mate,white,67,Amirreza_p,Vyga2012,2324,2312,16,-5,C46,Three Knights Opening,5,Vyga2012,black,Amirreza_p,2312,2324,loss,0.0
jmb38RJq,2026-01-30T08:19:23.819000+00:00,45+0,horde,bullet,True,stalemate,,134,Vyga2012,RickyF1993,2348,2301,-1,1,,,,Vyga2012,white,RickyF1993,2348,2301,draw,0.5
OQqsf8Yl,2026-01-30T07:59:13.999000+00:00,30+0,threeCheck,bullet,True,variantEnd,white,51,RainbowMillk,Vyga2012,2122,2386,12,-9,A00,Van't Kruijs Opening,1,Vyga2012,black,RainbowMillk,2386,2122,loss,0.0
x3IifRyY,2026-01-30T07:37:04.619000+00:00,30+0,threeCheck,bullet,True,variantEnd,white,61,RoyalKnightConqueror,Vyga2012,2053,2380,11,-10,B00,Nimzowitsch Defense: French Connection,4,Vyga2012,black,RoyalKnightConqueror,2380,2053,loss,0.0
QZ4Iecvi,2026-01-30T06:12:15.484000+00:00,30+0,threeCheck,bullet,True,resign,white,31,Vyga2012,DaSlurpyNinja,2340,2163,3,-3,A04,Zukertort Opening: Ross Gambit,2,Vyga2012,white,DaSlurpyNinja,2340,2163,win,1.0
hq1fWiTU,2026-01-30T06:11:08.296000+00:00,30+0,threeCheck,bullet,True,outoftime,black,46,DaSlurpyNinja,Vyga2012,2166,2337,-3,3,B00,Nimzowitsch Defense: Franco-Nimzowitsch Variation,4,Vyga2012,black,DaSlurpyNinja,2337,2166,win,1.0
NI9LwJql,2026-01-30T06:10:02.164000+00:00,30+0,threeCheck,bullet,True,resign,white,19,Vyga2012,DaSlurpyNinja,2334,2170,3,-4,A04,Zukertort Opening: Ross Gambit,2,Vyga2012,white,DaSlurpyNinja,2334,2170,win,1.0
HCCoe27Q,2026-01-30T05:55:21.297000+00:00,30+0,threeCheck,bullet,True,outoftime,black,42,DaSlurpyNinja,Vyga2012,2118,2386,-2,2,B00,Nimzowitsch Defense: French Connection,4,Vyga2012,black,DaSlurpyNinja,2386,2118,win,1.0
4aHfWOpX,2026-01-30T05:54:04.436000+00:00,30+0,threeCheck,bullet,True,mate,black,40,Vyga2012,lekshmisnair2014,2397,1984,-11,11,C46,Three Knights Opening,5,Vyga2012,white,lekshmisnair2014,2397,1984,loss,0.0
rlZfZ0pb,2026-01-30T05:50:29.387000+00:00,30+0,threeCheck,bullet,True,variantEnd,black,36,DaSlurpyNinja,Vyga2012,2113,2395,-2,2,B00,Nimzowitsch Defense: French Connection,4,Vyga2012,black,DaSlurpyNinja,2395,2113,win,1.0
WLETaQIb,2026-01-30T05:44:35.740000+00:00,30+0,threeCheck,bullet,True,variantEnd,black,56,DaSlurpyNinja,Vyga2012,2119,2389,-2,2,B00,Nimzowitsch Defense: French Connection,4,Vyga2012,black,DaSlurpyNinja,2389,2119,win,1.0
o8LmIb0r,2026-01-26T23:46:59.849000+00:00,60+0,standard,bullet,True,resign,white,93,pozvonochek,DrTigerTAD,3054,2878,3,-3,B21,"Sicilian Defense: Smith-Morra Gambit Declined, Push Variation",6,pozvonochek,white,DrTigerTAD,3054,2878,win,1.0
SqSAboWg,2026-01-26T23:37:42.937000+00:00,60+0,standard,bullet,True,resign,white,76,DrTigerTAD,pozvonochek,2883,3049,8,-8,A11,English Opening: Caro-Kann Defensive System,2,pozvonochek,black,DrTigerTAD,3049,2883,loss,0.0
ELHfAuNe,2026-01-26T23:35:52.521000+00:00,60+0,standard,bullet,True,resign,white,69,pozvonochek,DrTigerTAD,3046,2886,3,-3,B12,Caro-Kann Defense,3,pozvonochek,white,DrTigerTAD,3046,2886,win,1.0
Y0ydmIRi,2026-01-26T23:33:47.258000+00:00,60+0,standard,bullet,True,outoftime,white,101,DrTigerTAD,pozvonochek,2878,3054,8,-8,A20,English Opening: King's English Variation,2,pozvonochek,black,DrTigerTAD,3054,2878,loss,0.0
I4Asubou,2026-01-26T23:33:16.670000+00:00,60+0,standard,bullet,True,resign,white,37,pozvonochek,DrTigerTAD,3051,2881,3,-3,B12,Caro-Kann Defense,3,pozvonochek,white,DrTigerTAD,3051,2881,win,1.0
Fb53qqqV,2026-01-26T23:23:41.052000+00:00,60+0,standard,bullet,True,mate,black,62,pozvonochek,DrTigerTAD,3048,2883,-8,9,B12,Caro-Kann Defense,3,pozvonochek,white,DrTigerTAD,3048,2883,loss,0.0
sOYmHjIH,2026-01-26T22:50:21.715000+00:00,60+0,standard,bullet,True,resign,black,106,pozvonochek,DrTigerTAD,3060,2870,-9,9,B21,"Sicilian Defense: Smith-Morra Gambit Accepted, Fianchetto Defense",10,pozvonochek,white,DrTigerTAD,3060,2870,loss,0.0
6030dA4Z,2026-01-26T22:45:20.856000+00:00,60+0,standard,bullet,True,resign,black,30,pozvonochek,GrigoriiTer-Saakian,3058,3155,-4,4,A45,Trompowsky Attack,3,pozvonochek,white,GrigoriiTer-Saakian,3058,3155,loss,0.0
opxiiNHa,2026-01-26T21:33:58.532000+00:00,60+0,standard,bullet,True,resign,white,65,pozvonochek,Thomas_1_shelby,3047,2938,4,-4,D02,Queen's Pawn Game: London System,5,pozvonochek,white,Thomas_1_shelby,3047,2938,win,1.0
XMUzOXKZ,2026-01-26T15:23:50.296000+00:00,60+0,standard,bullet,True,outoftime,black,92,pozvonochek,TRAININGRIVAL2025,3023,3014,-6,7,D05,Queen's Pawn Game: Colle System,7,pozvonochek,white,TRAININGRIVAL2025,3023,3014,loss,0.0
NPxcbgc9,2026-01-26T15:16:31.709000+00:00,60+0,standard,bullet,True,mate,black,46,pozvonochek,TRAININGRIVAL2025,3048,2989,-7,7,A40,Englund Gambit: Hartlaub-Charlick Gambit,4,pozvonochek,white,TRAININGRIVAL2025,3048,2989,loss,0.0
cmymZ3CV,2026-01-26T15:14:16.463000+00:00,60+0,standard,bullet,True,resign,black,92,TRAININGRIVAL2025,pozvonochek,2994,3043,-5,5,D02,"Queen's Pawn Game: Symmetrical Variation, Pseudo-Catalan",5,pozvonochek,black,TRAININGRIVAL2025,3043,2994,win,1.0
jfsaSs5R,2026-01-26T15:05:22.666000+00:00,60+0,standard,bullet,True,mate,black,84,TRAININGRIVAL2025,pozvonochek,2996,3041,-5,5,A00,Hungarian Opening,1,pozvonochek,black,TRAININGRIVAL2025,3041,2996,win,1.0
58304PGp,2026-01-26T14:58:21.193000+00:00,60+0,standard,bullet,True,resign,black,122,pozvonochek,TRAININGRIVAL2025,3043,2994,-7,7,A43,Benoni Defense: Old Benoni,4,pozvonochek,white,TRAININGRIVAL2025,3043,2994,loss,0.0
ys1P8fhj,2026-01-26T14:53:43.772000+00:00,60+0,standard,bullet,True,outoftime,white,93,pozvonochek,TRAININGRIVAL2025,3045,2992,4,-5,B21,"Sicilian Defense: Smith-Morra Gambit Accepted, Fianchetto Defense",10,pozvonochek,white,TRAININGRIVAL2025,3045,2992,win,1.0
w9bgG32n,2026-01-26T12:39:33.101000+00:00,60+0,standard,bullet,True,outoftime,white,99,Kampan,pozvonochek,2897,3010,8,-7,C70,"Ruy Lopez: Morphy Defense, Classical Defense Deferred",8,pozvonochek,black,Kampan,3010,2897,loss,0.0
X3pvh4Ul,2026-01-26T12:39:01.509000+00:00,60+0,standard,bullet,True,resign,white,25,pozvonochek,Kampan,3006,2901,4,-4,A45,Trompowsky Attack: Classical Defense,4,pozvonochek,white,Kampan,3006,2901,win,1.0
36NDdpnL,2026-01-26T12:34:15.293000+00:00,60+0,standard,bullet,True,resign,black,56,pozvonochek,Kampan,3012,2895,-7,7,A40,Queen's Pawn Game,1,pozvonochek,white,Kampan,3012,2895,loss,0.0
g47AIf3R,2026-01-26T12:30:06.054000+00:00,60+0,standard,bullet,True,mate,black,76,Kampan,pozvonochek,2895,3012,-4,4,A07,King's Indian Attack,3,pozvonochek,black,Kampan,3012,2895,win,1.0
kqUohKPB,2026-01-26T04:29:47.182000+00:00,60+0,standard,bullet,True,outoftime,white,75,pozvonochek,OjaiJoao,2988,2914,5,-4,D00,"Queen's Pawn Game: Accelerated London System, Steinitz Countergambit",4,pozvonochek,white,OjaiJoao,2988,2914,win,1.0
SoOjDZWl,2026-01-26T04:25:36.753000+00:00,60+0,standard,bullet,True,outoftime,white,79,pozvonochek,OjaiJoao,2979,2924,5,-5,D00,Blackmar-Diemer Gambit: von Popiel Gambit,7,pozvonochek,white,OjaiJoao,2979,2924,win,1.0
N1TIONRw,2026-01-26T04:23:31.397000+00:00,60+0,standard,bullet,True,resign,white,99,OjaiJoao,pozvonochek,2917,2985,7,-6,C45,Scotch Game: Schmidt Variation,8,pozvonochek,black,OjaiJoao,2985,2917,loss,0.0
0qiZBhy9,2026-01-26T04:17:17.049000+00:00,60+0,standard,bullet,True,outoftime,white,69,pozvonochek,OjaiJoao,2983,2919,5,-4,D30,"Queen's Gambit Declined: Tarrasch Defense, Pseudo-Tarrasch",6,pozvonochek,white,OjaiJoao,2983,2919,win,1.0
7FqwCJnb,2026-01-26T03:54:11.365000+00:00,60+0,standard,bullet,True,outoftime,black,106,VisionTactician,pozvonochek,2914,2989,-5,4,A13,English Opening: Agincourt Defense,2,pozvonochek,black,VisionTactician,2989,2914,win,1.0
iO43o3Tz,2026-01-26T03:43:57.053000+00:00,60+0,standard,bullet,True,outoftime,black,112,pozvonochek,VisionTactician,3001,2902,-8,7,A85,Dutch Defense: Queen's Knight Variation,5,pozvonochek,white,VisionTactician,3001,2902,loss,0.0
6AX39Ph6,2026-01-26T03:13:30.406000+00:00,60+0,standard,bullet,True,outoftime,white,115,pozvonochek,ChessKingBrasil,2998,2826,3,-3,B28,"Sicilian Defense: O'Kelly Variation, Venice System",5,pozvonochek,white,ChessKingBrasil,2998,2826,win,1.0
CroYByeD,2026-01-26T02:56:11.951000+00:00,60+0,standard,bullet,True,outoftime,white,123,pozvonochek,ChessKingBrasil,2982,2842,3,-3,B00,Pirc Defense,3,pozvonochek,white,ChessKingBrasil,2982,2842,win,1.0
QGJgXsyf,2026-01-26T02:41:41.350000+00:00,60+0,standard,bullet,True,outoftime,black,124,pozvonochek,ChessKingBrasil,3016,2808,-9,9,B00,Pirc Defense,3,pozvonochek,white,ChessKingBrasil,3016,2808,loss,0.0
JPsBOy7q,2026-01-26T01:56:30.379000+00:00,60+0,standard,bullet,True,mate,white,77,pozvonochek,magkaki,3000,2870,4,-4,A45,Trompowsky Attack,3,pozvonochek,white,magkaki,3000,2870,win,1.0
HNIqsahx,2026-01-26T01:55:21.687000+00:00,60+0,standard,bullet,True,resign,black,54,magkaki,pozvonochek,2874,2996,-4,4,C70,"Ruy Lopez: Morphy Defense, Classical Defense Deferred",8,pozvonochek,black,magkaki,2996,2874,win,1.0
2iMwDluh,2026-01-26T22:32:44.485000+00:00,180+0,standard,blitz,True,outoftime,black,134,Tayip99,Suleyman_Chess06,2592,2703,-5,6,A07,King's Indian Attack: Yugoslav Variation,8,Suleyman_Chess06,black,Tayip99,2703,2592,win,1.0
Ds5aDbqf,2026-01-16T13:36:03.888000+00:00,30+0,chess960,bullet,True,resign,black,70,Suleyman_Chess06,Viyaan_d,2562,2275,-17,34,,,,Suleyman_Chess06,white,Viyaan_d,2562,2275,loss,0.0
EKNFpGhE,2026-01-06T07:35:04.068000+00:00,60+0,standard,bullet,True,resign,black,112,PythonGhost,Suleyman_Chess06,3216,3120,-7,8,C32,"King's Gambit Declined: Falkbeer Countergambit, Charousek Gambit",11,Suleyman_Chess06,black,PythonGhost,3120,3216,win,1.0
RhBahcuM,2026-01-06T07:33:48.589000+00:00,60+0,standard,bullet,True,resign,white,54,Suleyman_Chess06,PythonGhost,3113,3223,7,-7,C48,"Four Knights Game: Spanish Variation, Rubinstein Variation Accepted",9,Suleyman_Chess06,white,PythonGhost,3113,3223,win,1.0
2PpA6Vle,2026-01-06T07:32:24.543000+00:00,60+0,standard,bullet,True,resign,black,51,PythonGhost,Suleyman_Chess06,3231,3105,-8,8,C31,"King's Gambit Declined: Falkbeer Countergambit, Staunton Line",6,Suleyman_Chess06,black,PythonGhost,3105,3231,win,1.0
GPMpX9WJ,2026-01-06T07:30:07.955000+00:00,60+0,standard,bullet,True,draw,,148,Suleyman_Chess06,PythonGhost,3103,3233,2,-2,B01,"Scandinavian Defense: Valencian Variation, Ilundain Variation",10,Suleyman_Chess06,white,PythonGhost,3103,3233,draw,0.5
wx4O863w,2026-01-06T07:28:55.162000+00:00,60+0,standard,bullet,True,resign,white,41,PythonGhost,Suleyman_Chess06,3229,3107,4,-4,A02,Bird Opening,1,Suleyman_Chess06,black,PythonGhost,3107,3229,loss,0.0
TEYbcj58,2026-01-06T07:26:59.788000+00:00,60+0,standard,bullet,True,resign,black,83,Suleyman_Chess06,PythonGhost,3111,3225,-4,4,B01,"Scandinavian Defense: Valencian Variation, Ilundain Variation",10,Suleyman_Chess06,white,PythonGhost,3111,3225,loss,0.0
1RDYBWsJ,2026-01-06T07:24:53.818000+00:00,60+0,standard,bullet,True,mate,white,67,PythonGhost,Suleyman_Chess06,3221,3115,4,-4,C42,Petrov's Defense: Stafford Gambit,8,Suleyman_Chess06,black,PythonGhost,3115,3221,loss,0.0
4crENI5J,2026-01-05T14:56:13.882000+00:00,30+0,standard,bullet,True,outoftime,white,103,Arkadiy_Khromaev,Suleyman_Chess06,3387,3117,2,-2,A43,Benoni Defense: Old Benoni,2,Suleyman_Chess06,black,Arkadiy_Khromaev,3117,3387,loss,0.0
6nwWhZEg,2026-01-05T11:43:38.234000+00:00,60+0,standard,bullet,True,outoftime,white,153,Suleyman_Chess06,yankitaspinar,3115,3045,4,-4,C25,Vienna Game,3,Suleyman_Chess06,white,yankitaspinar,3115,3045,win,1.0
6V9IUuai,2026-01-05T11:39:02.047000+00:00,60+0,standard,bullet,True,outoftime,black,114,Suleyman_Chess06,yankitaspinar,3129,3031,-7,7,C25,Vienna Game: Max Lange Defense,4,Suleyman_Chess06,white,yankitaspinar,3129,3031,loss,0.0
6mqyHMQ3,2026-01-05T11:12:51.476000+00:00,60+0,standard,bullet,True,outoftime,white,143,Suleyman_Chess06,yankitaspinar,3113,3046,5,-5,A46,Indian Defense: Spielmann-Indian,4,Suleyman_Chess06,white,yankitaspinar,3113,3046,win,1.0
pYZRHcWw,2026-01-05T06:51:50.737000+00:00,60+0,standard,bullet,True,resign,black,80,Nadigraj,Suleyman_Chess06,2958,3087,-4,3,E10,Indian Defense: Anti-Nimzo-Indian,5,Suleyman_Chess06,black,Nadigraj,3087,2958,win,1.0
FBUEWju7,2026-01-05T06:41:18.101000+00:00,60+0,standard,bullet,True,resign,black,107,Suleyman_Chess06,Nadigraj,3090,2954,-8,8,A07,King's Indian Attack,3,Suleyman_Chess06,white,Nadigraj,3090,2954,loss,0.0
wuzlIQMP,2026-01-05T06:39:23.856000+00:00,60+0,standard,bullet,True,resign,black,60,Nadigraj,Suleyman_Chess06,2958,3086,-4,4,A46,Indian Defense: Spielmann-Indian,4,Suleyman_Chess06,black,Nadigraj,3086,2958,win,1.0
A3jYdyjf,2026-01-05T06:37:20.705000+00:00,60+0,standard,bullet,True,outoftime,white,91,Suleyman_Chess06,Nadigraj,3083,2961,3,-3,A04,Zukertort Opening: Sicilian Invitation,2,Suleyman_Chess06,white,Nadigraj,3083,2961,win,1.0
3PfTbL3M,2026-01-05T06:30:08.214000+00:00,30+0,standard,bullet,True,outoftime,white,99,aa175,Suleyman_Chess06,3070,3096,10,-6,A45,Indian Defense,2,Suleyman_Chess06,black,aa175,3096,3070,loss,0.0
uezwVC2f,2026-01-05T06:15:41.111000+00:00,60+0,standard,bullet,True,resign,white,63,Suleyman_Chess06,umidaomonova111,3072,2940,3,-5,A01,Nimzo-Larsen Attack: Symmetrical Variation,2,Suleyman_Chess06,white,umidaomonova111,3072,2940,win,1.0
tJU9cNlA,2026-01-05T05:56:24.861000+00:00,30+0,crazyhouse,bullet,True,outoftime,black,62,BlueJayBro,Suleyman_Chess06,2681,2344,-9,62,B21,Sicilian Defense: Smith-Morra Gambit,3,Suleyman_Chess06,black,BlueJayBro,2344,2681,win,1.0
6DOUkRBL,2026-01-05T05:53:16.109000+00:00,30+0,crazyhouse,bullet,True,outoftime,black,82,BlueJayBro,Suleyman_Chess06,2685,2301,-9,78,B10,Caro-Kann Defense,4,Suleyman_Chess06,black,BlueJayBro,2301,2685,win,1.0
qK0l2GQD,2026-01-05T05:51:24.216000+00:00,30+0,crazyhouse,bullet,True,mate,black,64,BlueJayBro,Suleyman_Chess06,2694,2222,-10,89,C11,"French Defense: Classical Variation, Steinitz Variation",7,Suleyman_Chess06,black,BlueJayBro,2222,2694,win,1.0
qNlYS7SJ,2026-01-05T05:47:30.967000+00:00,30+0,crazyhouse,bullet,True,outoftime,black,80,BlueJayBro,Suleyman_Chess06,2699,2145,-10,116,C42,Petrov's Defense: Three Knights Game,5,Suleyman_Chess06,black,BlueJayBro,2145,2699,win,1.0
LInMMxET,2026-01-05T05:40:50.935000+00:00,30+0,crazyhouse,bullet,True,mate,black,78,BlueJayBro,Suleyman_Chess06,2705,2034,-10,158,A43,Benoni Defense: Old Benoni,2,Suleyman_Chess06,black,BlueJayBro,2034,2705,win,1.0
rmBB7RpY,2026-01-04T08:39:34.066000+00:00,15+0,standard,ultraBullet,True,mate,white,71,HowDoesThisGameWork,Suleyman_Chess06,2039,2356,10,-22,B01,Scandinavian Defense: Modern Variation,4,Suleyman_Chess06,black,HowDoesThisGameWork,2356,2039,loss,0.0
FHI91yUu,2026-01-01T17:56:20.423000+00:00,60+0,standard,bullet,True,outoftime,black,168,Suleyman_Chess06,emirislamking,3053,3064,-6,6,A04,Zukertort Opening: Queen's Gambit Invitation,2,Suleyman_Chess06,white,emirislamking,3053,3064,loss,0.0
CjPMUtGT,2026-01-01T17:52:28.883000+00:00,60+0,standard,bullet,True,outoftime,,166,Suleyman_Chess06,emirislamking,3046,3071,1,-1,A07,"King's Indian Attack, with e6",6,Suleyman_Chess06,white,emirislamking,3046,3071,draw,0.5
VNJYeO0u,2026-01-01T17:39:33.136000+00:00,60+0,standard,bullet,True,resign,white,81,emirislamking,Suleyman_Chess06,3065,3051,5,-5,A70,Benoni Defense: Classical Variation,13,Suleyman_Chess06,black,emirislamking,3051,3065,loss,0.0
Ot57xJTN,2026-01-01T17:36:49.284000+00:00,60+0,standard,bullet,True,outoftime,white,177,Suleyman_Chess06,emirislamking,3045,3071,6,-6,A05,Zukertort Opening,2,Suleyman_Chess06,white,emirislamking,3045,3071,win,1.0
pEwccNXC,2026-01-01T17:34:42.043000+00:00,60+0,standard,bullet,True,draw,,110,emirislamking,Suleyman_Chess06,3072,3045,-1,0,A45,Indian Defense,2,Suleyman_Chess06,black,emirislamking,3045,3072,draw,0.5
BQKUZiqK,2026-01-31T21:58:34.042000+00:00,60+0,standard,bullet,True,mate,white,161,wizard98,Ediz_Gurel,3094,3303,8,-9,B01,Scandinavian Defense: Modern Variation,4,wizard98,white,Ediz_Gurel,3094,3303,win,1.0
TJ3wJvUe,2026-01-31T21:54:11.091000+00:00,60+0,standard,bullet,True,draw,,102,DIANOCHKA_LOVE11,wizard98,3138,3105,-1,1,A43,Benoni Defense: Old Benoni,2,wizard98,black,DIANOCHKA_LOVE11,3105,3138,draw,0.5
oBfd0hnl,2026-01-31T21:45:44.302000+00:00,60+0,standard,bullet,True,outoftime,white,181,wizard98,DIANOCHKA_LOVE11,3110,3127,6,-5,B15,Caro-Kann Defense: Main Line,7,wizard98,white,DIANOCHKA_LOVE11,3110,3127,win,1.0
5QWk66Wr,2026-01-31T21:03:36.119000+00:00,60+0,standard,bullet,True,mate,black,52,specteryamasaki,wizard98,3002,3066,-5,5,A01,Nimzo-Larsen Attack: Symmetrical Variation,2,wizard98,black,specteryamasaki,3066,3002,win,1.0
7gDWp0kp,2026-01-31T20:41:53.940000+00:00,60+0,standard,bullet,True,resign,black,58,wizard98,DmitriyBiryuk777,3077,2783,-10,10,B00,Pirc Defense,2,wizard98,white,DmitriyBiryuk777,3077,2783,loss,0.0
K55CO8FH,2026-01-31T20:40:18.996000+00:00,60+0,standard,bullet,True,resign,black,56,wizard98,Ediz_Gurel,3079,3367,-2,2,B02,Alekhine Defense: Scandinavian Variation,4,wizard98,white,Ediz_Gurel,3079,3367,loss,0.0
tly7REmX,2026-01-31T20:38:06.618000+00:00,60+0,standard,bullet,True,resign,black,58,Riquelme93,wizard98,2990,3075,-5,4,A43,Benoni Defense: Old Benoni,2,wizard98,black,Riquelme93,3075,2990,win,1.0
buJ1ZhSI,2026-01-31T20:35:55.980000+00:00,60+0,standard,bullet,True,resign,black,68,Batko2003,wizard98,3040,3068,-9,5,B00,St. George Defense,2,wizard98,black,Batko2003,3068,3040,win,1.0
qIpqG8nA,2026-01-31T20:06:27.325000+00:00,60+0,standard,bullet,True,resign,white,83,boec-2021,wizard98,2574,3081,11,-11,D06,Queen's Gambit Declined: Austrian Defense,4,wizard98,black,boec-2021,3081,2574,loss,0.0
GOjvXZH6,2026-01-31T19:47:31.892000+00:00,60+0,standard,bullet,True,resign,black,70,wizard98,RakitinD,3107,2962,-8,9,C40,Latvian Gambit: Mlotkowski Variation,5,wizard98,white,RakitinD,3107,2962,loss,0.0
YDVdRxf4,2026-01-31T19:32:08.991000+00:00,60+0,standard,bullet,True,resign,white,109,yoseph2013,wizard98,3011,3117,7,-7,B43,"Sicilian Defense: Kan Variation, Knight Variation",9,wizard98,black,yoseph2013,3117,3011,loss,0.0
ArCauLfK,2026-01-31T19:31:03.172000+00:00,60+0,standard,bullet,True,mate,black,48,wizard98,sosomomo,3127,2812,-10,10,B23,Sicilian Defense: Closed,3,wizard98,white,sosomomo,3127,2812,loss,0.0
DAFTZ7Dc,2026-01-31T19:29:39.527000+00:00,60+0,standard,bullet,True,resign,black,32,LEELrt,wizard98,2590,3127,-1,0,A00,"Polish Opening, with d5",2,wizard98,black,LEELrt,3127,2590,win,1.0
6O6lwkBM,2026-01-31T19:25:18.434000+00:00,60+0,standard,bullet,True,outoftime,white,117,yoseph2013,wizard98,2994,3134,8,-8,B23,Sicilian Defense: Closed,3,wizard98,black,yoseph2013,3134,2994,loss,0.0
FmmYtNfd,2026-01-31T19:08:22.037000+00:00,60+0,standard,bullet,True,resign,black,64,RodriFK,wizard98,2723,3140,-1,1,B01,Scandinavian Defense: Mieses-Kotroc Variation,4,wizard98,black,RodriFK,3140,2723,win,1.0
3iwevO7D,2026-01-31T19:06:45.639000+00:00,60+0,standard,bullet,True,resign,black,57,GlasnostPerestroika,wizard98,3065,3135,-5,5,B01,Scandinavian Defense: Valencian Variation,6,wizard98,black,GlasnostPerestroika,3135,3065,win,1.0
nXiyxQqr,2026-01-31T19:04:41.230000+00:00,60+0,standard,bullet,True,resign,black,46,zavoz,wizard98,2843,3133,-2,2,A44,Benoni Defense: Old Benoni,4,wizard98,black,zavoz,3133,2843,win,1.0
rRZgO78H,2026-01-31T18:58:04.270000+00:00,60+0,standard,bullet,True,resign,black,52,GlasnostPerestroika,wizard98,3063,3122,-5,5,B22,Sicilian Defense: Alapin Variation,3,wizard98,black,GlasnostPerestroika,3122,3063,win,1.0
woRVUMia,2026-01-31T18:47:30.278000+00:00,60+0,standard,bullet,True,resign,white,135,wizard98,GlasnostPerestroika,3096,3091,5,-5,B10,Caro-Kann Defense,4,wizard98,white,GlasnostPerestroika,3096,3091,win,1.0
rwUxgcbN,2026-01-31T18:42:01.658000+00:00,60+0,standard,bullet,True,draw,,103,wizard98,zavoz,3099,2883,-4,3,B30,"Sicilian Defense: Closed, Anti-Sveshnikov Variation, with d6",10,wizard98,white,zavoz,3099,2883,draw,0.5
lGJIIbGH,2026-01-31T18:40:23.299000+00:00,60+0,standard,bullet,True,resign,white,67,Alex-31,wizard98,2525,3110,11,-11,B01,Scandinavian Defense,2,wizard98,black,Alex-31,3110,2525,loss,0.0
BO1e053Z,2026-01-31T18:32:47.645000+00:00,60+0,standard,bullet,True,resign,black,87,wizard98,che-boland-mikhandi,3133,2748,-11,11,D02,Queen's Pawn Game: Symmetrical Variation,4,wizard98,white,che-boland-mikhandi,3133,2748,loss,0.0
4xHQUPHX,2026-01-31T18:31:59.594000+00:00,60+0,standard,bullet,True,resign,white,31,yoseph2013,wizard98,2956,3141,8,-8,B15,Caro-Kann Defense: Alien Gambit,11,wizard98,black,yoseph2013,3141,2956,loss,0.0
dBlhIg7L,2026-01-31T18:30:16.792000+00:00,60+0,standard,bullet,True,resign,white,82,AJUDAN03_PMan,wizard98,2627,3152,18,-11,B01,Scandinavian Defense,2,wizard98,black,AJUDAN03_PMan,3152,2627,loss,0.0
CusbfDMG,2026-01-31T18:23:20.588000+00:00,60+0,standard,bullet,True,outoftime,,170,wizard98,GlasnostPerestroika,3158,3124,-1,0,B10,Caro-Kann Defense,2,wizard98,white,GlasnostPerestroika,3158,3124,draw,0.5
U2ok3CTt,2026-01-31T18:19:43.809000+00:00,60+0,standard,bullet,True,resign,black,72,wizard98,Big_Boom007,3171,3030,-8,16,A01,Nimzo-Larsen Attack: Classical Variation,2,wizard98,white,Big_Boom007,3171,3030,loss,0.0
ELQ1Iyu7,2026-01-31T18:17:55.923000+00:00,60+0,standard,bullet,True,mate,black,66,Tictoocchess,wizard98,2935,3169,-2,2,A44,Benoni Defense: Old Benoni,4,wizard98,black,Tictoocchess,3169,2935,win,1.0
rsYxtuDO,2026-01-31T18:12:53.690000+00:00,60+0,standard,bullet,True,resign,black,40,Dmitry_IA,wizard98,2897,3166,-5,2,A04,Zukertort Opening: Ross Gambit,2,wizard98,black,Dmitry_IA,3166,2897,win,1.0
soCvqddv,2026-01-31T18:09:49.419000+00:00,60+0,standard,bullet,True,mate,black,62,StUdIeB,wizard98,2223,3165,0,0,B01,Scandinavian Defense,2,wizard98,black,StUdIeB,3165,2223,win,1.0
O9fKRWBr,2026-01-31T18:07:27.230000+00:00,60+0,standard,bullet,True,resign,white,59,wizard98,Amirreza_p,3162,3018,3,-4,A04,Zukertort Opening: Sicilian Invitation,2,wizard98,white,Amirreza_p,3162,3018,win,1.0
jkZOHFQh,2026-01-29T22:16:56.933000+00:00,180+0,standard,blitz,True,outoftime,black,98,Agent_Kapov,OCChess,2783,2793,-8,7,C26,"Bishop's Opening: Vienna Hybrid, Spielmann Attack",7,OCChess,black,Agent_Kapov,2793,2783,win,1.0
0TbleFmx,2026-01-28T18:21:54.926000+00:00,60+0,standard,bullet,True,resign,black,64,OCChess,Egniyzo_Ghemaklykhor,3023,3118,-4,5,A01,Nimzo-Larsen Attack: Classical Variation,2,OCChess,white,Egniyzo_Ghemaklykhor,3023,3118,loss,0.0
sqKRUTKm,2026-01-28T18:18:31.061000+00:00,60+0,standard,bullet,True,resign,white,25,Egniyzo_Ghemaklykhor,OCChess,3117,3024,4,-4,D05,Queen's Pawn Game: Colle System,6,OCChess,black,Egniyzo_Ghemaklykhor,3024,3117,loss,0.0
8n4vk0fZ,2026-01-28T18:16:25.886000+00:00,60+0,standard,bullet,True,stalemate,,134,OCChess,Egniyzo_Ghemaklykhor,3023,3119,1,-2,D31,Queen's Gambit Declined: Queen's Knight Variation,5,OCChess,white,Egniyzo_Ghemaklykhor,3023,3119,draw,0.5
TITS6HwR,2026-01-28T18:15:08.824000+00:00,60+0,standard,bullet,True,resign,white,71,Egniyzo_Ghemaklykhor,OCChess,3114,3027,5,-4,A20,"English Opening: King's English Variation, Nimzowitsch Variation",3,OCChess,black,Egniyzo_Ghemaklykhor,3027,3114,loss,0.0
1Jkkvz98,2026-01-12T15:24:05.467000+00:00,180+0,standard,blitz,True,resign,black,76,BreadPitt2011,OCChess,2538,2791,-2,2,C54,"Italian Game: Classical Variation, Giuoco Pianissimo, with a6",12,OCChess,black,BreadPitt2011,2791,2538,win,1.0
oJRwDXQk,2026-01-08T04:20:17.778000+00:00,180+0,standard,blitz,True,mate,white,71,OCChess,MassterofMayhem,2787,2664,4,-3,D10,Slav Defense: Exchange Variation,5,OCChess,white,MassterofMayhem,2787,2664,win,1.0
8aGLzV05,2026-01-08T03:49:09.174000+00:00,180+0,standard,blitz,True,resign,white,75,OCChess,Strengthensmental555,2785,2594,2,-3,A13,English Opening: Agincourt Defense,2,OCChess,white,Strengthensmental555,2785,2594,win,1.0
51g8Pdg2,2026-01-08T03:45:11.674000+00:00,180+0,standard,blitz,True,resign,white,37,Strengthensmental555,OCChess,2585,2793,9,-8,C44,Ponziani Opening: Steinitz Variation,8,OCChess,black,Strengthensmental555,2793,2585,loss,0.0
Q3kHuZjE,2026-01-08T03:38:45.582000+00:00,180+0,standard,blitz,True,outoftime,black,106,OCChess,doyoulikedonuts,2802,2613,-9,9,E39,"Nimzo-Indian Defense: Classical Variation, Berlin Variation, Macieja System",14,OCChess,white,doyoulikedonuts,2802,2613,loss,0.0
kQeCEMlP,2026-01-08T03:32:29.060000+00:00,180+0,standard,blitz,True,outoftime,black,136,doyoulikedonuts,OCChess,2616,2799,-3,3,A25,"English Opening: King's English Variation, Taimanov Variation",8,OCChess,black,doyoulikedonuts,2799,2616,win,1.0
I7Ly7SAp,2026-01-08T03:30:51.137000+00:00,180+0,standard,blitz,True,draw,,33,apollothedog,OCChess,2712,2800,1,-1,C91,"Ruy Lopez: Closed, Bogoljubow Variation",18,OCChess,black,apollothedog,2800,2712,draw,0.5
HOsvXh0W,2026-01-08T03:22:19.637000+00:00,180+0,standard,blitz,True,resign,black,64,wonderland305,OCChess,2844,2793,-6,7,D27,"Queen's Gambit Accepted: Classical Defense, Main Line",12,OCChess,black,wonderland305,2793,2844,win,1.0
864dSRvA,2026-01-08T03:16:37.146000+00:00,180+0,standard,blitz,True,resign,black,88,OCChess,alfredogto,2803,2598,-10,19,A28,"English Opening: King's English Variation, Four Knights Variation, Quiet Line",7,OCChess,white,alfredogto,2803,2598,loss,0.0
Z4mpRmEC,2026-01-07T18:46:34.237000+00:00,60+0,standard,bullet,True,outoftime,black,82,pozvonochek,OCChess,3105,3004,-7,7,D04,Queen's Pawn Game: Colle System,5,OCChess,black,pozvonochek,3004,3105,win,1.0
48MxlscZ,2026-01-01T00:48:21.668000+00:00,60+0,standard,bullet,True,resign,black,74,OCChess,Alik_Kramer,3057,2844,-9,9,E91,King's Indian Defense: Orthodox Variation,11,OCChess,white,Alik_Kramer,3057,2844,loss,0.0
6q1xLMlU,2025-12-31T22:15:33.617000+00:00,180+0,standard,blitz,True,resign,white,77,OCChess,Wildindian,2799,2696,4,-4,E92,"King's Indian Defense: Orthodox Variation, Gligoric-Taimanov System",13,OCChess,white,Wildindian,2799,2696,win,1.0
ypI9iVXl,2025-12-31T22:09:06.201000+00:00,180+0,standard,blitz,True,draw,,131,Wildindian,OCChess,2694,2800,2,-1,C54,"Italian Game: Classical Variation, Giuoco Pianissimo",14,OCChess,black,Wildindian,2800,2694,draw,0.5
7XjRbtH4,2025-12-31T22:05:05.550000+00:00,180+0,standard,blitz,True,resign,black,42,OCChess,Buyofl,2808,2734,-8,7,A18,English Opening: Mikenas-Carls Variation,7,OCChess,white,Buyofl,2808,2734,loss,0.0
zJERGoA0,2025-12-31T21:58:45.393000+00:00,180+0,standard,blitz,True,outoftime,white,139,Buyofl,OCChess,2727,2815,7,-7,C90,"Ruy Lopez: Closed, Pilnik Variation",17,OCChess,black,Buyofl,2815,2727,loss,0.0
y7D7ZrkJ,2025-12-31T21:52:26.104000+00:00,180+0,standard,blitz,True,mate,white,181,OCChess,Buyofl,2810,2732,5,-5,E32,"Nimzo-Indian Defense: Classical Variation, Keres Defense",12,OCChess,white,Buyofl,2810,2732,win,1.0
FBVZ3Som,2025-12-31T21:41:30.387000+00:00,180+0,standard,blitz,True,resign,black,65,NorthWind05,OCChess,2647,2806,-4,4,D02,Queen's Pawn Game: London System,5,OCChess,black,NorthWind05,2806,2647,win,1.0
jUc8pUr4,2025-12-30T21:47:49.369000+00:00,180+0,standard,blitz,True,resign,black,42,Jero_el_siniestro,OCChess,2571,2804,-3,2,C97,"Ruy Lopez: Closed, Chigorin Defense",22,OCChess,black,Jero_el_siniestro,2804,2571,win,1.0
IOtfWyJk,2025-12-30T21:40:40.624000+00:00,180+0,standard,blitz,True,outoftime,black,144,MothToTheFlame,OCChess,2621,2800,-3,4,C54,"Italian Game: Classical Variation, Giuoco Pianissimo",10,OCChess,black,MothToTheFlame,2800,2621,win,1.0
pfIgTdFg,2025-12-30T01:31:53.250000+00:00,60+0,standard,bullet,True,outoftime,white,81,DONOTREDEEM,OCChess,3097,3042,4,-5,C54,"Italian Game: Classical Variation, Giuoco Pianissimo",10,OCChess,black,DONOTREDEEM,3042,3097,loss,0.0
56AqmFi8,2025-12-30T01:24:11.599000+00:00,60+0,standard,bullet,True,resign,black,42,DONOTREDEEM,OCChess,3095,3043,-7,7,C20,King's Pawn Game: Leonardis Variation,3,OCChess,black,DONOTREDEEM,3043,3095,win,1.0
pIYlOZzs,2025-12-30T01:08:50.211000+00:00,60+0,standard,bullet,True,draw,,174,OCChess,DONOTREDEEM,3049,3089,0,0,D31,Queen's Gambit Declined: Queen's Knight Variation,5,OCChess,white,DONOTREDEEM,3049,3089,draw,0.5
uHDDc2EB,2025-12-30T00:45:59.165000+00:00,60+0,standard,bullet,True,resign,white,55,OCChess,KiKiKiRA,3049,2887,3,-3,A53,Old Indian Defense,4,OCChess,white,KiKiKiRA,3049,2887,win,1.0
wgJrE0g4,2025-12-18T21:00:33.933000+00:00,60+0,standard,bullet,True,resign,black,54,OCChess,G0DZILLA,2999,2936,-7,7,A13,English Opening: Agincourt Defense,2,OCChess,white,G0DZILLA,2999,2936,loss,0.0
pMOpLCX1,2025-12-18T19:12:20.418000+00:00,180+0,standard,blitz,True,resign,black,58,musaadlane,OCChess,2694,2796,-4,4,C47,Four Knights Game: Glek System,13,OCChess,black,musaadlane,2796,2694,win,1.0
KFbcF97i,2026-01-28T22:04:48.927000+00:00,600+0,standard,rapid,True,resign,white,23,dynamo777,Big_BenKo,2312,2555,9,-16,D00,"Queen's Pawn Game: Accelerated London System, Steinitz Countergambit",4,Big_BenKo,black,dynamo777,2555,2312,loss,0.0
1Duztd9m,2026-01-26T19:48:26.872000+00:00,180+0,standard,blitz,True,resign,black,54,SU-1704,Big_BenKo,2649,2517,-8,8,D31,"Semi-Slav Defense: Marshall Gambit, Main Line",11,Big_BenKo,black,SU-1704,2517,2649,win,1.0
WWMkcG97,2026-01-26T14:38:24.446000+00:00,180+0,standard,blitz,True,resign,white,93,SouthWind06,Big_BenKo,2428,2517,23,-6,B12,"Caro-Kann Defense: Advance Variation, Short Variation",7,Big_BenKo,black,SouthWind06,2517,2428,loss,0.0
JhuEGfYx,2026-01-26T14:34:42.253000+00:00,180+0,standard,blitz,True,resign,white,59,Big_BenKo,quicksilver2,2513,2443,4,-4,E21,Nimzo-Indian Defense: Three Knights Variation,7,Big_BenKo,white,quicksilver2,2513,2443,win,1.0
1Dy7MV5Y,2026-01-24T22:46:54.270000+00:00,60+0,standard,bullet,True,resign,black,72,Reisr,Big_BenKo,2509,2631,-4,5,B13,"Caro-Kann Defense: Panov Attack, Modern Defense, Mieses Line",12,Big_BenKo,black,Reisr,2631,2509,win,1.0
NRUbCjQi,2026-01-24T20:58:52.503000+00:00,180+0,standard,blitz,True,resign,white,37,NothingSpecialBTW,Big_BenKo,2480,2511,6,-7,B12,Caro-Kann Defense: Maróczy Variation,5,Big_BenKo,black,NothingSpecialBTW,2511,2480,loss,0.0
2mSOhtX6,2026-01-24T20:52:35.505000+00:00,180+0,standard,blitz,True,resign,black,88,Big_BenKo,Giraffe_Chess,2512,2537,-7,5,E73,King's Indian Defense: Semi-Averbakh System,11,Big_BenKo,white,Giraffe_Chess,2512,2537,loss,0.0
h1TvHp5n,2026-01-20T23:04:28.339000+00:00,600+0,standard,rapid,True,draw,,176,JJPlayz,Big_BenKo,2496,2550,1,-1,D64,"Queen's Gambit Declined: Orthodox Defense, Rubinstein Attack",15,Big_BenKo,black,JJPlayz,2550,2496,draw,0.5
KzXKonCa,2026-01-20T22:15:05.394000+00:00,600+0,standard,rapid,True,resign,white,71,Big_BenKo,JJPlayz,2522,2508,10,-6,D44,Semi-Slav Defense: Botvinnik Variation,17,Big_BenKo,white,JJPlayz,2522,2508,win,1.0
NXjjZXvQ,2026-01-20T21:56:30.468000+00:00,600+0,standard,rapid,True,mate,black,82,Big_BenKo,Dubov-ii,2534,2519,-12,7,D91,"Grünfeld Defense: Three Knights Variation, Petrosian System",9,Big_BenKo,white,Dubov-ii,2534,2519,loss,0.0
Hw1mopl7,2026-01-20T21:46:58.435000+00:00,600+0,standard,rapid,True,timeout,black,44,Dubov-ii,Big_BenKo,2525,2521,-6,13,E09,"Catalan Opening: Closed, Main Line",18,Big_BenKo,black,Dubov-ii,2521,2525,win,1.0
p0gQ9oxP,2026-01-20T01:26:08.482000+00:00,600+0,standard,rapid,True,resign,white,89,LamazeSimon,Big_BenKo,2609,2499,4,-8,B12,"Caro-Kann Defense: Advance Variation, Tal Variation",7,Big_BenKo,black,LamazeSimon,2499,2609,loss,0.0
cvn82eVE,2026-01-20T01:02:50.691000+00:00,600+0,standard,rapid,True,resign,black,82,Big_BenKo,mathias2003,2529,2562,-13,12,E73,King's Indian Defense: Semi-Averbakh System,11,Big_BenKo,white,mathias2003,2529,2562,loss,0.0
ydX7F6pI,2026-01-20T00:35:52.440000+00:00,600+0,standard,rapid,True,draw,,137,Coach_Pineapple,Big_BenKo,2484,2546,1,-2,B12,"Caro-Kann Defense: Advance Variation, Short Variation",7,Big_BenKo,black,Coach_Pineapple,2546,2484,draw,0.5
C2GWYbZp,2026-01-20T00:17:50.857000+00:00,600+0,standard,rapid,True,resign,white,103,Big_BenKo,butter_on_the_bread,2537,2406,9,-3,D31,Semi-Slav Defense: Marshall Gambit,7,Big_BenKo,white,butter_on_the_bread,2537,2406,win,1.0
J125QvqA,2026-01-19T23:19:57.568000+00:00,600+0,standard,rapid,True,resign,black,116,Antonovsky,Big_BenKo,2464,2516,-7,16,A13,English Opening: Agincourt Defense,2,Big_BenKo,black,Antonovsky,2516,2464,win,1.0
BruURC5a,2026-01-19T23:02:43.989000+00:00,600+0,standard,rapid,True,mate,white,99,Big_BenKo,NedamReddam,2498,2468,18,-5,D31,"Queen's Gambit Declined: Semi-Slav, Abrahams Variation",14,Big_BenKo,white,NedamReddam,2498,2468,win,1.0
0AOmlqWC,2026-01-19T22:55:43.336000+00:00,600+0,standard,rapid,True,resign,black,44,Big_BenKo,Volga_Tiger,2509,2699,-11,9,A40,Queen's Pawn Game: Modern Defense,2,Big_BenKo,white,Volga_Tiger,2509,2699,loss,0.0
mGWPMgsF,2026-01-19T22:44:13.226000+00:00,600+0,standard,rapid,True,resign,white,81,BEaSTgan,Big_BenKo,2519,2527,97,-18,A13,"English Opening: Agincourt Defense, Catalan Defense, Semi-Slav Defense",8,Big_BenKo,black,BEaSTgan,2527,2519,loss,0.0
On4ToXms,2026-01-19T22:23:55.438000+00:00,600+0,standard,rapid,True,outoftime,black,198,pacalmisu,Big_BenKo,2431,2508,-4,19,C01,"French Defense: Exchange Variation, Monte Carlo Variation",7,Big_BenKo,black,pacalmisu,2508,2431,win,1.0
mwehOofL,2026-01-19T21:55:59.429000+00:00,600+0,standard,rapid,True,resign,white,59,XComebackArcX,Big_BenKo,2473,2550,10,-33,B11,"Caro-Kann Defense: Two Knights Attack, Mindeno Variation, Retreat Line",8,Big_BenKo,black,XComebackArcX,2550,2473,loss,0.0
RHLbhNQX,2026-01-17T17:24:04.519000+00:00,60+0,standard,bullet,True,resign,white,79,malyy,Big_BenKo,2741,2630,4,-4,A31,"English Opening: Symmetrical Variation, Anti-Benoni Variation",5,Big_BenKo,black,malyy,2630,2741,loss,0.0
D3AJxiy5,2026-01-17T16:31:37.924000+00:00,60+0,standard,bullet,True,resign,black,58,Big_BenKo,Bystrueruchki,2644,2773,-4,20,D43,Semi-Slav Defense,8,Big_BenKo,white,Bystrueruchki,2644,2773,loss,0.0
beFgrCmb,2026-01-17T16:10:32.351000+00:00,60+0,standard,bullet,True,mate,black,134,Prohorov_Olexandr123,Big_BenKo,2380,2630,-2,2,D45,Semi-Slav Defense: Main Line,9,Big_BenKo,black,Prohorov_Olexandr123,2630,2380,win,1.0
YaiPP3dn,2026-01-11T19:38:12.499000+00:00,60+0,standard,bullet,True,mate,white,55,Big_BenKo,cn_V,2643,2558,4,-5,D31,Semi-Slav Defense: Accelerated Move Order,6,Big_BenKo,white,cn_V,2643,2558,win,1.0
5vSp1AK2,2026-01-05T18:00:25.213000+00:00,180+0,standard,blitz,True,resign,white,41,Asmodaus,Big_BenKo,2486,2496,7,-7,B12,Caro-Kann Defense: Advance Variation,5,Big_BenKo,black,Asmodaus,2496,2486,loss,0.0
s0NTuOp9,2026-01-03T21:55:22.270000+00:00,60+0,standard,bullet,True,resign,black,52,Big_BenKo,serpienteoscura,2662,2679,-5,6,A04,Zukertort Opening: Herrstrom Gambit,2,Big_BenKo,white,serpienteoscura,2662,2679,loss,0.0
ZkkvFTTN,2025-12-31T21:42:30.792000+00:00,60+0,standard,bullet,True,resign,white,51,gjvm1202,Big_BenKo,2735,2689,5,-4,B19,"Caro-Kann Defense: Classical Variation, Spassky Variation",15,Big_BenKo,black,gjvm1202,2689,2735,loss,0.0
WVc6f41m,2025-12-31T21:29:14.824000+00:00,60+0,standard,bullet,True,resign,white,19,PranG,Big_BenKo,2678,2704,6,-6,B12,"Caro-Kann Defense: Advance Variation, Tal Variation",7,Big_BenKo,black,PranG,2704,2678,loss,0.0
pIb8Unvx,2025-12-31T21:23:48.752000+00:00,60+0,standard,bullet,True,outoftime,white,105,Big_BenKo,PranG,2694,2677,5,-5,D20,"Queen's Gambit Accepted: Central Variation, Alekhine System",6,Big_BenKo,white,PranG,2694,2677,win,1.0
c9xMlFJo,2026-02-01T20:23:48.888000+00:00,180+0,standard,blitz,True,outoftime,,187,Kostik_Mostik,cutemouse83,2876,2959,2,-2,C74,"Ruy Lopez: Morphy Defense, Modern Steinitz Defense",9,Kostik_Mostik,white,cutemouse83,2876,2959,draw,0.5
ZlGtfWQw,2026-02-01T20:14:34.727000+00:00,180+0,standard,blitz,True,resign,white,75,ABachmann,Kostik_Mostik,2792,2884,10,-8,B13,"Caro-Kann Defense: Exchange Variation, Rubinstein Variation",11,Kostik_Mostik,black,ABachmann,2884,2792,loss,0.0
9ISrUv2y,2026-02-01T20:08:27.952000+00:00,180+0,standard,blitz,True,resign,white,113,Kostik_Mostik,ABachmann,2879,2798,5,-6,B12,"Caro-Kann Defense: Advance Variation, Botvinnik-Carls Defense",6,Kostik_Mostik,white,ABachmann,2879,2798,win,1.0
PYi4xPiK,2026-02-01T20:03:16.342000+00:00,180+0,standard,blitz,True,stalemate,,154,ABachmann,Kostik_Mostik,2796,2880,2,-1,A47,Pseudo Queen's Indian Defense,4,Kostik_Mostik,black,ABachmann,2880,2796,draw,0.5
p7kQzHA3,2026-02-01T13:23:50.974000+00:00,180+0,standard,blitz,True,outoftime,black,140,Kostik_Mostik,SwitzerlandChair,2888,2844,-8,7,A05,Zukertort Opening,2,Kostik_Mostik,white,SwitzerlandChair,2888,2844,loss,0.0
7wmGLf0h,2026-02-01T13:17:11.246000+00:00,180+0,standard,blitz,True,resign,white,123,Kostik_Mostik,CamSilecegi,2883,2817,5,-72,B32,Sicilian Defense: Löwenthal Variation,8,Kostik_Mostik,white,CamSilecegi,2883,2817,win,1.0
r6DdIppp,2026-02-01T13:11:47.049000+00:00,180+0,standard,blitz,True,resign,black,112,CamSilecegi,Kostik_Mostik,2976,2877,-159,6,B14,"Caro-Kann Defense: Panov Attack, Fianchetto Defense, Fianchetto Gambit",12,Kostik_Mostik,black,CamSilecegi,2877,2976,win,1.0
wKWPcRhu,2026-02-01T12:58:17.236000+00:00,180+0,standard,blitz,True,outoftime,white,175,Kostik_Mostik,SwitzerlandChair,2871,2859,6,-6,B01,Scandinavian Defense: Mieses-Kotroc Variation,4,Kostik_Mostik,white,SwitzerlandChair,2871,2859,win,1.0
z03Sxne9,2026-02-01T12:52:33.558000+00:00,180+0,standard,blitz,True,draw,,145,SwitzerlandChair,Kostik_Mostik,2859,2871,0,0,B23,"Sicilian Defense: Closed, Traditional",4,Kostik_Mostik,black,SwitzerlandChair,2871,2859,draw,0.5
bO3vh8UQ,2026-02-01T10:21:15.476000+00:00,180+0,standard,blitz,True,outoftime,white,203,SwitzerlandChair,Kostik_Mostik,2849,2878,6,-7,B19,Caro-Kann Defense: Classical Variation,14,Kostik_Mostik,black,SwitzerlandChair,2878,2849,loss,0.0
Ck3Ig8qE,2026-01-31T18:46:32.845000+00:00,180+0,standard,blitz,True,mate,white,105,Kostik_Mostik,Chessiguana,2873,2751,5,-4,B00,Pirc Defense,4,Kostik_Mostik,white,Chessiguana,2873,2751,win,1.0
Z9zhunj6,2026-01-31T18:32:02.115000+00:00,180+0,standard,blitz,True,outoftime,white,173,Kostik_Mostik,canc3111,2869,2754,4,-4,B33,"Sicilian Defense: Lasker-Pelikan Variation, Sveshnikov Variation, Novosibirsk Variation",20,Kostik_Mostik,white,canc3111,2869,2754,win,1.0
blej7NjF,2026-01-31T12:58:34.726000+00:00,180+0,standard,blitz,True,resign,white,27,vistagusta,Kostik_Mostik,2767,2878,7,-9,A40,English Defense,2,Kostik_Mostik,black,vistagusta,2878,2767,loss,0.0
Wg2FjCCB,2026-01-31T12:53:09.252000+00:00,180+0,standard,blitz,True,resign,white,95,Kostik_Mostik,vistagusta,2873,2771,5,-4,B12,Caro-Kann Defense: Advance Variation,5,Kostik_Mostik,white,vistagusta,2873,2771,win,1.0
pKwzSD9s,2026-01-18T23:05:31.510000+00:00,180+0,standard,blitz,True,resign,white,75,GrraindTime,Kostik_Mostik,2839,2879,8,-6,B19,"Caro-Kann Defense: Classical Variation, Lobron System",24,Kostik_Mostik,black,GrraindTime,2879,2839,loss,0.0
mDWLULfc,2026-01-18T23:01:22.840000+00:00,180+0,standard,blitz,True,resign,black,76,Kostik_Mostik,Kacparov,2885,2885,-6,10,A05,King's Indian Attack: Wahls Defense,10,Kostik_Mostik,white,Kacparov,2885,2885,loss,0.0
c58NmEBs,2026-01-18T22:56:31.262000+00:00,180+0,standard,blitz,True,resign,white,107,Kacparov,Kostik_Mostik,2875,2890,10,-5,A47,Pseudo Queen's Indian Defense,4,Kostik_Mostik,black,Kacparov,2890,2875,loss,0.0
We0c2sxS,2026-01-18T22:47:00.517000+00:00,180+0,standard,blitz,True,resign,black,134,Kostik_Mostik,GrraindTime,2897,2835,-7,9,B62,"Sicilian Defense: Richter-Rauzer Variation, Vitolins Variation",13,Kostik_Mostik,white,GrraindTime,2897,2835,loss,0.0
YPTXLb5l,2026-01-18T22:33:26.298000+00:00,180+0,standard,blitz,True,outoftime,black,86,GrraindTime,Kostik_Mostik,2836,2892,-7,5,B19,"Caro-Kann Defense: Classical Variation, Lobron System",24,Kostik_Mostik,black,GrraindTime,2892,2836,win,1.0
xoQoM1Ev,2026-01-18T22:27:23.808000+00:00,180+0,standard,blitz,True,outoftime,black,130,KFC2025,Kostik_Mostik,2793,2888,-4,4,A05,King's Indian Attack,4,Kostik_Mostik,black,KFC2025,2888,2793,win,1.0
sWaYLj9P,2026-01-18T22:24:33.606000+00:00,180+0,standard,blitz,True,resign,white,47,Kostik_Mostik,KFC2025,2884,2797,4,-4,A05,Zukertort Opening,2,Kostik_Mostik,white,KFC2025,2884,2797,win,1.0
kSoTDEBS,2026-01-18T22:18:09.767000+00:00,180+0,standard,blitz,True,mate,white,147,KFC2025,Kostik_Mostik,2790,2891,7,-7,A50,Queen's Indian Accelerated,4,Kostik_Mostik,black,KFC2025,2891,2790,loss,0.0
vRXrlb5d,2026-01-18T22:13:25.983000+00:00,180+0,standard,blitz,True,draw,,70,Kostik_Mostik,Thomas_1_shelby,2893,2765,-2,3,C42,Petrov's Defense: Classical Attack,9,Kostik_Mostik,white,Thomas_1_shelby,2893,2765,draw,0.5
m8U1JC2t,2026-01-18T20:26:21.995000+00:00,180+0,standard,blitz,True,resign,black,98,Kostik_Mostik,Iron_Man1703,2900,2849,-7,11,B00,St. George Defense,2,Kostik_Mostik,white,Iron_Man1703,2900,2849,loss,0.0
2p2wTe3T,2026-01-18T20:20:59.022000+00:00,180+0,standard,blitz,True,mate,black,88,Iron_Man1703,Kostik_Mostik,2858,2894,-9,6,A50,Queen's Indian Accelerated,4,Kostik_Mostik,black,Iron_Man1703,2894,2858,win,1.0
A2YSeoqW,2026-01-18T19:38:30.788000+00:00,180+0,standard,blitz,True,resign,white,49,Kostik_Mostik,kuhjft,2890,2788,4,-4,B12,Caro-Kann Defense: Advance Variation,5,Kostik_Mostik,white,kuhjft,2890,2788,win,1.0
1NzA4Xkm,2026-01-18T19:32:41.548000+00:00,180+0,standard,blitz,True,resign,black,106,Iron_Man1703,Kostik_Mostik,2829,2886,-9,4,B10,Caro-Kann Defense: Endgame Variation,9,Kostik_Mostik,black,Iron_Man1703,2886,2829,win,1.0
VZV1Yvfi,2026-01-18T19:25:04.068000+00:00,180+0,standard,blitz,True,resign,black,108,Carobee,Kostik_Mostik,2741,2882,-4,4,A47,Pseudo Queen's Indian Defense,4,Kostik_Mostik,black,Carobee,2882,2741,win,1.0
LB3EWsB8,2026-01-18T19:18:44.184000+00:00,180+0,standard,blitz,True,outoftime,,185,Kostik_Mostik,kuhjft,2883,2798,-1,2,C84,"Ruy Lopez: Closed, Martinez Variation",11,Kostik_Mostik,white,kuhjft,2883,2798,draw,0.5
s65EYsm6,2026-01-18T17:48:36.871000+00:00,180+0,standard,blitz,True,mate,black,70,Kostik_Mostik,canc3111,2891,2747,-8,8,B33,"Sicilian Defense: Lasker-Pelikan Variation, Sveshnikov Variation, Novosibirsk Variation",20,Kostik_Mostik,white,canc3111,2891,2747,loss,0.0
JUNBR1Kr,2026-02-01T19:06:06.139000+00:00,180+0,standard,blitz,True,outoftime,black,128,renathy,Tipok_XII,2348,2524,-3,5,B13,Caro-Kann Defense: Exchange Variation,5,Tipok_XII,black,renathy,2524,2348,win,1.0
7i65Y47O,2026-02-01T18:37:09.874000+00:00,180+0,standard,blitz,True,resign,black,48,legendchamp,Tipok_XII,2432,2516,-5,8,B15,Caro-Kann Defense: Tartakower Variation,10,Tipok_XII,black,legendchamp,2516,2432,win,1.0
XGXFM9KA,2026-02-01T18:05:50.148000+00:00,180+0,standard,blitz,True,outoftime,black,80,OlegIvanov123,Tipok_XII,2396,2508,-4,8,D01,Richter-Veresov Attack,5,Tipok_XII,black,OlegIvanov123,2508,2396,win,1.0
okkjHe5Y,2026-02-01T14:15:55.611000+00:00,180+0,standard,blitz,True,resign,white,33,IgorVershinin2009,Tipok_XII,2702,2488,2,-6,D35,"Queen's Gambit Declined: Exchange Variation, Positional Variation",10,Tipok_XII,black,IgorVershinin2009,2488,2702,loss,0.0
GdoSFdPz,2026-02-01T13:47:54.973000+00:00,180+0,standard,blitz,True,resign,white,59,LittlePawnFriends,Tipok_XII,2413,2489,9,-17,E04,Catalan Opening: Open Defense,9,Tipok_XII,black,LittlePawnFriends,2489,2413,loss,0.0
ZWChH7Q3,2026-02-01T13:41:36.712000+00:00,180+0,standard,blitz,True,resign,black,36,Sha1969,Tipok_XII,2368,2493,-4,11,E04,Catalan Opening: Open Defense,9,Tipok_XII,black,Sha1969,2493,2368,win,1.0
RRvmGHKw,2026-02-01T13:28:43.948000+00:00,180+2,standard,blitz,True,draw,,63,Konstantin_331,Tipok_XII,2342,2521,3,-7,A45,Indian Defense: Accelerated London System,3,Tipok_XII,black,Konstantin_331,2521,2342,draw,0.5
3silzxwu,2026-01-31T23:35:53.152000+00:00,600+0,standard,rapid,True,mate,black,62,Slovafn,Tipok_XII,2497,2545,-7,5,D02,Queen's Pawn Game: Symmetrical Variation,4,Tipok_XII,black,Slovafn,2545,2497,win,1.0
pJ3e1UAh,2026-01-31T19:08:32.875000+00:00,600+0,standard,rapid,True,resign,white,57,Tipok_XII,chess_inventer,2543,2521,5,-29,C45,Scotch Game: Potter Variation,9,Tipok_XII,white,chess_inventer,2543,2521,win,1.0
wY02UHXQ,2026-01-30T23:11:00.281000+00:00,600+0,standard,rapid,True,resign,black,80,lokialexgross,Tipok_XII,2358,2521,-4,4,D32,Tarrasch Defense: Symmetrical Variation,10,Tipok_XII,black,lokialexgross,2521,2358,win,1.0
iEo11tAk,2026-01-30T21:43:08.078000+00:00,600+0,standard,rapid,True,resign,white,125,Tipok_XII,lak54,2516,2456,5,-14,C45,Scotch Game: Mieses Variation,11,Tipok_XII,white,lak54,2516,2456,win,1.0
s3pQnnXd,2026-01-30T08:45:51.306000+00:00,600+0,standard,rapid,True,resign,black,70,Tipok_XII,WUINMAS,2509,2707,-4,4,B11,"Caro-Kann Defense: Two Knights Attack, Mindeno Variation, Retreat Line",8,Tipok_XII,white,WUINMAS,2509,2707,loss,0.0
42U1az7i,2026-01-29T13:30:29.124000+00:00,600+0,standard,rapid,True,outoftime,black,120,OstapKovalenko,Tipok_XII,2483,2503,-12,6,A03,Bird Opening: Dutch Variation,2,Tipok_XII,black,OstapKovalenko,2503,2483,win,1.0
jvFykXDA,2026-01-29T09:43:57.265000+00:00,600+0,standard,rapid,True,outoftime,white,151,Tipok_XII,Chess_aninda,2506,2475,6,-9,B10,Caro-Kann Defense: Two Knights Attack,5,Tipok_XII,white,Chess_aninda,2506,2475,win,1.0
n0GiinLP,2026-01-29T07:54:38.104000+00:00,600+0,standard,rapid,True,resign,white,133,Tipok_XII,shotachkonia1957,2502,2369,4,-4,B10,Caro-Kann Defense: Two Knights Attack,5,Tipok_XII,white,shotachkonia1957,2502,2369,win,1.0
izwCuCpy,2026-01-29T07:43:44.527000+00:00,600+0,standard,rapid,True,resign,white,49,sparking-genio,Tipok_XII,2517,2508,7,-6,A13,"English Opening: Agincourt Defense, Catalan Defense Accepted",8,Tipok_XII,black,sparking-genio,2508,2517,loss,0.0
fnxFR1pI,2026-01-28T18:19:03.188000+00:00,600+0,standard,rapid,True,resign,white,107,albertus123456,Tipok_XII,2349,2518,9,-10,B00,Pirc Defense,2,Tipok_XII,black,albertus123456,2518,2349,loss,0.0
ACBGF61a,2026-01-28T17:30:21.959000+00:00,600+0,standard,rapid,True,resign,black,48,Tipok_XII,TrixandTactix,2517,2617,-5,35,B47,"Sicilian Defense: Taimanov Variation, Bastrikov Variation",10,Tipok_XII,white,TrixandTactix,2517,2617,loss,0.0
gGPNoE1r,2026-01-28T17:15:15.005000+00:00,600+0,standard,rapid,True,resign,black,60,Smart_Kotik,Tipok_XII,2537,2509,-6,8,A05,King's Indian Attack,4,Tipok_XII,black,Smart_Kotik,2509,2537,win,1.0
1MFHc644,2026-01-28T12:40:36.998000+00:00,600+0,standard,rapid,True,resign,black,124,Tipok_XII,Twink_2011,2521,2343,-11,27,E11,Bogo-Indian Defense: Grünfeld Variation,7,Tipok_XII,white,Twink_2011,2521,2343,loss,0.0
wwG2z0wC,2026-01-28T08:39:53.426000+00:00,600+0,standard,rapid,True,resign,black,82,BalalaykaRussian,Tipok_XII,2456,2515,-5,6,B00,Pirc Defense: Roscher Gambit,5,Tipok_XII,black,BalalaykaRussian,2515,2456,win,1.0
3kYUKXFy,2026-01-28T08:27:38.925000+00:00,600+0,standard,rapid,True,mate,white,47,Tipok_XII,chess-master3656,2511,2322,4,-4,E15,"Queen's Indian Defense: Fianchetto Variation, Traditional Line",8,Tipok_XII,white,chess-master3656,2511,2322,win,1.0
T9UkEWcQ,2026-01-27T20:04:50.117000+00:00,600+0,standard,rapid,True,resign,black,66,Nazar_2013,Tipok_XII,2272,2508,-3,3,B08,"Pirc Defense: Classical Variation, Quiet System",9,Tipok_XII,black,Nazar_2013,2508,2272,win,1.0
1hdnS43P,2026-01-27T15:04:18.959000+00:00,600+0,standard,rapid,True,mate,black,58,Burgila12345,Tipok_XII,2319,2503,-3,5,A50,Indian Defense: Normal Variation,3,Tipok_XII,black,Burgila12345,2503,2319,win,1.0
KuTySXFz,2026-01-24T07:53:38.046000+00:00,60+0,standard,bullet,True,resign,black,48,Tipok_XII,slogger,2897,2853,-7,6,B22,Sicilian Defense: Alapin Variation,3,Tipok_XII,white,slogger,2897,2853,loss,0.0
nZBlehUJ,2026-01-24T07:51:09.203000+00:00,60+0,standard,bullet,True,outoftime,black,136,slogger,Tipok_XII,2858,2891,-5,6,A04,Zukertort Opening: Slav Invitation,2,Tipok_XII,black,slogger,2891,2858,win,1.0
l23cDyjc,2026-01-23T17:09:01.761000+00:00,60+0,standard,bullet,True,resign,white,61,BundesligaChampion,Tipok_XII,2903,2867,5,-5,B10,Caro-Kann Defense,4,Tipok_XII,black,BundesligaChampion,2867,2903,loss,0.0
4ciN6Zd3,2026-01-23T16:29:22.923000+00:00,60+0,standard,bullet,True,resign,white,98,Gevorg_Harutjunyan,Tipok_XII,2957,2907,5,-4,B10,Caro-Kann Defense: Two Knights Attack,5,Tipok_XII,black,Gevorg_Harutjunyan,2907,2957,loss,0.0
T1pTIEYW,2026-01-23T16:09:59.922000+00:00,60+0,standard,bullet,True,mate,white,81,Banjovi,Tipok_XII,2933,2899,5,-5,B10,Caro-Kann Defense: Accelerated Panov Attack,4,Tipok_XII,black,Banjovi,2899,2933,loss,0.0
3C8Ribdy,2026-01-23T12:46:32.712000+00:00,600+0,standard,rapid,True,resign,white,77,Kesohu,Tipok_XII,2567,2509,18,-6,E04,Catalan Opening: Open Defense,9,Tipok_XII,black,Kesohu,2509,2567,loss,0.0
L59kox3v,2026-01-31T13:55:50.588000+00:00,180+0,standard,blitz,True,mate,black,60,Cuentatorneos,ScareCCrow06PL,2615,2793,-3,4,B81,"Sicilian Defense: Scheveningen Variation, Keres Attack",11,ScareCCrow06PL,black,Cuentatorneos,2793,2615,win,1.0
gyMHipeS,2026-01-31T13:52:07.624000+00:00,180+0,standard,blitz,True,resign,white,45,ScareCCrow06PL,SpanishNe7,2789,2725,4,-5,E20,Nimzo-Indian Defense,6,ScareCCrow06PL,white,SpanishNe7,2789,2725,win,1.0
2SOv2xHY,2026-01-31T13:45:26.713000+00:00,180+0,standard,blitz,True,resign,black,96,elmonstro13,ScareCCrow06PL,2660,2785,-3,4,B52,"Sicilian Defense: Moscow Variation, Main Line",6,ScareCCrow06PL,black,elmonstro13,2785,2660,win,1.0
mepyFYb6,2026-01-31T13:40:10.379000+00:00,180+0,standard,blitz,True,resign,black,66,ScareCCrow06PL,chess-art-us,2790,2867,-5,4,B47,"Sicilian Defense: Taimanov Variation, Bastrikov Variation",10,ScareCCrow06PL,white,chess-art-us,2790,2867,loss,0.0
6A8HuxSa,2026-01-31T13:35:40.597000+00:00,180+0,standard,blitz,True,resign,black,56,ilqar_7474,ScareCCrow06PL,2904,2782,-8,8,C11,"French Defense: Classical Variation, Burn Variation",8,ScareCCrow06PL,black,ilqar_7474,2782,2904,win,1.0
Fu4QenJN,2026-01-31T13:28:56.997000+00:00,180+0,standard,blitz,True,outoftime,,141,ScareCCrow06PL,chess-art-us,2781,2864,1,-1,B47,"Sicilian Defense: Taimanov Variation, Bastrikov Variation",10,ScareCCrow06PL,white,chess-art-us,2781,2864,draw,0.5
YvjMaHCQ,2026-01-30T19:38:21.149000+00:00,180+0,standard,blitz,True,resign,white,63,Ellery1729,ScareCCrow06PL,2553,2790,9,-9,E91,King's Indian Defense: Orthodox Variation,11,ScareCCrow06PL,black,Ellery1729,2790,2553,loss,0.0
5X7uOfHc,2026-01-30T19:32:41.830000+00:00,180+0,standard,blitz,True,resign,black,104,ScareCCrow06PL,TAsad10,2795,2808,-5,6,C65,"Ruy Lopez: Berlin Defense, Anti-Berlin Variation",7,ScareCCrow06PL,white,TAsad10,2795,2808,loss,0.0
p7f3sqHk,2026-01-30T19:28:47.268000+00:00,180+0,standard,blitz,True,resign,white,49,el_cavernicola,ScareCCrow06PL,2743,2802,6,-7,B90,"Sicilian Defense: Najdorf Variation, Lipnitsky Attack",11,ScareCCrow06PL,black,el_cavernicola,2802,2743,loss,0.0
lXRaujPj,2026-01-27T15:24:47.461000+00:00,180+0,standard,blitz,True,resign,white,79,ScareCCrow06PL,Rookz77,2799,2622,3,-2,B00,Nimzowitsch Defense: Colorado Countergambit Accepted,5,ScareCCrow06PL,white,Rookz77,2799,2622,win,1.0
OgVwKHXG,2026-01-27T15:17:56.071000+00:00,180+0,standard,blitz,True,resign,white,85,BLS-75ah,ScareCCrow06PL,2788,2805,21,-6,A15,English Opening: Anglo-Indian Defense,2,ScareCCrow06PL,black,BLS-75ah,2805,2788,loss,0.0
AmVCYIjO,2026-01-27T15:12:39.668000+00:00,180+0,standard,blitz,True,resign,white,46,ScareCCrow06PL,Byakagon,2803,2532,2,-2,B90,"Sicilian Defense: Scheveningen Variation, English Attack, with f3",13,ScareCCrow06PL,white,Byakagon,2803,2532,win,1.0
W85gpL96,2026-01-27T15:05:12.662000+00:00,180+0,standard,blitz,True,mate,white,87,ScareCCrow06PL,swbxx,2800,2634,3,-3,B56,Sicilian Defense: Classical Variation,10,ScareCCrow06PL,white,swbxx,2800,2634,win,1.0
EGd3nzs5,2026-01-27T14:57:40.574000+00:00,180+0,standard,blitz,True,outoftime,,139,JakobPajeken,ScareCCrow06PL,2669,2802,2,-2,A09,Réti Opening: Réti Accepted,4,ScareCCrow06PL,black,JakobPajeken,2802,2669,draw,0.5
7yn8jPhJ,2026-01-22T14:32:13.281000+00:00,180+0,standard,blitz,True,draw,,117,vwemby,ScareCCrow06PL,2551,2805,4,-3,B52,"Sicilian Defense: Moscow Variation, Main Line",6,ScareCCrow06PL,black,vwemby,2805,2551,draw,0.5
kWgMb3jF,2026-01-22T14:24:48.266000+00:00,180+0,standard,blitz,True,resign,black,100,karpoblanca_300,ScareCCrow06PL,2587,2802,-2,3,A46,Torre Attack: Classical Defense,5,ScareCCrow06PL,black,karpoblanca_300,2802,2587,win,1.0
td2FvaNL,2026-01-21T22:39:59.544000+00:00,180+0,standard,blitz,True,mate,black,124,ScareCCrow06PL,swbxx,2810,2686,-8,8,E20,Nimzo-Indian Defense,6,ScareCCrow06PL,white,swbxx,2810,2686,loss,0.0
Axocqpws,2026-01-21T22:32:12.887000+00:00,180+0,standard,blitz,True,mate,white,127,ScareCCrow06PL,InvisibleGuest2023,2804,2857,6,-7,E20,Nimzo-Indian Defense,6,ScareCCrow06PL,white,InvisibleGuest2023,2804,2857,win,1.0
koBINFeM,2026-01-21T22:26:47.773000+00:00,180+0,standard,blitz,True,resign,white,57,ScareCCrow06PL,rtahmass,2801,2587,3,-3,D35,"Queen's Gambit Declined: Exchange Variation, Positional Variation",10,ScareCCrow06PL,white,rtahmass,2801,2587,win,1.0
SJa97VMT,2026-01-16T23:08:19.622000+00:00,180+0,standard,blitz,True,resign,white,63,ice2breaker,ScareCCrow06PL,2643,2814,8,-9,E32,Nimzo-Indian Defense: Classical Variation,7,ScareCCrow06PL,black,ice2breaker,2814,2643,loss,0.0
X5No0Gkq,2026-01-13T22:40:26.849000+00:00,180+0,standard,blitz,True,resign,white,67,superpower4,ScareCCrow06PL,2701,2814,7,-7,B51,Sicilian Defense: Moscow Variation,5,ScareCCrow06PL,black,superpower4,2814,2701,loss,0.0
KGM0sPFz,2026-01-13T22:21:45.973000+00:00,180+0,standard,blitz,True,mate,white,135,ScareCCrow06PL,gammagramma,2808,2589,3,-2,A40,Queen's Pawn Game: Anglo-Slav Opening,4,ScareCCrow06PL,white,gammagramma,2808,2589,win,1.0
4IFT8FZB,2026-01-13T22:05:51.332000+00:00,180+0,standard,blitz,True,resign,black,102,SpiritDragon08,ScareCCrow06PL,2669,2804,-7,4,E04,Catalan Opening: Open Defense,9,ScareCCrow06PL,black,SpiritDragon08,2804,2669,win,1.0
mRtNjYnR,2026-01-13T21:47:23.140000+00:00,180+0,standard,blitz,True,outoftime,white,183,ScareCCrow06PL,Vagizovich,2803,2696,4,-4,A41,Rat Defense: English Rat,4,ScareCCrow06PL,white,Vagizovich,2803,2696,win,1.0
zL8LUura,2026-01-13T21:32:12.475000+00:00,180+0,standard,blitz,True,resign,white,95,ScareCCrow06PL,Vagizovich,2796,2693,4,-4,B01,Scandinavian Defense: Gubinsky-Melts Defense,6,ScareCCrow06PL,white,Vagizovich,2796,2693,win,1.0
efRr3Ywu,2026-01-12T17:49:29.204000+00:00,180+0,standard,blitz,True,resign,black,72,cn_ua,ScareCCrow06PL,2644,2794,-3,3,D24,Queen's Gambit Accepted,9,ScareCCrow06PL,black,cn_ua,2794,2644,win,1.0
PL3ITbEA,2026-01-12T17:42:06.738000+00:00,180+0,standard,blitz,True,outoftime,white,101,ScareCCrow06PL,M_Onee,2790,2657,4,-3,B12,"Caro-Kann Defense: Advance Variation, Botvinnik-Carls Defense",6,ScareCCrow06PL,white,M_Onee,2790,2657,win,1.0
0SI6mAwA,2026-01-12T17:19:22.984000+00:00,180+0,standard,blitz,True,outoftime,black,152,ScareCCrow06PL,RomanDeg2008,2801,2737,-7,7,E20,Nimzo-Indian Defense,6,ScareCCrow06PL,white,RomanDeg2008,2801,2737,loss,0.0
E5mmuEcG,2026-01-08T22:25:52.526000+00:00,180+0,standard,blitz,True,resign,white,79,ScareCCrow06PL,papasi,2800,2657,3,-4,E20,Nimzo-Indian Defense,6,ScareCCrow06PL,white,papasi,2800,2657,win,1.0
qLxaty6X,2026-01-08T13:17:52.924000+00:00,180+0,standard,blitz,True,resign,black,80,ScareCCrow06PL,Ira_Nibi,2806,2601,-8,8,C77,"Ruy Lopez: Morphy Defense, Anderssen Variation",9,ScareCCrow06PL,white,Ira_Nibi,2806,2601,loss,0.0
LGx2pSfi,2026-02-01T21:58:22.366000+00:00,900+0,standard,rapid,True,outoftime,,270,iCe_eNerGyTeaM,Reydomate,2510,2160,-5,9,D11,Slav Defense: Modern Line,5,iCe_eNerGyTeaM,white,Reydomate,2510,2160,draw,0.5
42MofyV3,2026-02-01T19:44:52.232000+00:00,180+0,standard,blitz,True,resign,black,90,iCe_eNerGyTeaM,Ng5JustHanginAround,2517,2359,-8,17,A46,Torre Attack: Classical Defense,5,iCe_eNerGyTeaM,white,Ng5JustHanginAround,2517,2359,loss,0.0
e5mYSB7q,2026-02-01T19:40:56.398000+00:00,180+0,standard,blitz,True,outoftime,white,99,dr-tom,iCe_eNerGyTeaM,2349,2526,9,-9,B00,Nimzowitsch Defense: Williams Variation,4,iCe_eNerGyTeaM,black,dr-tom,2526,2349,loss,0.0
jC3XRiHm,2026-02-01T12:54:09.039000+00:00,300+5,standard,rapid,True,outoftime,black,60,Sergeitl,iCe_eNerGyTeaM,2299,2507,-3,3,B41,Sicilian Defense: Kan Variation,8,iCe_eNerGyTeaM,black,Sergeitl,2507,2299,win,1.0
n2dcWjfC,2026-02-01T10:07:21.629000+00:00,600+0,standard,rapid,True,resign,white,95,iCe_eNerGyTeaM,Sciessam,2506,2034,1,-1,B08,"Pirc Defense: Classical Variation, Quiet System, Parma Defense",12,iCe_eNerGyTeaM,white,Sciessam,2506,2034,win,1.0
O18xdPWb,2026-01-31T23:10:27.218000+00:00,900+45,standard,classical,True,outoftime,black,42,iCe_eNerGyTeaM,Dogwoodfish,2336,2066,-12,10,A48,Queen's Pawn Game: Barry Attack,7,iCe_eNerGyTeaM,white,Dogwoodfish,2336,2066,loss,0.0
9A1XA1g0,2026-01-31T20:44:44.327000+00:00,600+0,standard,rapid,True,resign,white,81,iCe_eNerGyTeaM,CitizenK9,2505,2116,1,-6,A43,Benoni Defense: Old Benoni,4,iCe_eNerGyTeaM,white,CitizenK9,2505,2116,win,1.0
YXc6xIMO,2026-01-31T20:09:30.976000+00:00,420+2,standard,rapid,True,resign,black,70,franuli_preso,iCe_eNerGyTeaM,2239,2502,-16,3,A00,Hungarian Opening,1,iCe_eNerGyTeaM,black,franuli_preso,2502,2239,win,1.0
zKn59bo7,2026-01-31T19:21:17.251000+00:00,600+5,standard,rapid,True,resign,white,35,iCe_eNerGyTeaM,arnofsky,2501,2135,1,-2,A48,"Queen's Pawn Game: Barry Attack, Grünfeld Variation",11,iCe_eNerGyTeaM,white,arnofsky,2501,2135,win,1.0
qjxzSw3i,2026-01-31T01:04:59.669000+00:00,480+0,standard,rapid,True,resign,white,17,iCe_eNerGyTeaM,Fjkvd,2498,2283,3,-2,D03,Queen's Pawn Game: Torre Attack,5,iCe_eNerGyTeaM,white,Fjkvd,2498,2283,win,1.0
K7nQfkx3,2026-01-29T20:49:22.355000+00:00,900+0,standard,rapid,True,resign,black,142,GranMarreco,iCe_eNerGyTeaM,2019,2497,-1,1,B00,"Nimzowitsch Defense: Kennedy Variation, Paulsen Attack",7,iCe_eNerGyTeaM,black,GranMarreco,2497,2019,win,1.0
x5eLYaYd,2026-01-28T20:03:07.651000+00:00,240+30,standard,rapid,True,timeout,black,46,GellerEfim,iCe_eNerGyTeaM,2165,2495,-6,2,B00,Nimzowitsch Defense: Williams Variation,4,iCe_eNerGyTeaM,black,GellerEfim,2495,2165,win,1.0
JPhSQA51,2026-01-28T10:33:11.681000+00:00,180+0,standard,blitz,True,resign,white,53,MI-2025,iCe_eNerGyTeaM,2512,2532,6,-5,B00,Nimzowitsch Defense: Williams Variation,4,iCe_eNerGyTeaM,black,MI-2025,2532,2512,loss,0.0
UiPgviH8,2026-01-28T01:44:00.604000+00:00,180+0,standard,blitz,True,outoftime,white,123,GabrielPerezPerez,iCe_eNerGyTeaM,2574,2549,6,-5,D00,Queen's Pawn Game,2,iCe_eNerGyTeaM,black,GabrielPerezPerez,2549,2574,loss,0.0
8V6DBGAR,2026-01-28T01:30:38.579000+00:00,180+0,standard,blitz,True,draw,,106,GabrielPerezPerez,iCe_eNerGyTeaM,2567,2555,-1,0,A40,Mikenas Defense,2,iCe_eNerGyTeaM,black,GabrielPerezPerez,2555,2567,draw,0.5
J8S2riRZ,2026-01-28T00:48:49.756000+00:00,180+0,standard,blitz,True,outoftime,white,107,estocastico,iCe_eNerGyTeaM,2672,2564,4,-4,A40,Mikenas Defense,2,iCe_eNerGyTeaM,black,estocastico,2564,2672,loss,0.0
fx4aoUXe,2026-01-28T00:18:25.641000+00:00,180+0,standard,blitz,True,resign,white,109,DragonRU1,iCe_eNerGyTeaM,2465,2567,7,-7,C70,"Ruy Lopez: Morphy Defense, Classical Defense Deferred",8,iCe_eNerGyTeaM,black,DragonRU1,2567,2465,loss,0.0
srHKn7xU,2026-01-27T23:57:55.644000+00:00,180+0,standard,blitz,True,outoftime,black,136,iCe_eNerGyTeaM,GraysonRorrer,2581,2775,-3,3,A46,Torre Attack: Classical Defense,5,iCe_eNerGyTeaM,white,GraysonRorrer,2581,2775,loss,0.0
dd7DFd9X,2026-01-27T23:53:38.660000+00:00,180+0,standard,blitz,True,resign,black,69,TokChess,iCe_eNerGyTeaM,2481,2576,-4,5,B00,Nimzowitsch Defense: Williams Variation,4,iCe_eNerGyTeaM,black,TokChess,2576,2481,win,1.0
BfWqT7Ny,2026-01-27T23:23:06.546000+00:00,180+0,standard,blitz,True,resign,white,41,hyperreal,iCe_eNerGyTeaM,2639,2581,5,-5,A10,English Opening: Anglo-Lithuanian Variation,2,iCe_eNerGyTeaM,black,hyperreal,2581,2639,loss,0.0
Wf3OzzkD,2026-01-27T11:22:06.023000+00:00,1500+10,standard,classical,True,draw,,88,Morozevich_Is_Back,iCe_eNerGyTeaM,2114,2339,18,-3,B00,Nimzowitsch Defense,2,iCe_eNerGyTeaM,black,Morozevich_Is_Back,2339,2114,draw,0.5
UT5fWigh,2026-01-27T10:48:00.945000+00:00,60+0,kingOfTheHill,bullet,True,outoftime,white,77,iCe_eNerGyTeaM,adiosamigos,2280,2057,4,-3,D02,Queen's Pawn Game: Zukertort Variation,3,iCe_eNerGyTeaM,white,adiosamigos,2280,2057,win,1.0
MTjK0g0W,2026-01-27T10:22:26.391000+00:00,180+0,standard,blitz,True,outoftime,white,129,iCe_eNerGyTeaM,LazyCat11,2574,2452,4,-3,A48,"Queen's Pawn Game: Barry Attack, Grünfeld Variation",11,iCe_eNerGyTeaM,white,LazyCat11,2574,2452,win,1.0
OTnYq2s5,2026-01-27T10:03:14.458000+00:00,180+0,standard,blitz,True,draw,,50,Gnechko_Ruslan,iCe_eNerGyTeaM,2494,2575,1,-1,B00,Nimzowitsch Defense,2,iCe_eNerGyTeaM,black,Gnechko_Ruslan,2575,2494,draw,0.5
Ln72EhWm,2026-01-27T09:36:44.174000+00:00,180+0,standard,blitz,True,resign,white,75,iCe_eNerGyTeaM,Likoss2020,2571,2463,4,-4,B08,"Pirc Defense: Classical Variation, Quiet System",9,iCe_eNerGyTeaM,white,Likoss2020,2571,2463,win,1.0
mICLQYtN,2026-01-26T20:26:15.009000+00:00,180+0,standard,blitz,True,resign,white,35,iCe_eNerGyTeaM,ifeelfreedom,2566,2506,5,-5,D03,Queen's Pawn Game: Torre Attack,5,iCe_eNerGyTeaM,white,ifeelfreedom,2566,2506,win,1.0
dFj6bVVQ,2026-01-26T19:51:37.854000+00:00,180+0,standard,blitz,True,timeout,white,39,jfg21,iCe_eNerGyTeaM,2505,2555,6,-6,B00,Nimzowitsch Defense: Williams Variation,4,iCe_eNerGyTeaM,black,jfg21,2555,2505,loss,0.0
UbdWtN2w,2026-01-26T19:45:35.133000+00:00,180+0,standard,blitz,True,outoftime,white,105,iCe_eNerGyTeaM,jfg21,2550,2510,5,-5,A46,Indian Defense: Wade-Tartakower Defense,4,iCe_eNerGyTeaM,white,jfg21,2550,2510,win,1.0
so13Qmrx,2026-01-26T19:39:19.685000+00:00,180+0,standard,blitz,True,outoftime,white,115,jfg21,iCe_eNerGyTeaM,2503,2557,7,-7,A04,Zukertort Opening: Black Mustang Defense,2,iCe_eNerGyTeaM,black,jfg21,2557,2503,loss,0.0
Nuz8VCYg,2026-01-26T18:49:39.560000+00:00,180+0,standard,blitz,True,resign,black,76,iCe_eNerGyTeaM,Bobance,2561,2628,-4,9,D11,Slav Defense: Modern Line,5,iCe_eNerGyTeaM,white,Bobance,2561,2628,loss,0.0
wIIPIWB6,2026-02-01T10:34:21.659000+00:00,180+0,standard,blitz,True,mate,white,85,TAsad10,RisingPhoenix33,2895,2697,2,-3,E32,Nimzo-Indian Defense: Classical Variation,7,RisingPhoenix33,black,TAsad10,2697,2895,loss,0.0
boaJ2ylS,2026-02-01T10:30:22.301000+00:00,180+0,standard,blitz,True,resign,black,108,matteorf2b,RisingPhoenix33,2653,2692,-5,5,A04,Zukertort Opening: Queenside Fianchetto Variation,2,RisingPhoenix33,black,matteorf2b,2692,2653,win,1.0
qUXEtaML,2026-02-01T10:25:14.588000+00:00,180+0,standard,blitz,True,mate,black,120,RisingPhoenix33,matteorf2b,2698,2646,-6,7,A01,Nimzo-Larsen Attack: Symmetrical Variation,2,RisingPhoenix33,white,matteorf2b,2698,2646,loss,0.0
wLaDNCRN,2026-02-01T10:19:09.801000+00:00,180+0,standard,blitz,True,draw,,222,matteorf2b,RisingPhoenix33,2646,2699,0,-1,D02,Queen's Pawn Game: London System,5,RisingPhoenix33,black,matteorf2b,2699,2646,draw,0.5
iFAJbdCS,2026-02-01T10:13:53.334000+00:00,180+0,standard,blitz,True,mate,white,97,RisingPhoenix33,superpower4,2695,2602,4,-4,C42,Petrov's Defense: French Attack,9,RisingPhoenix33,white,superpower4,2695,2602,win,1.0
GQfS5Vxq,2026-01-30T16:06:55.841000+00:00,600+0,standard,rapid,True,resign,white,65,RisingPhoenix33,Anatolianchess,2623,2803,18,-21,C02,"French Defense: Advance Variation, Euwe Variation",10,RisingPhoenix33,white,Anatolianchess,2623,2803,win,1.0
IDoHHtbs,2026-01-30T15:07:48.302000+00:00,180+0,standard,blitz,True,resign,white,63,jkaRUSSIA,RisingPhoenix33,2615,2710,7,-7,E08,Catalan Opening: Closed,21,RisingPhoenix33,black,jkaRUSSIA,2710,2615,loss,0.0
LyIrdflx,2026-01-28T12:07:36.002000+00:00,180+0,standard,blitz,True,mate,white,71,RisingPhoenix33,Chomuszka,2712,2515,2,-2,C18,"French Defense: Winawer Variation, Classical Variation",12,RisingPhoenix33,white,Chomuszka,2712,2515,win,1.0
5zNvX5t3,2026-01-28T11:56:56.236000+00:00,180+0,standard,blitz,True,mate,black,152,Wild_of_luck,RisingPhoenix33,2635,2707,-4,5,E11,Bogo-Indian Defense: Retreat Variation,13,RisingPhoenix33,black,Wild_of_luck,2707,2635,win,1.0
v47LMKsk,2026-01-28T11:51:57.817000+00:00,180+0,standard,blitz,True,resign,black,70,RisingPhoenix33,liczner,2711,2796,-4,5,B13,"Caro-Kann Defense: Exchange Variation, Rubinstein Variation",11,RisingPhoenix33,white,liczner,2711,2796,loss,0.0
0XrogeBz,2026-01-28T11:34:41.637000+00:00,180+0,standard,blitz,True,resign,black,40,Chigorinez,RisingPhoenix33,2703,2697,-6,6,C24,Bishop's Opening: Vienna Hybrid,7,RisingPhoenix33,black,Chigorinez,2697,2703,win,1.0
Df3rux9X,2026-01-27T19:06:02.142000+00:00,180+0,standard,blitz,True,resign,white,83,KoSCHeI2017,RisingPhoenix33,2577,2688,7,-8,B01,Scandinavian Defense: Valencian Variation,6,RisingPhoenix33,black,KoSCHeI2017,2688,2577,loss,0.0
8zal7T5J,2026-01-27T13:35:11.327000+00:00,180+0,standard,blitz,True,mate,black,120,RisingPhoenix33,Tyrann,2696,2598,-8,33,B00,Owen Defense,2,RisingPhoenix33,white,Tyrann,2696,2598,loss,0.0
1G5FHWba,2026-01-14T15:46:15.394000+00:00,2 days per move,standard,correspondence,True,resign,white,66,RisingPhoenix33,Fegatello_attack,2286,2232,40,-10,C45,Scotch Game: Potter Variation,9,RisingPhoenix33,white,Fegatello_attack,2286,2232,win,1.0
xi2ny55M,2026-01-22T12:27:53.958000+00:00,180+0,standard,blitz,True,resign,black,54,cn_ua,RisingPhoenix33,2692,2709,-5,6,A09,Réti Opening: Advance Variation,4,RisingPhoenix33,black,cn_ua,2709,2692,win,1.0
OKKBpczL,2026-01-22T10:10:23.856000+00:00,180+0,standard,blitz,True,resign,black,62,Apjoshua,RisingPhoenix33,2538,2689,-3,3,B01,Scandinavian Defense,2,RisingPhoenix33,black,Apjoshua,2689,2538,win,1.0
jssn8sOy,2026-01-22T09:53:41.709000+00:00,180+0,standard,blitz,True,mate,black,188,RisingPhoenix33,damestar,2700,2603,-7,12,A00,Hungarian Opening,1,RisingPhoenix33,white,damestar,2700,2603,loss,0.0
z96YcrMj,2026-01-22T09:48:43.740000+00:00,180+0,standard,blitz,True,mate,black,44,RisingPhoenix33,damestar,2722,2591,-8,14,C54,"Italian Game: Classical Variation, Giuoco Pianissimo",14,RisingPhoenix33,white,damestar,2722,2591,loss,0.0
VeUKJh7z,2026-01-20T18:21:47.024000+00:00,180+0,standard,blitz,True,outoftime,black,190,manneredmonkey,RisingPhoenix33,2580,2711,-4,4,A10,English Opening: Anglo-Scandinavian Defense,2,RisingPhoenix33,black,manneredmonkey,2711,2580,win,1.0
6YDhViUy,2026-01-20T18:15:21.817000+00:00,180+0,standard,blitz,True,mate,black,166,RisingPhoenix33,SublimeWarrior,2716,2763,-5,5,C54,"Italian Game: Classical Variation, Giuoco Pianissimo",10,RisingPhoenix33,white,SublimeWarrior,2716,2763,loss,0.0
sFqlNZ7Q,2026-01-19T17:59:43.700000+00:00,180+0,standard,blitz,True,mate,black,108,RisingPhoenix33,Kamo_Gurtovoy85,2721,2560,-8,8,B33,Sicilian Defense: Open,8,RisingPhoenix33,white,Kamo_Gurtovoy85,2721,2560,loss,0.0
v9sUzHjH,2026-01-19T17:52:59.946000+00:00,180+0,standard,blitz,True,resign,white,121,RisingPhoenix33,cn_ua,2721,2688,5,-5,C00,French Defense: Schlechter Variation,5,RisingPhoenix33,white,cn_ua,2721,2688,win,1.0
XcrZExGc,2026-01-19T17:23:07.704000+00:00,180+0,standard,blitz,True,resign,white,49,RisingPhoenix33,Sultai,2713,2551,3,-4,B90,Sicilian Defense: Najdorf Variation,10,RisingPhoenix33,white,Sultai,2713,2551,win,1.0
NlCFZPir,2026-01-19T13:28:59.636000+00:00,180+0,standard,blitz,True,outoftime,black,196,Q_chezz,RisingPhoenix33,2696,2703,-6,6,E04,Catalan Opening: Open Defense,9,RisingPhoenix33,black,Q_chezz,2703,2696,win,1.0
Dq9mwDSh,2026-01-18T16:25:14.070000+00:00,180+2,chess960,blitz,True,mate,white,67,GrotekY,RisingPhoenix33,1996,2384,10,-11,,,,RisingPhoenix33,black,GrotekY,2384,1996,loss,0.0
7zmGI5c0,2026-01-18T16:16:08.681000+00:00,180+2,chess960,blitz,True,mate,black,102,RisingPhoenix33,MIT-kA,2391,2325,-7,32,,,,RisingPhoenix33,white,MIT-kA,2391,2325,loss,0.0
P3Aqx52N,2026-01-18T16:00:01.573000+00:00,180+2,chess960,blitz,True,resign,white,49,RisingPhoenix33,justiniano565,2385,2299,4,-5,,,,RisingPhoenix33,white,justiniano565,2385,2299,win,1.0
t0omYKmg,2026-01-18T12:22:38.370000+00:00,180+0,standard,blitz,True,mate,white,93,RisingPhoenix33,Schlotterschock5000,2691,2604,5,-4,C55,"Italian Game: Two Knights Defense, Modern Bishop's Opening",7,RisingPhoenix33,white,Schlotterschock5000,2691,2604,win,1.0
oiVJ1FZf,2026-01-18T11:46:26.534000+00:00,180+0,standard,blitz,True,outoftime,black,170,RookNinja,RisingPhoenix33,2535,2673,-4,4,D02,Queen's Pawn Game: London System,5,RisingPhoenix33,black,RookNinja,2673,2535,win,1.0
xpDt3KPj,2026-01-17T13:53:08.382000+00:00,600+0,standard,rapid,True,resign,white,82,RisingPhoenix33,sparking-genio,2615,2543,8,-5,C54,"Italian Game: Classical Variation, Giuoco Pianissimo",10,RisingPhoenix33,white,sparking-genio,2615,2543,win,1.0
H8tRSi25,2026-02-01T17:35:04.508000+00:00,15+0,standard,ultraBullet,True,outoftime,white,69,Klassica,Fizzince,1592,2218,14,-12,C00,French Defense: King's Indian Attack,3,Fizzince,black,Klassica,2218,1592,loss,0.0
atSUaZ57,2026-01-31T19:56:30.689000+00:00,30+0,standard,bullet,True,mate,black,74,Fizzince,HakanKaplanAntalya,2787,2391,-11,10,A04,Zukertort Opening: Pirc Invitation,2,Fizzince,white,HakanKaplanAntalya,2787,2391,loss,0.0
yTsQ1ZAj,2026-01-31T19:46:32.027000+00:00,30+0,standard,bullet,True,resign,black,42,Fizzince,anenmohamed,2791,2125,-11,11,A00,Hungarian Opening: Indian Defense,2,Fizzince,white,anenmohamed,2791,2125,loss,0.0
1x4tEcFh,2026-01-31T19:07:53.810000+00:00,30+0,standard,bullet,True,outoftime,white,123,Fizzince,Twink_2011,2787,2582,3,-2,D02,Queen's Pawn Game: Symmetrical Variation,4,Fizzince,white,Twink_2011,2787,2582,win,1.0
rtkTKKC1,2026-01-31T19:07:00.250000+00:00,30+0,standard,bullet,True,resign,black,44,Masimuz,Fizzince,2509,2785,-2,2,A04,Zukertort Opening: Queen's Gambit Invitation,2,Fizzince,black,Masimuz,2785,2509,win,1.0
5YmHJXFU,2026-01-31T18:55:19.754000+00:00,30+0,standard,bullet,True,resign,black,46,Fizzince,fecherman,2794,2476,-10,11,A00,Hungarian Opening,1,Fizzince,white,fecherman,2794,2476,loss,0.0
wtvXDTdk,2026-01-31T04:54:34.754000+00:00,15+0,standard,ultraBullet,True,outoftime,white,65,Superboy16,Fizzince,1748,2231,16,-11,C00,French Defense: Queen's Knight,3,Fizzince,black,Superboy16,2231,1748,loss,0.0
x1D8jXT0,2026-01-30T21:57:51.276000+00:00,1200+10,standard,classical,True,resign,black,74,Moussardraser,Fizzince,2381,2332,-8,19,D00,"Queen's Pawn Game: Accelerated London System, Steinitz Countergambit",4,Fizzince,black,Moussardraser,2332,2381,win,1.0
8oIg3i5C,2026-01-30T21:03:37.526000+00:00,1200+10,standard,classical,True,outoftime,black,64,freehumanity,Fizzince,2170,2322,-4,10,B40,"Sicilian Defense: French Variation, Normal",8,Fizzince,black,freehumanity,2322,2170,win,1.0
EUUiltl2,2026-01-30T21:02:36.283000+00:00,1200+10,standard,classical,True,resign,black,18,thenightforvlad,Fizzince,1954,2318,-4,4,B45,"Sicilian Defense: Four Knights Variation, Exchange Variation",11,Fizzince,black,thenightforvlad,2318,1954,win,1.0
62oVzdgS,2026-01-30T18:45:42.281000+00:00,1200+10,standard,classical,True,mate,white,117,Fizzince,Ahmed_Elmogy,2307,2176,11,-8,D41,Queen's Gambit Declined: Semi-Tarrasch Defense,9,Fizzince,white,Ahmed_Elmogy,2307,2176,win,1.0
XH2Xxr7x,2026-01-30T18:37:23.960000+00:00,1200+10,standard,classical,True,resign,black,24,Dolphin5619,Fizzince,1989,2302,-2,5,C02,"French Defense: Advance Variation, Milner-Barry Gambit",11,Fizzince,black,Dolphin5619,2302,1989,win,1.0
PFk5h4uC,2026-01-30T17:58:26.795000+00:00,1200+10,standard,classical,True,mate,black,122,yuvaneshm1,Fizzince,1866,2298,-2,4,B45,Sicilian Defense: Four Knights Variation,10,Fizzince,black,yuvaneshm1,2298,1866,win,1.0
7lFTSK95,2026-01-30T17:40:44.735000+00:00,1200+10,standard,classical,True,resign,white,97,Fizzince,Luck-is-Skill,2288,2130,10,-6,A57,Benko Gambit,6,Fizzince,white,Luck-is-Skill,2288,2130,win,1.0
f672FCVx,2026-01-30T17:33:21.388000+00:00,1200+10,standard,classical,True,mate,white,41,Fizzince,VadimP16,2287,1632,1,0,D41,Queen's Gambit Declined: Semi-Tarrasch Defense,9,Fizzince,white,VadimP16,2287,1632,win,1.0
yHnW2mjg,2026-01-30T17:19:31.686000+00:00,1200+10,standard,classical,True,resign,black,54,Vodka-For-All,Fizzince,2112,2275,-4,12,B21,"Sicilian Defense: Smith-Morra Gambit Accepted, Pin Defense",12,Fizzince,black,Vodka-For-All,2275,2112,win,1.0
ldwOqGpA,2026-01-30T04:45:29.335000+00:00,15+0,standard,ultraBullet,True,outoftime,white,73,ltzRealMe,Fizzince,1565,2218,11,-12,A40,Horwitz Defense,2,Fizzince,black,ltzRealMe,2218,1565,loss,0.0
JCGkBNx3,2026-01-30T04:44:27.927000+00:00,15+0,standard,ultraBullet,True,mate,black,90,Fizzince,Lera-2009,2228,1801,-10,11,A00,Hungarian Opening: Indian Defense,2,Fizzince,white,Lera-2009,2228,1801,loss,0.0
PUUa05IZ,2026-01-30T03:58:40.424000+00:00,30+0,standard,bullet,True,outoftime,white,71,Fizzince,A2H1to8,2702,2229,1,-1,A04,Zukertort Opening: Dutch Variation,2,Fizzince,white,A2H1to8,2702,2229,win,1.0
E9CJlzyD,2026-01-29T21:54:11.893000+00:00,600+0,standard,rapid,True,resign,white,49,tomcio1986,Fizzince,2156,2402,9,-17,B23,Sicilian Defense: Closed,4,Fizzince,black,tomcio1986,2402,2156,loss,0.0
xOicUmKa,2026-01-29T21:24:16.702000+00:00,600+0,standard,rapid,True,resign,black,82,Chiprian,Fizzince,2296,2387,-5,9,B21,"Sicilian Defense: Smith-Morra Gambit Accepted, Pin Defense",12,Fizzince,black,Chiprian,2387,2296,win,1.0
Iw2jkpRi,2026-01-28T22:50:13.146000+00:00,15+0,standard,ultraBullet,True,outoftime,black,88,Fizzince,Alessandro_6bpromo,2225,1974,-9,10,A00,Hungarian Opening: Myers Defense,2,Fizzince,white,Alessandro_6bpromo,2225,1974,loss,0.0
09JJNZAB,2026-01-28T17:46:34.827000+00:00,300+0,standard,blitz,True,resign,white,81,Marti_G,Fizzince,2018,2402,10,-20,A09,Réti Opening: Advance Variation,4,Fizzince,black,Marti_G,2402,2018,loss,0.0
1sSYn0d3,2026-01-28T17:20:22.784000+00:00,300+0,standard,blitz,True,mate,white,47,Fizzince,Andresemchessman,2402,1634,0,-1,A46,Indian Defense: Wade-Tartakower Defense,4,Fizzince,white,Andresemchessman,2402,1634,win,1.0
YDUfa6jf,2026-01-28T03:55:07.840000+00:00,15+0,standard,ultraBullet,True,mate,black,88,Pekshev_Daniil,Fizzince,1598,2221,-1,1,A00,Van Geet Opening,1,Fizzince,black,Pekshev_Daniil,2221,1598,win,1.0
8hTpz6xe,2026-01-28T03:53:25.501000+00:00,15+0,standard,ultraBullet,True,outoftime,black,100,Pekshev_Daniil,Fizzince,1592,2219,-1,0,A00,Van Geet Opening,1,Fizzince,black,Pekshev_Daniil,2219,1592,win,1.0
gC6h49QR,2026-01-27T19:20:43.384000+00:00,180+0,standard,blitz,True,resign,white,82,MER_Chess,Fizzince,2091,2421,11,-19,B23,Sicilian Defense: Closed,4,Fizzince,black,MER_Chess,2421,2091,loss,0.0
b3siRbv9,2026-01-24T21:52:53.671000+00:00,15+0,standard,ultraBullet,True,outoftime,white,53,TimurMMA,Fizzince,1627,2208,12,-13,A40,Horwitz Defense,2,Fizzince,black,TimurMMA,2208,1627,loss,0.0
hNwqSEnC,2026-01-24T17:34:41.912000+00:00,30+0,standard,bullet,True,mate,white,65,kavarav,Fizzince,2282,2723,11,-13,C00,French Defense: Carlson Gambit,7,Fizzince,black,kavarav,2723,2282,loss,0.0
mDg7pjws,2026-01-23T20:24:22.715000+00:00,1200+10,standard,classical,True,resign,black,50,oietio,Fizzince,1445,2275,-1,0,B00,Nimzowitsch Defense: Declined Variation,3,Fizzince,black,oietio,2275,1445,win,1.0
KUEBWwvu,2026-02-01T14:01:03.431000+00:00,600+0,standard,rapid,True,resign,black,72,Sposiatis,gek76,2323,2432,-5,6,E14,Queen's Indian Defense: Spassky System,7,gek76,black,Sposiatis,2432,2323,win,1.0
l114OEDD,2026-02-01T08:18:46.750000+00:00,600+0,standard,rapid,True,resign,white,53,cramnhebgnal,gek76,2457,2445,18,-8,B03,"Alekhine Defense: Four Pawns Attack, Main Line",13,gek76,black,cramnhebgnal,2445,2457,loss,0.0
ajCEObn6,2026-02-01T08:00:26.740000+00:00,600+0,standard,rapid,True,resign,white,109,gek76,ChessHeaven,2438,2410,7,-55,A45,Trompowsky Attack,3,gek76,white,ChessHeaven,2438,2410,win,1.0
FW2xWJSK,2026-01-31T16:40:55.255000+00:00,180+0,standard,blitz,True,resign,white,53,gek76,Katschberg,2431,1923,1,-1,D00,Queen's Pawn Game: Levitsky Attack,3,gek76,white,Katschberg,2431,1923,win,1.0
TNYW4Hwb,2026-01-31T07:23:09.984000+00:00,180+0,standard,blitz,True,resign,white,37,OlegIvanov123,gek76,2407,2436,6,-6,D01,Richter-Veresov Attack,5,gek76,black,OlegIvanov123,2436,2407,loss,0.0
FEJsZBWP,2026-01-31T07:20:01.510000+00:00,180+0,standard,blitz,True,resign,white,37,gek76,ooga_chaka,2433,2312,3,-3,A45,Trompowsky Attack,3,gek76,white,ooga_chaka,2433,2312,win,1.0
BuzdWmrL,2026-01-31T06:35:04.762000+00:00,180+0,standard,blitz,True,mate,white,69,castel16,gek76,1870,2444,11,-11,B02,Alekhine Defense: Sämisch Attack,5,gek76,black,castel16,2444,1870,loss,0.0
XK2u8QJK,2026-01-31T05:40:29.951000+00:00,180+0,standard,blitz,True,mate,white,37,gek76,Ishaan7296,2440,1827,1,-1,D00,Queen's Pawn Game: Levitsky Attack,3,gek76,white,Ishaan7296,2440,1827,win,1.0
8d82lJ0e,2026-01-30T19:41:54.130000+00:00,1200+10,standard,classical,True,resign,black,54,Ioakim,gek76,1801,2440,-1,0,E18,"Queen's Indian Defense: Classical Variation, Traditional Variation",13,gek76,black,Ioakim,2440,1801,win,1.0
MP4dLZIT,2026-01-29T20:00:37.501000+00:00,300+0,standard,blitz,True,mate,black,50,gek76,mqmommyy,2440,2289,-8,33,D00,Queen's Pawn Game: Levitsky Attack,3,gek76,white,mqmommyy,2440,2289,loss,0.0
WUl62d8O,2026-01-28T05:17:39.509000+00:00,180+0,standard,blitz,True,mate,white,47,gek76,user12112,2437,1780,0,0,D00,Queen's Pawn Game: Levitsky Attack,3,gek76,white,user12112,2437,1780,win,1.0
pehi5lmk,2026-01-27T03:26:34.609000+00:00,300+0,standard,blitz,True,outoftime,white,113,gek76,ShamneAnton,2430,2177,2,-2,A45,Trompowsky Attack,3,gek76,white,ShamneAnton,2430,2177,win,1.0
dI7rSlm4,2026-01-26T21:23:29.047000+00:00,180+0,standard,blitz,True,resign,black,46,Chesszd,gek76,2248,2419,-3,3,A02,Bird Opening,1,gek76,black,Chesszd,2419,2248,win,1.0
qFANb8Au,2026-01-25T19:30:02.624000+00:00,180+0,standard,blitz,True,resign,white,70,gek76,Respectful_Dave,2432,2531,7,-7,A41,Queen's Pawn Game,2,gek76,white,Respectful_Dave,2432,2531,win,1.0
TePiprty,2026-01-25T18:17:57.537000+00:00,600+0,standard,rapid,True,resign,black,130,gek76,wealthtaxesuk,2464,2402,-12,13,A45,Trompowsky Attack: Classical Defense,4,gek76,white,wealthtaxesuk,2464,2402,loss,0.0
gBL9YeON,2026-01-25T16:40:44.329000+00:00,600+0,standard,rapid,True,resign,white,79,Alexey_Demyanenko,gek76,2342,2476,9,-12,A13,English Opening: Agincourt Defense,2,gek76,black,Alexey_Demyanenko,2476,2342,loss,0.0
e71qx9X7,2026-01-25T12:16:52.177000+00:00,60+1,standard,bullet,True,resign,black,36,Sandro-1982,gek76,2016,2481,0,1,B01,Scandinavian Defense: Main Line,6,gek76,black,Sandro-1982,2481,2016,win,1.0
zyAkaQxR,2026-01-25T11:30:46.400000+00:00,300+0,standard,blitz,True,resign,white,59,BabbelNet,gek76,2093,2444,10,-10,D00,Blackmar-Diemer Gambit Declined: Langeheinicke Defense,8,gek76,black,BabbelNet,2444,2093,loss,0.0
0gNbffw9,2026-01-24T21:43:14.576000+00:00,180+0,standard,blitz,True,resign,white,37,gek76,mortymedjay,2439,1424,0,0,D00,Queen's Pawn Game: Levitsky Attack,3,gek76,white,mortymedjay,2439,1424,win,1.0
sDt5BF7n,2026-01-24T19:49:21.963000+00:00,180+0,standard,blitz,True,resign,white,113,gek76,Sandro88,2424,2440,6,-5,A40,Queen's Pawn Game,1,gek76,white,Sandro88,2424,2440,win,1.0
ZBOC3qrD,2026-01-24T19:44:22.186000+00:00,180+0,standard,blitz,True,resign,white,75,El_gallo_negro,gek76,2047,2434,10,-10,A40,Queen's Pawn Game: Modern Defense,2,gek76,black,El_gallo_negro,2434,2047,loss,0.0
YcpzEip8,2026-01-24T17:56:59.137000+00:00,180+0,standard,blitz,True,resign,white,65,gek76,thorchess420,2431,1959,1,-1,A80,Dutch Defense: Raphael Variation,3,gek76,white,thorchess420,2431,1959,win,1.0
hUsSHCQV,2026-01-24T17:50:06.645000+00:00,180+0,standard,blitz,True,mate,white,75,gek76,Patri19,2431,1134,0,0,D00,Queen's Pawn Game: Levitsky Attack,3,gek76,white,Patri19,2431,1134,win,1.0
1kO0BYSC,2026-01-24T08:12:09.324000+00:00,180+0,standard,blitz,True,resign,white,77,Lavr75,gek76,2032,2450,10,-10,E12,"Queen's Indian Defense: Kasparov-Petrosian Variation, Main Line",10,gek76,black,Lavr75,2450,2032,loss,0.0
HJR8PoGN,2026-01-23T19:29:25.471000+00:00,180+0,standard,blitz,True,mate,white,57,gek76,FKM1967,2443,1754,1,0,A41,Queen's Pawn Game,2,gek76,white,FKM1967,2443,1754,win,1.0
QIKzWNdt,2026-01-23T18:25:20.793000+00:00,180+0,standard,blitz,True,mate,black,110,kastillov20202,gek76,1976,2447,-1,1,A40,Queen's Pawn Game: Modern Defense,2,gek76,black,kastillov20202,2447,1976,win,1.0
Ek7PkcAf,2026-01-23T15:28:49.830000+00:00,180+0,standard,blitz,True,resign,white,51,gek76,Naoufel,2444,1660,0,0,D00,Queen's Pawn Game: Levitsky Attack,3,gek76,white,Naoufel,2444,1660,win,1.0
6tNsZneA,2026-01-21T19:05:42.917000+00:00,900+60,standard,classical,True,resign,black,142,Kovl13,gek76,2175,2426,-5,6,E18,"Queen's Indian Defense: Classical Variation, Traditional Variation",13,gek76,black,Kovl13,2426,2175,win,1.0
wh6GO2iY,2026-01-21T14:05:13.004000+00:00,180+0,standard,blitz,True,resign,white,43,gek76,steindetopper,2429,1591,0,0,B20,Sicilian Defense: Snyder Variation,3,gek76,white,steindetopper,2429,1591,win,1.0
L6xPCAIp,2026-01-21T13:58:09.027000+00:00,180+0,standard,blitz,True,resign,white,57,Byakagon,gek76,2342,2426,20,-6,B01,Scandinavian Defense: Classical Variation,10,gek76,black,Byakagon,2426,2342,loss,0.0
GiagLXJz,2026-01-28T10:49:22.598000+00:00,60+0,standard,bullet,True,resign,white,63,kingnb,TRAININGRIVAL2025,3122,3002,4,-4,A43,Benoni Defense: Old Benoni,2,kingnb,white,TRAININGRIVAL2025,3122,3002,win,1.0
TB0kaLBX,2026-01-28T09:45:34.825000+00:00,60+0,standard,bullet,True,resign,black,32,Onlybrilliantmoves,kingnb,3100,3081,-8,6,B01,"Scandinavian Defense: Portuguese Gambit, Wuss Variation",7,kingnb,black,Onlybrilliantmoves,3081,3100,win,1.0
Eq3D5xZj,2026-01-28T09:04:56.715000+00:00,60+0,standard,bullet,True,resign,black,48,kingnb,sunchess137,3105,2840,-9,9,A00,Mieses Opening,1,kingnb,white,sunchess137,3105,2840,loss,0.0
iXuV65IJ,2026-01-27T13:23:58.621000+00:00,60+0,standard,bullet,True,mate,black,46,kingnb,woshigeshagua,3077,3070,-6,6,D05,"Queen's Pawn Game: Colle System, Traditional Colle",9,kingnb,white,woshigeshagua,3077,3070,loss,0.0
lWzHwU9N,2026-01-26T07:59:01.779000+00:00,60+0,standard,bullet,True,resign,white,57,HELMUT_LANG,kingnb,2801,3082,10,-9,B01,Scandinavian Defense,2,kingnb,black,HELMUT_LANG,3082,2801,loss,0.0
2usI0Qgx,2026-01-22T15:14:08.676000+00:00,60+0,standard,bullet,True,resign,black,64,kingnb,KostyaRehsibyRussia,3092,3037,-7,7,A46,Indian Defense: Knights Variation,3,kingnb,white,KostyaRehsibyRussia,3092,3037,loss,0.0
6IQIWP8G,2026-01-20T10:05:26.027000+00:00,60+0,standard,bullet,True,resign,black,50,kingnb,Yulkaaa,3050,3206,-4,4,A48,Torre Attack: Fianchetto Defense,5,kingnb,white,Yulkaaa,3050,3206,loss,0.0
TWdYzvo1,2026-01-18T10:49:31.418000+00:00,60+0,standard,bullet,True,mate,black,84,kingnb,Guary1,3063,3143,-5,5,A40,Horwitz Defense,2,kingnb,white,Guary1,3063,3143,loss,0.0
NR5IkH1u,2026-01-18T10:44:09.010000+00:00,60+0,standard,bullet,True,resign,black,54,Guary1,kingnb,3147,3059,-7,7,E91,King's Indian Defense: Orthodox Variation,11,kingnb,black,Guary1,3059,3147,win,1.0
k5VIzsAM,2026-01-18T06:50:17.116000+00:00,60+0,standard,bullet,True,outoftime,black,144,AsoAjedrezMerida,kingnb,2898,3035,-4,4,B01,"Scandinavian Defense: Portuguese Gambit, Elbow Variation",8,kingnb,black,AsoAjedrezMerida,3035,2898,win,1.0
opNdilo6,2026-01-13T12:27:21.030000+00:00,60+0,standard,bullet,True,outoftime,black,150,kingnb,SecretAccount001,3040,3037,-6,6,D05,Queen's Pawn Game: Colle System,7,kingnb,white,SecretAccount001,3040,3037,loss,0.0
FHrsGGmQ,2026-01-12T05:06:01.047000+00:00,60+0,standard,bullet,True,resign,black,66,kingnb,Astrum978best,3051,2707,-10,11,A80,Dutch Defense,2,kingnb,white,Astrum978best,3051,2707,loss,0.0
fSCiFPnH,2026-01-11T06:20:23.496000+00:00,60+0,standard,bullet,True,outoftime,white,125,pingshenmeyaoshiwang,kingnb,3020,3032,6,-6,A06,Zukertort Opening: Reversed Mexican Defense,3,kingnb,black,pingshenmeyaoshiwang,3032,3020,loss,0.0
nvDlR6l0,2026-01-11T06:18:35.955000+00:00,60+0,standard,bullet,True,mate,black,66,kingnb,pingshenmeyaoshiwang,3038,3014,-6,6,A46,Indian Defense: Wade-Tartakower Defense,4,kingnb,white,pingshenmeyaoshiwang,3038,3014,loss,0.0
cVwGzRej,2026-01-10T08:42:45.651000+00:00,60+0,standard,bullet,True,outoftime,white,125,Hovik7,kingnb,2951,3058,7,-7,E62,"King's Indian Defense: Fianchetto Variation, Kavalek Defense",14,kingnb,black,Hovik7,3058,2951,loss,0.0
CorqeR1s,2026-01-10T08:39:05.185000+00:00,60+0,standard,bullet,True,draw,,137,Hovik7,kingnb,2953,3056,2,-1,A41,Queen's Pawn Game,2,kingnb,black,Hovik7,3056,2953,draw,0.5
U6iJ3893,2026-01-10T08:35:15.380000+00:00,60+0,standard,bullet,True,draw,,104,kingnb,shuriks91,3056,3055,0,0,A48,Torre Attack: Fianchetto Defense,5,kingnb,white,shuriks91,3056,3055,draw,0.5
FmHqLUsu,2026-01-09T15:00:35.638000+00:00,60+0,standard,bullet,True,resign,white,103,goltsev2000,kingnb,3065,3081,5,-5,B01,Scandinavian Defense: Modern Variation,4,kingnb,black,goltsev2000,3081,3065,loss,0.0
p0VkEoOD,2026-01-09T14:55:44.330000+00:00,60+0,standard,bullet,True,resign,white,77,kingnb,BatmanBinSuperman,3071,2982,4,-4,D05,Queen's Pawn Game: Colle System,7,kingnb,white,BatmanBinSuperman,3071,2982,win,1.0
BoJU2CDZ,2026-01-09T12:23:58.782000+00:00,60+0,standard,bullet,True,outoftime,black,144,fireheart92,kingnb,3063,3018,-6,6,B06,Modern Defense: Standard Defense,6,kingnb,black,fireheart92,3018,3063,win,1.0
Ushtu3Ol,2026-01-09T05:39:47.211000+00:00,60+0,standard,bullet,True,resign,black,96,BrendanV08,kingnb,2828,3002,-3,3,B01,Scandinavian Defense: Modern Variation,4,kingnb,black,BrendanV08,3002,2828,win,1.0
8ZJNqV52,2026-01-05T14:36:34.487000+00:00,60+0,standard,bullet,True,outoftime,white,123,HelloItsDmitri,kingnb,2828,3030,9,-8,A05,Zukertort Opening,2,kingnb,black,HelloItsDmitri,3030,2828,loss,0.0
Tzew4MfR,2026-01-04T15:27:07.778000+00:00,60+0,standard,bullet,True,mate,black,30,licg,kingnb,2831,3016,-3,3,B01,"Scandinavian Defense: Portuguese Gambit, Correspondence Refutation",9,kingnb,black,licg,3016,2831,win,1.0
BmOiIuBB,2026-01-02T04:29:29.730000+00:00,60+0,standard,bullet,True,mate,black,126,Banjovi,kingnb,2954,3015,-5,5,B01,Scandinavian Defense,2,kingnb,black,Banjovi,3015,2954,win,1.0
k63InXFS,2026-01-02T04:05:44.436000+00:00,60+0,standard,bullet,True,draw,,148,kingnb,shuriks91,3014,3091,1,-1,A48,Torre Attack: Fianchetto Defense,5,kingnb,white,shuriks91,3014,3091,draw,0.5
KFOIUl40,2026-01-01T07:59:01.555000+00:00,60+0,standard,bullet,True,outoftime,black,84,kingnb,Qyzzer,3045,2931,-7,7,A46,Indian Defense: Knights Variation,3,kingnb,white,Qyzzer,3045,2931,loss,0.0
2YTCkHD5,2025-12-31T10:03:56.384000+00:00,60+0,standard,bullet,True,mate,white,151,Dr_Tiger,kingnb,3180,3046,4,-4,B27,Sicilian Defense: Hyperaccelerated Dragon,4,kingnb,black,Dr_Tiger,3046,3180,loss,0.0
O41juSeZ,2025-12-31T09:46:30.776000+00:00,60+0,standard,bullet,True,outoftime,white,127,Dr_Tiger,kingnb,3192,3033,3,-3,A43,Benoni Defense: Old Benoni,3,kingnb,black,Dr_Tiger,3033,3192,loss,0.0
I4gDmDzC,2025-12-31T08:02:52.397000+00:00,60+0,standard,bullet,True,outoftime,black,126,kingnb,MoonlightRider,3047,3117,-5,9,A46,Indian Defense: Knights Variation,3,kingnb,white,MoonlightRider,3047,3117,loss,0.0
hd99tcVh,2025-12-31T04:46:47.144000+00:00,60+0,standard,bullet,True,outoftime,white,83,gakashchess,kingnb,2796,3056,9,-9,B01,"Scandinavian Defense: Portuguese Gambit, Classical Variation",7,kingnb,black,gakashchess,3056,2796,loss,0.0
61s7jEkD,2026-02-01T11:15:45.783000+00:00,300+5,standard,rapid,True,resign,white,105,Alex_Soelden,vasudev9,2576,2245,4,-2,A45,Trompowsky Attack,3,vasudev9,black,Alex_Soelden,2245,2576,loss,0.0
PdK5jJ6r,2026-02-01T11:07:18.726000+00:00,30+0,standard,bullet,True,outoftime,white,85,vasudev9,Hyuii674321678099999,2172,2494,19,-10,A40,Queen's Pawn Game,1,vasudev9,white,Hyuii674321678099999,2172,2494,win,1.0
eVxN5MqV,2026-02-01T05:09:42.913000+00:00,5400+30,standard,classical,True,draw,,87,vasudev9,kenny9900,2372,2554,4,-3,D00,Queen's Pawn Game: Accelerated London System,3,vasudev9,white,kenny9900,2372,2554,draw,0.5
URU3XNCI,2026-01-31T10:06:31.442000+00:00,3600+30,standard,classical,True,resign,white,115,attackbyattack,vasudev9,2403,2392,31,-8,D02,Queen's Pawn Game: Symmetrical Variation,4,vasudev9,black,attackbyattack,2392,2403,loss,0.0
wRIzFeSc,2026-01-29T13:09:52.369000+00:00,1500+10,standard,classical,True,resign,white,61,Meharchinnareddy,vasudev9,2723,2394,17,-2,D38,"Queen's Gambit Declined: Ragozin Defense, Alekhine Variation",9,vasudev9,black,Meharchinnareddy,2394,2723,loss,0.0
0iKxAGAr,2026-01-28T10:30:47.128000+00:00,600+10,standard,rapid,True,resign,black,58,vasudev9,Aleksandr20850,2226,2200,-10,6,A45,Indian Defense: Accelerated London System,3,vasudev9,white,Aleksandr20850,2226,2200,loss,0.0
RI90Zrh9,2026-01-27T12:34:39.125000+00:00,1500+10,standard,classical,True,resign,black,62,vasudev9,Meharchinnareddy,2397,2700,-3,23,D00,"Queen's Pawn Game: Accelerated London System, Steinitz Countergambit",4,vasudev9,white,Meharchinnareddy,2397,2700,loss,0.0
Tghc3E1J,2026-01-25T05:31:17.542000+00:00,900+15,standard,classical,True,resign,white,65,Vlad_Lazarev79,vasudev9,2483,2404,6,-7,D01,Rapport-Jobava System,6,vasudev9,black,Vlad_Lazarev79,2404,2483,loss,0.0
qPXqNLWy,2026-01-24T05:17:49.728000+00:00,5400+30,standard,classical,True,resign,white,71,Demonslayer_23,vasudev9,2388,2401,31,-8,E46,Nimzo-Indian Defense: Normal Variation,8,vasudev9,black,Demonslayer_23,2401,2388,loss,0.0
VjlDyII7,2026-01-23T06:31:25.994000+00:00,480+0,standard,rapid,True,resign,white,85,AKM_AISV6,vasudev9,1873,2212,10,-16,B90,"Sicilian Defense: Najdorf Variation, English Attack",11,vasudev9,black,AKM_AISV6,2212,1873,loss,0.0
9V5c65K5,2026-01-23T05:15:57.245000+00:00,60+1,standard,bullet,True,outoftime,white,89,vasudev9,zlatnakisa33,2163,2447,18,-9,A49,Indian Defense: Przepiorka Variation,5,vasudev9,white,zlatnakisa33,2163,2447,win,1.0
R9n44Krc,2026-01-22T12:07:23.459000+00:00,5400+10,standard,classical,True,resign,black,94,vasudev9,kenny9900,2408,2514,-7,5,A43,Benoni Defense: Old Benoni,4,vasudev9,white,kenny9900,2408,2514,loss,0.0
RtvZNYiY,2026-01-20T14:57:18.401000+00:00,600+10,standard,rapid,True,resign,black,124,vasudev9,Budzynsky,2219,2256,-7,43,A48,London System,5,vasudev9,white,Budzynsky,2219,2256,loss,0.0
O9CFJLfj,2026-01-18T15:04:42.928000+00:00,900+5,standard,rapid,True,resign,white,85,CheessKP,vasudev9,2259,2233,27,-8,B26,Sicilian Defense: Closed,11,vasudev9,black,CheessKP,2233,2259,loss,0.0
NuigYs3G,2026-01-18T02:14:40.760000+00:00,5400+10,standard,classical,True,resign,white,185,kenny9900,vasudev9,2509,2414,5,-6,D01,Rapport-Jobava System,6,vasudev9,black,kenny9900,2414,2509,loss,0.0
1btwvSTs,2026-01-18T01:54:07.432000+00:00,900+0,standard,rapid,True,resign,black,70,vasudev9,helloitsmeyourdaddy,2235,2705,-2,2,D00,"Queen's Pawn Game: Accelerated London System, Steinitz Countergambit",4,vasudev9,white,helloitsmeyourdaddy,2235,2705,loss,0.0
cCkVandg,2026-01-16T13:49:42.043000+00:00,1800+10,standard,classical,True,draw,,146,vasudev9,ChessInsomniac,2416,2333,-2,3,A45,Indian Defense: Accelerated London System,3,vasudev9,white,ChessInsomniac,2416,2333,draw,0.5
h2duoIPu,2026-01-16T13:13:56.086000+00:00,600+3,standard,rapid,True,mate,white,117,meeheey,vasudev9,2244,2244,6,-9,E20,Nimzo-Indian Defense: Kmoch Variation,7,vasudev9,black,meeheey,2244,2244,loss,0.0
fOJ5EPyw,2026-01-15T15:55:53.915000+00:00,180+0,standard,blitz,True,mate,white,59,KingRAZOR,vasudev9,2212,2095,4,-4,B00,St. George Defense,2,vasudev9,black,KingRAZOR,2095,2212,loss,0.0
dENu4C9W,2026-01-15T15:51:42.226000+00:00,180+0,standard,blitz,True,resign,black,66,vasudev9,KingRAZOR,2099,2208,-4,4,A05,Zukertort Opening,2,vasudev9,white,KingRAZOR,2099,2208,loss,0.0
cTW0VGfl,2026-01-15T12:27:02.733000+00:00,300+5,standard,rapid,True,resign,white,49,NilsR,vasudev9,2327,2245,4,-7,E40,Nimzo-Indian Defense: Rubinstein System,7,vasudev9,black,NilsR,2245,2327,loss,0.0
Gz3Kssgh,2026-01-15T11:44:39.648000+00:00,720+15,standard,rapid,True,resign,white,87,Oleg_zp,vasudev9,2495,2249,5,-4,E06,Catalan Opening: Closed,9,vasudev9,black,Oleg_zp,2249,2495,loss,0.0
1LdyXGGw,2026-01-14T09:49:35.787000+00:00,5400+10,standard,classical,True,draw,,105,vasudev9,kenny9900,2414,2515,2,-2,D00,Queen's Pawn Game: Accelerated London System,3,vasudev9,white,kenny9900,2414,2515,draw,0.5
rF2x6Tps,2026-01-13T12:26:22.920000+00:00,180+0,standard,blitz,True,resign,white,53,vasudev9,ZekoAlggadar,2103,2111,5,-6,A05,Zukertort Opening,2,vasudev9,white,ZekoAlggadar,2103,2111,win,1.0
OPoCnP78,2026-01-13T09:26:17.683000+00:00,180+0,standard,blitz,True,resign,white,75,vasudev9,vish0089,2097,2124,6,-6,A04,Zukertort Opening: Queen's Gambit Invitation,2,vasudev9,white,vish0089,2097,2124,win,1.0
gcwxfuC9,2026-01-13T09:22:29.896000+00:00,180+0,standard,blitz,True,resign,black,66,crossdrop,vasudev9,2117,2090,-6,7,B00,St. George Defense,2,vasudev9,black,crossdrop,2090,2117,win,1.0
s2dNVON6,2026-01-12T08:49:01.560000+00:00,5400+30,standard,classical,True,resign,white,59,kenny9900,vasudev9,2506,2420,5,-6,A03,Bird Opening: Dutch Variation,2,vasudev9,black,kenny9900,2420,2506,loss,0.0
y9DOVXHc,2026-01-11T14:44:45.382000+00:00,1020+10,standard,rapid,True,resign,white,36,oxyzt2,vasudev9,2276,2247,5,-9,B21,"Sicilian Defense: Smith-Morra Gambit Accepted, Finegold Defense",16,vasudev9,black,oxyzt2,2247,2276,loss,0.0
mnMrov30,2026-01-11T14:35:10.212000+00:00,180+0,standard,blitz,True,outoftime,black,76,Bazzerle,vasudev9,2110,2063,-6,8,A80,Dutch Defense,2,vasudev9,black,Bazzerle,2063,2110,win,1.0
PlwMSNi1,2026-01-11T14:11:02.814000+00:00,180+0,standard,blitz,True,mate,white,85,Raskol610,vasudev9,2030,2071,7,-8,B00,St. George Defense,2,vasudev9,black,Raskol610,2071,2030,loss,0.0
SATh3NlA,2026-02-01T20:39:25.429000+00:00,180+2,standard,blitz,True,resign,black,76,iyisatranc,Fabsid,2537,2785,-2,3,B18,"Caro-Kann Defense: Classical Variation, Flohr Variation",11,Fabsid,black,iyisatranc,2785,2537,win,1.0
bj2X6Kol,2026-02-01T20:17:45.371000+00:00,180+2,standard,blitz,True,resign,white,137,Fabsid,OpenHighway215,2783,2580,2,-5,D02,Queen's Pawn Game: Symmetrical Variation,4,Fabsid,white,OpenHighway215,2783,2580,win,1.0
6TvPNG2d,2026-02-01T20:05:03.441000+00:00,180+2,standard,blitz,True,outoftime,black,64,gameoftage,Fabsid,2517,2781,-2,2,E05,"Catalan Opening: Open Defense, Classical Line",12,Fabsid,black,gameoftage,2781,2517,win,1.0
yxYNzUqP,2026-02-01T19:50:43.877000+00:00,180+2,standard,blitz,True,draw,,151,ananaskitai,Fabsid,2695,2782,3,-1,B10,Caro-Kann Defense,4,Fabsid,black,ananaskitai,2782,2695,draw,0.5
jV5407z2,2026-02-01T19:38:57.129000+00:00,180+2,standard,blitz,True,outoftime,black,48,Fabsid,gameoftage,2791,2513,-9,10,E10,Indian Defense: Anti-Nimzo-Indian,5,Fabsid,white,gameoftage,2791,2513,loss,0.0
juee5nOS,2026-02-01T19:22:29.220000+00:00,180+2,standard,blitz,True,outoftime,white,77,ananaskitai,Fabsid,2691,2798,15,-7,B10,Caro-Kann Defense,4,Fabsid,black,ananaskitai,2798,2691,loss,0.0
FnKSeJSq,2026-02-01T19:12:32.730000+00:00,180+2,standard,blitz,True,outoftime,white,89,Fabsid,pulpiper,2795,2631,3,-5,E14,Queen's Indian Defense: Spassky System,7,Fabsid,white,pulpiper,2795,2631,win,1.0
NmY2NNF6,2026-02-01T18:54:58.538000+00:00,180+2,standard,blitz,True,outoftime,white,103,Fabsid,zuluagazo,2793,2529,2,-2,D15,Slav Defense: Chebanenko Variation,10,Fabsid,white,zuluagazo,2793,2529,win,1.0
pMaXalUC,2026-02-01T18:43:33.480000+00:00,180+2,standard,blitz,True,resign,black,148,helojess,Fabsid,2613,2790,-3,3,A00,"Polish Opening, with d5",2,Fabsid,black,helojess,2790,2613,win,1.0
amNOciYY,2026-02-01T18:28:21.402000+00:00,180+2,standard,blitz,True,outoftime,black,72,Fabsid,CogitoErgoVinco,2799,2585,-9,9,D11,Slav Defense: Quiet Variation,7,Fabsid,white,CogitoErgoVinco,2799,2585,loss,0.0
EWNb6yU3,2026-02-01T18:17:52.782000+00:00,180+2,standard,blitz,True,resign,black,82,Fabsid,Artur_Arustamyan,2808,2623,-9,8,D27,"Queen's Gambit Accepted: Classical Defense, Main Line",12,Fabsid,white,Artur_Arustamyan,2808,2623,loss,0.0
qD8h2DeN,2026-02-01T18:06:35.249000+00:00,180+2,standard,blitz,True,resign,black,56,MihailRodin,Fabsid,2543,2806,-2,2,B12,"Caro-Kann Defense: Advance Variation, Van der Wiel Attack",7,Fabsid,black,MihailRodin,2806,2543,win,1.0
qCMdI7at,2026-02-01T17:36:26.623000+00:00,180+2,standard,blitz,True,mate,black,50,DoraPony,Fabsid,2505,2804,-2,2,D37,Queen's Gambit Declined: Barmen Variation,8,Fabsid,black,DoraPony,2804,2505,win,1.0
8KqEpNmT,2026-02-01T17:06:52.500000+00:00,180+2,standard,blitz,True,resign,black,106,HowToSafeThis,Fabsid,2495,2802,-2,2,A11,"Réti Opening: Anglo-Slav Variation, Gurevich System",5,Fabsid,black,HowToSafeThis,2802,2495,win,1.0
Sd9pBnJc,2026-02-01T16:53:17.880000+00:00,180+2,standard,blitz,True,resign,white,73,Fabsid,TheCableBox,2797,2739,5,-5,D02,Queen's Pawn Game: Zukertort Variation,3,Fabsid,white,TheCableBox,2797,2739,win,1.0
onpYOK9L,2026-02-01T15:05:56.701000+00:00,180+2,standard,blitz,True,resign,black,78,Fabsid,GSW2022,2805,2656,-8,9,E14,Queen's Indian Defense: Spassky System,7,Fabsid,white,GSW2022,2805,2656,loss,0.0
7tGUKIYE,2026-02-01T14:44:06.702000+00:00,180+2,standard,blitz,True,resign,black,88,Fabsid,Chameleonowitch,2815,2522,-10,19,A41,Robatsch Defense,8,Fabsid,white,Chameleonowitch,2815,2522,loss,0.0
bpoOGYVN,2026-02-01T14:36:17.883000+00:00,180+2,standard,blitz,True,resign,black,54,helojess,Fabsid,2616,2812,-3,3,A00,"Polish Opening, with d5",2,Fabsid,black,helojess,2812,2616,win,1.0
g8sUg8FM,2026-02-01T14:23:46.767000+00:00,180+2,standard,blitz,True,outoftime,black,86,Sacrifice_chaser,Fabsid,2535,2810,-3,2,A06,Zukertort Opening,2,Fabsid,black,Sacrifice_chaser,2810,2535,win,1.0
qdKYjYdW,2026-02-01T14:15:10.764000+00:00,180+2,standard,blitz,True,resign,white,53,Fabsid,PAWNTOE7,2805,2723,5,-5,E11,Bogo-Indian Defense: Grünfeld Variation,7,Fabsid,white,PAWNTOE7,2805,2723,win,1.0
YgGp1g81,2026-02-01T14:03:53.913000+00:00,180+2,standard,blitz,True,resign,black,122,GSW2022,Fabsid,2658,2802,-5,3,E05,"Catalan Opening: Open Defense, Classical Line",12,Fabsid,black,GSW2022,2802,2658,win,1.0
a9QbBwPN,2026-01-26T18:29:54.105000+00:00,180+0,standard,blitz,True,resign,white,39,Fabsid,IQAK,2799,2613,3,-3,E94,"King's Indian Defense: Orthodox Variation, Glek Defense",14,Fabsid,white,IQAK,2799,2613,win,1.0
QpEqAMwk,2026-01-26T18:23:52.681000+00:00,180+0,standard,blitz,True,mate,black,142,IQAK,Fabsid,2616,2796,-3,3,D37,Queen's Gambit Declined: Barmen Variation,8,Fabsid,black,IQAK,2796,2616,win,1.0
NkmGLEyA,2026-01-26T18:18:45.867000+00:00,180+0,standard,blitz,True,resign,white,69,Fabsid,IQAK,2793,2619,3,-3,E94,"King's Indian Defense: Orthodox Variation, Glek Defense",14,Fabsid,white,IQAK,2793,2619,win,1.0
gOudKLcZ,2026-01-26T18:01:35.834000+00:00,180+0,standard,blitz,True,resign,white,81,SublimeWarrior,Fabsid,2810,2798,5,-5,E06,Catalan Opening: Closed,9,Fabsid,black,SublimeWarrior,2798,2810,loss,0.0
1lQKPrec,2026-01-26T17:55:29.040000+00:00,180+0,standard,blitz,True,resign,black,118,Fabsid,SublimeWarrior,2804,2804,-6,6,D91,"Grünfeld Defense: Three Knights Variation, Petrosian System",9,Fabsid,white,SublimeWarrior,2804,2804,loss,0.0
ntS23Zj4,2026-01-26T16:22:10.768000+00:00,180+0,standard,blitz,True,draw,,108,JelenaZ,Fabsid,2588,2807,3,-3,B10,Caro-Kann Defense: Endgame Variation,9,Fabsid,black,JelenaZ,2807,2588,draw,0.5
egQoRAaZ,2026-01-26T16:10:06.267000+00:00,180+0,standard,blitz,True,draw,,102,Fabsid,notrashopenings,2811,2549,-4,4,D02,Queen's Pawn Game: Symmetrical Variation,4,Fabsid,white,notrashopenings,2811,2549,draw,0.5
YAzNmCrO,2026-01-26T15:52:34.272000+00:00,180+0,standard,blitz,True,resign,black,30,jimmy0613,Fabsid,2663,2807,-3,4,A13,"English Opening: Agincourt Defense, Wimpy System",9,Fabsid,black,jimmy0613,2807,2663,win,1.0
oLZXsSQs,2026-01-26T15:42:04.929000+00:00,180+0,standard,blitz,True,resign,black,64,Chigorinez,Fabsid,2694,2803,-4,4,B12,Caro-Kann Defense,4,Fabsid,black,Chigorinez,2803,2694,win,1.0
xmZVmCPx,2026-02-01T21:51:35.389000+00:00,180+2,standard,blitz,True,resign,black,52,Thorwald5,TziotasTz,2428,2498,-5,5,A45,Trompowsky Attack,3,Thorwald5,white,TziotasTz,2428,2498,loss,0.0
0NDVtwfB,2026-02-01T20:39:39.959000+00:00,180+2,standard,blitz,True,resign,black,122,Thorwald5,ShirtOverHeadYesss,2434,2430,-6,6,A45,"Trompowsky Attack: Classical Defense, Big Center Variation",5,Thorwald5,white,ShirtOverHeadYesss,2434,2430,loss,0.0
QeVFXxz4,2026-01-31T23:47:28.544000+00:00,180+2,standard,blitz,True,draw,,125,MarkusAgrippa,Thorwald5,2401,2428,0,0,D11,Slav Defense: Quiet Variation,7,Thorwald5,black,MarkusAgrippa,2428,2401,draw,0.5
4I5dfr1x,2026-01-31T23:37:54.928000+00:00,180+2,standard,blitz,True,resign,white,91,Thorwald5,ahmed765876,2424,2324,4,-4,A45,Indian Defense: Accelerated London System,3,Thorwald5,white,ahmed765876,2424,2324,win,1.0
0KzqFtRW,2026-01-30T20:33:17.543000+00:00,1200+10,standard,classical,True,mate,black,28,Brigkamp,Thorwald5,1641,2408,-1,0,A02,"Bird Opening: From's Gambit, Lasker Variation",10,Thorwald5,black,Brigkamp,2408,1641,win,1.0
9fAv9DK1,2026-01-30T20:18:10.105000+00:00,1200+10,standard,classical,True,resign,white,61,Thorwald5,konrud,2408,1690,0,0,B30,Sicilian Defense: Nyezhmetdinov-Rossolimo Attack,5,Thorwald5,white,konrud,2408,1690,win,1.0
J8D3oyXJ,2026-01-30T20:00:13.949000+00:00,1200+10,standard,classical,True,resign,black,52,polskagurom1,Thorwald5,2018,2405,-5,2,A00,Polish Opening: Bugayev Attack,3,Thorwald5,black,polskagurom1,2405,2018,win,1.0
0FkKnlpn,2026-01-28T21:18:25.029000+00:00,180+2,standard,blitz,True,resign,white,43,PlanAndAttack,Thorwald5,2412,2430,6,-6,D78,"Neo-Grünfeld Defense: Classical Variation, Original Defense",12,Thorwald5,black,PlanAndAttack,2430,2412,loss,0.0
1ashCT47,2026-01-28T17:47:36.302000+00:00,180+0,standard,blitz,True,mate,black,50,Chocolatechip2012,Thorwald5,1727,2430,-1,0,C01,French Defense: Exchange Variation,7,Thorwald5,black,Chocolatechip2012,2430,1727,win,1.0
cAvzWidn,2026-01-28T17:41:31.520000+00:00,180+0,standard,blitz,True,draw,,85,Thorwald5,SHreyanSH29,2434,2128,-4,4,D06,Queen's Gambit Declined: Marshall Defense,4,Thorwald5,white,SHreyanSH29,2434,2128,draw,0.5
iy7o6JuQ,2026-01-28T17:36:01.305000+00:00,180+0,standard,blitz,True,draw,,60,Tuczas,Thorwald5,2038,2438,4,-4,A07,King's Indian Attack: Pachman System,10,Thorwald5,black,Tuczas,2438,2038,draw,0.5
oCzFbeY0,2026-01-28T17:29:09.936000+00:00,180+0,standard,blitz,True,resign,white,61,Thorwald5,XXRedemption,2436,2177,2,-2,C01,French Defense: Exchange Variation,7,Thorwald5,white,XXRedemption,2436,2177,win,1.0
46jsHXyw,2026-01-28T17:22:48.289000+00:00,180+0,standard,blitz,True,mate,black,100,RobertFP,Thorwald5,1552,2436,0,0,C11,"French Defense: Classical Variation, Steinitz Variation",7,Thorwald5,black,RobertFP,2436,1552,win,1.0
7CkGwOtN,2026-01-28T17:16:02.092000+00:00,180+0,standard,blitz,True,outoftime,,123,Thorwald5,rima232322,2442,1863,-6,6,A40,Englund Gambit: Main Line,6,Thorwald5,white,rima232322,2442,1863,draw,0.5
06MPWLnn,2026-01-28T17:10:00.842000+00:00,180+0,standard,blitz,True,mate,black,70,AdhityaRamBalaji,Thorwald5,1824,2441,-1,1,C01,French Defense: Exchange Variation,5,Thorwald5,black,AdhityaRamBalaji,2441,1824,win,1.0
iH3oZqc1,2026-01-26T22:30:33.750000+00:00,180+2,standard,blitz,True,outoftime,white,35,Thorwald5,Essam223,2438,2290,3,-3,A45,Trompowsky Attack,3,Thorwald5,white,Essam223,2438,2290,win,1.0
MQAlO01J,2026-01-26T22:24:09.416000+00:00,180+2,standard,blitz,True,resign,white,45,Thorwald5,MisterQ60,2433,2436,5,-6,A45,"Trompowsky Attack: Classical Defense, Big Center Variation",5,Thorwald5,white,MisterQ60,2433,2436,win,1.0
OUwgwNrf,2026-01-26T22:14:54.471000+00:00,180+2,standard,blitz,True,resign,black,96,Thorwald5,Souffreensilence-stp,2439,2423,-6,7,C01,French Defense: Exchange Variation,7,Thorwald5,white,Souffreensilence-stp,2439,2423,loss,0.0
JDzFWtGP,2026-01-26T22:07:45.026000+00:00,180+2,standard,blitz,True,resign,black,54,MA18,Thorwald5,2386,2434,-6,5,C00,French Defense: La Bourdonnais Variation,3,Thorwald5,black,MA18,2434,2386,win,1.0
qAex5rNL,2026-01-25T17:02:56.536000+00:00,600+5,standard,rapid,True,resign,black,116,Klimenko_Sergey_IM,Thorwald5,2345,2356,-6,7,C02,"French Defense: Advance Variation, Euwe Variation",10,Thorwald5,black,Klimenko_Sergey_IM,2356,2345,win,1.0
qjjsRpUX,2026-01-25T16:31:52.486000+00:00,600+5,standard,rapid,True,draw,,127,Thorwald5,Biglindba,2357,2309,-1,2,A45,"Trompowsky Attack: Classical Defense, Big Center Variation",5,Thorwald5,white,Biglindba,2357,2309,draw,0.5
icxAKuUE,2026-01-25T16:01:26.135000+00:00,600+5,standard,rapid,True,draw,,108,Thorwald5,foggyman,2359,2282,-2,3,A80,Dutch Defense: Hopton Attack,3,Thorwald5,white,foggyman,2359,2282,draw,0.5
ssOFs5mY,2026-01-25T15:30:20.154000+00:00,600+5,standard,rapid,True,resign,black,132,Ngong-A,Thorwald5,2208,2354,-8,5,C01,French Defense: Exchange Variation,7,Thorwald5,black,Ngong-A,2354,2208,win,1.0
KeQwQwXn,2026-01-25T15:00:11.075000+00:00,600+5,standard,rapid,True,mate,white,177,Thorwald5,not_proplayer,2351,2126,3,-19,B00,Pirc Defense,4,Thorwald5,white,not_proplayer,2351,2126,win,1.0
JRfECsHT,2026-01-24T20:29:34.828000+00:00,180+2,standard,blitz,True,stalemate,,144,Thorwald5,Triominos123,2434,2431,0,0,D10,Slav Defense: Exchange Variation,5,Thorwald5,white,Triominos123,2434,2431,draw,0.5
YLdE9Bx7,2026-01-24T20:26:49.228000+00:00,180+2,standard,blitz,True,resign,black,38,OdinCarlsen,Thorwald5,2258,2430,-3,4,D11,Slav Defense: Modern Line,5,Thorwald5,black,OdinCarlsen,2430,2258,win,1.0
En5Ix0BM,2026-01-24T20:17:43.750000+00:00,180+2,standard,blitz,True,draw,,106,siskarLJ,Thorwald5,2437,2430,0,0,C07,"French Defense: Tarrasch Variation, Chistyakov Defense",8,Thorwald5,black,siskarLJ,2430,2437,draw,0.5
q3TsBAr4,2026-01-24T19:50:06.341000+00:00,180+2,standard,blitz,True,outoftime,white,87,Thorwald5,Panocho,2426,2334,4,-4,D06,"Queen's Gambit Declined: Marshall Defense, Tan Gambit",6,Thorwald5,white,Panocho,2426,2334,win,1.0
mXMgwbYk,2026-01-24T19:33:11.737000+00:00,180+2,standard,blitz,True,draw,,173,Soldier1712,Thorwald5,2377,2426,0,0,C07,"French Defense: Tarrasch Variation, Chistyakov Defense",8,Thorwald5,black,Soldier1712,2426,2377,draw,0.5
Ie1ouFzb,2026-01-24T19:14:55.325000+00:00,180+0,standard,blitz,True,mate,white,111,Thorwald5,racecar_ndp,2426,1561,0,0,C57,"Italian Game: Two Knights Defense, Knight Attack, Normal Variation",8,Thorwald5,white,racecar_ndp,2426,1561,win,1.0
aswTBWQ5,2026-01-29T13:51:52.159000+00:00,1500+0,standard,classical,True,resign,white,105,Yuriy_2010,ChesswithChrist,2258,2189,9,-17,C77,"Ruy Lopez: Morphy Defense, Wormald Attack",9,Yuriy_2010,white,ChesswithChrist,2258,2189,win,1.0
nAnFyDfa,2026-01-28T15:25:19.201000+00:00,180+0,standard,blitz,True,outoftime,white,89,jony79,Yuriy_2010,2253,2114,4,-3,D00,Queen's Pawn Game: Levitsky Attack,3,Yuriy_2010,black,jony79,2114,2253,loss,0.0
peJawDlg,2026-01-28T15:08:15.534000+00:00,180+0,standard,blitz,True,mate,white,51,Yuriy_2010,jony79,2092,2257,8,-8,B20,"Sicilian Defense: Wing Gambit, Marshall Variation",5,Yuriy_2010,white,jony79,2092,2257,win,1.0
9zWdex91,2026-01-28T15:03:25.949000+00:00,180+0,standard,blitz,True,outoftime,white,93,FQUIBAN,Yuriy_2010,2027,2098,6,-6,A45,Indian Defense: Accelerated London System,3,Yuriy_2010,black,FQUIBAN,2098,2027,loss,0.0
XVR1DqzM,2026-01-28T14:56:59.865000+00:00,180+0,standard,blitz,True,outoftime,black,116,Yuriy_2010,jony79,2102,2252,-4,4,A00,Polish Opening,1,Yuriy_2010,white,jony79,2102,2252,loss,0.0
UTlFKPms,2026-01-28T14:34:31.464000+00:00,180+0,standard,blitz,True,resign,white,81,Yuriy_2010,FQUIBAN,2095,2018,5,-4,C00,French Defense: Steiner Variation,3,Yuriy_2010,white,FQUIBAN,2095,2018,win,1.0
nkxr1JrH,2026-01-28T14:19:25.273000+00:00,180+0,standard,blitz,True,draw,,161,Yuriy_2010,jony79,2086,2252,2,-2,B20,"Sicilian Defense: Wing Gambit, Marshall Variation",5,Yuriy_2010,white,jony79,2086,2252,draw,0.5
e9DhmdZF,2026-01-28T13:40:00.571000+00:00,180+0,standard,blitz,True,resign,white,81,jony79,Yuriy_2010,2265,2061,2,-3,A45,Indian Defense: Omega Gambit,3,Yuriy_2010,black,jony79,2061,2265,loss,0.0
aqz8N7JV,2026-01-28T12:36:35.379000+00:00,180+0,standard,blitz,True,resign,black,36,Alexander555,Yuriy_2010,1887,2065,-4,3,D00,"Queen's Pawn Game: Chigorin Variation, Irish Gambit",4,Yuriy_2010,black,Alexander555,2065,1887,win,1.0
O9UDMaKG,2026-01-28T12:12:17.514000+00:00,180+0,standard,blitz,True,mate,black,88,Nightstar_Gavin,Yuriy_2010,2248,2053,-29,8,C63,Ruy Lopez: Schliemann Defense,6,Yuriy_2010,black,Nightstar_Gavin,2053,2248,win,1.0
kJC7qVCs,2026-01-28T12:07:33.702000+00:00,180+0,standard,blitz,True,outoftime,black,72,Yuriy_2010,Mr_Chess_4_ever,2063,1656,-10,11,A00,Polish Opening,1,Yuriy_2010,white,Mr_Chess_4_ever,2063,1656,loss,0.0
NyUEAOdP,2026-01-26T18:23:51.262000+00:00,180+0,standard,blitz,True,mate,black,114,Yuriy_2010,kalantaryan,2073,2344,-2,2,A00,Polish Opening: Grigorian Variation,2,Yuriy_2010,white,kalantaryan,2073,2344,loss,0.0
ltdA0Fg0,2026-01-26T18:10:43.722000+00:00,180+0,standard,blitz,True,resign,white,77,kalantaryan,Yuriy_2010,2341,2071,2,-2,E12,"Queen's Indian Defense: Kasparov-Petrosian Variation, Classical Variation",12,Yuriy_2010,black,kalantaryan,2071,2341,loss,0.0
cV599THK,2026-01-26T17:49:40.303000+00:00,180+0,standard,blitz,True,outoftime,,163,Yuriy_2010,kalantaryan,2086,2363,4,-4,B00,Nimzowitsch Defense: Scandinavian Variation,4,Yuriy_2010,white,kalantaryan,2086,2363,draw,0.5
77W5aNql,2026-01-26T17:07:28.717000+00:00,180+0,standard,blitz,True,outoftime,black,74,Yuriy_2010,ChessmonkeyMKR,2101,1710,-11,11,B20,"Sicilian Defense: Wing Gambit, Carlsbad Variation",6,Yuriy_2010,white,ChessmonkeyMKR,2101,1710,loss,0.0
Jb8SEb4F,2026-01-26T16:42:07.692000+00:00,180+0,standard,blitz,True,outoftime,black,76,Yuriy_2010,ChessmonkeyMKR,2113,1703,-10,11,B20,"Sicilian Defense: Wing Gambit, Carlsbad Variation",6,Yuriy_2010,white,ChessmonkeyMKR,2113,1703,loss,0.0
4XYr7kUt,2026-01-26T16:36:26.870000+00:00,180+0,standard,blitz,True,mate,white,83,kalantaryan,Yuriy_2010,2349,2116,2,-3,D02,"Queen's Gambit Declined: Baltic Defense, Pseudo-Slav",8,Yuriy_2010,black,kalantaryan,2116,2349,loss,0.0
ibqQnlWC,2026-01-26T12:47:56.643000+00:00,180+0,standard,blitz,True,mate,black,64,Yuriy_2010,robert1014ind,2150,1880,-9,9,B20,Sicilian Defense: Wing Gambit,3,Yuriy_2010,white,robert1014ind,2150,1880,loss,0.0
pnxTjAfz,2026-01-26T12:42:36.319000+00:00,180+0,standard,blitz,True,outoftime,white,85,xX_OG_Sam_Lolz_Xx,Yuriy_2010,1959,2158,20,-8,A45,Indian Defense: Accelerated London System,3,Yuriy_2010,black,xX_OG_Sam_Lolz_Xx,2158,1959,loss,0.0
XesKbkh4,2026-01-26T11:16:46.497000+00:00,180+0,standard,blitz,True,outoftime,black,94,Yuriy_2010,xX_OG_Sam_Lolz_Xx,2172,2052,-8,34,A00,Polish Opening,1,Yuriy_2010,white,xX_OG_Sam_Lolz_Xx,2172,2052,loss,0.0
14w2dUU0,2026-01-26T10:58:09.123000+00:00,180+0,standard,blitz,True,outoftime,black,90,Yuriy_2010,xX_OG_Sam_Lolz_Xx,2175,2069,-7,39,B20,"Sicilian Defense: Wing Gambit, Marshall Variation",5,Yuriy_2010,white,xX_OG_Sam_Lolz_Xx,2175,2069,loss,0.0
A0PIylG4,2026-01-26T10:45:23.624000+00:00,180+0,standard,blitz,True,outoftime,white,67,Goated_youngster,Yuriy_2010,1865,2180,9,-9,D10,Slav Defense,4,Yuriy_2010,black,Goated_youngster,2180,1865,loss,0.0
aV8v4c6t,2026-01-25T15:20:41.766000+00:00,1800+0,standard,classical,True,mate,black,100,SirEnochial,Yuriy_2010,1969,2254,-20,4,D02,Queen's Pawn Game: Zukertort Variation,3,Yuriy_2010,black,SirEnochial,2254,1969,win,1.0
BRHBKp8A,2026-01-25T14:26:37.498000+00:00,1800+0,standard,classical,True,resign,black,60,SirEnochial,Yuriy_2010,2025,2244,-33,6,D02,Queen's Pawn Game: Krause Variation,4,Yuriy_2010,black,SirEnochial,2244,2025,win,1.0
j6Y7kyPR,2026-01-24T17:33:43.290000+00:00,1800+0,standard,classical,True,outoftime,black,126,Nakaschuk1,Yuriy_2010,2075,2244,-4,7,D02,Queen's Pawn Game: Krause Variation,4,Yuriy_2010,black,Nakaschuk1,2244,2075,win,1.0
Xx0xb9Co,2026-01-24T16:54:04.516000+00:00,1800+0,standard,classical,True,resign,white,61,jthain1,Yuriy_2010,2215,2257,14,-13,D31,Semi-Slav Defense: Marshall Gambit,7,Yuriy_2010,black,jthain1,2257,2215,loss,0.0
18vzY8u2,2026-01-24T16:33:41.059000+00:00,1800+0,standard,classical,True,resign,white,43,Yuriy_2010,Boburjon007,2249,2136,8,-7,C00,French Defense: Steiner Variation,3,Yuriy_2010,white,Boburjon007,2249,2136,win,1.0
68VFJiRp,2026-01-24T15:28:46.692000+00:00,1500+0,standard,classical,True,resign,white,57,boec-2021,Yuriy_2010,2361,2258,6,-9,D10,Slav Defense: Exchange Variation,5,Yuriy_2010,black,boec-2021,2258,2361,loss,0.0
Pa0AAB3G,2026-01-24T15:07:29.929000+00:00,1800+0,standard,classical,True,resign,black,124,Yuriy_2010,OpeningScience,2231,2091,-17,107,C42,Petrov's Defense: Paulsen Attack,7,Yuriy_2010,white,OpeningScience,2231,2091,loss,0.0
1BDRrLZm,2026-01-24T14:15:51.062000+00:00,1800+0,standard,classical,True,resign,white,107,Sac5ensei,Yuriy_2010,2155,2248,12,-17,A01,Nimzo-Larsen Attack: Modern Variation,5,Yuriy_2010,black,Sac5ensei,2248,2155,loss,0.0
AznFYPZh,2026-01-26T10:56:26.919000+00:00,60+0,standard,bullet,True,mate,white,89,defenceboy1,msb2,3129,3115,6,-5,A00,Saragossa Opening,1,defenceboy1,white,msb2,3129,3115,win,1.0
YjPnnk9k,2026-01-21T11:15:22.970000+00:00,60+0,standard,bullet,True,mate,white,111,defenceboy1,indianstar,3114,3092,7,-5,A40,Mikenas Defense,2,defenceboy1,white,indianstar,3114,3092,win,1.0
sAnuMnYJ,2026-01-21T11:09:02.202000+00:00,60+0,standard,bullet,True,mate,white,79,indianstar,defenceboy1,3098,3107,6,-7,A05,King's Indian Attack,4,defenceboy1,black,indianstar,3107,3098,loss,0.0
tTYF8z1t,2026-01-21T11:02:13.088000+00:00,60+0,standard,bullet,True,outoftime,white,117,defenceboy1,indianstar,3108,3097,8,-5,A00,Saragossa Opening,1,defenceboy1,white,indianstar,3108,3097,win,1.0
e4cXsahf,2025-12-21T02:59:42.511000+00:00,60+0,standard,bullet,True,mate,white,159,defenceboy1,tufferguy,3088,3060,8,-5,C11,"French Defense: Classical Variation, Burn Variation, Main Line",14,defenceboy1,white,tufferguy,3088,3060,win,1.0
yhkfWrWv,2025-12-21T02:52:54.047000+00:00,60+0,standard,bullet,True,resign,white,71,defenceboy1,tufferguy,3057,3077,11,-6,A00,Saragossa Opening,1,defenceboy1,white,tufferguy,3057,3077,win,1.0
EeKOxoXD,2025-12-21T02:34:01.778000+00:00,60+0,standard,bullet,True,resign,black,67,defenceboy1,KaiouRetsu,3113,2848,-23,9,A43,"Benoni Defense: Old Benoni, Schmid Variation",6,defenceboy1,white,KaiouRetsu,3113,2848,loss,0.0
nyH2mTsc,2025-12-20T11:34:50.009000+00:00,60+0,standard,bullet,True,mate,black,64,smurf42,defenceboy1,2865,3095,-3,7,D01,Richter-Veresov Attack: Richter Variation,7,defenceboy1,black,smurf42,3095,2865,win,1.0
PfLl5nD7,2025-12-20T01:43:30.264000+00:00,60+0,standard,bullet,True,resign,white,73,defenceboy1,manchesterisred,3098,2979,11,-4,A00,Saragossa Opening,1,defenceboy1,white,manchesterisred,3098,2979,win,1.0
m3LL0gvj,2025-12-20T01:23:52.744000+00:00,60+0,standard,bullet,True,outoftime,black,126,manchesterisred,defenceboy1,2969,3127,-3,15,B02,Alekhine Defense: Sämisch Attack,5,defenceboy1,black,manchesterisred,3127,2969,win,1.0
9b2AHg6E,2025-05-17T08:05:06.973000+00:00,60+0,standard,bullet,True,outoftime,black,162,Hripach007,defenceboy1,3087,3106,-5,11,B04,"Alekhine Defense: Modern Variation, Larsen Variation",8,defenceboy1,black,Hripach007,3106,3087,win,1.0
oGk67003,2025-05-14T05:07:42.388000+00:00,180+0,chess960,blitz,True,resign,black,10,Andrey_Efimenko,defenceboy1,2026,2258,-3,19,,,,defenceboy1,black,Andrey_Efimenko,2258,2026,win,1.0
N0R9wdxa,2025-05-08T13:43:15.817000+00:00,180+0,chess960,blitz,True,outoftime,white,23,defenceboy1,fkala,2178,2221,79,-5,,,,defenceboy1,white,fkala,2178,2221,win,1.0
4LE1GTev,2025-05-08T13:36:56.557000+00:00,180+0,chess960,blitz,True,resign,black,56,Luckyriver,defenceboy1,2108,2084,-5,94,,,,defenceboy1,black,Luckyriver,2084,2108,win,1.0
ro7aYsrt,2025-05-08T13:31:12.640000+00:00,180+0,chess960,blitz,True,resign,white,75,defenceboy1,Jochames,1891,2170,193,-15,,,,defenceboy1,white,Jochames,1891,2170,win,1.0
lKPTAF4Y,2025-05-08T13:28:51.077000+00:00,180+0,chess960,blitz,True,resign,black,22,pawelwaw,defenceboy1,1732,1762,-13,129,,,,defenceboy1,black,pawelwaw,1762,1732,win,1.0
u5ShEAlD,2025-05-08T13:26:00.690000+00:00,180+0,chess960,blitz,True,mate,white,41,defenceboy1,riera,1500,1537,262,-3,,,,defenceboy1,white,riera,1500,1537,win,1.0
XpfWlmZJ,2025-01-31T11:57:37.375000+00:00,60+0,standard,bullet,True,resign,black,72,Gatsby15,defenceboy1,3097,3108,-6,6,A05,King's Indian Attack: Symmetrical Defense,4,defenceboy1,black,Gatsby15,3108,3097,win,1.0
0FI4REuQ,2025-01-31T11:54:06.895000+00:00,60+0,standard,bullet,True,resign,white,57,Gatsby15,defenceboy1,3084,3121,7,-7,A05,King's Indian Attack: Spassky Variation,4,defenceboy1,black,Gatsby15,3121,3084,loss,0.0
9wc1CAfS,2025-01-31T11:47:10.883000+00:00,60+0,standard,bullet,True,draw,,95,Gatsby15,defenceboy1,3069,3135,1,-1,A50,Slav Indian,4,defenceboy1,black,Gatsby15,3135,3069,draw,0.5
p87gi09G,2025-01-31T11:36:52.143000+00:00,60+0,standard,bullet,True,stalemate,,134,defenceboy1,Gatsby15,3117,3087,0,1,A01,Nimzo-Larsen Attack: Indian Variation,2,defenceboy1,white,Gatsby15,3117,3087,draw,0.5
M6jxzmIr,2025-01-31T08:50:12.809000+00:00,60+0,standard,bullet,True,resign,white,101,defenceboy1,ggwp2024,3112,2980,4,-4,A00,Saragossa Opening,1,defenceboy1,white,ggwp2024,3112,2980,win,1.0
rfSIt9Xw,2025-01-31T08:44:31.368000+00:00,60+0,standard,bullet,True,outoftime,black,128,ggwp2024,defenceboy1,2991,3101,-4,4,A13,English Opening: Neo-Catalan,6,defenceboy1,black,ggwp2024,3101,2991,win,1.0
IHUA2SKX,2025-01-31T08:43:10.399000+00:00,60+0,standard,bullet,True,resign,black,56,defenceboy1,ggwp2024,3108,2984,-7,7,A01,Nimzo-Larsen Attack: Indian Variation,2,defenceboy1,white,ggwp2024,3108,2984,loss,0.0
XtavGbdL,2025-01-31T08:41:11.696000+00:00,60+0,standard,bullet,True,draw,,99,ggwp2024,defenceboy1,2982,3110,2,-2,A15,"English Opening: Anglo-Indian Defense, King's Knight Variation",3,defenceboy1,black,ggwp2024,3110,2982,draw,0.5
OX4lFUdn,2025-01-31T07:14:21.034000+00:00,60+0,standard,bullet,True,outoftime,black,152,titanshahmat2003,defenceboy1,2930,3105,-3,4,B01,"Scandinavian Defense: Main Line, Leonhardt Gambit",7,defenceboy1,black,titanshahmat2003,3105,2930,win,1.0
G2wWGcyC,2025-01-31T02:10:02.855000+00:00,60+0,standard,bullet,True,outoftime,black,104,TigerSiberian,defenceboy1,2953,3104,-3,4,C42,Petrov's Defense: Three Knights Game,5,defenceboy1,black,TigerSiberian,3104,2953,win,1.0
g67gY23R,2025-01-31T01:28:44.627000+00:00,60+0,standard,bullet,True,resign,white,75,defenceboy1,TigerSiberian,3090,2966,5,-5,A00,Saragossa Opening,1,defenceboy1,white,TigerSiberian,3090,2966,win,1.0
kGy1rpoD,2025-01-31T01:26:42.846000+00:00,60+0,standard,bullet,True,resign,white,97,TigerSiberian,defenceboy1,2956,3100,10,-10,C42,Petrov's Defense: Three Knights Game,5,defenceboy1,black,TigerSiberian,3100,2956,loss,0.0
LojZUUWQ,2025-01-28T10:12:11.434000+00:00,60+0,standard,bullet,True,resign,black,74,MetiForce,defenceboy1,3079,3077,-6,9,A23,"English Opening: King's English Variation, Two Knights Variation, Keres Variation",8,defenceboy1,black,MetiForce,3077,3079,win,1.0
DSEpb5vV,2026-02-01T11:14:56.712000+00:00,1800+20,standard,classical,True,mate,white,109,MongolianChessPalace,shiva27032019,2167,2293,8,-21,D46,Semi-Slav Defense: Bogoljubow Variation,12,shiva27032019,black,MongolianChessPalace,2293,2167,loss,0.0
lumJoUV6,2026-02-01T05:51:10.132000+00:00,1800+20,standard,classical,True,resign,white,106,shiva27032019,Abbaz2708,2282,2181,11,-9,C41,Philidor Defense,5,shiva27032019,white,Abbaz2708,2282,2181,win,1.0
AOXKyoZU,2026-01-31T14:22:53.344000+00:00,900+10,standard,rapid,True,resign,white,59,shiva27032019,boriszadunaiskiy,2106,2142,11,-6,B23,"Sicilian Defense: Closed, Traditional",4,shiva27032019,white,boriszadunaiskiy,2106,2142,win,1.0
eU0LTRN5,2026-01-30T12:45:43.053000+00:00,1800+20,standard,classical,True,resign,white,87,shiva27032019,Mediocre-Chess,2274,2087,8,-3,B23,"Sicilian Defense: Closed, Traditional",4,shiva27032019,white,Mediocre-Chess,2274,2087,win,1.0
mMB8FH47,2026-01-29T09:30:53.403000+00:00,1800+20,standard,classical,True,resign,black,56,Mediocre-Chess,shiva27032019,2073,2264,-3,10,B18,Caro-Kann Defense: Classical Variation,8,shiva27032019,black,Mediocre-Chess,2264,2073,win,1.0
Ojhp0PEv,2026-01-28T14:35:49.050000+00:00,900+10,standard,rapid,True,resign,black,54,thereisnodoor,shiva27032019,2192,2094,-13,12,D02,Queen's Pawn Game: Zukertort Variation,3,shiva27032019,black,thereisnodoor,2094,2192,win,1.0
eHoqhcwG,2026-01-28T13:22:27.604000+00:00,900+10,standard,rapid,True,outoftime,black,60,shiva27032019,Andenko,2106,2044,-12,7,B00,Owen Defense,2,shiva27032019,white,Andenko,2106,2044,loss,0.0
VrDE4eqO,2026-01-28T12:31:04.159000+00:00,900+10,standard,rapid,True,mate,black,44,Tristan04,shiva27032019,1982,2098,-6,8,B12,"Caro-Kann Defense: Advance Variation, Tal Variation",7,shiva27032019,black,Tristan04,2098,1982,win,1.0
2Iyr7qxT,2026-01-26T15:25:37.139000+00:00,900+10,standard,rapid,True,resign,white,23,shiva27032019,GlennJamesMax,2088,2112,10,-11,B02,Alekhine Defense: Scandinavian Variation,4,shiva27032019,white,GlennJamesMax,2088,2112,win,1.0
hXYQe1RX,2026-01-25T01:46:21.161000+00:00,300+3,standard,blitz,True,outoftime,white,53,Sumkoski,shiva27032019,1758,1674,5,-12,B10,Caro-Kann Defense: Endgame Offer,5,shiva27032019,black,Sumkoski,1674,1758,loss,0.0
0SbBrWEj,2026-01-25T01:34:37.906000+00:00,300+3,standard,blitz,True,resign,black,64,Aideth,shiva27032019,1683,1661,-173,13,B10,Caro-Kann Defense: Two Knights Attack,5,shiva27032019,black,Aideth,1661,1683,win,1.0
9BAnkiIq,2026-01-24T14:01:35.290000+00:00,900+10,standard,rapid,True,resign,white,45,shiva27032019,wanglaoji321,2077,2112,11,-6,B23,"Sicilian Defense: Closed, Traditional",4,shiva27032019,white,wanglaoji321,2077,2112,win,1.0
bfgJo7Hr,2026-01-24T12:57:15.435000+00:00,900+10,standard,rapid,True,resign,black,84,Wickyrr2016,shiva27032019,2108,2065,-10,12,D14,"Slav Defense: Exchange Variation, Trifunovic Variation",16,shiva27032019,black,Wickyrr2016,2065,2108,win,1.0
FBnXj5Hw,2026-01-24T12:17:09.703000+00:00,900+10,standard,rapid,True,resign,black,120,shiva27032019,Godfatherofjozi,2075,2096,-10,9,C02,"French Defense: Advance Variation, Main Line",11,shiva27032019,white,Godfatherofjozi,2075,2096,loss,0.0
81qyNP84,2026-01-24T11:25:20.754000+00:00,900+10,standard,rapid,True,mate,white,115,Ezyoe,shiva27032019,2047,2098,6,-12,D00,Queen's Pawn Game: Accelerated London System,3,shiva27032019,black,Ezyoe,2098,2047,loss,0.0
Ni2LZNB2,2026-01-24T09:42:53.261000+00:00,900+10,standard,rapid,True,outoftime,black,54,shiva27032019,deep3264,2110,2102,-12,42,B13,Caro-Kann Defense: Exchange Variation,8,shiva27032019,white,deep3264,2110,2102,loss,0.0
9QKRM1WK,2026-01-24T09:24:21.868000+00:00,900+10,standard,rapid,True,resign,white,19,MaksimKap16,shiva27032019,2198,2119,29,-9,D45,Semi-Slav Defense: Normal Variation,10,shiva27032019,black,MaksimKap16,2119,2198,loss,0.0
zD5PGQEp,2026-01-23T12:59:05.368000+00:00,900+10,standard,rapid,True,outoftime,white,57,shiva27032019,beraudika,2105,2155,14,-7,B23,"Sicilian Defense: Closed, Traditional",4,shiva27032019,white,beraudika,2105,2155,win,1.0
3vp40T3W,2026-01-23T12:28:22.720000+00:00,900+10,standard,rapid,True,outoftime,white,39,Jaro-strelec,shiva27032019,2075,2119,6,-14,B19,"Caro-Kann Defense: Classical Variation, Spassky Variation",15,shiva27032019,black,Jaro-strelec,2119,2075,loss,0.0
E2EzKc7i,2026-01-23T12:00:01.069000+00:00,900+10,standard,rapid,True,resign,black,52,RaWi2020,shiva27032019,2063,2107,-5,12,B13,Caro-Kann Defense: Exchange Variation,5,shiva27032019,black,RaWi2020,2107,2063,win,1.0
Lp8XqJLt,2026-01-22T13:05:06.108000+00:00,900+10,standard,rapid,True,resign,white,123,shiva27032019,Retimus,2090,2188,17,-18,B13,Caro-Kann Defense: Exchange Variation,5,shiva27032019,white,Retimus,2090,2188,win,1.0
jPQP6IMG,2026-01-22T11:14:26.208000+00:00,1800+20,standard,classical,True,resign,white,49,shiva27032019,cjm6962383aaa,2251,2214,13,-32,B23,Sicilian Defense: Closed,3,shiva27032019,white,cjm6962383aaa,2251,2214,win,1.0
TC1xnFKS,2026-01-22T10:56:23.117000+00:00,300+0,standard,blitz,True,outoftime,white,63,M_Kishman,shiva27032019,1709,1677,5,-16,B12,Caro-Kann Defense: Advance Variation,5,shiva27032019,black,M_Kishman,1677,1709,loss,0.0
oujei92w,2026-01-21T14:26:18.174000+00:00,900+10,standard,rapid,True,resign,black,56,badrlamal,shiva27032019,2102,2074,-6,16,B18,"Caro-Kann Defense: Classical Variation, Maróczy Attack",11,shiva27032019,black,badrlamal,2074,2102,win,1.0
Jx3g5fCz,2026-01-21T14:00:27.366000+00:00,900+10,standard,rapid,True,mate,white,63,shiva27032019,coliza123,2062,2004,12,-4,C44,"Scotch Game: Scotch Gambit, London Defense",8,shiva27032019,white,coliza123,2062,2004,win,1.0
16ktFQQr,2026-01-21T12:20:11.964000+00:00,1800+20,standard,classical,True,mate,white,69,shiva27032019,dacarock,2241,2080,10,-3,B13,Caro-Kann Defense: Exchange Variation,8,shiva27032019,white,dacarock,2241,2080,win,1.0
eTChwis3,2026-01-20T13:19:31.654000+00:00,1800+0,standard,classical,True,resign,black,62,RusChesser,shiva27032019,2139,2227,-5,14,B13,Caro-Kann Defense: Exchange Variation,5,shiva27032019,black,RusChesser,2227,2139,win,1.0
V4BDJAEb,2026-01-20T08:41:50.843000+00:00,1800+20,standard,classical,True,resign,black,56,Buster014,shiva27032019,2354,2201,-31,26,B13,"Caro-Kann Defense: Panov Attack, Modern Defense, Mieses Line",12,shiva27032019,black,Buster014,2201,2354,win,1.0
paa8OfpZ,2026-01-20T07:21:03.553000+00:00,900+10,standard,rapid,True,resign,white,80,shiva27032019,alvaROJO,2051,1970,11,-6,B13,Caro-Kann Defense: Exchange Variation,8,shiva27032019,white,alvaROJO,2051,1970,win,1.0
iu7JjROK,2026-01-20T05:34:14.513000+00:00,1800+20,standard,classical,True,resign,black,110,bacanmaster,shiva27032019,2119,2185,-14,16,B13,Caro-Kann Defense: Exchange Variation,5,shiva27032019,black,bacanmaster,2185,2119,win,1.0
5wxV8LZ5,2026-02-01T07:05:16.262000+00:00,600+0,standard,rapid,True,resign,white,63,Super_BrainPower,DOGMAN360,2594,2323,4,-3,B12,"Caro-Kann Defense: Advance Variation, Tal Variation",7,Super_BrainPower,white,DOGMAN360,2594,2323,win,1.0
XLYDC0DQ,2026-02-01T06:06:22.499000+00:00,600+0,standard,rapid,True,resign,black,158,Barselona_forever5,Super_BrainPower,2509,2584,-7,10,D35,"Queen's Gambit Declined: Exchange Variation, Positional Variation",10,Super_BrainPower,black,Barselona_forever5,2584,2509,win,1.0
UYFBPRT8,2026-02-01T05:28:57.057000+00:00,1200+10,standard,classical,True,resign,white,51,Sewminaq,Super_BrainPower,2568,2354,32,-5,C01,French Defense: Exchange Variation,7,Super_BrainPower,black,Sewminaq,2354,2568,loss,0.0
ens50mNk,2026-02-01T00:16:21.903000+00:00,600+0,standard,rapid,True,draw,,89,Super_BrainPower,JJPlayz,2583,2444,-5,2,B90,"Sicilian Defense: Najdorf Variation, Adams Attack",11,Super_BrainPower,white,JJPlayz,2583,2444,draw,0.5
539hmZ12,2026-01-30T04:03:24.654000+00:00,1200+10,standard,classical,True,resign,white,83,Super_BrainPower,aiswar123,2347,2174,7,-9,A62,Benoni Defense: Fianchetto Variation,16,Super_BrainPower,white,aiswar123,2347,2174,win,1.0
m7Uw6fdy,2026-01-30T03:32:26.535000+00:00,1200+10,standard,classical,True,resign,white,47,Super_BrainPower,Diablo4747,2339,2218,8,-16,B36,"Sicilian Defense: Accelerated Dragon, Maróczy Bind",9,Super_BrainPower,white,Diablo4747,2339,2218,win,1.0
eAzuMKsg,2026-01-29T10:03:41.882000+00:00,600+0,standard,rapid,True,draw,,107,Designer_96,Super_BrainPower,2547,2559,0,0,C10,French Defense: Hecht-Reefschläger Variation,6,Super_BrainPower,black,Designer_96,2559,2547,draw,0.5
ODDetaGh,2026-01-29T04:02:14.594000+00:00,600+0,standard,rapid,True,resign,white,93,Super_BrainPower,butter_on_the_bread,2569,2407,8,-3,B30,Sicilian Defense: Old Sicilian,4,Super_BrainPower,white,butter_on_the_bread,2569,2407,win,1.0
VBSEuJXe,2026-01-26T05:54:49.977000+00:00,1200+10,standard,classical,True,mate,white,95,Super_BrainPower,NithilanBhagav,2330,2196,9,-19,D30,Queen's Gambit Declined,4,Super_BrainPower,white,NithilanBhagav,2330,2196,win,1.0
JWwm8a31,2026-01-20T21:32:16.504000+00:00,180+2,standard,blitz,True,mate,black,92,Super_BrainPower,PAWNTOE7,2584,2771,-3,3,A15,"English Opening: Anglo-Indian Defense, King's Knight Variation",3,Super_BrainPower,white,PAWNTOE7,2584,2771,loss,0.0
ilRuEyni,2026-01-20T21:27:57.672000+00:00,180+2,standard,blitz,True,resign,white,61,PARKhande,Super_BrainPower,2471,2592,8,-8,A06,Zukertort Opening,2,Super_BrainPower,black,PARKhande,2592,2471,loss,0.0
vw3Wd7t1,2026-01-19T05:02:03.685000+00:00,180+2,standard,blitz,True,resign,black,102,Super_BrainPower,isawyouinmydream,2599,2477,-9,7,D32,Tarrasch Defense: Symmetrical Variation,10,Super_BrainPower,white,isawyouinmydream,2599,2477,loss,0.0
i7RR2hKh,2026-01-19T04:54:27.248000+00:00,180+0,standard,blitz,True,resign,white,95,petrover,Super_BrainPower,2699,2604,4,-5,D35,"Queen's Gambit Declined: Exchange Variation, Positional Variation",10,Super_BrainPower,black,petrover,2604,2699,loss,0.0
EMOQNMDy,2026-01-19T04:36:52.175000+00:00,180+2,standard,blitz,True,mate,white,103,BSambuev,Super_BrainPower,2639,2606,5,-6,D35,"Queen's Gambit Declined: Exchange Variation, Positional Variation",10,Super_BrainPower,black,BSambuev,2606,2639,loss,0.0
vMQTdb0u,2026-01-19T03:37:12.908000+00:00,180+2,standard,blitz,True,resign,white,101,Super_BrainPower,ScintillatingSabre,2600,2547,6,-5,E00,Catalan Opening,5,Super_BrainPower,white,ScintillatingSabre,2600,2547,win,1.0
1ygcjOKm,2026-01-16T10:20:00.260000+00:00,180+2,standard,blitz,True,resign,white,51,Elsny13,Super_BrainPower,2487,2599,8,-8,E04,Catalan Opening: Open Defense,9,Super_BrainPower,black,Elsny13,2599,2487,loss,0.0
2vPqU11z,2026-01-16T01:08:46.997000+00:00,180+2,standard,blitz,True,resign,white,37,Super_BrainPower,DanPach,2594,2522,5,-4,E06,Catalan Opening: Closed,9,Super_BrainPower,white,DanPach,2594,2522,win,1.0
N0sIBDcI,2026-01-15T10:48:46.619000+00:00,180+2,standard,blitz,True,resign,black,90,Mexican-gangster_228,Super_BrainPower,2493,2583,-4,6,D35,"Queen's Gambit Declined: Exchange Variation, Positional Variation",10,Super_BrainPower,black,Mexican-gangster_228,2583,2493,win,1.0
o5Uj0c3M,2026-01-15T10:36:27.794000+00:00,180+2,standard,blitz,True,mate,white,111,Super_BrainPower,Humfrey_Hardyng,2576,2584,7,-5,D11,Slav Defense: Modern Line,5,Super_BrainPower,white,Humfrey_Hardyng,2576,2584,win,1.0
3lGAVPwf,2026-01-15T10:24:58.758000+00:00,180+2,standard,blitz,True,resign,white,119,Super_BrainPower,WhereIsMyPomelo,2569,2529,7,-5,A62,Benoni Defense: Fianchetto Variation,16,Super_BrainPower,white,WhereIsMyPomelo,2569,2529,win,1.0
WUpvO43j,2026-01-14T10:56:56.546000+00:00,180+2,standard,blitz,True,resign,black,117,Lenyas66,Super_BrainPower,2578,2561,-6,8,C10,French Defense: Hecht-Reefschläger Variation,6,Super_BrainPower,black,Lenyas66,2561,2578,win,1.0
mEdWf3Yn,2026-01-14T01:03:23.759000+00:00,600+0,standard,rapid,True,resign,black,84,Super_BrainPower,forbiddencheapos,2596,2386,-21,9,E00,Catalan Opening,5,Super_BrainPower,white,forbiddencheapos,2596,2386,loss,0.0
YOZsuyJ4,2026-01-14T00:42:12.682000+00:00,600+0,standard,rapid,True,outoftime,black,116,Dindindun84,Super_BrainPower,2473,2586,-7,10,C07,"French Defense: Tarrasch Variation, Open System, Euwe-Keres Line",7,Super_BrainPower,black,Dindindun84,2586,2473,win,1.0
FFaI9VQa,2026-01-11T09:46:45.081000+00:00,600+0,standard,rapid,True,draw,,71,NettleFarseer,Super_BrainPower,2461,2591,5,-5,A40,English Defense,4,Super_BrainPower,black,NettleFarseer,2591,2461,draw,0.5
JGuKRyoS,2026-01-11T09:33:08.950000+00:00,600+0,standard,rapid,True,resign,white,59,Super_BrainPower,RNWLY,2583,2402,8,-2,A15,"English Opening: Anglo-Indian Defense, Scandinavian Defense, Exchange Variation",6,Super_BrainPower,white,RNWLY,2583,2402,win,1.0
2hqRyUlV,2026-01-10T01:41:11.868000+00:00,180+2,standard,blitz,True,resign,white,83,ace316,Super_BrainPower,2448,2577,8,-10,C00,French Defense: Schlechter Variation,5,Super_BrainPower,black,ace316,2577,2448,loss,0.0
GSLNQoCf,2026-01-10T01:35:01.375000+00:00,180+2,standard,blitz,True,resign,white,35,Super_BrainPower,rio2018,2573,2398,4,-3,D30,Queen's Gambit Declined,4,Super_BrainPower,white,rio2018,2573,2398,win,1.0
1pRVfFVD,2026-01-09T06:18:46.882000+00:00,180+2,standard,blitz,True,outoftime,black,66,BigGuy4x4,Super_BrainPower,2413,2563,-4,5,C07,"French Defense: Tarrasch Variation, Chistyakov Defense",8,Super_BrainPower,black,BigGuy4x4,2563,2413,win,1.0
jmxlHyUd,2026-01-09T06:10:48.298000+00:00,180+2,standard,blitz,True,resign,black,58,MiranovicRajko,Super_BrainPower,2512,2556,-5,7,C07,"French Defense: Tarrasch Variation, Chistyakov Defense",8,Super_BrainPower,black,MiranovicRajko,2556,2512,win,1.0
vFK9NLPd,2026-01-09T05:56:26.077000+00:00,180+2,standard,blitz,True,outoftime,white,61,Super_BrainPower,WilliamTheDestroyer2,2548,2410,5,-3,D30,Queen's Gambit Declined,4,Super_BrainPower,white,WilliamTheDestroyer2,2548,2410,win,1.0
YyZm9H10,2026-02-01T15:03:47.315000+00:00,300+3,standard,blitz,True,mate,white,97,sylvlondon,micaissa,2221,2307,6,-7,B06,Modern Defense: Standard Defense,6,sylvlondon,white,micaissa,2221,2307,win,1.0
B98oA517,2026-02-01T14:24:56.986000+00:00,300+3,standard,blitz,True,resign,white,61,sylvlondon,Ivanov_147hb,2217,2058,4,-3,B00,Pirc Defense,4,sylvlondon,white,Ivanov_147hb,2217,2058,win,1.0
eBZXD41t,2026-02-01T14:04:07.627000+00:00,300+3,standard,blitz,True,outoftime,white,85,Fianchettist,sylvlondon,2379,2221,3,-4,A15,English Opening: Anglo-Indian Defense,2,sylvlondon,black,Fianchettist,2221,2379,loss,0.0
PfjtiCSI,2026-01-30T14:07:14.317000+00:00,300+3,standard,blitz,True,outoftime,white,71,AngelOgro,sylvlondon,2136,2228,7,-7,D85,"Grünfeld Defense: Exchange Variation, Modern Exchange Variation",14,sylvlondon,black,AngelOgro,2228,2136,loss,0.0
zZrkOjGU,2026-01-30T13:48:12.531000+00:00,300+3,standard,blitz,True,resign,black,74,sylvlondon,huangkailan,2231,2387,-3,5,C77,"Ruy Lopez: Morphy Defense, Anderssen Variation",9,sylvlondon,white,huangkailan,2231,2387,loss,0.0
kcrMKg8u,2026-01-30T13:27:43.915000+00:00,300+3,standard,blitz,True,outoftime,black,64,maxfreddy,sylvlondon,2084,2227,-4,4,B20,Sicilian Defense,2,sylvlondon,black,maxfreddy,2227,2084,win,1.0
gOjArLFm,2026-01-30T13:16:18.300000+00:00,300+3,standard,blitz,True,mate,black,56,borzoboris,sylvlondon,2137,2223,-4,4,B90,Sicilian Defense: Najdorf Variation,10,sylvlondon,black,borzoboris,2223,2137,win,1.0
9Mvnmevh,2026-01-29T12:58:53.287000+00:00,1800+30,standard,classical,True,resign,black,54,nomad64x,sylvlondon,2068,2379,-4,4,D85,"Grünfeld Defense: Exchange Variation, Modern Exchange Variation",14,sylvlondon,black,nomad64x,2379,2068,win,1.0
CAjnOk1f,2026-01-28T14:37:16.807000+00:00,300+3,standard,blitz,True,resign,white,49,sylvlondon,Versuchsballon,2217,2229,6,-6,B13,Caro-Kann Defense: Exchange Variation,5,sylvlondon,white,Versuchsballon,2217,2229,win,1.0
VpWV1yAe,2026-01-28T14:12:03.454000+00:00,300+3,standard,blitz,True,resign,white,81,sylvlondon,Righteous_Man,2213,2132,4,-4,B62,Sicilian Defense: Richter-Rauzer Variation,13,sylvlondon,white,Righteous_Man,2213,2132,win,1.0
7ahcvVbg,2026-01-28T13:56:53.161000+00:00,300+3,standard,blitz,True,resign,black,58,JaromirJagr1968,sylvlondon,2172,2207,-5,6,B22,Sicilian Defense: Alapin Variation,3,sylvlondon,black,JaromirJagr1968,2207,2172,win,1.0
pDgPxJpV,2026-01-28T13:42:25.658000+00:00,300+3,standard,blitz,True,resign,white,39,sylvlondon,WizardDesert,2203,2139,4,-5,C65,"Ruy Lopez: Berlin Defense, Anti-Berlin Variation",7,sylvlondon,white,WizardDesert,2203,2139,win,1.0
Sksl7IvM,2026-01-28T13:30:46.092000+00:00,300+3,standard,blitz,True,resign,white,73,abatiulev,sylvlondon,2328,2207,3,-4,B92,"Sicilian Defense: Najdorf Variation, Opocensky Variation",11,sylvlondon,black,abatiulev,2207,2328,loss,0.0
lQ2rFYNU,2026-01-28T13:06:21.856000+00:00,300+3,standard,blitz,True,resign,black,135,sylvlondon,Bodlja,2210,2364,-3,4,C42,"Petrov's Defense: Classical Attack, Chigorin Variation",15,sylvlondon,white,Bodlja,2210,2364,loss,0.0
SwvYvqok,2026-01-27T13:00:54.090000+00:00,2700+45,standard,classical,True,draw,,63,sylvlondon,Micomps,2385,2192,-6,7,B33,"Sicilian Defense: Lasker-Pelikan Variation, Sveshnikov Variation, Chelyabinsk Variation",17,sylvlondon,white,Micomps,2385,2192,draw,0.5
I8YyoD6u,2026-01-26T15:11:33.295000+00:00,300+3,standard,blitz,True,outoftime,white,89,Prizrak54,sylvlondon,2134,2217,7,-7,B20,Sicilian Defense: Mengarini Variation,3,sylvlondon,black,Prizrak54,2217,2134,loss,0.0
G1A2Dq4F,2026-01-26T14:20:59.800000+00:00,300+3,standard,blitz,True,resign,black,52,Megamozg1961,sylvlondon,2077,2213,-4,4,B54,"Sicilian Defense: Modern Variations, Main Line",8,sylvlondon,black,Megamozg1961,2213,2077,win,1.0
dWKu97ku,2026-01-25T14:46:39.725000+00:00,300+3,standard,blitz,True,resign,white,65,sylvlondon,vannyy12,2208,2177,5,-5,C65,"Ruy Lopez: Berlin Defense, Anti-Berlin Variation",7,sylvlondon,white,vannyy12,2208,2177,win,1.0
VrlsVNLc,2026-01-25T14:30:16.694000+00:00,300+3,standard,blitz,True,resign,black,90,sylvlondon,nyutixbrother,2215,2177,-7,8,C70,"Ruy Lopez: Morphy Defense, Caro Variation",8,sylvlondon,white,nyutixbrother,2215,2177,loss,0.0
ACK0Z5nJ,2026-01-25T13:49:43.591000+00:00,300+3,standard,blitz,True,resign,black,46,RT26,sylvlondon,2165,2209,-6,6,B22,"Sicilian Defense: Alapin Variation, Smith-Morra Declined",8,sylvlondon,black,RT26,2209,2165,win,1.0
p97pZKTj,2026-01-24T13:01:13.264000+00:00,2700+45,standard,classical,True,draw,,63,sylvlondon,chessyesmen,2391,2231,-6,13,B01,"Scandinavian Defense: Modern Variation, Gipslis Variation",8,sylvlondon,white,chessyesmen,2391,2231,draw,0.5
MnN8pJtX,2026-01-22T14:37:14.195000+00:00,300+3,standard,blitz,True,resign,white,79,HenryEight,sylvlondon,2294,2214,8,-5,D80,Grünfeld Defense,6,sylvlondon,black,HenryEight,2214,2294,loss,0.0
SNV8erXw,2026-01-22T14:19:26.412000+00:00,300+3,standard,blitz,True,resign,black,78,sylvlondon,Atlantis77,2220,2163,-6,7,C02,"French Defense: Advance Variation, Paulsen Attack",9,sylvlondon,white,Atlantis77,2220,2163,loss,0.0
DYKMwD1u,2026-01-22T14:01:33.859000+00:00,300+3,standard,blitz,True,resign,black,82,gunlana5,sylvlondon,2154,2215,-5,5,D90,Grünfeld Defense: Three Knights Variation,8,sylvlondon,black,gunlana5,2215,2154,win,1.0
2yzlgXUv,2026-01-22T13:36:09.237000+00:00,300+3,standard,blitz,True,mate,white,61,sylvlondon,cripic,2212,2052,3,-3,B06,Modern Defense,4,sylvlondon,white,cripic,2212,2052,win,1.0
82YVkhsp,2026-01-22T13:15:19.645000+00:00,300+3,standard,blitz,True,resign,white,93,sylvlondon,Tal-style76,2207,2175,5,-5,C65,"Ruy Lopez: Berlin Defense, Anti-Berlin Variation",7,sylvlondon,white,Tal-style76,2207,2175,win,1.0
BBwYOUlV,2026-01-22T12:59:37.346000+00:00,300+3,standard,blitz,True,resign,white,88,sylvlondon,PawnToBeWild99,2200,2284,7,-6,B13,Caro-Kann Defense: Exchange Variation,5,sylvlondon,white,PawnToBeWild99,2200,2284,win,1.0
TD56xh4o,2026-01-22T12:40:29.616000+00:00,300+3,standard,blitz,True,resign,black,134,sylvlondon,magistrr,2207,2163,-7,6,B12,Caro-Kann Defense,3,sylvlondon,white,magistrr,2207,2163,loss,0.0
o42h9s2i,2026-01-22T12:31:51.077000+00:00,300+3,standard,blitz,True,mate,white,57,MoebiusSt21,sylvlondon,2235,2212,6,-5,B53,Sicilian Defense: Chekhover Variation,7,sylvlondon,black,MoebiusSt21,2212,2235,loss,0.0
4bwWrEsJ,2026-01-18T19:15:33.757000+00:00,300+3,standard,blitz,True,resign,white,128,lucky_Vovan,sylvlondon,2209,2218,65,-6,B90,"Sicilian Defense: Najdorf Variation, English Attack",11,sylvlondon,black,lucky_Vovan,2218,2209,loss,0.0
BPpwE8aI,2026-01-31T21:54:29.623000+00:00,60+0,standard,bullet,True,draw,,78,RakitinD,Kacparov,2949,3118,3,-3,B40,"Sicilian Defense: Delayed Alapin Variation, with e6",5,Kacparov,black,RakitinD,3118,2949,draw,0.5
dGN8Hsrv,2026-01-31T21:08:20.821000+00:00,60+0,standard,bullet,True,resign,white,47,Zhigalko_Sergei,Kacparov,3135,3116,5,-5,B04,"Alekhine Defense: Modern Variation, Larsen Variation",8,Kacparov,black,Zhigalko_Sergei,3116,3135,loss,0.0
of7ySPK8,2026-01-31T20:40:54.069000+00:00,60+0,standard,bullet,True,resign,black,66,Kacparov,Billythekid30,3137,2868,-12,10,A80,Dutch Defense,2,Kacparov,white,Billythekid30,3137,2868,loss,0.0
AEDDQoFS,2026-01-27T21:45:55.235000+00:00,180+0,standard,blitz,True,draw,,102,Abik02,Kacparov,2851,2901,0,-1,C42,Petrov's Defense: Three Knights Game,5,Kacparov,black,Abik02,2901,2851,draw,0.5
nbi4jnBH,2026-01-27T21:40:30.581000+00:00,180+0,standard,blitz,True,resign,white,121,Kacparov,Abik02,2892,2856,9,-5,D37,Queen's Gambit Declined: Three Knights Variation,7,Kacparov,white,Abik02,2892,2856,win,1.0
LuVhVNXU,2026-01-19T17:19:32.192000+00:00,180+0,standard,blitz,True,draw,,115,canc3111,Kacparov,2754,2895,2,-3,A46,Indian Defense: Knights Variation,3,Kacparov,black,canc3111,2895,2754,draw,0.5
mDWLULfc,2026-01-18T23:01:22.840000+00:00,180+0,standard,blitz,True,resign,black,76,Kostik_Mostik,Kacparov,2885,2885,-6,10,A05,King's Indian Attack: Wahls Defense,10,Kacparov,black,Kostik_Mostik,2885,2885,win,1.0
c58NmEBs,2026-01-18T22:56:31.262000+00:00,180+0,standard,blitz,True,resign,white,107,Kacparov,Kostik_Mostik,2875,2890,10,-5,A47,Pseudo Queen's Indian Defense,4,Kacparov,white,Kostik_Mostik,2875,2890,win,1.0
HarVsXMr,2026-01-05T21:56:06.778000+00:00,180+0,standard,blitz,True,resign,black,92,balenciaga_16,Kacparov,2702,2869,-3,6,D37,Queen's Gambit Declined: Three Knights Variation,7,Kacparov,black,balenciaga_16,2869,2702,win,1.0
Nvglq35x,2026-01-05T21:53:16.086000+00:00,180+0,standard,blitz,True,resign,white,53,Kacparov,balenciaga_16,2864,2705,5,-3,C55,"Italian Game: Two Knights Defense, Modern Bishop's Opening",7,Kacparov,white,balenciaga_16,2864,2705,win,1.0
UsJEEnhQ,2025-12-09T22:08:53.088000+00:00,180+0,standard,blitz,True,outoftime,white,161,Kacparov,wonderland305,2858,2784,6,-4,A33,"English Opening: Symmetrical Variation, Anti-Benoni Variation, Spielmann Defense",10,Kacparov,white,wonderland305,2858,2784,win,1.0
iQhWLgbT,2025-12-09T22:05:06.677000+00:00,180+0,standard,blitz,True,mate,white,49,SenecaCrane12,Kacparov,2683,2870,9,-12,B60,"Sicilian Defense: Richter-Rauzer Variation, Modern Variation",12,Kacparov,black,SenecaCrane12,2870,2683,loss,0.0
euu56fTQ,2025-12-09T21:57:11.186000+00:00,180+0,standard,blitz,True,outoftime,white,129,Kacparov,kutiktau,2863,2797,7,-5,B40,"Sicilian Defense: French Variation, Westerinen Attack",5,Kacparov,white,kutiktau,2863,2797,win,1.0
l4PCCDQb,2025-12-09T21:50:49.371000+00:00,180+0,standard,blitz,True,outoftime,,135,kutiktau,Kacparov,2796,2865,1,-2,B47,"Sicilian Defense: Taimanov Variation, Bastrikov Variation",10,Kacparov,black,kutiktau,2865,2796,draw,0.5
7gcfv9qP,2025-12-09T21:46:11.925000+00:00,180+0,standard,blitz,True,resign,black,96,Kacparov,DrawDenied_Twitch,2876,2783,-11,7,D43,Semi-Slav Defense,8,Kacparov,white,DrawDenied_Twitch,2876,2783,loss,0.0
x9OPDYMn,2025-11-20T13:52:53.737000+00:00,180+0,standard,blitz,True,resign,black,80,Vladimir2022,Kacparov,2717,2871,-4,5,B08,Pirc Defense: Classical Variation,8,Kacparov,black,Vladimir2022,2871,2717,win,1.0
7mHShI5i,2025-11-17T22:04:48.167000+00:00,600+0,standard,rapid,True,resign,white,55,Kacparov,komodo54,2750,2560,10,-3,A46,"Torre Attack: Classical Defense, Nimzowitsch Variation",6,Kacparov,white,komodo54,2750,2560,win,1.0
Ebk7LCHK,2025-11-12T16:28:35.081000+00:00,60+0,standard,bullet,True,outoftime,black,116,ZigZagBB,Kacparov,2937,3169,-2,3,E10,Indian Defense: Anti-Nimzo-Indian,5,Kacparov,black,ZigZagBB,3169,2937,win,1.0
eM7xKKq2,2025-11-12T00:11:55.982000+00:00,180+0,standard,blitz,True,outoftime,black,98,bob_2004,Kacparov,2628,2868,-2,3,D35,"Queen's Gambit Declined: Exchange Variation, Positional Variation",9,Kacparov,black,bob_2004,2868,2628,win,1.0
Ml6KhE80,2025-11-12T00:06:59.718000+00:00,180+0,standard,blitz,True,resign,white,75,Kacparov,bob_2004,2865,2630,3,-2,A40,Queen's Pawn Game: Modern Defense,2,Kacparov,white,bob_2004,2865,2630,win,1.0
FNvcRFYW,2025-11-12T00:01:08.214000+00:00,180+0,standard,blitz,True,outoftime,black,76,bob_2004,Kacparov,2633,2862,-3,3,A50,Indian Defense: Normal Variation,3,Kacparov,black,bob_2004,2862,2633,win,1.0
t69RLOFJ,2025-11-11T23:55:50.785000+00:00,180+0,standard,blitz,True,resign,black,122,Kacparov,bob_2004,2875,2623,-13,10,B09,"Pirc Defense: Austrian Attack, Dragon Formation",10,Kacparov,white,bob_2004,2875,2623,loss,0.0
5I7pt8Jz,2025-11-11T23:51:41.089000+00:00,180+0,standard,blitz,True,resign,black,102,bob_2004,Kacparov,2626,2871,-3,4,D35,"Queen's Gambit Declined: Exchange Variation, Positional Variation",10,Kacparov,black,bob_2004,2871,2626,win,1.0
55zfFNNS,2025-11-04T22:54:46.231000+00:00,180+0,standard,blitz,True,outoftime,white,145,Kacparov,notkevich,2867,2679,4,-3,E92,"King's Indian Defense: Orthodox Variation, Gligoric-Taimanov System",13,Kacparov,white,notkevich,2867,2679,win,1.0
aayS9zPB,2025-11-04T22:46:20.265000+00:00,180+0,standard,blitz,True,resign,white,94,Kacparov,eskijagged1993,2863,2706,4,-3,C41,Philidor Defense: Lion Variation,8,Kacparov,white,eskijagged1993,2863,2706,win,1.0
6Wg14Tyk,2025-11-04T22:40:25.076000+00:00,180+0,standard,blitz,True,outoftime,black,118,eskijagged1993,Kacparov,2709,2858,-3,5,B30,Sicilian Defense: Nyezhmetdinov-Rossolimo Attack,5,Kacparov,black,eskijagged1993,2858,2709,win,1.0
aSAWLghs,2025-11-04T22:33:54.763000+00:00,180+0,standard,blitz,True,draw,,155,Kacparov,YoungManOnA6,2861,2714,-3,3,D37,"Queen's Gambit Declined: Harrwitz Attack, Main Line",14,Kacparov,white,YoungManOnA6,2861,2714,draw,0.5
txXiBbrO,2025-11-04T22:28:21.081000+00:00,180+0,standard,blitz,True,resign,black,118,Kacparov,Kostik_Mostik,2869,2896,-8,5,A16,"English Opening: Anglo-Indian Defense, Queen's Knight Variation",3,Kacparov,white,Kostik_Mostik,2869,2896,loss,0.0
H6Qf6F2E,2025-10-29T00:02:27.306000+00:00,180+0,standard,blitz,True,resign,white,69,Little_Skib,Kacparov,2700,2881,8,-12,A46,Indian Defense: London System,5,Kacparov,black,Little_Skib,2881,2700,loss,0.0
pWnOwdSU,2025-10-28T23:25:35.463000+00:00,180+0,standard,blitz,True,resign,black,62,eskijagged1993,Kacparov,2664,2877,-3,4,B48,"Sicilian Defense: Taimanov Variation, Bastrikov Variation, English Attack",11,Kacparov,black,eskijagged1993,2877,2664,win,1.0
hQEHyV0U,2026-01-31T10:26:24.979000+00:00,180+0,standard,blitz,True,resign,black,62,howmuchisthefish2025,khubushka2007,2482,2785,-2,1,A56,"Grünfeld Defense: Three Knights Variation, Burille Variation, Reversed Tarrasch",16,khubushka2007,black,howmuchisthefish2025,2785,2482,win,1.0
aHiaxkAp,2026-01-31T10:23:58.504000+00:00,180+0,standard,blitz,True,draw,,98,khubushka2007,ferrariiii,2788,2556,-3,3,B15,Caro-Kann Defense: Tartakower Variation,10,khubushka2007,white,ferrariiii,2788,2556,draw,0.5
JJEklmbT,2026-01-31T10:20:29.814000+00:00,180+0,standard,blitz,True,resign,black,112,Serg_01,khubushka2007,2553,2785,-3,3,A40,Queen's Pawn Game,1,khubushka2007,black,Serg_01,2785,2553,win,1.0
46mrbwHF,2026-01-31T10:17:30.316000+00:00,180+0,standard,blitz,True,resign,white,79,khubushka2007,Velikii2003,2781,2683,4,-4,C03,"French Defense: Tarrasch Variation, Morozevich Variation",6,khubushka2007,white,Velikii2003,2781,2683,win,1.0
MybG04Mf,2026-01-31T10:14:43.394000+00:00,180+0,standard,blitz,True,resign,white,97,khubushka2007,Rekcul,2777,2710,4,-5,B27,Sicilian Defense: Hyperaccelerated Fianchetto,5,khubushka2007,white,Rekcul,2777,2710,win,1.0
rDsi0xUa,2026-01-31T10:09:59.250000+00:00,180+0,standard,blitz,True,outoftime,black,116,grisha999,khubushka2007,2397,2776,-1,1,A45,Indian Defense,2,khubushka2007,black,grisha999,2776,2397,win,1.0
zLA3whDZ,2026-01-31T10:08:07.974000+00:00,180+0,standard,blitz,True,resign,white,67,khubushka2007,GeNer4tion_KiLL,2773,2564,3,-2,B12,"Caro-Kann Defense: Advance Variation, Botvinnik-Carls Defense",6,khubushka2007,white,GeNer4tion_KiLL,2773,2564,win,1.0
EiGAnnng,2026-01-31T10:07:02.050000+00:00,180+0,standard,blitz,True,resign,black,36,Serg_01,khubushka2007,2570,2770,-3,3,A40,Queen's Pawn Game,1,khubushka2007,black,Serg_01,2770,2570,win,1.0
Ouhd6kwd,2026-01-31T10:03:57.030000+00:00,180+0,standard,blitz,True,resign,black,74,khubushka2007,Velikii2003,2778,2681,-8,8,C03,"French Defense: Tarrasch Variation, Morozevich Variation",6,khubushka2007,white,Velikii2003,2778,2681,loss,0.0
342OWr5I,2026-01-31T10:00:56.231000+00:00,180+0,standard,blitz,True,resign,white,63,Rekcul,khubushka2007,2711,2784,7,-6,B50,Sicilian Defense: Modern Variations,4,khubushka2007,black,Rekcul,2784,2711,loss,0.0
50y7BIGk,2026-01-31T09:57:10.261000+00:00,180+0,standard,blitz,True,resign,white,71,khubushka2007,andiii7,2783,2387,1,-1,B30,Sicilian Defense: Nyezhmetdinov-Rossolimo Attack,5,khubushka2007,white,andiii7,2783,2387,win,1.0
oaMYW6Qx,2026-01-31T09:55:45.821000+00:00,180+0,standard,blitz,True,resign,white,35,khubushka2007,chessexplore04,2780,2608,3,-3,B06,Modern Defense: Standard Defense,6,khubushka2007,white,chessexplore04,2780,2608,win,1.0
9bO1lPnk,2026-01-31T09:52:02.473000+00:00,180+0,standard,blitz,True,outoftime,black,116,Hripach007,khubushka2007,2699,2776,-5,4,B51,Sicilian Defense: Moscow Variation,5,khubushka2007,black,Hripach007,2776,2699,win,1.0
tZ6r1r76,2026-01-31T09:48:05.232000+00:00,180+0,standard,blitz,True,resign,white,51,khubushka2007,Oladywek,2774,2424,2,-1,C41,Philidor Defense,5,khubushka2007,white,Oladywek,2774,2424,win,1.0
pzxDXYxm,2026-01-31T09:44:42.874000+00:00,180+0,standard,blitz,True,resign,white,119,khubushka2007,Velikii2003,2770,2673,4,-4,C16,"French Defense: Winawer Variation, Advance Variation",7,khubushka2007,white,Velikii2003,2770,2673,win,1.0
dxb9c3u5,2026-01-31T09:42:09.842000+00:00,180+0,standard,blitz,True,resign,white,103,Romaa2011,khubushka2007,2677,2777,8,-7,E48,"Nimzo-Indian Defense: Normal Variation, Classical Defense",10,khubushka2007,black,Romaa2011,2777,2677,loss,0.0
gU46lmrd,2026-01-31T09:40:10.192000+00:00,180+0,standard,blitz,True,resign,black,70,SemenPuzyrevsky,khubushka2007,2598,2774,-4,3,B23,Sicilian Defense: Closed,3,khubushka2007,black,SemenPuzyrevsky,2774,2598,win,1.0
hz8SETB6,2026-01-31T09:36:56.143000+00:00,180+0,standard,blitz,True,resign,white,73,khubushka2007,Nikidrik,2774,2177,0,-1,C07,"French Defense: Tarrasch Variation, Open System, Euwe-Keres Line",7,khubushka2007,white,Nikidrik,2774,2177,win,1.0
iirjo13l,2026-01-31T09:34:31.234000+00:00,180+0,standard,blitz,True,draw,,68,AlexTriapishko,khubushka2007,2817,2773,-1,1,A05,King's Indian Attack: Symmetrical Defense,4,khubushka2007,black,AlexTriapishko,2773,2817,draw,0.5
up7jMRzX,2026-01-31T09:33:37.673000+00:00,180+0,standard,blitz,True,resign,black,32,persik920,khubushka2007,2321,2772,-1,1,B95,Sicilian Defense: Najdorf Variation,12,khubushka2007,black,persik920,2772,2321,win,1.0
ozntcAFh,2026-01-31T09:30:19.565000+00:00,180+0,standard,blitz,True,resign,white,81,khubushka2007,profichess2024,2771,2343,1,-1,B92,"Sicilian Defense: Najdorf Variation, Opocensky Variation",15,khubushka2007,white,profichess2024,2771,2343,win,1.0
AXg30ATA,2026-01-31T09:28:23.893000+00:00,180+0,standard,blitz,True,resign,white,57,GeNer4tion_KiLL,khubushka2007,2545,2780,9,-9,C01,French Defense: Exchange Variation,7,khubushka2007,black,GeNer4tion_KiLL,2780,2545,loss,0.0
G5gq7ipR,2026-01-31T09:27:01.433000+00:00,180+0,standard,blitz,True,mate,white,59,khubushka2007,SemenPuzyrevsky,2777,2583,3,-3,C40,Latvian Gambit,4,khubushka2007,white,SemenPuzyrevsky,2777,2583,win,1.0
dnhZA5TT,2026-01-31T09:24:01.884000+00:00,180+0,standard,blitz,True,resign,black,82,profichess2024,khubushka2007,2341,2777,-1,0,A00,Van't Kruijs Opening,1,khubushka2007,black,profichess2024,2777,2341,win,1.0
sT1rO3dz,2026-01-31T09:23:06.103000+00:00,180+0,standard,blitz,True,resign,black,20,goltsev2000,khubushka2007,2607,2773,-4,4,D01,Rapport-Jobava System,5,khubushka2007,black,goltsev2000,2773,2607,win,1.0
j9Dmr7Wi,2026-01-31T09:20:08.552000+00:00,180+0,standard,blitz,True,resign,white,85,khubushka2007,Velikii2003,2770,2649,3,-4,C03,"French Defense: Tarrasch Variation, Morozevich Variation",6,khubushka2007,white,Velikii2003,2770,2649,win,1.0
8M7py2cz,2026-01-31T09:17:09.088000+00:00,180+0,standard,blitz,True,resign,black,48,eluk,khubushka2007,1780,2769,0,1,B05,"Alekhine Defense: Modern Variation, Main Line",8,khubushka2007,black,eluk,2769,1780,win,1.0
GqYfFe74,2026-01-31T09:13:42.373000+00:00,180+0,standard,blitz,True,resign,black,64,kingoftheworld111,khubushka2007,2281,2769,-1,0,B45,Sicilian Defense: Taimanov Variation,9,khubushka2007,black,kingoftheworld111,2769,2281,win,1.0
dJ5UGHoS,2026-01-31T09:11:53.073000+00:00,180+0,standard,blitz,True,resign,black,50,khubushka2007,Valery_Skatchkov2004,2776,2667,-7,8,C40,Elephant Gambit,4,khubushka2007,white,Valery_Skatchkov2004,2776,2667,loss,0.0
S2vvL0tS,2026-01-31T09:09:08.091000+00:00,180+0,standard,blitz,True,mate,white,87,khubushka2007,BVV15,2776,2313,0,-1,C09,"French Defense: Tarrasch Variation, Open System, Main Line",10,khubushka2007,white,BVV15,2776,2313,win,1.0
eZQMiJbW,2026-02-01T14:39:48.952000+00:00,180+0,standard,blitz,True,outoftime,white,161,Haunting_Games,ChessRabbit2023,2649,2615,5,-5,C28,"Bishop's Opening: Vienna Hybrid, Hromádka Variation",9,Haunting_Games,white,ChessRabbit2023,2649,2615,win,1.0
zcPpE5H2,2026-02-01T13:21:54.137000+00:00,180+0,standard,blitz,True,resign,black,90,Haunting_Games,BIZOO,2635,2698,-5,5,C25,Vienna Game: Max Lange Defense,4,Haunting_Games,white,BIZOO,2635,2698,loss,0.0
2JGWvFE1,2026-02-01T13:15:53.033000+00:00,180+0,standard,blitz,True,resign,black,82,BIZOO,Haunting_Games,2705,2628,-7,7,C00,French Defense: King's Indian Attack,3,Haunting_Games,black,BIZOO,2628,2705,win,1.0
YBnYCqTf,2026-01-31T16:55:10.947000+00:00,180+0,standard,blitz,True,resign,black,60,Jaybee1377,Haunting_Games,2614,2639,-6,5,C02,"French Defense: Advance Variation, Lputian Variation",12,Haunting_Games,black,Jaybee1377,2639,2614,win,1.0
bJhMVAI9,2026-01-30T09:49:15.742000+00:00,180+0,standard,blitz,True,outoftime,white,221,Haunting_Games,MassterofMayhem,2625,2619,5,-5,B23,Sicilian Defense: Grand Prix Attack,5,Haunting_Games,white,MassterofMayhem,2625,2619,win,1.0
m0yE11j9,2026-01-30T07:45:53.276000+00:00,180+0,standard,blitz,True,draw,,85,Haunting_Games,rhinoceros2015,2623,2639,0,-1,C10,"French Defense: Rubinstein Variation, Blackburne Defense",8,Haunting_Games,white,rhinoceros2015,2623,2639,draw,0.5
sOyL7o4N,2026-01-30T06:45:42.413000+00:00,180+0,standard,blitz,True,resign,white,57,ViejoTortuga,Haunting_Games,2836,2625,2,-2,A91,Dutch Defense: Classical Variation,8,Haunting_Games,black,ViejoTortuga,2625,2836,loss,0.0
I6x3Khos,2026-01-29T13:38:58.588000+00:00,180+0,standard,blitz,True,mate,black,72,PrimeGm,Haunting_Games,2576,2620,-5,5,C02,"French Defense: Advance Variation, Lputian Variation",12,Haunting_Games,black,PrimeGm,2620,2576,win,1.0
myE6Rfzv,2026-01-29T10:51:36.407000+00:00,180+0,standard,blitz,True,resign,black,56,Haunting_Games,DanyaDubovfan,2601,2590,-6,7,B23,Sicilian Defense: Closed,3,Haunting_Games,white,DanyaDubovfan,2601,2590,loss,0.0
3kEFe5hk,2026-01-29T10:40:13.455000+00:00,180+0,standard,blitz,True,mate,black,52,Apjoshua,Haunting_Games,2593,2600,-6,6,C00,French Defense: King's Indian Attack,3,Haunting_Games,black,Apjoshua,2600,2593,win,1.0
DZTJsuO5,2026-01-29T10:24:35.108000+00:00,180+0,standard,blitz,True,resign,white,73,Haunting_Games,Apjoshua,2601,2595,5,-6,B23,"Sicilian Defense: Grand Prix Attack, Schofman Variation",11,Haunting_Games,white,Apjoshua,2601,2595,win,1.0
mA3rvJ7x,2026-01-29T10:02:22.374000+00:00,180+0,standard,blitz,True,resign,black,46,lupta_robin,Haunting_Games,2617,2595,-7,6,C11,"French Defense: Steinitz Variation, Boleslavsky Variation",13,Haunting_Games,black,lupta_robin,2595,2617,win,1.0
w6RXM9pM,2026-01-29T07:05:10.590000+00:00,600+0,standard,rapid,True,outoftime,white,49,Haunting_Games,SlavaAntonov20031010,2653,2528,6,-5,C01,French Defense: Exchange Variation,7,Haunting_Games,white,SlavaAntonov20031010,2653,2528,win,1.0
JwV0JHQj,2026-01-29T06:48:37.745000+00:00,600+0,standard,rapid,True,draw,,60,SlavaAntonov20031010,Haunting_Games,2526,2656,2,-3,C07,"French Defense: Tarrasch Variation, Open System, Euwe-Keres Line",7,Haunting_Games,black,SlavaAntonov20031010,2656,2526,draw,0.5
dOBaiKmx,2026-01-28T13:39:39.982000+00:00,60+0,standard,bullet,True,outoftime,black,92,Avatar_Genji,Haunting_Games,2771,2836,-5,5,C41,"Philidor Defense: Lion Variation, Delayed Bishop Sacrifice",13,Haunting_Games,black,Avatar_Genji,2836,2771,win,1.0
KUQJOOVe,2026-01-28T13:35:05.256000+00:00,60+0,standard,bullet,True,outoftime,white,93,Haunting_Games,Avatar_Genji,2827,2768,4,-5,C24,Bishop's Opening: Vienna Hybrid,7,Haunting_Games,white,Avatar_Genji,2827,2768,win,1.0
KewkrIwt,2026-01-28T12:19:07.866000+00:00,180+0,standard,blitz,True,outoftime,black,50,Bakayoyo,Haunting_Games,2682,2589,-8,7,A20,English Opening: King's English Variation,2,Haunting_Games,black,Bakayoyo,2589,2682,win,1.0
rPUa8DzS,2026-01-28T09:03:59.387000+00:00,60+0,standard,bullet,True,resign,white,39,ExterminateHypocrisy,Haunting_Games,2812,2833,6,-5,B07,"Lion Defense: Anti-Philidor, Lion's Cave",8,Haunting_Games,black,ExterminateHypocrisy,2833,2812,loss,0.0
pcyrYWUd,2026-01-27T17:18:34.074000+00:00,180+0,standard,blitz,True,outoftime,white,89,AkibaGonzalez,Haunting_Games,2561,2601,7,-6,C41,Philidor Defense: Lion Variation,8,Haunting_Games,black,AkibaGonzalez,2601,2561,loss,0.0
Avrzt1sY,2026-01-27T15:17:47.979000+00:00,600+0,standard,rapid,True,resign,black,60,RexOranis,Haunting_Games,2479,2651,-3,5,C02,"French Defense: Advance Variation, Lputian Variation",12,Haunting_Games,black,RexOranis,2651,2479,win,1.0
oEM6Zk96,2026-01-27T07:04:12.928000+00:00,180+0,standard,blitz,True,resign,white,59,Haunting_Games,manneredmonkey,2608,2633,6,-5,B07,Pirc Defense,6,Haunting_Games,white,manneredmonkey,2608,2633,win,1.0
kgTcL0Rn,2026-01-27T06:47:52.606000+00:00,180+0,standard,blitz,True,resign,white,91,Haunting_Games,Fools_For_Luck,2603,2622,5,-6,C25,Vienna Game: Max Lange Defense,4,Haunting_Games,white,Fools_For_Luck,2603,2622,win,1.0
baBIuq7X,2026-01-26T15:13:22.606000+00:00,180+0,standard,blitz,True,mate,black,98,pashpash,Haunting_Games,2630,2585,-7,6,C12,"French Defense: McCutcheon Variation, Lasker Variation",16,Haunting_Games,black,pashpash,2585,2630,win,1.0
9W993FVv,2026-01-26T13:50:51.934000+00:00,180+0,standard,blitz,True,mate,black,118,Haunting_Games,baril1,2591,2553,-6,7,C47,Four Knights Game,6,Haunting_Games,white,baril1,2591,2553,loss,0.0
W9N6tgTL,2026-01-26T10:31:18.347000+00:00,600+0,standard,rapid,True,resign,black,70,Cthutq1976,Haunting_Games,2456,2645,-4,6,A40,Horwitz Defense,2,Haunting_Games,black,Cthutq1976,2645,2456,win,1.0
LA8QUYsR,2026-01-26T10:13:35.577000+00:00,600+0,standard,rapid,True,resign,black,56,CJ58,Haunting_Games,2536,2637,-5,8,C07,"French Defense: Tarrasch Variation, Chistyakov Defense",8,Haunting_Games,black,CJ58,2637,2536,win,1.0
8lMD3jgB,2026-01-25T13:55:39.817000+00:00,180+0,standard,blitz,True,outoftime,white,145,Haunting_Games,Respectful_Dave,2587,2531,4,-4,B00,Pirc Defense,2,Haunting_Games,white,Respectful_Dave,2587,2531,win,1.0
eHgqnL0s,2026-01-25T13:44:32.615000+00:00,180+0,standard,blitz,True,resign,black,64,Haunting_Games,AdvantagePlayer,2588,2556,-6,10,B12,Caro-Kann Defense: Advance Variation,5,Haunting_Games,white,AdvantagePlayer,2588,2556,loss,0.0
xBKEq85U,2026-01-25T13:38:08.976000+00:00,180+0,standard,blitz,True,resign,white,71,feederman,Haunting_Games,2721,2592,3,-4,C01,French Defense: Exchange Variation,7,Haunting_Games,black,feederman,2592,2721,loss,0.0
pLBXUd3k,2026-01-24T13:23:51.585000+00:00,600+0,standard,rapid,True,resign,white,53,Haunting_Games,FranzLiszt1811,2638,2346,3,-2,C24,Bishop's Opening: Vienna Hybrid,7,Haunting_Games,white,FranzLiszt1811,2638,2346,win,1.0
ZwpEoXXF,2026-01-30T10:08:10.780000+00:00,180+0,standard,blitz,True,outoftime,white,101,Tsoi_Dima,ViejoTortuga,2929,2844,5,-4,C46,Three Knights Opening,6,Tsoi_Dima,white,ViejoTortuga,2929,2844,win,1.0
85BoiTpf,2026-01-30T00:00:58.511000+00:00,60+0,standard,bullet,True,resign,white,123,Tsoi_Dima,satunnainen,3140,3073,5,-5,C47,Four Knights Game: Gunsberg Variation,7,Tsoi_Dima,white,satunnainen,3140,3073,win,1.0
glLdlPyE,2026-01-29T23:58:29.087000+00:00,60+0,standard,bullet,True,outoftime,black,138,satunnainen,Tsoi_Dima,3078,3135,-5,5,A01,Nimzo-Larsen Attack: Dutch Variation,2,Tsoi_Dima,black,satunnainen,3135,3078,win,1.0
SJtrI74m,2026-01-29T23:56:31.172000+00:00,60+0,standard,bullet,True,resign,white,81,Tsoi_Dima,satunnainen,3131,3084,4,-6,C47,Four Knights Game: Gunsberg Variation,7,Tsoi_Dima,white,satunnainen,3131,3084,win,1.0
JuY7QJH6,2026-01-29T23:54:17.263000+00:00,60+0,standard,bullet,True,resign,black,98,satunnainen,Tsoi_Dima,3090,3125,-6,6,A01,Nimzo-Larsen Attack: Dutch Variation,2,Tsoi_Dima,black,satunnainen,3125,3090,win,1.0
rxJ9r2DI,2026-01-29T23:52:34.092000+00:00,60+0,standard,bullet,True,resign,white,69,Tsoi_Dima,satunnainen,3120,3096,5,-6,C47,Four Knights Game: Gunsberg Variation,7,Tsoi_Dima,white,satunnainen,3120,3096,win,1.0
85Goyoy3,2026-01-29T23:50:10.475000+00:00,60+0,standard,bullet,True,mate,white,135,satunnainen,Tsoi_Dima,3088,3126,8,-6,A01,Nimzo-Larsen Attack: Dutch Variation,2,Tsoi_Dima,black,satunnainen,3126,3088,loss,0.0
7dmzMiwy,2026-01-29T23:49:09+00:00,60+0,standard,bullet,True,resign,white,49,Tsoi_Dima,satunnainen,3121,3095,5,-7,B12,Caro-Kann Defense,4,Tsoi_Dima,white,satunnainen,3121,3095,win,1.0
sPPWjOw6,2026-01-29T23:48:39.281000+00:00,60+0,standard,bullet,True,resign,black,26,satunnainen,Tsoi_Dima,3101,3115,-6,6,A01,Nimzo-Larsen Attack: Dutch Variation,2,Tsoi_Dima,black,satunnainen,3115,3101,win,1.0
Nfb1EOrq,2026-01-29T23:47:33.122000+00:00,60+0,standard,bullet,True,resign,white,57,Tsoi_Dima,satunnainen,3110,3108,5,-7,B12,Caro-Kann Defense,4,Tsoi_Dima,white,satunnainen,3110,3108,win,1.0
xZNRtuto,2026-01-29T23:46:23.152000+00:00,60+0,standard,bullet,True,resign,black,54,SGchess01,Tsoi_Dima,3118,3104,-6,6,C25,Vienna Game,3,Tsoi_Dima,black,SGchess01,3104,3118,win,1.0
MGCa5ij4,2026-01-28T12:48:54.695000+00:00,180+0,standard,blitz,True,resign,white,129,Tsoi_Dima,SublimeWarrior,2924,2822,5,-4,C47,Four Knights Game: Gunsberg Variation,7,Tsoi_Dima,white,SublimeWarrior,2924,2822,win,1.0
zVkXbSgw,2026-01-28T12:42:59.992000+00:00,180+0,standard,blitz,True,resign,white,69,SublimeWarrior,Tsoi_Dima,2814,2933,8,-9,A10,English Opening: Anglo-Dutch Defense,2,Tsoi_Dima,black,SublimeWarrior,2933,2814,loss,0.0
AeTebBFN,2026-01-28T12:37:05.010000+00:00,180+0,standard,blitz,True,resign,black,88,Tsoi_Dima,SublimeWarrior,2944,2806,-11,8,C48,"Four Knights Game: Spanish Variation, Rubinstein Variation Accepted",9,Tsoi_Dima,white,SublimeWarrior,2944,2806,loss,0.0
owJNpI0w,2026-01-28T12:30:52.047000+00:00,180+0,standard,blitz,True,mate,white,101,SublimeWarrior,Tsoi_Dima,2798,2954,8,-10,D30,Queen's Gambit Declined,4,Tsoi_Dima,black,SublimeWarrior,2954,2798,loss,0.0
SkBvfTba,2026-01-28T12:24:11.219000+00:00,180+0,standard,blitz,True,mate,white,193,Tsoi_Dima,SublimeWarrior,2950,2802,4,-4,C48,"Four Knights Game: Spanish Variation, Rubinstein Variation Accepted",9,Tsoi_Dima,white,SublimeWarrior,2950,2802,win,1.0
poFS4lxy,2026-01-28T12:22:41.800000+00:00,180+0,standard,blitz,True,resign,black,48,SublimeWarrior,Tsoi_Dima,2805,2945,-3,5,A90,"Dutch Defense: Stonewall Variation, Modern Variation",12,Tsoi_Dima,black,SublimeWarrior,2945,2805,win,1.0
eERX4F2g,2026-01-28T12:16:13.083000+00:00,180+0,standard,blitz,True,resign,black,88,Nargilaa,Tsoi_Dima,2829,2939,-15,6,A04,Zukertort Opening: Dutch Variation,2,Tsoi_Dima,black,Nargilaa,2939,2829,win,1.0
QAEMo8kl,2026-01-28T12:08:40.685000+00:00,180+0,standard,blitz,True,mate,black,170,Tsoi_Dima,notkevich,2951,2751,-12,9,C00,French Defense: Schlechter Variation,5,Tsoi_Dima,white,notkevich,2951,2751,loss,0.0
vTaYjuC4,2026-01-27T22:07:01.820000+00:00,180+0,standard,blitz,True,mate,black,158,worstplayerinbullet,Tsoi_Dima,2857,2945,-6,6,A90,"Dutch Defense: Stonewall Variation, Modern Variation",12,Tsoi_Dima,black,worstplayerinbullet,2945,2857,win,1.0
KRFwfQ1b,2026-01-27T22:00:30.192000+00:00,180+0,standard,blitz,True,mate,white,167,Tsoi_Dima,worstplayerinbullet,2939,2863,6,-6,C48,"Four Knights Game: Spanish Variation, Ranken Variation",9,Tsoi_Dima,white,worstplayerinbullet,2939,2863,win,1.0
FrntSQIP,2026-01-27T21:57:39.346000+00:00,180+0,standard,blitz,True,draw,,107,worstplayerinbullet,Tsoi_Dima,2861,2940,2,-1,A90,"Dutch Defense: Stonewall Variation, Modern Variation",12,Tsoi_Dima,black,worstplayerinbullet,2940,2861,draw,0.5
kJFIDXBb,2026-01-27T21:53:36.759000+00:00,180+0,standard,blitz,True,resign,white,101,Tsoi_Dima,worstplayerinbullet,2933,2868,7,-7,C48,"Four Knights Game: Spanish Variation, Ranken Variation",9,Tsoi_Dima,white,worstplayerinbullet,2933,2868,win,1.0
JtcoxQGM,2026-01-27T21:46:46.532000+00:00,180+0,standard,blitz,True,mate,black,272,worstplayerinbullet,Tsoi_Dima,2875,2925,-7,8,D30,Queen's Gambit Declined,4,Tsoi_Dima,black,worstplayerinbullet,2925,2875,win,1.0
mbKTM97W,2026-01-27T21:41:10.400000+00:00,180+0,standard,blitz,True,resign,black,61,Tsoi_Dima,worstplayerinbullet,2937,2865,-12,10,C48,"Four Knights Game: Spanish Variation, Ranken Variation",9,Tsoi_Dima,white,worstplayerinbullet,2937,2865,loss,0.0
YqSGdgMx,2026-01-26T19:26:37.287000+00:00,60+0,standard,bullet,True,resign,black,44,SamTakoj,Tsoi_Dima,3037,3085,-5,5,A04,Zukertort Opening: Dutch Variation,2,Tsoi_Dima,black,SamTakoj,3085,3037,win,1.0
9m9pPRsW,2026-01-26T19:18:00.848000+00:00,60+0,standard,bullet,True,outoftime,black,120,Tsoi_Dima,SamTakoj,3082,3039,-7,7,B12,Caro-Kann Defense,4,Tsoi_Dima,white,SamTakoj,3082,3039,loss,0.0
Zxgr4Sbe,2026-01-26T19:09:13.666000+00:00,60+0,standard,bullet,True,draw,,83,SamTakoj,Tsoi_Dima,3022,3099,1,-1,A04,Zukertort Opening: Arctic Defense,2,Tsoi_Dima,black,SamTakoj,3099,3022,draw,0.5
HQTuPDzz,2026-01-21T11:46:38.594000+00:00,180+0,standard,blitz,True,mate,white,177,Tsoi_Dima,wonderland305,2927,2976,10,-6,C48,"Four Knights Game: Spanish Variation, Rubinstein Variation Accepted",9,Tsoi_Dima,white,wonderland305,2927,2976,win,1.0
Tk7vP7WQ,2026-01-21T11:40:43.328000+00:00,180+0,standard,blitz,True,resign,white,73,Tsoi_Dima,David_B0wie,2922,2765,5,-4,B21,Sicilian Defense: Smith-Morra Gambit,3,Tsoi_Dima,white,David_B0wie,2922,2765,win,1.0
W3oXra7m,2026-02-01T13:19:10.337000+00:00,180+0,standard,blitz,True,mate,black,78,Opteron85,onepoundrook,2646,2825,-4,3,A45,Indian Defense: Accelerated London System,3,onepoundrook,black,Opteron85,2825,2646,win,1.0
HgIFRbLi,2026-02-01T13:15:53.033000+00:00,180+0,standard,blitz,True,resign,black,58,onepoundrook,Capitanwhite,2832,2704,-7,12,C54,"Italian Game: Classical Variation, Giuoco Pianissimo",10,onepoundrook,white,Capitanwhite,2832,2704,loss,0.0
i4kKjoXA,2026-02-01T13:14:49.681000+00:00,180+0,standard,blitz,True,draw,,20,onepoundrook,BIZOO,2835,2703,-3,2,B12,"Caro-Kann Defense: Advance Variation, Short Variation",7,onepoundrook,white,BIZOO,2835,2703,draw,0.5
FmBsd3Hd,2026-02-01T13:08:36.133000+00:00,180+0,standard,blitz,True,resign,white,61,onepoundrook,Carlsen_brat,2831,2715,4,-4,B90,"Sicilian Defense: Najdorf Variation, Adams Attack",11,onepoundrook,white,Carlsen_brat,2831,2715,win,1.0
QkeXkGDi,2026-01-31T20:22:48.740000+00:00,180+0,standard,blitz,True,resign,black,112,Italiangangster,onepoundrook,2710,2835,-4,4,D35,"Queen's Gambit Declined: Exchange Variation, Positional Variation",9,onepoundrook,black,Italiangangster,2835,2710,win,1.0
EhLDULGv,2026-01-31T19:09:41.290000+00:00,180+0,standard,blitz,True,outoftime,black,162,Chessiguana,onepoundrook,2757,2830,-4,5,A45,Indian Defense: Accelerated London System,3,onepoundrook,black,Chessiguana,2830,2757,win,1.0
feQbCW1G,2026-01-31T16:05:37.497000+00:00,180+0,standard,blitz,True,mate,white,105,onepoundrook,Burjugul_7,2827,2665,3,-3,C02,"French Defense: Advance Variation, Main Line",11,onepoundrook,white,Burjugul_7,2827,2665,win,1.0
SLb9BBHQ,2026-01-31T15:49:43.924000+00:00,180+0,standard,blitz,True,resign,white,61,chess-art-us,onepoundrook,2883,2832,5,-5,C50,"Italian Game: Giuoco Pianissimo, Normal",8,onepoundrook,black,chess-art-us,2832,2883,loss,0.0
kuq3MCBQ,2026-01-31T15:43:11.052000+00:00,180+0,standard,blitz,True,outoftime,black,156,onepoundrook,chess-art-us,2838,2878,-6,5,B48,"Sicilian Defense: Taimanov Variation, Bastrikov Variation, English Attack",11,onepoundrook,white,chess-art-us,2838,2878,loss,0.0
Q98v5rE6,2026-01-31T13:27:41.852000+00:00,180+0,standard,blitz,True,mate,white,123,onepoundrook,gepard2014,2834,2669,4,-3,B12,"Caro-Kann Defense: Advance Variation, Short Variation",7,onepoundrook,white,gepard2014,2834,2669,win,1.0
AAxLPq1t,2026-01-31T13:23:52.179000+00:00,180+0,standard,blitz,True,resign,black,42,onepoundrook,ilqar_7474,2840,2896,-6,5,B90,"Sicilian Defense: Najdorf Variation, Adams Attack",11,onepoundrook,white,ilqar_7474,2840,2896,loss,0.0
m2rHzgAC,2026-01-29T17:08:57.306000+00:00,180+0,standard,blitz,True,resign,black,136,Mr_BaronMunchausen,onepoundrook,2710,2836,-6,4,A02,Bird Opening,1,onepoundrook,black,Mr_BaronMunchausen,2836,2710,win,1.0
iQTcPguY,2026-01-25T21:37:05.422000+00:00,180+0,standard,blitz,True,mate,white,153,onepoundrook,BIZOO,2832,2696,4,-3,B01,Scandinavian Defense: Gubinsky-Melts Defense,6,onepoundrook,white,BIZOO,2832,2696,win,1.0
7zadMEk5,2026-01-25T21:30:48.286000+00:00,180+0,standard,blitz,True,mate,black,90,BIZOO,onepoundrook,2700,2828,-4,4,A15,English Opening: Anglo-Indian Defense,2,onepoundrook,black,BIZOO,2828,2700,win,1.0
TrZffygx,2026-01-25T21:23:38.538000+00:00,180+0,standard,blitz,True,outoftime,white,107,onepoundrook,BIZOO,2825,2704,3,-4,B12,"Caro-Kann Defense: Advance Variation, Short Variation",7,onepoundrook,white,BIZOO,2825,2704,win,1.0
ZGzC79Md,2026-01-25T21:18:23.556000+00:00,180+0,standard,blitz,True,draw,,72,BIZOO,onepoundrook,2702,2826,2,-1,A45,Trompowsky Attack,3,onepoundrook,black,BIZOO,2826,2702,draw,0.5
k1F0pf5j,2026-01-25T21:13:41.505000+00:00,180+0,standard,blitz,True,resign,white,51,onepoundrook,BIZOO,2823,2706,3,-4,C02,"French Defense: Advance Variation, Main Line",11,onepoundrook,white,BIZOO,2823,2706,win,1.0
ebiFKxYX,2026-01-25T21:07:12.896000+00:00,180+0,standard,blitz,True,resign,black,86,BIZOO,onepoundrook,2710,2819,-4,4,A04,Zukertort Opening: Kingside Fianchetto,2,onepoundrook,black,BIZOO,2819,2710,win,1.0
CIQOg2VT,2026-01-25T21:01:11.682000+00:00,180+0,standard,blitz,True,resign,white,85,onepoundrook,BIZOO,2815,2714,4,-4,B06,Modern Defense,4,onepoundrook,white,BIZOO,2815,2714,win,1.0
yJBO02TS,2026-01-25T20:59:26.194000+00:00,180+0,standard,blitz,True,draw,,49,BIZOO,onepoundrook,2713,2816,1,-1,C25,Vienna Game: Max Lange Defense,4,onepoundrook,black,BIZOO,2816,2713,draw,0.5
Ti93sX00,2026-01-24T10:02:03.109000+00:00,180+0,standard,blitz,True,outoftime,black,110,slouuuurps,onepoundrook,2699,2812,-5,4,A50,Queen's Indian Accelerated,4,onepoundrook,black,slouuuurps,2812,2699,win,1.0
lB8HypzY,2026-01-24T09:51:49.265000+00:00,180+0,standard,blitz,True,draw,,81,onepoundrook,Fabsid,2813,2764,-1,1,B12,"Caro-Kann Defense: Advance Variation, Short Variation",7,onepoundrook,white,Fabsid,2813,2764,draw,0.5
1Hgs6mxm,2026-01-24T08:52:30.450000+00:00,180+0,standard,blitz,True,resign,black,76,Fide_MaSk,onepoundrook,2706,2809,-7,4,A35,"English Opening: Symmetrical Variation, Four Knights Variation",6,onepoundrook,black,Fide_MaSk,2809,2706,win,1.0
g5nKADRE,2026-01-24T08:48:52.195000+00:00,180+0,standard,blitz,True,resign,white,47,onepoundrook,MassterofMayhem,2805,2649,4,-3,B50,Sicilian Defense: Modern Variations,4,onepoundrook,white,MassterofMayhem,2805,2649,win,1.0
rz23QqG7,2026-01-24T08:42:55.343000+00:00,180+0,standard,blitz,True,resign,black,114,Sultai,onepoundrook,2624,2802,-3,3,C70,"Ruy Lopez: Morphy Defense, Cozio Defense",8,onepoundrook,black,Sultai,2802,2624,win,1.0
8bbTIvCo,2026-01-24T08:38:17.597000+00:00,180+0,standard,blitz,True,resign,black,62,Fools_For_Luck,onepoundrook,2618,2799,-4,3,A35,"English Opening: Symmetrical Variation, Four Knights Variation",6,onepoundrook,black,Fools_For_Luck,2799,2618,win,1.0
qVMUZEDA,2026-01-24T08:31:50.882000+00:00,180+0,standard,blitz,True,mate,white,135,onepoundrook,ndhaqua49,2796,2635,3,-4,C77,"Ruy Lopez: Morphy Defense, Anderssen Variation",9,onepoundrook,white,ndhaqua49,2796,2635,win,1.0
bVaMZGCV,2026-01-24T08:23:27.404000+00:00,180+0,standard,blitz,True,draw,,189,Gyalog75,onepoundrook,2623,2798,3,-2,A05,King's Indian Attack: Symmetrical Defense,4,onepoundrook,black,Gyalog75,2798,2623,draw,0.5
XDFq8d3I,2026-01-24T08:17:51.651000+00:00,180+0,standard,blitz,True,draw,,101,onepoundrook,Yuri_Guenther,2800,2682,-2,2,C77,"Ruy Lopez: Morphy Defense, Anderssen Variation",9,onepoundrook,white,Yuri_Guenther,2800,2682,draw,0.5
dDUgubF0,2026-01-24T08:10:37.512000+00:00,180+0,standard,blitz,True,draw,,132,Fide_MaSk,onepoundrook,2710,2802,3,-2,A35,"English Opening: Symmetrical Variation, Four Knights Variation",6,onepoundrook,black,Fide_MaSk,2802,2710,draw,0.5
NsjmXaUk,2026-01-31T11:55:55.501000+00:00,120+1,standard,bullet,True,outoftime,white,79,Pursta,AIDARED,2409,2428,6,-9,A47,Pseudo Queen's Indian Defense,4,AIDARED,black,Pursta,2428,2409,loss,0.0
mt5ZYOLq,2026-01-30T03:14:04.576000+00:00,120+1,standard,bullet,True,outoftime,white,83,AIDARED,HUGOABEL,2420,2378,8,-5,B00,Pirc Defense,3,AIDARED,white,HUGOABEL,2420,2378,win,1.0
7AL7jq1o,2026-01-28T02:34:45.839000+00:00,120+1,standard,bullet,True,outoftime,black,56,AIDARED,Rambonj,2432,2323,-12,7,C77,"Ruy Lopez: Morphy Defense, Anderssen Variation",9,AIDARED,white,Rambonj,2432,2323,loss,0.0
dVOZm7qL,2026-01-21T23:15:42.697000+00:00,180+2,chess960,blitz,True,outoftime,black,54,AIDARED,OmarSadaBorge,2210,2011,-15,8,,,,AIDARED,white,OmarSadaBorge,2210,2011,loss,0.0
akOWRHPc,2026-01-21T22:19:15.090000+00:00,600+5,standard,rapid,True,resign,black,88,igorkuznetsov10,AIDARED,2366,2547,-3,6,E40,Nimzo-Indian Defense: Rubinstein System,7,AIDARED,black,igorkuznetsov10,2547,2366,win,1.0
O0QZvhnQ,2026-01-21T21:31:22.675000+00:00,180+2,standard,blitz,True,outoftime,black,54,AIDARED,Multilaser20,2475,2435,-8,7,B40,Sicilian Defense: French Variation,4,AIDARED,white,Multilaser20,2475,2435,loss,0.0
LS1YkSD1,2026-01-21T21:14:39.990000+00:00,120+1,standard,bullet,True,outoftime,white,53,lucky_brad,AIDARED,2289,2437,8,-12,B02,"Alekhine Defense: Two Pawns Attack, Lasker Variation",7,AIDARED,black,lucky_brad,2437,2289,loss,0.0
tcZ9Gitz,2026-01-18T20:43:19.670000+00:00,180+2,chess960,blitz,True,outoftime,black,72,AIDARED,Didi-31,2233,1941,-16,17,,,,AIDARED,white,Didi-31,2233,1941,loss,0.0
2RmO4jAd,2026-01-17T06:39:16.091000+00:00,120+1,standard,bullet,True,outoftime,black,62,AIDARED,lauts,2435,2435,-9,5,B06,Modern Defense: Standard Defense,6,AIDARED,white,lauts,2435,2435,loss,0.0
yx39nKFL,2026-01-17T01:01:24.645000+00:00,600+5,standard,rapid,True,resign,white,61,AIDARED,GentilGoret,2536,2190,3,-2,D43,Semi-Slav Defense,8,AIDARED,white,GentilGoret,2536,2190,win,1.0
Kw3pgXvZ,2026-01-17T00:47:56.826000+00:00,180+2,standard,blitz,True,mate,black,54,kamblefy,AIDARED,2475,2459,-6,6,A00,Mieses Opening,1,AIDARED,black,kamblefy,2459,2475,win,1.0
iOOLudGY,2026-01-17T00:31:18.356000+00:00,120+1,standard,bullet,True,outoftime,black,80,AIDARED,luistop,2445,2409,-10,6,C77,"Ruy Lopez: Morphy Defense, Anderssen Variation",9,AIDARED,white,luistop,2445,2409,loss,0.0
jAMDQUC5,2026-01-15T23:58:14.161000+00:00,180+2,chess960,blitz,True,mate,black,124,editnix,AIDARED,1862,2231,-1,2,,,,AIDARED,black,editnix,2231,1862,win,1.0
DYEkO2m2,2026-01-15T23:41:42.601000+00:00,180+3,chess960,blitz,True,outoftime,black,74,AIDARED,justiniano565,2240,2270,-9,5,,,,AIDARED,white,justiniano565,2240,2270,loss,0.0
r3Wzo49T,2026-01-15T23:08:15.731000+00:00,900+5,standard,rapid,True,resign,white,41,AIDARED,hraac,2533,2278,3,-2,A52,"Indian Defense: Budapest Defense, Adler Variation",7,AIDARED,white,hraac,2533,2278,win,1.0
PkWSEEBo,2026-01-15T22:47:15.877000+00:00,600+5,standard,rapid,True,resign,black,48,lomelilopez,AIDARED,2277,2528,-3,5,B20,Sicilian Defense: Bowdler Attack,3,AIDARED,black,lomelilopez,2528,2277,win,1.0
wXut6Mmn,2026-01-15T22:13:20.304000+00:00,120+1,standard,bullet,True,outoftime,white,109,chesslover19751,AIDARED,2270,2452,8,-13,E12,"Queen's Indian Defense: Kasparov-Petrosian Variation, Petrosian Attack",13,AIDARED,black,chesslover19751,2452,2270,loss,0.0
WZLYhCsh,2026-01-15T22:03:25.909000+00:00,120+1,standard,bullet,True,outoftime,white,49,METAGAMER,AIDARED,2390,2463,7,-11,B05,"Alekhine Defense: Modern Variation, Main Line",8,AIDARED,black,METAGAMER,2463,2390,loss,0.0
7jIZLmBP,2026-01-12T20:17:59.322000+00:00,180+2,chess960,blitz,True,resign,white,41,AIDARED,Alex984,2234,2087,6,-3,,,,AIDARED,white,Alex984,2234,2087,win,1.0
aWvOYHKm,2026-01-12T19:52:25.781000+00:00,600+5,standard,rapid,True,resign,white,71,AIDARED,Georgitomgeorgiwww,2522,2406,6,-4,E12,"Queen's Indian Defense: Kasparov-Petrosian Variation, Main Line",10,AIDARED,white,Georgitomgeorgiwww,2522,2406,win,1.0
iFlY8KzL,2026-01-12T19:32:00.865000+00:00,180+2,standard,blitz,True,resign,white,67,AIDARED,strong_player_007,2440,2368,5,-5,B03,"Alekhine Defense: Four Pawns Attack, Main Line",13,AIDARED,white,strong_player_007,2440,2368,win,1.0
81U4im9V,2026-01-12T19:20:37.193000+00:00,120+1,standard,bullet,True,draw,,124,kanakanak,AIDARED,2570,2460,-2,3,A30,English Opening: Symmetrical Variation,3,AIDARED,black,kanakanak,2460,2570,draw,0.5
2wkrQ2RO,2026-01-01T19:48:56.065000+00:00,180+2,chess960,blitz,True,mate,black,98,blundermaster_13,AIDARED,2194,2226,-14,8,,,,AIDARED,black,blundermaster_13,2226,2194,win,1.0
KNr5DvTm,2026-01-01T19:21:08.042000+00:00,600+5,standard,rapid,True,mate,white,67,AIDARED,varvar12c,2516,2375,6,-3,D32,Tarrasch Defense: Two Knights Variation,9,AIDARED,white,varvar12c,2516,2375,win,1.0
7KyMopky,2025-12-30T00:31:05.512000+00:00,600+5,standard,rapid,True,resign,black,144,RAJAWALI_SC,AIDARED,2253,2512,-3,4,B23,"Sicilian Defense: Closed, Traditional",4,AIDARED,black,RAJAWALI_SC,2512,2253,win,1.0
bsJsNXH7,2025-12-28T04:07:41.836000+00:00,120+1,standard,bullet,True,mate,white,61,AIDARED,Courcelette,2442,2366,5,-4,B06,Rat Defense: Accelerated Gurgenidze,6,AIDARED,white,Courcelette,2442,2366,win,1.0
ZeqcS4GG,2025-12-27T01:15:34.942000+00:00,180+2,chess960,blitz,True,outoftime,white,45,AIDARED,DarkestEnergy,2218,1835,2,-4,,,,AIDARED,white,DarkestEnergy,2218,1835,win,1.0
cl1ZBkCG,2025-12-27T00:38:48.669000+00:00,600+5,standard,rapid,True,resign,black,88,Jameslov,AIDARED,2025,2511,-1,1,B50,"Sicilian Defense: Delayed Alapin Variation, with d6",5,AIDARED,black,Jameslov,2511,2025,win,1.0
PEph7tGc,2025-12-27T00:23:17.469000+00:00,120+1,standard,bullet,True,outoftime,black,60,AIDARED,DoraPony,2451,2374,-9,13,B40,Sicilian Defense: French Variation,4,AIDARED,white,DoraPony,2451,2374,loss,0.0
Ry53kAA4,2025-12-25T20:32:12.549000+00:00,180+2,standard,blitz,True,draw,,138,AIDARED,Amateur_IM,2423,2854,5,-8,C10,French Defense: Paulsen Variation,5,AIDARED,white,Amateur_IM,2423,2854,draw,0.5
RY8ye5vB,2026-01-31T15:31:08.700000+00:00,900+15,standard,classical,True,resign,black,50,hanzo413,Marat22121972,2086,2392,-25,3,B29,"Sicilian Defense: Nimzowitsch Variation, Closed Variation",5,Marat22121972,black,hanzo413,2392,2086,win,1.0
r9mOtnJy,2026-01-31T12:53:12.415000+00:00,900+15,standard,classical,True,resign,white,105,Marat22121972,draingangfan69,2391,1940,1,-3,A10,English Opening: Great Snake Variation,2,Marat22121972,white,draingangfan69,2391,1940,win,1.0
iokQvoea,2026-01-31T10:40:14.583000+00:00,240+2,standard,blitz,True,resign,white,59,Marat22121972,Alleseins,2377,2007,1,-1,A16,"English Opening: Anglo-Indian Defense, Queen's Knight Variation",3,Marat22121972,white,Alleseins,2377,2007,win,1.0
Bx5fw95p,2026-01-31T05:59:25.530000+00:00,600+2,standard,rapid,True,outoftime,black,62,Hsthayninh_8386,Marat22121972,2090,2447,-1,2,D85,"Grünfeld Defense: Exchange Variation, Modern Exchange Variation",14,Marat22121972,black,Hsthayninh_8386,2447,2090,win,1.0
EPdVuBNC,2026-01-30T05:16:47.440000+00:00,900+15,standard,classical,True,resign,black,84,ConwyCastle,Marat22121972,2260,2381,-5,6,B29,"Sicilian Defense: Nimzowitsch Variation, Advance Variation",5,Marat22121972,black,ConwyCastle,2381,2260,win,1.0
0tzdUUzx,2026-01-29T16:37:10.961000+00:00,3600+30,standard,classical,True,resign,white,67,Avengerhorse,Marat22121972,2123,2396,20,-15,B23,"Sicilian Defense: Closed, Traditional",4,Marat22121972,black,Avengerhorse,2396,2123,loss,0.0
i54RPysU,2026-01-29T15:49:06.776000+00:00,1200+10,standard,classical,True,resign,white,73,RumusJulli,Marat22121972,2384,2406,6,-10,A15,English Opening: Anglo-Indian Defense,2,Marat22121972,black,RumusJulli,2406,2384,loss,0.0
KYrsikm2,2026-01-29T15:02:04.623000+00:00,1500+0,standard,classical,True,outoftime,black,116,Marat22121972,Edilvers,2420,2191,-14,50,D30,Queen's Gambit Declined,4,Marat22121972,white,Edilvers,2420,2191,loss,0.0
BABoWzfh,2026-01-29T12:52:57.103000+00:00,1500+0,standard,classical,True,resign,black,56,Elwarrior80,Marat22121972,2370,2410,-6,9,A48,London System,7,Marat22121972,black,Elwarrior80,2410,2370,win,1.0
dav1ZwHv,2026-01-29T07:38:59.394000+00:00,900+15,standard,classical,True,resign,white,59,KnightmareOnQueens,Marat22121972,2065,2422,13,-18,A00,Polish Opening: Bugayev Attack,3,Marat22121972,black,KnightmareOnQueens,2422,2065,loss,0.0
gr4A4IWS,2026-01-28T06:21:53.705000+00:00,300+4,standard,blitz,True,resign,black,144,Marat22121972,Cavid2,2366,2167,-7,91,A35,"English Opening: Symmetrical Variation, Four Knights Variation",6,Marat22121972,white,Cavid2,2366,2167,loss,0.0
nTQobD4q,2026-01-27T05:26:43.392000+00:00,180+2,standard,blitz,True,outoftime,white,51,Marat22121972,Actarus8008,2362,2256,4,-4,A33,"English Opening: Symmetrical Variation, Anti-Benoni Variation, Spielmann Defense",10,Marat22121972,white,Actarus8008,2362,2256,win,1.0
RrBK0nfs,2026-01-26T09:41:25.995000+00:00,300+0,standard,blitz,True,resign,white,51,Marat22121972,BagNi98,2332,2284,4,-4,E10,Indian Defense: Anti-Nimzo-Indian,5,Marat22121972,white,BagNi98,2332,2284,win,1.0
yFjXEbqo,2026-01-26T08:29:37.903000+00:00,180+2,standard,blitz,True,resign,black,68,Marat22121972,Chaturangian,2338,2037,-10,10,A16,"English Opening: Anglo-Indian Defense, Queen's Knight Variation",3,Marat22121972,white,Chaturangian,2338,2037,loss,0.0
uluZ6CbG,2026-01-26T08:00:44.483000+00:00,600+5,standard,rapid,True,resign,white,63,Marat22121972,TimurlenkChess,2438,2084,1,-7,A16,"English Opening: Anglo-Indian Defense, Queen's Knight Variation",3,Marat22121972,white,TimurlenkChess,2438,2084,win,1.0
Oz95E9AO,2026-01-26T06:32:57.273000+00:00,180+2,standard,blitz,True,resign,black,98,Marat22121972,PsoyKorolenko,2362,2309,-7,7,D30,Queen's Gambit Declined,4,Marat22121972,white,PsoyKorolenko,2362,2309,loss,0.0
JImATG2o,2026-01-25T13:28:29.490000+00:00,600+0,standard,rapid,True,resign,white,73,Marat22121972,Pluto2024,2430,2307,3,-4,D26,"Queen's Gambit Accepted: Classical Defense, Steinitz Variation, Exchange Variation",12,Marat22121972,white,Pluto2024,2430,2307,win,1.0
aQ2IY7IV,2026-01-25T09:25:43.974000+00:00,900+8,standard,rapid,True,resign,black,74,Marat22121972,Thecrazyrookk,2437,2422,-7,24,A42,Modern Defense: Averbakh System,7,Marat22121972,white,Thecrazyrookk,2437,2422,loss,0.0
TNwU2ma5,2026-01-25T07:33:06.788000+00:00,300+5,standard,rapid,True,resign,black,40,Marat22121972,Wladzimir,2448,2005,-11,11,D30,Queen's Gambit Declined,4,Marat22121972,white,Wladzimir,2448,2005,loss,0.0
rAW6V1J9,2026-01-23T17:04:56.823000+00:00,120+2,standard,blitz,True,resign,black,56,Marat22121972,Imbalancedinferno,2351,2000,-10,10,A41,Rat Defense: English Rat,4,Marat22121972,white,Imbalancedinferno,2351,2000,loss,0.0
Ul5MBl5r,2026-01-23T14:00:00.817000+00:00,240+2,standard,blitz,True,resign,black,94,Marat22121972,monovolador2011,2353,2169,-9,9,D11,Slav Defense: Quiet Variation,7,Marat22121972,white,monovolador2011,2353,2169,loss,0.0
pguzBRJZ,2026-01-23T11:00:47.273000+00:00,1500+0,standard,classical,True,mate,black,142,AlwaysOne1,Marat22121972,2180,2418,-12,4,B22,"Sicilian Defense: Alapin Variation, Smith-Morra Declined",8,Marat22121972,black,AlwaysOne1,2418,2180,win,1.0
pAqk32nB,2026-01-22T09:59:58.837000+00:00,1500+30,standard,classical,True,resign,black,86,training167,Marat22121972,2023,2416,-3,2,A48,London System,7,Marat22121972,black,training167,2416,2023,win,1.0
wXBSeRf5,2026-01-22T07:40:40.959000+00:00,600+20,standard,rapid,True,resign,white,79,Marat22121972,oxyzt2,2443,2272,3,-3,A28,"English Opening: Four Knights System, Nimzowitsch Variation",7,Marat22121972,white,oxyzt2,2443,2272,win,1.0
5HxN6w4K,2026-01-21T17:02:11.746000+00:00,60+10,standard,blitz,True,resign,white,63,Marat22121972,barnstormsky,2357,1874,1,-1,A16,"English Opening: Anglo-Indian Defense, Queen's Knight Variation",3,Marat22121972,white,barnstormsky,2357,1874,win,1.0
ZMWL45oQ,2026-01-21T16:53:48.968000+00:00,180+3,standard,blitz,True,resign,black,82,Marat22121972,RioDeRookeiro,2367,2041,-10,10,E81,"King's Indian Defense: Sämisch Variation, Sämisch Gambit",12,Marat22121972,white,RioDeRookeiro,2367,2041,loss,0.0
OpbA7by5,2026-01-21T06:59:47.191000+00:00,720+20,standard,classical,True,resign,white,105,Marat22121972,SULLLA,2408,2163,4,-3,A27,"English Opening: King's English Variation, Three Knights System",5,Marat22121972,white,SULLLA,2408,2163,win,1.0
PIHQFbKj,2026-01-20T15:01:01.215000+00:00,300+10,standard,rapid,True,mate,black,102,L_555,Marat22121972,2256,2437,-4,4,B21,Sicilian Defense: Smith-Morra Gambit,3,Marat22121972,black,L_555,2437,2256,win,1.0
hqwOKVQ5,2026-01-20T09:20:02.731000+00:00,1800+0,standard,classical,True,resign,white,107,Sultai,Marat22121972,2319,2420,53,-12,B29,"Sicilian Defense: Nimzowitsch Variation, Advance Variation",5,Marat22121972,black,Sultai,2420,2319,loss,0.0
FVMqE4Mk,2026-01-19T08:22:31.483000+00:00,900+15,standard,classical,True,draw,,105,Vlad_Lazarev79,Marat22121972,2456,2418,-1,2,D01,Rapport-Jobava System,6,Marat22121972,black,Vlad_Lazarev79,2418,2456,draw,0.5
8hvsZb0F,2026-02-01T21:18:06.772000+00:00,1500+0,standard,classical,True,resign,white,81,trening33,dhslayer,2330,2238,11,-4,A45,Indian Defense: Accelerated London System,3,trening33,white,dhslayer,2330,2238,win,1.0
D6TNaBpM,2026-01-30T21:29:00.824000+00:00,1200+10,standard,classical,True,resign,white,81,trening33,Aqissiaq,2330,1437,0,-1,D00,Queen's Pawn Game: Accelerated London System,3,trening33,white,Aqissiaq,2330,1437,win,1.0
oT7YFFID,2026-01-28T20:41:02.586000+00:00,1500+0,standard,classical,True,resign,black,52,Meowth8,trening33,2263,2317,-8,13,B23,Sicilian Defense: Closed,3,trening33,black,Meowth8,2317,2263,win,1.0
QCQzFiqJ,2026-01-26T21:30:32.190000+00:00,1500+0,standard,classical,True,mate,white,41,trening33,whitehathacker,2310,2090,7,-3,D00,Queen's Pawn Game: Accelerated London System,3,trening33,white,whitehathacker,2310,2090,win,1.0
BqE0MAYS,2026-01-26T21:05:49.296000+00:00,1500+0,standard,classical,True,timeout,black,34,Chibuike_Lucad,trening33,2110,2301,-5,9,B27,Sicilian Defense: Hyperaccelerated Dragon,4,trening33,black,Chibuike_Lucad,2301,2110,win,1.0
vbQEhyoC,2026-01-24T21:38:42.332000+00:00,1500+0,standard,classical,True,draw,,198,trening33,ARmAN20111,2308,2169,-7,4,A45,Indian Defense: Accelerated London System,3,trening33,white,ARmAN20111,2308,2169,draw,0.5
KaToMrkg,2026-01-22T21:48:46.646000+00:00,1500+0,standard,classical,True,resign,black,50,chessisadecentgame,trening33,2193,2295,-6,13,D58,"Queen's Gambit Declined: Tartakower Defense, Exchange Variation",16,trening33,black,chessisadecentgame,2295,2193,win,1.0
dXS2S5XT,2026-01-21T21:55:24.020000+00:00,180+2,standard,blitz,True,outoftime,white,63,trening33,Doctor_Zhivago,2147,2107,13,-5,B20,Sicilian Defense: Mengarini Variation,3,trening33,white,Doctor_Zhivago,2147,2107,win,1.0
hhDJzv3w,2026-01-21T21:47:21.704000+00:00,180+2,standard,blitz,True,mate,black,62,gmabic,trening33,2137,2129,-6,18,B00,"Nimzowitsch Defense: Kennedy Variation, de Smet Gambit",6,trening33,black,gmabic,2129,2137,win,1.0
0s7AXnRE,2026-01-20T23:07:19.361000+00:00,180+2,standard,blitz,True,resign,white,61,trening33,DuviHoff,2108,2196,21,-6,B20,Sicilian Defense: Mengarini Variation,3,trening33,white,DuviHoff,2108,2196,win,1.0
SfjJiurl,2026-01-20T22:58:35.471000+00:00,180+2,standard,blitz,True,outoftime,black,72,Torriccelli,trening33,2003,2093,-4,15,A57,Benko Gambit Accepted: Pawn Return Variation,9,trening33,black,Torriccelli,2093,2003,win,1.0
gym99SW9,2026-01-20T22:48:50.902000+00:00,180+2,standard,blitz,True,outoftime,black,54,MagicianFromIsabela,trening33,2075,2073,-6,20,B01,Scandinavian Defense: Modern Variation,4,trening33,black,MagicianFromIsabela,2073,2075,win,1.0
kP1QGeWZ,2026-01-20T22:41:40.070000+00:00,180+2,standard,blitz,True,resign,white,41,trening33,PeakyblindersTR,2055,2029,18,-5,B00,Pirc Defense,4,trening33,white,PeakyblindersTR,2055,2029,win,1.0
MZ1iHEjL,2026-01-19T21:25:11.557000+00:00,1500+0,standard,classical,True,resign,white,35,trening33,Salomon_V,2277,2327,18,-14,A45,Indian Defense: Accelerated London System,3,trening33,white,Salomon_V,2277,2327,win,1.0
sEPkRiEd,2026-01-18T22:11:48.712000+00:00,1500+0,standard,classical,True,resign,black,72,HooCee,trening33,2292,2257,-10,20,B23,"Sicilian Defense: Grand Prix Attack, Schofman Variation",11,trening33,black,HooCee,2257,2292,win,1.0
N4RHoVzV,2026-01-17T22:57:02.442000+00:00,180+2,standard,blitz,True,resign,black,40,rikirib,trening33,2005,2035,-5,20,D35,Queen's Gambit Declined: Normal Defense,6,trening33,black,rikirib,2035,2005,win,1.0
QZ7e1sOB,2026-01-17T22:49:46.386000+00:00,180+2,standard,blitz,True,resign,white,95,trening33,rikirib,2013,2010,22,-5,B21,Sicilian Defense: Smith-Morra Gambit,3,trening33,white,rikirib,2013,2010,win,1.0
P5jav1iu,2026-01-17T21:29:01.625000+00:00,1500+0,standard,classical,True,mate,black,104,trening33,David15003,2285,1954,-28,113,D00,Queen's Pawn Game: Accelerated London System,3,trening33,white,David15003,2285,1954,loss,0.0
9v8YOk1q,2026-01-16T21:26:13.082000+00:00,1500+0,standard,classical,True,mate,black,80,IS-Builder,trening33,2004,2278,-3,7,D53,"Queen's Gambit Declined: Modern Variation, Heral Variation",9,trening33,black,IS-Builder,2278,2004,win,1.0
T6Jszoks,2026-01-15T21:02:52.223000+00:00,1500+0,standard,classical,True,timeout,white,53,trening33,Chessteufel,2273,1934,5,-23,D00,"Queen's Pawn Game: Accelerated London System, Steinitz Countergambit",4,trening33,white,Chessteufel,2273,1934,win,1.0
BKtekB6U,2026-01-12T21:35:11.805000+00:00,1500+0,standard,classical,True,mate,black,68,Scapolo,trening33,2119,2261,-15,12,E06,Catalan Opening: Closed,9,trening33,black,Scapolo,2261,2119,win,1.0
1saq32m6,2026-01-06T21:55:10.570000+00:00,1500+0,standard,classical,True,resign,white,53,trening33,O_Caithain18,2250,2092,11,-4,A45,Indian Defense: Accelerated London System,3,trening33,white,O_Caithain18,2250,2092,win,1.0
tvrnq50e,2026-01-05T21:56:10.418000+00:00,180+2,standard,blitz,True,mate,white,57,trening33,Macgurn,2016,1974,29,-5,D00,Queen's Pawn Game: Accelerated London System,3,trening33,white,Macgurn,2016,1974,win,1.0
j6paxjrG,2025-12-22T21:25:57.807000+00:00,1800+0,standard,classical,True,resign,black,40,chesspsychology22,trening33,2202,2234,-16,16,B23,Sicilian Defense: Grand Prix Attack,5,trening33,black,chesspsychology22,2234,2202,win,1.0
8MWUBdh2,2025-12-22T21:15:25.425000+00:00,1800+0,standard,classical,True,resign,white,19,trening33,ABuggersLife,2220,2144,14,-5,A45,Indian Defense: Accelerated London System,3,trening33,white,ABuggersLife,2220,2144,win,1.0
yxTaxASL,2025-12-20T21:54:11.536000+00:00,1800+0,standard,classical,True,mate,white,175,Moodupeng,trening33,2143,2244,7,-24,B24,Sicilian Defense: Closed,8,trening33,black,Moodupeng,2244,2143,loss,0.0
j6bIg8Nj,2025-12-19T21:55:40.546000+00:00,1800+0,standard,classical,True,resign,white,98,trening33,pochitawai,2231,2110,13,-4,A45,Indian Defense: Accelerated London System,3,trening33,white,pochitawai,2231,2110,win,1.0
M99poh8v,2025-12-16T22:10:00.018000+00:00,1800+0,standard,classical,True,draw,,83,Resilient_Ninja,trening33,2129,2236,2,-5,B30,Sicilian Defense: Nyezhmetdinov-Rossolimo Attack,5,trening33,black,Resilient_Ninja,2236,2129,draw,0.5
trA1tmnX,2025-12-15T21:55:43.928000+00:00,1800+0,standard,classical,True,outoftime,black,116,trening33,I_am_Focado,2247,2120,-30,14,D00,Queen's Pawn Game: Accelerated London System,3,trening33,white,I_am_Focado,2247,2120,loss,0.0
4zxU8gPL,2025-12-15T21:10:48.478000+00:00,1800+0,standard,classical,True,resign,black,110,trening33,Absoluteenergy,2266,2331,-19,30,A45,Indian Defense: Accelerated London System,3,trening33,white,Absoluteenergy,2266,2331,loss,0.0
S0uNYN0k,2026-01-31T10:42:57.867000+00:00,600+0,standard,rapid,True,resign,white,83,DuRuDiDo,Integrale25,2593,2657,11,-17,D02,Queen's Pawn Game: Zukertort Variation,3,DuRuDiDo,white,Integrale25,2593,2657,win,1.0
MyWQ5tnu,2026-01-30T15:39:06.211000+00:00,600+0,standard,rapid,True,mate,black,188,rocardinha,DuRuDiDo,2419,2587,-4,6,D37,Queen's Gambit Declined: Barmen Variation,8,DuRuDiDo,black,rocardinha,2587,2419,win,1.0
MpJ41KvA,2026-01-30T15:15:08.826000+00:00,600+0,standard,rapid,True,resign,white,101,DuRuDiDo,agg144,2580,2500,7,-4,A46,Indian Defense: London System,5,DuRuDiDo,white,agg144,2580,2500,win,1.0
gx1dyUQJ,2026-01-30T15:04:10.405000+00:00,600+0,standard,rapid,True,resign,black,48,agg144,DuRuDiDo,2505,2571,-5,9,B42,"Sicilian Defense: Kan Variation, Polugaevsky Variation",10,DuRuDiDo,black,agg144,2571,2505,win,1.0
pcYOi6yR,2026-01-30T14:53:09.520000+00:00,600+0,standard,rapid,True,resign,black,76,DuRuDiDo,ilqar_7474,2576,2804,-5,7,D02,Queen's Pawn Game: London System,5,DuRuDiDo,white,ilqar_7474,2576,2804,loss,0.0
geZTyvdV,2026-01-30T14:33:21.090000+00:00,600+0,standard,rapid,True,resign,white,113,DuRuDiDo,TRAININGRIVAL2025,2566,2560,10,-29,D02,Queen's Pawn Game: London System,5,DuRuDiDo,white,TRAININGRIVAL2025,2566,2560,win,1.0
bde0QY9H,2026-01-30T14:10:44.961000+00:00,600+0,standard,rapid,True,resign,white,107,axel1702,DuRuDiDo,2367,2582,9,-16,E09,"Catalan Opening: Closed Variation, Traditional Variation",16,DuRuDiDo,black,axel1702,2582,2367,loss,0.0
Xy9RjxcO,2026-01-30T13:45:13.113000+00:00,600+0,standard,rapid,True,resign,black,120,Skjernholm,DuRuDiDo,2521,2573,-14,9,B40,Sicilian Defense: French Variation,4,DuRuDiDo,black,Skjernholm,2573,2521,win,1.0
KwBs8nq4,2026-01-30T13:25:27.312000+00:00,600+0,standard,rapid,True,resign,black,60,DoctorDoom123,DuRuDiDo,2503,2562,-7,11,B22,Sicilian Defense: Alapin Variation,3,DuRuDiDo,black,DoctorDoom123,2562,2503,win,1.0
jroU54Tq,2026-01-30T12:30:52.289000+00:00,600+0,standard,rapid,True,resign,white,37,DuRuDiDo,DWhiteShark2882,2556,2388,6,-3,D02,Queen's Pawn Game: London System,5,DuRuDiDo,white,DWhiteShark2882,2556,2388,win,1.0
anNHw3Xo,2026-01-26T15:42:15.497000+00:00,600+0,standard,rapid,True,resign,white,61,Smart_Kotik,DuRuDiDo,2534,2569,6,-13,A14,"English Opening: Agincourt Defense, Neo-Catalan Declined",11,DuRuDiDo,black,Smart_Kotik,2569,2534,loss,0.0
AKXzCK6N,2026-01-19T15:22:27.702000+00:00,600+0,standard,rapid,True,resign,black,105,DuRuDiDo,Kush0410,2587,2393,-18,9,B33,"Sicilian Defense: Lasker-Pelikan Variation, Sveshnikov Variation, Chelyabinsk Variation",19,DuRuDiDo,white,Kush0410,2587,2393,loss,0.0
zPsq9ZAt,2026-01-19T15:01:43.375000+00:00,600+0,standard,rapid,True,outoftime,white,83,DuRuDiDo,StrangerAM,2576,2555,11,-5,C41,Philidor Defense: Larsen Variation,8,DuRuDiDo,white,StrangerAM,2576,2555,win,1.0
luDL8VEa,2026-01-19T13:47:13.526000+00:00,600+0,standard,rapid,True,resign,black,34,UnconscionabLe3959,DuRuDiDo,2458,2566,-9,10,B22,Sicilian Defense: Delayed Alapin Variation,10,DuRuDiDo,black,UnconscionabLe3959,2566,2458,win,1.0
tNVpk5Sp,2026-01-19T13:39:12.631000+00:00,180+2,chess960,blitz,True,resign,white,35,mhennigan,DuRuDiDo,2214,2181,5,-34,,,,DuRuDiDo,black,mhennigan,2181,2214,loss,0.0
hKKmikZ7,2026-01-13T08:02:39.982000+00:00,180+0,standard,blitz,True,outoftime,white,75,DuRuDiDo,EamonMont,2600,2459,3,-4,A48,London System,5,DuRuDiDo,white,EamonMont,2600,2459,win,1.0
D8RcW3dC,2026-01-11T13:27:14.325000+00:00,60+0,standard,bullet,True,mate,white,69,SergerBeurier,DuRuDiDo,2841,2892,6,-6,B13,"Caro-Kann Defense: Panov Attack, Modern Defense, Mieses Line",12,DuRuDiDo,black,SergerBeurier,2892,2841,loss,0.0
k56MkO3E,2026-01-11T13:07:21.420000+00:00,60+0,standard,bullet,True,resign,white,83,DuRuDiDo,SouthAfricanWolf,2875,2887,6,-6,A48,London System,5,DuRuDiDo,white,SouthAfricanWolf,2875,2887,win,1.0
2dDZhyui,2026-01-11T12:55:19.189000+00:00,60+0,standard,bullet,True,resign,black,42,DuRuDiDo,zombie1234327,2869,2646,-11,10,A44,Benoni Defense: Old Benoni,4,DuRuDiDo,white,zombie1234327,2869,2646,loss,0.0
Yc2eobw1,2026-01-06T12:09:29.520000+00:00,600+0,standard,rapid,True,resign,black,46,DreamDestructor_2012,DuRuDiDo,2497,2556,-5,10,B43,"Sicilian Defense: Kan Variation, Wing Attack",10,DuRuDiDo,black,DreamDestructor_2012,2556,2497,win,1.0
OCENvn0s,2026-01-06T11:58:30.525000+00:00,600+0,standard,rapid,True,resign,white,31,RhysMontrose,DuRuDiDo,2499,2570,36,-14,D10,Slav Defense: Exchange Variation,5,DuRuDiDo,black,RhysMontrose,2570,2499,loss,0.0
cVXe5enx,2026-01-06T11:47:18.048000+00:00,600+0,standard,rapid,True,resign,white,49,DuRuDiDo,ALEXSADERISPUSHKINO,2563,2392,7,-3,D02,"Queen's Gambit Declined: Baltic Defense, Pseudo-Slav",8,DuRuDiDo,white,ALEXSADERISPUSHKINO,2563,2392,win,1.0
cTxOnJwh,2026-01-06T11:35:57.481000+00:00,600+0,standard,rapid,True,resign,white,31,moustiblanc,DuRuDiDo,2433,2581,8,-18,D11,Slav Defense: Modern Line,5,DuRuDiDo,black,moustiblanc,2581,2433,loss,0.0
0FAm0QrG,2026-01-06T11:27:32.108000+00:00,600+0,standard,rapid,True,resign,white,69,DuRuDiDo,DreamDestructor_2012,2570,2498,11,-5,B13,Caro-Kann Defense: Exchange Variation,5,DuRuDiDo,white,DreamDestructor_2012,2570,2498,win,1.0
vIUZAwUQ,2026-01-06T11:10:33.314000+00:00,600+0,standard,rapid,True,resign,black,62,bumblebee_2009,DuRuDiDo,2478,2559,-5,11,D31,"Queen's Gambit Declined: Semi-Slav, Abrahams Variation",14,DuRuDiDo,black,bumblebee_2009,2559,2478,win,1.0
ofyOnj86,2026-01-04T20:44:44.789000+00:00,180+0,standard,blitz,True,resign,white,67,GoonfeldBishop,DuRuDiDo,2628,2605,5,-5,E47,Nimzo-Indian Defense: Normal Variation,9,DuRuDiDo,black,GoonfeldBishop,2605,2628,loss,0.0
oxTcjQeT,2026-01-04T20:39:14.656000+00:00,180+0,standard,blitz,True,resign,white,69,DuRuDiDo,LorAnonymous,2601,2490,4,-4,A46,Indian Defense: London System,5,DuRuDiDo,white,LorAnonymous,2601,2490,win,1.0
R684mkQW,2026-01-04T20:34:29.040000+00:00,180+0,standard,blitz,True,resign,white,83,DuRuDiDo,L2CH,2597,2462,4,-3,A48,London System,5,DuRuDiDo,white,L2CH,2597,2462,win,1.0
DhK6QNlX,2026-01-04T20:30:38.004000+00:00,180+0,standard,blitz,True,resign,white,67,dubovshina,DuRuDiDo,2487,2605,7,-8,B40,"Sicilian Defense: Kan Variation, Wing Attack, Fianchetto Variation",11,DuRuDiDo,black,dubovshina,2605,2487,loss,0.0
3v5QnGRm,2026-01-04T20:26:01.715000+00:00,180+0,standard,blitz,True,mate,white,71,Belov_Igor,DuRuDiDo,2487,2612,7,-7,A15,"English Opening: Anglo-Indian Defense, King's Knight Variation",3,DuRuDiDo,black,Belov_Igor,2612,2487,loss,0.0
w2RaDxds,2026-02-01T20:22:04.386000+00:00,30+0,standard,bullet,True,mate,white,107,Zhigalko_Sergei,emirislamking,3196,3199,5,-5,C02,French Defense: Advance Variation,7,emirislamking,black,Zhigalko_Sergei,3199,3196,loss,0.0
NflJjzfg,2026-02-01T20:11:54.557000+00:00,30+0,standard,bullet,True,mate,white,83,Zhigalko_Sergei,emirislamking,3179,3215,6,-6,C02,French Defense: Advance Variation,7,emirislamking,black,Zhigalko_Sergei,3215,3179,loss,0.0
0571J9w7,2026-02-01T20:03:57.137000+00:00,30+0,standard,bullet,True,outoftime,black,146,Zhigalko_Sergei,emirislamking,3173,3221,-5,5,C02,French Defense: Advance Variation,7,emirislamking,black,Zhigalko_Sergei,3221,3173,win,1.0
C4ZEGjxC,2026-02-01T18:41:15.384000+00:00,30+0,standard,bullet,True,outoftime,white,129,emirislamking,Zhigalko_Sergei,3209,3175,5,-5,A43,Benoni Defense: Old Benoni,2,emirislamking,white,Zhigalko_Sergei,3209,3175,win,1.0
ozcOgR9w,2026-02-01T17:06:35.627000+00:00,30+0,standard,bullet,True,outoftime,black,176,adil-tkachev,emirislamking,2857,3226,-1,1,A04,Zukertort Opening: Queen's Gambit Invitation,2,emirislamking,black,adil-tkachev,3226,2857,win,1.0
uowV7ZGZ,2026-02-01T16:48:13.482000+00:00,30+0,standard,bullet,True,resign,black,36,snow152,emirislamking,2805,3221,-1,1,A00,Lasker Simul Special,2,emirislamking,black,snow152,3221,2805,win,1.0
iDaLtYEp,2026-02-01T13:44:40.682000+00:00,30+0,standard,bullet,True,resign,white,39,abudabi22840,emirislamking,3265,3236,5,-5,D30,Queen's Gambit Declined,4,emirislamking,black,abudabi22840,3236,3265,loss,0.0
nrlDx3eg,2026-02-01T13:30:15.338000+00:00,30+0,standard,bullet,True,outoftime,black,126,abudabi22840,emirislamking,3252,3248,-6,6,A00,Saragossa Opening,1,emirislamking,black,abudabi22840,3248,3252,win,1.0
B3oxoPXq,2026-02-01T13:11:10.539000+00:00,30+0,standard,bullet,True,mate,black,144,emirislamking,abudabi22840,3229,3270,-5,6,A43,Benoni Defense: Old Benoni,2,emirislamking,white,abudabi22840,3229,3270,loss,0.0
PIBiETru,2026-02-01T09:40:32.233000+00:00,30+0,chess960,bullet,True,resign,white,29,VLDrodrigo123,emirislamking,2611,2649,74,-16,,,,emirislamking,black,VLDrodrigo123,2649,2611,loss,0.0
r5OwRRiy,2026-02-01T09:32:28.055000+00:00,30+0,horde,bullet,True,resign,white,75,emirislamking,Yakov25,2563,2554,35,-5,,,,emirislamking,white,Yakov25,2563,2554,win,1.0
2ovkbfN7,2026-02-01T08:36:00.737000+00:00,30+0,standard,bullet,True,resign,black,64,emirislamking,BlitzKing92,3245,2763,-11,11,A45,Indian Defense,2,emirislamking,white,BlitzKing92,3245,2763,loss,0.0
k74l0IRv,2026-01-31T21:53:03.172000+00:00,180+0,standard,blitz,True,resign,white,97,emirislamking,stambul65,2672,2434,3,-2,D79,Neo-Grünfeld Defense: Ultra-Delayed Exchange Variation,14,emirislamking,white,stambul65,2672,2434,win,1.0
JzBqI71t,2026-01-31T21:46:42.187000+00:00,180+0,standard,blitz,True,outoftime,black,128,Top_Regional,emirislamking,2336,2671,-1,1,C10,"French Defense: Rubinstein Variation, Fort Knox Variation",10,emirislamking,black,Top_Regional,2671,2336,win,1.0
m1xQhQNU,2026-01-31T21:41:40.570000+00:00,180+0,standard,blitz,True,resign,white,69,emirislamking,Deniack,2670,2195,1,-1,A46,Indian Defense: Spielmann-Indian,4,emirislamking,white,Deniack,2670,2195,win,1.0
19pu4HMO,2026-01-31T21:37:49.790000+00:00,180+0,standard,blitz,True,resign,black,106,Jhon_petrucci,emirislamking,2267,2669,-1,1,A40,Horwitz Defense,2,emirislamking,black,Jhon_petrucci,2669,2267,win,1.0
w6l7fa39,2026-01-31T21:34:19.114000+00:00,180+0,standard,blitz,True,mate,black,64,che19,emirislamking,2048,2669,-1,0,D05,Queen's Pawn Game: Colle System,7,emirislamking,black,che19,2669,2048,win,1.0
04VHP3X6,2026-01-31T21:31:36.312000+00:00,180+0,standard,blitz,True,mate,white,65,emirislamking,El_Sulfa,2668,2196,1,-1,B13,"Caro-Kann Defense: Exchange Variation, Rubinstein Variation",11,emirislamking,white,El_Sulfa,2668,2196,win,1.0
vMzcagsW,2026-01-31T21:26:40.045000+00:00,180+0,standard,blitz,True,outoftime,black,108,KomoBckuy,emirislamking,1977,2668,0,0,C01,French Defense: Exchange Variation,7,emirislamking,black,KomoBckuy,2668,1977,win,1.0
hfBbhG3m,2026-01-31T21:22:03.168000+00:00,180+0,standard,blitz,True,resign,white,87,emirislamking,Maratonquedateencasa,2667,2039,1,0,D02,Queen's Pawn Game: Zukertort Variation,3,emirislamking,white,Maratonquedateencasa,2667,2039,win,1.0
ZeMMhZWC,2026-01-31T21:17:38.754000+00:00,180+0,standard,blitz,True,resign,black,132,Salvador_13,emirislamking,1788,2667,0,0,C02,French Defense: Advance Variation,6,emirislamking,black,Salvador_13,2667,1788,win,1.0
BNRE73gp,2026-01-31T21:15:40.990000+00:00,180+0,standard,blitz,True,mate,white,79,emirislamking,che19,2667,2036,0,0,D02,"Queen's Pawn Game: Symmetrical Variation, Pseudo-Catalan",5,emirislamking,white,che19,2667,2036,win,1.0
BBCvbA8u,2026-01-31T21:14:01.670000+00:00,180+0,standard,blitz,True,resign,white,45,emirislamking,Maratonquedateencasa,2667,2047,0,-1,D02,Queen's Pawn Game: Zukertort Variation,3,emirislamking,white,Maratonquedateencasa,2667,2047,win,1.0
jkTzoAyX,2026-01-31T21:09:43.410000+00:00,180+0,standard,blitz,True,resign,black,66,Top_Regional,emirislamking,2335,2665,-1,2,C10,"French Defense: Rubinstein Variation, Fort Knox Variation",10,emirislamking,black,Top_Regional,2665,2335,win,1.0
FUln8fFm,2026-01-31T21:06:56.270000+00:00,180+0,standard,blitz,True,mate,white,85,emirislamking,El_Sulfa,2664,2193,1,-1,D02,Queen's Pawn Game: Zukertort Variation,3,emirislamking,white,El_Sulfa,2664,2193,win,1.0
ZptHFRBg,2026-01-31T21:04:25.558000+00:00,180+0,standard,blitz,True,mate,black,56,che19,emirislamking,2051,2664,0,0,D05,Queen's Pawn Game: Colle System,7,emirislamking,black,che19,2664,2051,win,1.0
taRMSbZR,2026-01-31T21:02:28.128000+00:00,180+0,standard,blitz,True,resign,white,51,emirislamking,Antares1006,2664,2085,0,0,D77,"Neo-Grünfeld Defense: Classical Variation, Modern Defense",12,emirislamking,white,Antares1006,2664,2085,win,1.0
NJutiSBM,2026-01-31T21:00:18.138000+00:00,180+0,standard,blitz,True,resign,black,78,Linokia,emirislamking,2127,2663,-1,1,D35,Queen's Gambit Declined: Exchange Variation,7,emirislamking,black,Linokia,2663,2127,win,1.0
CgqLuwQ3,2026-01-31T20:57:20.769000+00:00,180+0,standard,blitz,True,mate,white,41,emirislamking,Maratonquedateencasa,2663,2041,0,0,D13,Slav Defense: Exchange Variation,8,emirislamking,white,Maratonquedateencasa,2663,2041,win,1.0
wlxPNCPY,2026-01-31T20:53:09.104000+00:00,180+0,standard,blitz,True,mate,black,128,elm821,emirislamking,1926,2663,0,0,C01,French Defense: Exchange Variation,7,emirislamking,black,elm821,2663,1926,win,1.0
D8Kf7WVa,2026-01-28T18:47:48.816000+00:00,15+0,standard,ultraBullet,True,mate,white,9,greennight,mraquariyaz67,2560,2759,8,-8,B06,Modern Defense,2,greennight,white,mraquariyaz67,2560,2759,win,1.0
powY6uSz,2026-01-28T18:45:41.906000+00:00,15+0,standard,ultraBullet,True,mate,black,16,mraquariyaz67,greennight,2769,2550,-9,9,C33,King's Gambit Accepted,4,greennight,black,mraquariyaz67,2550,2769,win,1.0
ZsHCicLL,2026-01-28T18:41:48.537000+00:00,15+0,standard,ultraBullet,True,resign,black,66,mraquariyaz67,greennight,2789,2529,-9,10,C21,Center Game: Kieseritzky Variation,5,greennight,black,mraquariyaz67,2529,2789,win,1.0
tz2TFDvB,2026-01-28T18:31:17.383000+00:00,15+0,standard,ultraBullet,True,outoftime,black,84,mraquariyaz67,greennight,2785,2534,-12,10,C47,"Four Knights Game: Scotch Variation, Belgrade Gambit",9,greennight,black,mraquariyaz67,2534,2785,win,1.0
Lnhez5Ig,2026-01-28T18:29:53.394000+00:00,15+0,standard,ultraBullet,True,outoftime,white,89,greennight,mraquariyaz67,2529,2792,10,-13,A01,Nimzo-Larsen Attack: Modern Variation,4,greennight,white,mraquariyaz67,2529,2792,win,1.0
pyom0BWu,2026-01-28T18:26:23.370000+00:00,30+0,standard,bullet,True,resign,black,62,greennight,ElPetitRei,3095,2834,-10,10,B06,Modern Defense: Standard Line,5,greennight,white,ElPetitRei,3095,2834,loss,0.0
xGuYG09J,2026-01-28T18:25:26.763000+00:00,30+0,standard,bullet,True,resign,black,66,greennight,ElPetitRei,3102,2827,-10,9,B02,Alekhine Defense,2,greennight,white,ElPetitRei,3102,2827,loss,0.0
OMQAbqg8,2026-01-28T01:29:06.200000+00:00,240+2,standard,blitz,True,resign,white,45,Predator_Shark,greennight,2495,2669,8,-10,D03,"Queen's Pawn Game: Torre Attack, Gossip Variation",6,greennight,black,Predator_Shark,2669,2495,loss,0.0
1Si0MjjG,2026-01-28T01:13:43.518000+00:00,240+2,standard,blitz,True,resign,black,86,la_muralla,greennight,2367,2667,-2,2,E05,"Catalan Opening: Open Defense, Classical Line",12,greennight,black,la_muralla,2667,2367,win,1.0
iRxb2qpB,2026-01-28T00:59:55.928000+00:00,240+2,standard,blitz,True,draw,,100,greennight,Zu_Cho_Chi,2671,2420,-4,4,A05,Zukertort Opening: Nimzo-Larsen Variation,3,greennight,white,Zu_Cho_Chi,2671,2420,draw,0.5
o7La2Njh,2026-01-28T00:44:09.660000+00:00,240+2,standard,blitz,True,draw,,141,Klimenko_Sergey_IM,greennight,2441,2675,3,-4,C55,"Italian Game: Two Knights Defense, Modern Bishop's Opening",7,greennight,black,Klimenko_Sergey_IM,2675,2441,draw,0.5
0E7QNIjp,2026-01-28T00:29:10.272000+00:00,240+2,standard,blitz,True,resign,white,67,greennight,Barrykuda,2674,2120,1,0,A04,Zukertort Opening: Pirc Invitation,2,greennight,white,Barrykuda,2674,2120,win,1.0
Te9eUUj3,2026-01-28T00:14:30.088000+00:00,240+2,standard,blitz,True,resign,black,26,peppy197,greennight,1552,2674,0,0,D30,Queen's Gambit Declined,4,greennight,black,peppy197,2674,1552,win,1.0
JYqZQ2yD,2026-01-28T00:00:00.089000+00:00,240+2,standard,blitz,True,resign,black,72,greennight,chol_salah,2687,2260,-13,12,D30,"Queen's Gambit Declined: Tarrasch Defense, Pseudo-Tarrasch",6,greennight,white,chol_salah,2687,2260,loss,0.0
mb9GeJyA,2026-01-25T20:57:24.995000+00:00,15+0,standard,ultraBullet,True,mate,white,61,Jhonny5554,greennight,2157,2527,10,-10,A00,Van't Kruijs Opening,1,greennight,black,Jhonny5554,2527,2157,loss,0.0
nM9Woih6,2026-01-25T16:49:57.962000+00:00,180+2,standard,blitz,True,stalemate,,158,greennight,Faryma,2692,2434,-5,4,A05,Zukertort Opening,2,greennight,white,Faryma,2692,2434,draw,0.5
vu8sKNv0,2026-01-25T16:37:31.700000+00:00,180+2,standard,blitz,True,draw,,103,Sparta75,greennight,2496,2695,3,-3,C69,"Ruy Lopez: Exchange Variation, Normal Variation",9,greennight,black,Sparta75,2695,2496,draw,0.5
BRHQovpX,2026-01-25T16:25:04.411000+00:00,180+2,standard,blitz,True,outoftime,white,103,greennight,Alexnsk20,2693,2442,2,-2,D02,Queen's Pawn Game: Symmetrical Variation,4,greennight,white,Alexnsk20,2693,2442,win,1.0
GKd1huWE,2026-01-25T16:13:43.357000+00:00,180+2,standard,blitz,True,resign,black,78,lacosta0S,greennight,2310,2691,-1,2,A07,King's Indian Attack: Double Fianchetto,4,greennight,black,lacosta0S,2691,2310,win,1.0
WeQLwsq1,2026-01-25T16:00:48.285000+00:00,180+2,standard,blitz,True,resign,white,75,greennight,Sofiiikaa,2691,2103,0,0,C44,King's Pawn Game: Tayler Opening,5,greennight,white,Sofiiikaa,2691,2103,win,1.0
yKnBYMUB,2026-01-24T17:19:55.133000+00:00,120+1,standard,bullet,True,resign,white,86,malyy,greennight,2733,3083,10,-12,E10,Indian Defense: Anti-Nimzo-Indian,5,greennight,black,malyy,3083,2733,loss,0.0
QVm3aMha,2026-01-24T17:12:32.636000+00:00,120+1,standard,bullet,True,resign,black,132,RookandRookie,greennight,2929,3079,-4,4,D41,Queen's Gambit Declined: Semi-Tarrasch Defense,9,greennight,black,RookandRookie,3079,2929,win,1.0
AikxhMiv,2026-01-24T17:05:25.995000+00:00,120+1,standard,bullet,True,outoftime,white,57,greennight,Secret_Magnus,3072,3059,7,-5,A04,Zukertort Opening: Kingside Fianchetto,2,greennight,white,Secret_Magnus,3072,3059,win,1.0
u9E9YCVk,2026-01-24T16:57:17.211000+00:00,120+1,standard,bullet,True,resign,black,54,ChessLiveTv_YouTube,greennight,2954,3067,-4,5,D02,"Queen's Pawn Game: Symmetrical Variation, Pseudo-Catalan",5,greennight,black,ChessLiveTv_YouTube,3067,2954,win,1.0
20CH2hwm,2026-01-24T16:49:04.163000+00:00,120+1,standard,bullet,True,draw,,129,greennight,samisahi,3067,3112,0,-1,A05,Zukertort Opening: Nimzo-Larsen Variation,3,greennight,white,samisahi,3067,3112,draw,0.5
yusriqwf,2026-01-24T16:41:36.271000+00:00,120+1,standard,bullet,True,outoftime,black,76,Billythekid30,greennight,2849,3063,-3,4,D01,Rapport-Jobava System,5,greennight,black,Billythekid30,3063,2849,win,1.0
FXhIPIxT,2026-01-24T16:33:06.467000+00:00,120+1,standard,bullet,True,outoftime,white,75,greennight,MUndeniable,3060,2890,3,-3,A06,Nimzo-Larsen Attack: Classical Variation,3,greennight,white,MUndeniable,3060,2890,win,1.0
Y60ykleu,2026-01-24T16:24:59.212000+00:00,120+1,standard,bullet,True,resign,black,70,gkesi07,greennight,2777,3057,-2,3,D02,"Queen's Pawn Game: Symmetrical Variation, Pseudo-Catalan",5,greennight,black,gkesi07,3057,2777,win,1.0
jooiEMoy,2026-01-21T15:19:59.798000+00:00,15+0,standard,ultraBullet,True,outoftime,white,67,Eagle_Xx,greennight,2265,2621,10,-10,A40,Queen's Pawn Game: Modern Defense,2,greennight,black,Eagle_Xx,2621,2265,loss,0.0
KzoVvclc,2026-01-21T14:56:31.604000+00:00,15+0,standard,ultraBullet,True,outoftime,black,76,greennight,Marek_Religa,2626,2255,-10,11,A10,English Opening: Great Snake Variation,2,greennight,white,Marek_Religa,2626,2255,loss,0.0
mQSqDZQv,2026-02-01T20:49:04.137000+00:00,180+2,chess960,blitz,True,resign,white,85,Rico_de_Paris,jame2019,1811,1859,6,-29,,,,jame2019,black,Rico_de_Paris,1859,1811,loss,0.0
e2WmOxRa,2026-02-01T18:59:33.124000+00:00,1800+0,standard,classical,True,outoftime,black,86,dbz132131w,jame2019,2147,2317,-3,5,B17,Caro-Kann Defense: Karpov Variation,8,jame2019,black,dbz132131w,2317,2147,win,1.0
31eONGGC,2026-02-01T17:21:25.970000+00:00,1800+0,standard,classical,True,resign,white,85,jame2019,igorsaldandpaper,2313,2153,4,-7,D24,Queen's Gambit Accepted: Showalter Variation,7,jame2019,white,igorsaldandpaper,2313,2153,win,1.0
7AIK3LgR,2026-02-01T13:39:53.733000+00:00,1800+0,standard,classical,True,draw,,116,huangpenghaochess,jame2019,2092,2317,19,-4,B17,Caro-Kann Defense: Karpov Variation,8,jame2019,black,huangpenghaochess,2317,2092,draw,0.5
YYm6Ub5d,2026-02-01T13:17:29.757000+00:00,1800+0,standard,classical,True,resign,white,43,kian_711394,jame2019,2239,2317,104,-9,D52,Queen's Gambit Declined,11,jame2019,black,kian_711394,2317,2239,loss,0.0
4FRDFtCk,2026-02-01T10:17:26.100000+00:00,1800+0,standard,classical,True,resign,white,65,jame2019,TungZaur,2310,2223,7,-7,D10,Slav Defense: Exchange Variation,5,jame2019,white,TungZaur,2310,2223,win,1.0
X6dCUZt1,2026-02-01T08:24:58.129000+00:00,1800+0,standard,classical,True,resign,white,65,jame2019,IRFANHARITHROSLI,2303,2235,7,-4,A40,Mikenas Defense,2,jame2019,white,IRFANHARITHROSLI,2303,2235,win,1.0
MBHUlRtN,2026-02-01T03:09:38.983000+00:00,1800+0,standard,classical,True,resign,black,74,Kartikeyan_2012,jame2019,2216,2296,-5,7,B12,"Caro-Kann Defense: Advance Variation, Tal Variation",7,jame2019,black,Kartikeyan_2012,2296,2216,win,1.0
a1xtRFMx,2026-01-31T18:44:00.051000+00:00,1800+0,standard,classical,True,draw,,80,bad2_dobro_youTube,jame2019,2385,2293,-22,3,D03,"Queen's Pawn Game: Torre Attack, Gossip Variation",6,jame2019,black,bad2_dobro_youTube,2293,2385,draw,0.5
FrFpCusK,2026-01-31T18:12:47.183000+00:00,1800+0,standard,classical,True,resign,black,88,jame2019,Anton_Maximov,2304,2271,-11,29,D93,"Grünfeld Defense: Three Knights Variation, Hungarian Variation",11,jame2019,white,Anton_Maximov,2304,2271,loss,0.0
rFXg62Na,2026-01-31T17:20:27.193000+00:00,1800+0,standard,classical,True,resign,black,120,jame2019,Nachtstalker,2314,2286,-10,99,D93,"Grünfeld Defense: Three Knights Variation, Hungarian Variation",11,jame2019,white,Nachtstalker,2314,2286,loss,0.0
N9KN2A1f,2026-01-31T15:45:43.295000+00:00,1800+0,standard,classical,True,resign,white,41,jame2019,SameBzduryYT,2299,2261,9,-23,D13,Slav Defense: Exchange Variation,8,jame2019,white,SameBzduryYT,2299,2261,win,1.0
KBL8NMN2,2026-01-31T15:32:29.524000+00:00,300+0,chess960,blitz,True,mate,white,125,jame2019,TheBigBielefeld,1806,1779,33,-5,,,,jame2019,white,TheBigBielefeld,1806,1779,win,1.0
LVfVYie7,2026-01-31T14:20:18.318000+00:00,1800+0,standard,classical,True,draw,,114,MiHaIl20,jame2019,2127,2304,9,-5,B17,Caro-Kann Defense: Karpov Variation,8,jame2019,black,MiHaIl20,2304,2127,draw,0.5
hQT7oiF9,2026-01-31T10:05:53.513000+00:00,1800+0,standard,classical,True,resign,black,53,WolfWinner,jame2019,2303,2292,-15,12,B10,Caro-Kann Defense,2,jame2019,black,WolfWinner,2292,2303,win,1.0
pkXUZgN0,2026-01-31T09:30:19.143000+00:00,1800+0,standard,classical,True,resign,black,52,dka81,jame2019,2144,2285,-19,7,B12,"Caro-Kann Defense: Advance Variation, Tal Variation",7,jame2019,black,dka81,2285,2144,win,1.0
fafh1yZL,2026-01-31T09:20:59.233000+00:00,1800+0,standard,classical,True,mate,white,41,jame2019,ZaharaGanbarli,2275,2245,10,-42,D02,Queen's Pawn Game: Chigorin Variation,4,jame2019,white,ZaharaGanbarli,2275,2245,win,1.0
ljFUow8C,2026-01-30T17:38:23.733000+00:00,1800+0,standard,classical,True,resign,black,74,Kvelematt,jame2019,2104,2268,-4,7,B10,Caro-Kann Defense,2,jame2019,black,Kvelematt,2268,2104,win,1.0
rk8b6v4j,2026-01-30T16:51:15.793000+00:00,1800+0,standard,classical,True,resign,black,68,jame2019,sclmain00,2281,2149,-13,163,D02,Queen's Pawn Game: Chigorin Variation,4,jame2019,white,sclmain00,2281,2149,loss,0.0
ega81Aau,2026-01-29T20:35:04.232000+00:00,1800+0,standard,classical,True,draw,,81,Hectorgomezmx,jame2019,2109,2286,4,-5,B10,Caro-Kann Defense,2,jame2019,black,Hectorgomezmx,2286,2109,draw,0.5
WdamA2MX,2026-01-29T19:07:31.082000+00:00,1800+0,standard,classical,True,draw,,145,HaeufchenElend,jame2019,2312,2285,-1,1,A01,Nimzo-Larsen Attack: Classical Variation,2,jame2019,black,HaeufchenElend,2285,2312,draw,0.5
9OTm6xIx,2026-01-29T18:19:26.283000+00:00,1800+0,standard,classical,True,resign,white,95,De-ser,jame2019,2200,2301,7,-16,B17,Caro-Kann Defense: Karpov Variation,8,jame2019,black,De-ser,2301,2200,loss,0.0
EplS506S,2026-01-29T00:19:40.715000+00:00,1800+0,standard,classical,True,mate,white,81,jame2019,MrYoubaYahiaoui,2294,2135,7,-14,D37,"Queen's Gambit Declined: Vienna Variation, Quiet Variation",9,jame2019,white,MrYoubaYahiaoui,2294,2135,win,1.0
U10A3gyE,2026-01-28T17:49:50.876000+00:00,1800+0,standard,classical,True,resign,black,68,freya-unicorn,jame2019,2178,2283,-8,11,B15,Caro-Kann Defense: von Hennig Gambit,7,jame2019,black,freya-unicorn,2283,2178,win,1.0
80gXzr46,2026-01-28T17:27:57.580000+00:00,1800+0,standard,classical,True,resign,white,73,jame2019,Nicolas_15_10_2000,2272,2214,11,-42,D13,Slav Defense: Exchange Variation,8,jame2019,white,Nicolas_15_10_2000,2272,2214,win,1.0
rZw4RrnC,2026-01-28T17:14:17.289000+00:00,1800+0,standard,classical,True,resign,white,25,AROHANDEY,jame2019,2227,2289,13,-17,B11,"Caro-Kann Defense: Two Knights Attack, Mindeno Variation",6,jame2019,black,AROHANDEY,2289,2227,loss,0.0
GY8ITyHR,2026-01-27T21:22:18.565000+00:00,1800+0,standard,classical,True,resign,white,31,jame2019,mfz122,2276,2288,13,-94,D30,"Queen's Gambit Declined: Tarrasch Defense, Pseudo-Tarrasch",6,jame2019,white,mfz122,2276,2288,win,1.0
dho8MkJJ,2026-01-27T21:12:53.563000+00:00,1800+0,standard,classical,True,resign,white,31,jame2019,t1s1l1,2262,2205,14,-8,A31,"English Opening: Symmetrical Variation, Anti-Benoni Variation",5,jame2019,white,t1s1l1,2262,2205,win,1.0
aDxgWdmF,2026-01-27T08:43:03.194000+00:00,1800+0,standard,classical,True,timeout,black,36,Katrai,jame2019,2115,2251,-9,11,B11,"Caro-Kann Defense: Two Knights Attack, Mindeno Variation",6,jame2019,black,Katrai,2251,2115,win,1.0
kyTHSQpM,2026-01-27T00:06:22.748000+00:00,1800+0,standard,classical,True,draw,,135,ZMXIN,jame2019,2194,2253,3,-2,D02,"Queen's Pawn Game: Symmetrical Variation, Pseudo-Catalan",5,jame2019,black,ZMXIN,2253,2194,draw,0.5
iDaGCGuN,2026-01-29T16:27:33.626000+00:00,180+0,standard,blitz,True,draw,,121,VictorAntonBologan,The_main_event003,2842,2868,1,-1,B92,"Sicilian Defense: Najdorf Variation, Opocensky Variation",11,VictorAntonBologan,white,The_main_event003,2842,2868,draw,0.5
nB4FxOzd,2026-01-29T16:23:52.840000+00:00,180+0,standard,blitz,True,mate,white,71,The_main_event003,VictorAntonBologan,2861,2854,7,-12,C85,"Ruy Lopez: Closed, Delayed Exchange",11,VictorAntonBologan,black,The_main_event003,2854,2861,loss,0.0
dE3DGSPK,2026-01-01T16:21:26.386000+00:00,180+0,standard,blitz,True,resign,white,67,cutemouse83,VictorAntonBologan,2972,2862,3,-8,A05,Zukertort Opening,2,VictorAntonBologan,black,cutemouse83,2862,2972,loss,0.0
zJ7iEs2W,2026-01-01T08:16:34.828000+00:00,180+0,standard,blitz,True,resign,white,77,VictorAntonBologan,CalisthenicsBoy,2847,2968,15,-8,B40,Sicilian Defense: French Variation,4,VictorAntonBologan,white,CalisthenicsBoy,2847,2968,win,1.0
vHEFJdYS,2026-01-01T08:12:05.517000+00:00,180+0,standard,blitz,True,resign,black,70,CalisthenicsBoy,VictorAntonBologan,2976,2829,-8,18,A05,King's Indian Attack: Symmetrical Defense,4,VictorAntonBologan,black,CalisthenicsBoy,2829,2976,win,1.0
k6FBYTi2,2026-01-01T08:08:10.841000+00:00,180+0,standard,blitz,True,resign,white,55,VictorAntonBologan,CalisthenicsBoy,2811,2984,18,-8,B40,Sicilian Defense: French Variation,4,VictorAntonBologan,white,CalisthenicsBoy,2811,2984,win,1.0
jgwy5JkP,2025-12-27T20:40:22.449000+00:00,180+0,standard,blitz,True,resign,black,126,Chessboy1978,VictorAntonBologan,2807,2798,-6,13,C41,Philidor Defense: Lion Variation,8,VictorAntonBologan,black,Chessboy1978,2798,2807,win,1.0
wB1fzqsa,2025-12-27T19:56:57.194000+00:00,180+0,standard,blitz,True,resign,black,54,jeromeovich,VictorAntonBologan,2599,2791,-3,7,A45,Trompowsky Attack: Poisoned Pawn Variation,7,VictorAntonBologan,black,jeromeovich,2791,2599,win,1.0
ZKhPMpsq,2025-12-23T21:23:22.330000+00:00,180+0,standard,blitz,True,resign,white,74,VictorAntonBologan,BeWater11,2782,2696,9,-4,B11,"Caro-Kann Defense: Two Knights Attack, Mindeno Variation, Exchange Line",8,VictorAntonBologan,white,BeWater11,2782,2696,win,1.0
bkoMbDJ0,2025-12-23T21:10:52.148000+00:00,180+0,standard,blitz,True,resign,white,33,VictorAntonBologan,IGet_Stronger,2772,2678,10,-7,B01,Scandinavian Defense: Lasker Variation,11,VictorAntonBologan,white,IGet_Stronger,2772,2678,win,1.0
qE6kCYb4,2025-12-23T20:38:47.377000+00:00,180+0,standard,blitz,True,outoftime,white,89,evg85,VictorAntonBologan,2734,2788,6,-16,C54,"Italian Game: Classical Variation, Giuoco Pianissimo, with h6",12,VictorAntonBologan,black,evg85,2788,2734,loss,0.0
UfIx3nUK,2025-12-23T20:33:24.352000+00:00,180+0,standard,blitz,True,resign,white,73,VictorAntonBologan,shuriks91,2772,2809,16,-6,B01,Scandinavian Defense: Mieses-Kotroc Variation,4,VictorAntonBologan,white,shuriks91,2772,2809,win,1.0
xMXVRdLp,2025-12-23T20:29:36.853000+00:00,180+0,standard,blitz,True,resign,white,49,CarlsenNepo21,VictorAntonBologan,2723,2790,7,-18,C79,"Ruy Lopez: Morphy Defense, Steinitz Deferred",10,VictorAntonBologan,black,CarlsenNepo21,2790,2723,loss,0.0
CHkq7tEl,2025-12-23T20:15:10.260000+00:00,180+0,standard,blitz,True,resign,white,117,VictorAntonBologan,MOTAR0,2771,2835,19,-7,C00,French Defense: King's Indian Attack,3,VictorAntonBologan,white,MOTAR0,2771,2835,win,1.0
Rexyh2yo,2025-12-23T20:00:32.881000+00:00,180+0,standard,blitz,True,resign,white,47,VictorAntonBologan,alexcoach,2763,2574,8,-3,B01,Scandinavian Defense: Gubinsky-Melts Defense,6,VictorAntonBologan,white,alexcoach,2763,2574,win,1.0
IdXVg8nh,2025-12-23T19:52:20.715000+00:00,180+0,standard,blitz,True,resign,black,52,Ordekalog,VictorAntonBologan,2610,2752,-4,11,B20,Sicilian Defense: Lasker-Dunne Attack,3,VictorAntonBologan,black,Ordekalog,2752,2610,win,1.0
LpRKzDDB,2025-12-23T19:47:10.653000+00:00,180+0,standard,blitz,True,resign,black,70,Valerii1122334455,VictorAntonBologan,2583,2741,-3,11,E63,"King's Indian Defense: Fianchetto Variation, Panno Variation",14,VictorAntonBologan,black,Valerii1122334455,2741,2583,win,1.0
Kplpa8Ju,2025-12-23T17:35:42.390000+00:00,180+0,standard,blitz,True,draw,,128,VictorAntonBologan,IAmMateCheckMate,2727,3047,14,-4,B00,Pirc Defense,4,VictorAntonBologan,white,IAmMateCheckMate,2727,3047,draw,0.5
jN8pqoGF,2025-12-21T01:13:17.282000+00:00,180+0,standard,blitz,True,outoftime,black,66,PierSeite,VictorAntonBologan,2690,2708,-6,19,C57,"Italian Game: Two Knights Defense, Fritz Variation",10,VictorAntonBologan,black,PierSeite,2708,2690,win,1.0
jhGU1VXf,2025-12-21T01:08:59.646000+00:00,180+0,standard,blitz,True,resign,white,61,VictorAntonBologan,PierSeite,2688,2695,20,-5,C77,"Ruy Lopez: Morphy Defense, Anderssen Variation",9,VictorAntonBologan,white,PierSeite,2688,2695,win,1.0
JztK4zYE,2025-12-21T01:02:35.656000+00:00,180+0,standard,blitz,True,mate,white,129,PierSeite,VictorAntonBologan,2689,2710,6,-22,A00,Van't Kruijs Opening,1,VictorAntonBologan,black,PierSeite,2710,2689,loss,0.0
OnDPbu20,2025-12-21T00:58:33.021000+00:00,180+0,standard,blitz,True,resign,white,51,VictorAntonBologan,vistagusta,2679,2816,31,-8,B30,Sicilian Defense: Nyezhmetdinov-Rossolimo Attack,5,VictorAntonBologan,white,vistagusta,2679,2816,win,1.0
CejTbiRX,2025-12-20T21:53:48.187000+00:00,180+0,standard,blitz,True,draw,,155,VictorAntonBologan,MMM_Zhukovskiy,2682,2645,-3,0,B38,"Sicilian Defense: Accelerated Dragon, Maróczy Bind",11,VictorAntonBologan,white,MMM_Zhukovskiy,2682,2645,draw,0.5
iRehgjBu,2025-12-20T14:25:43.360000+00:00,180+0,standard,blitz,True,resign,black,102,MrHani,VictorAntonBologan,2657,2655,-6,27,A45,Indian Defense: Reversed Chigorin Defense,4,VictorAntonBologan,black,MrHani,2655,2657,win,1.0
NEo7Zu28,2025-12-20T06:53:46.533000+00:00,180+0,standard,blitz,True,resign,black,60,VictorAntonBologan,teem1,2662,2998,-7,1,B40,Sicilian Defense: French Variation,4,VictorAntonBologan,white,teem1,2662,2998,loss,0.0
reSDmAQJ,2025-12-19T06:31:06.707000+00:00,180+0,standard,blitz,True,outoftime,black,112,PchelkinVK,VictorAntonBologan,2586,2636,-5,26,B17,Caro-Kann Defense: Karpov Variation,8,VictorAntonBologan,black,PchelkinVK,2636,2586,win,1.0
kj6JFVib,2025-12-18T14:26:33.812000+00:00,180+0,standard,blitz,True,resign,black,52,wikipedia1286,VictorAntonBologan,2541,2608,-5,28,A29,"English Opening: King's English Variation, Four Knights Variation, Fianchetto Line",7,VictorAntonBologan,black,wikipedia1286,2608,2541,win,1.0
JzXvOhL7,2025-12-18T14:21:51.999000+00:00,180+0,standard,blitz,True,resign,white,69,VictorAntonBologan,gomelbel,2585,2469,23,-3,B12,"Caro-Kann Defense: Advance Variation, Botvinnik-Carls Defense",6,VictorAntonBologan,white,gomelbel,2585,2469,win,1.0
r7Gj5IuS,2025-04-12T15:57:48.727000+00:00,180+0,standard,blitz,True,resign,white,113,MarcKevinLabog,VictorAntonBologan,2659,2604,5,-19,A41,Rat Defense: English Rat,4,VictorAntonBologan,black,MarcKevinLabog,2604,2659,loss,0.0
XuQlFr2m,2025-04-12T15:52:03.040000+00:00,180+0,standard,blitz,True,mate,white,49,VictorAntonBologan,Xabi-Alonso,2589,2444,15,-4,B94,Sicilian Defense: Najdorf Variation,11,VictorAntonBologan,white,Xabi-Alonso,2589,2444,win,1.0
YnlV2uPE,2026-01-30T16:58:09.833000+00:00,180+0,standard,blitz,True,resign,black,78,Prawin_Attacker,muisback,2573,2804,-3,5,B53,Sicilian Defense: Chekhover Variation,7,muisback,black,Prawin_Attacker,2804,2573,win,1.0
wTI4rXmr,2026-01-30T16:56:49.097000+00:00,180+0,standard,blitz,True,draw,,31,muisback,cucumber4,2813,2421,-9,4,B45,Sicilian Defense: Four Knights Variation,10,muisback,white,cucumber4,2813,2421,draw,0.5
OjbtmSrS,2026-01-30T16:55:06.761000+00:00,180+0,standard,blitz,True,resign,white,83,RakitinD,muisback,2685,2828,8,-15,B70,"Sicilian Defense: Dragon Variation, Classical Variation",11,muisback,black,RakitinD,2828,2685,loss,0.0
rLfvAJsP,2026-01-30T16:51:16.710000+00:00,180+0,standard,blitz,True,resign,black,132,muisback,TheSpaceChampKing,2847,2580,-19,9,B00,Owen Defense,2,muisback,white,TheSpaceChampKing,2847,2580,loss,0.0
zRfobe0T,2026-01-30T16:48:17.943000+00:00,180+0,standard,blitz,True,resign,white,79,favouriteoffailures,muisback,2564,2867,10,-20,E94,King's Indian Defense: Orthodox Variation,13,muisback,black,favouriteoffailures,2867,2564,loss,0.0
4l34BCK5,2026-01-30T16:45:43.506000+00:00,180+0,standard,blitz,True,outoftime,white,83,muisback,Nika_Volkov,2862,2608,5,-2,C02,"French Defense: Advance Variation, Paulsen Attack",9,muisback,white,Nika_Volkov,2862,2608,win,1.0
in0kcOGX,2026-01-30T16:43:34.297000+00:00,180+0,standard,blitz,True,resign,white,57,Serg_01,muisback,2547,2884,10,-22,A45,Indian Defense,2,muisback,black,Serg_01,2884,2547,loss,0.0
8qE4jupW,2026-01-30T16:40:05.371000+00:00,180+0,standard,blitz,True,resign,white,105,muisback,TheSpaceChampKing,2880,2562,4,-1,B00,Owen Defense,2,muisback,white,TheSpaceChampKing,2880,2562,win,1.0
Dy9IxqGM,2026-01-30T16:37:00.507000+00:00,180+0,standard,blitz,True,mate,white,89,Andrey_Klymchuk,muisback,2725,2898,10,-18,A15,English Opening: Anglo-Indian Defense,2,muisback,black,Andrey_Klymchuk,2898,2725,loss,0.0
M0MUOHht,2026-01-30T16:32:39.041000+00:00,180+0,standard,blitz,True,resign,white,103,muisback,matvamatva,2895,2579,3,-1,B10,Caro-Kann Defense,2,muisback,white,matvamatva,2895,2579,win,1.0
Zhano32G,2026-01-30T16:30:56.620000+00:00,180+0,standard,blitz,True,resign,white,39,muisback,samisahi,2890,2608,5,-2,C43,"Petrov's Defense: Modern Attack, Center Variation",7,muisback,white,samisahi,2890,2608,win,1.0
WP8fLsNJ,2026-01-30T16:29:15.299000+00:00,180+0,standard,blitz,True,resign,black,46,andank_NNK,muisback,2261,2890,0,0,B20,Sicilian Defense: Mengarini Variation,3,muisback,black,andank_NNK,2890,2261,win,1.0
y7FjPw7J,2026-01-30T16:25:45.175000+00:00,180+0,standard,blitz,True,resign,black,118,Prawin_Attacker,muisback,2537,2886,-1,4,B53,Sicilian Defense: Chekhover Variation,7,muisback,black,Prawin_Attacker,2886,2537,win,1.0
UM67IIPd,2026-01-30T16:24:26.641000+00:00,180+0,standard,blitz,True,resign,white,29,muisback,Tactical_Titan17,2882,2579,4,-3,B50,Sicilian Defense: Modern Variations,4,muisback,white,Tactical_Titan17,2882,2579,win,1.0
RE9X4qbJ,2026-01-30T16:20:33.315000+00:00,180+0,standard,blitz,True,resign,black,132,Prawin_Attacker,muisback,2531,2879,-2,3,B53,Sicilian Defense: Chekhover Variation,7,muisback,black,Prawin_Attacker,2879,2531,win,1.0
IgX8Pabd,2026-01-30T16:17:32.180000+00:00,180+0,standard,blitz,True,resign,white,97,muisback,DrMelekess,2874,2618,5,-3,A00,Hungarian Opening: Slav Formation,4,muisback,white,DrMelekess,2874,2618,win,1.0
nLG1kZzQ,2026-01-30T16:15:26.748000+00:00,180+0,standard,blitz,True,resign,black,70,favouriteoffailures,muisback,2577,2869,-3,5,E94,King's Indian Defense: Orthodox Variation,13,muisback,black,favouriteoffailures,2869,2577,win,1.0
PpsvmV55,2026-01-30T16:10:45.643000+00:00,180+0,standard,blitz,True,mate,black,92,MUndeniable,muisback,2572,2864,-3,5,E94,King's Indian Defense: Orthodox Variation,13,muisback,black,MUndeniable,2864,2572,win,1.0
IoijWvAl,2026-01-30T16:08:37.516000+00:00,180+0,standard,blitz,True,resign,black,54,muisback,DrMelekess,2890,2593,-26,9,B01,Scandinavian Defense: Valencian Variation,6,muisback,white,DrMelekess,2890,2593,loss,0.0
AMQp18P8,2026-01-30T16:05:10.241000+00:00,180+0,standard,blitz,True,resign,black,131,yoseph2013,muisback,2659,2882,-3,8,B23,Sicilian Defense: Closed,3,muisback,black,yoseph2013,2882,2659,win,1.0
h0I9WFVz,2026-01-30T16:03:01.640000+00:00,180+0,standard,blitz,True,resign,white,71,muisback,TheSpaceChampKing,2878,2549,4,-2,B00,Owen Defense,2,muisback,white,TheSpaceChampKing,2878,2549,win,1.0
ubdaw163,2026-01-30T16:01:43.829000+00:00,180+0,standard,blitz,True,mate,white,49,muisback,Mysticrealm,2877,2365,1,-1,C44,"Scotch Game: Scotch Gambit, Sarratt Variation",9,muisback,white,Mysticrealm,2877,2365,win,1.0
DzcQPQo4,2026-01-30T15:56:37.346000+00:00,180+0,standard,blitz,True,outoftime,white,161,matvamatva,muisback,2567,2906,10,-29,B76,"Sicilian Defense: Dragon Variation, Yugoslav Attack, Modern Line",17,muisback,black,matvamatva,2906,2567,loss,0.0
CeAaOUa1,2026-01-30T15:53:59.815000+00:00,180+0,standard,blitz,True,resign,white,59,muisback,manitodeplomo,2902,2511,4,-1,B01,"Scandinavian Defense: Main Line, Leonhardt Gambit",7,muisback,white,manitodeplomo,2902,2511,win,1.0
NGpnYXpD,2026-01-30T15:51:03.869000+00:00,180+0,standard,blitz,True,resign,black,94,MaximEvdo,muisback,2482,2899,-1,3,B25,Sicilian Defense: Closed,11,muisback,black,MaximEvdo,2899,2482,win,1.0
Xr9o6ub3,2026-01-30T15:46:51.345000+00:00,180+0,standard,blitz,True,resign,black,98,Andrey_Klymchuk,muisback,2728,2889,-4,10,B70,"Sicilian Defense: Dragon Variation, Classical Variation",11,muisback,black,Andrey_Klymchuk,2889,2728,win,1.0
namReNRw,2026-01-30T15:46:00.024000+00:00,180+0,standard,blitz,True,resign,black,36,yoseph2013,muisback,2648,2881,-3,8,B08,"Pirc Defense: Classical Variation, Schlechter Variation",9,muisback,black,yoseph2013,2881,2648,win,1.0
jGaPpWg1,2026-01-30T15:43:00.458000+00:00,180+0,standard,blitz,True,resign,white,123,muisback,favouriteoffailures,2875,2586,6,-3,C02,"French Defense: Advance Variation, Milner-Barry Gambit, Main Line",15,muisback,white,favouriteoffailures,2875,2586,win,1.0
T23IxaIQ,2026-01-30T15:41:15.933000+00:00,180+0,standard,blitz,True,resign,white,64,muisback,MaximEvdo,2871,2481,4,-1,C40,Latvian Gambit: Mason Countergambit,5,muisback,white,MaximEvdo,2871,2481,win,1.0
l3b6AbEn,2026-01-30T15:39:04.897000+00:00,180+0,standard,blitz,True,resign,black,52,Andriy_2007,muisback,2541,2865,-1,6,A01,Nimzo-Larsen Attack: Indian Variation,2,muisback,black,Andriy_2007,2865,2541,win,1.0
XpFbm59S,2026-01-26T13:50:07.610000+00:00,180+0,standard,blitz,True,outoftime,black,70,JiAnGHaOcHeN,TAsad10,2805,2740,-27,6,C89,"Ruy Lopez: Marshall Attack, Modern Variation",22,JiAnGHaOcHeN,white,TAsad10,2805,2740,loss,0.0
IRkMWQDc,2026-01-26T13:48:08.636000+00:00,60+0,standard,bullet,True,resign,white,57,ErmolaevAndrey,JiAnGHaOcHeN,2975,3146,8,-9,C11,"French Defense: Classical Variation, Steinitz Variation",7,JiAnGHaOcHeN,black,ErmolaevAndrey,3146,2975,loss,0.0
krHRvtig,2026-01-13T02:57:42.518000+00:00,180+0,standard,blitz,True,outoftime,white,73,JiAnGHaOcHeN,petrover,2787,2725,18,-4,C97,"Ruy Lopez: Closed, Chigorin Defense",22,JiAnGHaOcHeN,white,petrover,2787,2725,win,1.0
1k87fQlt,2026-01-13T02:49:24.926000+00:00,180+0,standard,blitz,True,draw,,159,PchelkinVK,JiAnGHaOcHeN,2666,2795,2,-8,A45,Indian Defense,2,JiAnGHaOcHeN,black,PchelkinVK,2795,2666,draw,0.5
Qvl3tM5B,2025-12-30T14:12:59.715000+00:00,15+0,standard,ultraBullet,True,mate,white,83,RakitinD,JiAnGHaOcHeN,2509,2326,3,-9,A00,Mieses Opening,1,JiAnGHaOcHeN,black,RakitinD,2326,2509,loss,0.0
MPqEmi8T,2025-12-30T14:12:30.727000+00:00,15+0,standard,ultraBullet,True,resign,black,48,JiAnGHaOcHeN,RakitinD,2337,2506,-11,3,A04,Zukertort Opening: Herrstrom Gambit,2,JiAnGHaOcHeN,white,RakitinD,2337,2506,loss,0.0
Yc9YqqKP,2025-12-30T14:11:36.471000+00:00,15+0,standard,ultraBullet,True,mate,white,127,RakitinD,JiAnGHaOcHeN,2503,2348,3,-11,A05,Zukertort Opening,2,JiAnGHaOcHeN,black,RakitinD,2348,2503,loss,0.0
pmyemj52,2025-12-30T13:48:20.828000+00:00,60+0,standard,bullet,True,resign,white,87,JiAnGHaOcHeN,Wonderwall25,3124,2967,3,-3,A21,"English Opening: King's English Variation, Reversed Sicilian",3,JiAnGHaOcHeN,white,Wonderwall25,3124,2967,win,1.0
Tgn4cIB0,2025-12-30T13:06:00.699000+00:00,60+0,standard,bullet,True,outoftime,white,97,darkness_24,JiAnGHaOcHeN,3034,3131,7,-7,E17,"Queen's Indian Defense: Fianchetto Variation, Kramnik Variation",13,JiAnGHaOcHeN,black,darkness_24,3131,3034,loss,0.0
BkQLOWJ0,2025-12-30T11:38:03.085000+00:00,60+0,standard,bullet,True,outoftime,,163,JiAnGHaOcHeN,AnonymousGMplayer,3133,2994,-2,3,A00,Amar Opening,1,JiAnGHaOcHeN,white,AnonymousGMplayer,3133,2994,draw,0.5
U0hMmxmY,2025-12-30T11:35:48.932000+00:00,60+0,standard,bullet,True,resign,white,83,AnonymousGMplayer,JiAnGHaOcHeN,2985,3141,9,-8,A01,Nimzo-Larsen Attack: Polish Variation,2,JiAnGHaOcHeN,black,AnonymousGMplayer,3141,2985,loss,0.0
xSoqgVGW,2025-12-30T11:34:09.495000+00:00,60+0,standard,bullet,True,resign,white,53,JiAnGHaOcHeN,KrstAlex,3138,2959,3,-3,B10,Caro-Kann Defense: Two Knights Attack,5,JiAnGHaOcHeN,white,KrstAlex,3138,2959,win,1.0
QLGJ9WPr,2025-12-30T11:23:48.659000+00:00,60+0,standard,bullet,True,resign,black,44,JiAnGHaOcHeN,PythonGhost,3145,3086,-7,7,A18,English Opening: Mikenas-Carls Variation,5,JiAnGHaOcHeN,white,PythonGhost,3145,3086,loss,0.0
TSg0DNGm,2025-12-30T11:22:33.463000+00:00,60+0,standard,bullet,True,resign,black,45,PythonGhost,JiAnGHaOcHeN,3091,3140,-5,5,C65,Ruy Lopez: Berlin Defense,7,JiAnGHaOcHeN,black,PythonGhost,3140,3091,win,1.0
7FKOPRXj,2025-12-30T11:20:00.070000+00:00,60+0,standard,bullet,True,outoftime,white,139,JiAnGHaOcHeN,PythonGhost,3135,3096,5,-5,B01,Scandinavian Defense,2,JiAnGHaOcHeN,white,PythonGhost,3135,3096,win,1.0
3duSaqHA,2025-12-30T11:18:09.012000+00:00,60+0,standard,bullet,True,outoftime,white,83,PythonGhost,JiAnGHaOcHeN,3090,3142,6,-7,C42,Petrov's Defense: Italian Variation,5,JiAnGHaOcHeN,black,PythonGhost,3142,3090,loss,0.0
U6eviXpS,2025-12-30T11:17:24.406000+00:00,60+0,standard,bullet,True,mate,white,31,JiAnGHaOcHeN,PythonGhost,3136,3094,6,-4,B01,"Scandinavian Defense: Valencian Variation, Ilundain Variation",10,JiAnGHaOcHeN,white,PythonGhost,3136,3094,win,1.0
TItovsbS,2025-12-30T02:45:52.079000+00:00,30+0,standard,bullet,True,resign,black,100,Berserk2600,JiAnGHaOcHeN,3049,3131,-5,5,A46,Indian Defense: Knights Variation,3,JiAnGHaOcHeN,black,Berserk2600,3131,3049,win,1.0
3833NaM2,2025-12-21T07:07:20.798000+00:00,15+0,standard,ultraBullet,True,outoftime,black,58,Hufflewitz,JiAnGHaOcHeN,2114,2339,-3,9,A22,"English Opening: King's English Variation, Two Knights Variation",4,JiAnGHaOcHeN,black,Hufflewitz,2339,2114,win,1.0
nM8iJcDz,2025-12-21T07:06:34.161000+00:00,15+0,standard,ultraBullet,True,outoftime,white,89,JiAnGHaOcHeN,Hufflewitz,2330,2116,9,-2,B32,Sicilian Defense: Open,7,JiAnGHaOcHeN,white,Hufflewitz,2330,2116,win,1.0
HpzlQZYY,2025-12-21T07:06:07.338000+00:00,15+0,standard,ultraBullet,True,resign,black,32,Hufflewitz,JiAnGHaOcHeN,2119,2320,-3,10,D50,Queen's Gambit Declined: Modern Variation,7,JiAnGHaOcHeN,black,Hufflewitz,2320,2119,win,1.0
JaVUOH30,2025-12-21T07:05:23.495000+00:00,15+0,standard,ultraBullet,True,outoftime,white,81,JiAnGHaOcHeN,Hufflewitz,2309,2122,11,-3,B01,Scandinavian Defense,2,JiAnGHaOcHeN,white,Hufflewitz,2309,2122,win,1.0
wFxIfMbL,2025-12-21T07:04:43.086000+00:00,15+0,standard,ultraBullet,True,outoftime,black,70,Hufflewitz,JiAnGHaOcHeN,2125,2296,-3,13,A13,English Opening: Agincourt Defense,2,JiAnGHaOcHeN,black,Hufflewitz,2296,2125,win,1.0
XYwQzvvn,2025-12-21T07:03:47.254000+00:00,15+0,standard,ultraBullet,True,outoftime,black,126,JiAnGHaOcHeN,Hufflewitz,2333,2116,-37,9,A43,Benoni Defense: Old Benoni,2,JiAnGHaOcHeN,white,Hufflewitz,2333,2116,loss,0.0
BaKxcapd,2025-12-21T06:44:03.676000+00:00,15+0,standard,ultraBullet,True,outoftime,black,92,Aditya-Beast,JiAnGHaOcHeN,2351,2331,-6,29,A46,Yusupov-Rubinstein System,5,JiAnGHaOcHeN,black,Aditya-Beast,2331,2351,win,1.0
yLSHRamY,2025-12-18T02:00:25.856000+00:00,30+0,standard,bullet,True,outoftime,black,112,Mishka_The_Great,JiAnGHaOcHeN,3161,3166,-6,6,A04,Zukertort Opening: Ross Gambit,2,JiAnGHaOcHeN,black,Mishka_The_Great,3166,3161,win,1.0
12KamfVw,2025-12-18T01:59:08.153000+00:00,30+0,standard,bullet,True,mate,black,118,JiAnGHaOcHeN,Mishka_The_Great,3173,3155,-7,6,A00,Kádas Opening,1,JiAnGHaOcHeN,white,Mishka_The_Great,3173,3155,loss,0.0
q80XptaG,2025-12-17T12:22:41.885000+00:00,15+0,standard,ultraBullet,True,mate,black,80,laurens-roelofs,JiAnGHaOcHeN,2176,2245,-4,33,A46,Torre Attack: Classical Defense,5,JiAnGHaOcHeN,black,laurens-roelofs,2245,2176,win,1.0
y5snCoGC,2025-12-17T04:32:41.343000+00:00,60+0,standard,bullet,True,mate,white,103,JiAnGHaOcHeN,ArtemChesSRU,3168,3110,6,-5,D35,Queen's Gambit Declined: Exchange Variation,7,JiAnGHaOcHeN,white,ArtemChesSRU,3168,3110,win,1.0
02EaOu9o,2025-12-17T04:30:42.406000+00:00,60+0,standard,bullet,True,resign,black,82,ArtemChesSRU,JiAnGHaOcHeN,3115,3162,-5,6,C47,Four Knights Game: Scotch Variation Accepted,8,JiAnGHaOcHeN,black,ArtemChesSRU,3162,3115,win,1.0
tElvKXpK,2026-02-01T18:23:11.191000+00:00,60+0,standard,bullet,True,mate,white,51,Oleg_Chess14,goltsev2000,2936,3098,8,-8,C00,French Defense: Orthoschnapp Gambit,7,goltsev2000,black,Oleg_Chess14,3098,2936,loss,0.0
qs1ikqJ5,2026-02-01T15:51:09.124000+00:00,60+0,standard,bullet,True,draw,,123,goltsev2000,Kiril12345,3109,2837,-4,4,B32,Sicilian Defense: Löwenthal Variation,8,goltsev2000,white,Kiril12345,3109,2837,draw,0.5
WzDSQzLo,2026-02-01T15:47:19.977000+00:00,60+0,standard,bullet,True,mate,black,88,Kiril12345,goltsev2000,2844,3102,-3,3,C10,French Defense: Marshall Gambit,6,goltsev2000,black,Kiril12345,3102,2844,win,1.0
urmDePDe,2026-02-01T09:55:17.563000+00:00,180+0,standard,blitz,True,draw,,124,DrMelekess,goltsev2000,2617,2588,-1,1,D02,"Queen's Pawn Game: London System, with e6",5,goltsev2000,black,DrMelekess,2588,2617,draw,0.5
dxGjGFuU,2026-02-01T09:48:30.532000+00:00,180+0,standard,blitz,True,resign,white,91,goltsev2000,alexandr_gorokhov,2584,2463,4,-4,C01,French Defense: Exchange Variation,7,goltsev2000,white,alexandr_gorokhov,2584,2463,win,1.0
fwi4uAAk,2026-02-01T09:41:42.110000+00:00,180+0,standard,blitz,True,mate,white,51,aqua7777,goltsev2000,2536,2591,6,-7,E21,Nimzo-Indian Defense: Three Knights Variation,7,goltsev2000,black,aqua7777,2591,2536,loss,0.0
CI6FTm6e,2026-02-01T09:34:50.683000+00:00,180+0,standard,blitz,True,outoftime,white,171,goltsev2000,BelyakovBogdan,2585,2583,6,-6,C67,"Ruy Lopez: Berlin Defense, l'Hermet Variation, Berlin Wall Defense",16,goltsev2000,white,BelyakovBogdan,2585,2583,win,1.0
ZPGrcKMY,2026-02-01T09:27:33.872000+00:00,180+0,standard,blitz,True,outoftime,black,76,lakki67,goltsev2000,2236,2584,-1,1,A00,Saragossa Opening,1,goltsev2000,black,lakki67,2584,2236,win,1.0
kre5JgaX,2026-02-01T09:20:50.332000+00:00,180+0,standard,blitz,True,resign,white,55,goltsev2000,Magistr_YODA_V_Tope,2581,2413,3,-3,C40,Elephant Gambit: Paulsen Countergambit,6,goltsev2000,white,Magistr_YODA_V_Tope,2581,2413,win,1.0
xXrMCUal,2026-02-01T09:14:05.732000+00:00,180+0,standard,blitz,True,resign,white,119,Hripach007,goltsev2000,2675,2585,4,-4,C07,"French Defense: Tarrasch Variation, Open System, Euwe-Keres Line",7,goltsev2000,black,Hripach007,2585,2675,loss,0.0
54Q8zuUX,2026-02-01T09:06:39.223000+00:00,180+0,standard,blitz,True,resign,white,45,goltsev2000,Liris2010,2582,2427,3,-4,B47,"Sicilian Defense: Taimanov Variation, Bastrikov Variation",10,goltsev2000,white,Liris2010,2582,2427,win,1.0
mTMRlDC4,2026-02-01T09:00:04.050000+00:00,180+0,standard,blitz,True,outoftime,black,108,Rodion2203,goltsev2000,2268,2580,-2,2,A40,Horwitz Defense,2,goltsev2000,black,Rodion2203,2580,2268,win,1.0
H7vgpxLR,2026-02-01T07:52:41.809000+00:00,60+0,standard,bullet,True,resign,black,74,Valera200707,goltsev2000,2848,3096,-3,2,C01,French Defense: Exchange Variation,7,goltsev2000,black,Valera200707,3096,2848,win,1.0
ZwflFOoh,2026-02-01T07:45:49.027000+00:00,60+0,standard,bullet,True,mate,black,58,Valera200707,goltsev2000,2857,3087,-2,2,C01,French Defense: Exchange Variation,7,goltsev2000,black,Valera200707,3087,2857,win,1.0
PcOxHyWc,2026-01-31T21:40:59.217000+00:00,60+0,standard,bullet,True,mate,white,99,YegoryoCh,goltsev2000,2869,3051,8,-8,D00,Queen's Pawn Game: Chigorin Variation,3,goltsev2000,black,YegoryoCh,3051,2869,loss,0.0
v36WB4S3,2026-01-31T20:49:01.175000+00:00,60+0,standard,bullet,True,resign,black,38,dozer01,goltsev2000,2797,3052,-2,2,C10,French Defense: Marshall Gambit,6,goltsev2000,black,dozer01,3052,2797,win,1.0
ZpluPtaf,2026-01-31T20:47:30.280000+00:00,60+0,standard,bullet,True,resign,white,57,goltsev2000,Alex-31,3051,2656,1,-1,B09,Pirc Defense: Austrian Attack,7,goltsev2000,white,Alex-31,3051,2656,win,1.0
wlWXy574,2026-01-31T20:45:01.664000+00:00,60+0,standard,bullet,True,draw,,148,caching,goltsev2000,3079,3050,-1,1,A00,Barnes Opening,1,goltsev2000,black,caching,3050,3079,draw,0.5
J2vcqesE,2026-01-31T20:42:35.196000+00:00,60+0,standard,bullet,True,outoftime,black,152,richdataanalyst,goltsev2000,2754,3048,-4,2,A04,Zukertort Opening: Queen's Gambit Invitation,2,goltsev2000,black,richdataanalyst,3048,2754,win,1.0
GMF7cLi5,2026-01-31T20:40:18.997000+00:00,60+0,standard,bullet,True,mate,black,78,goltsev2000,SpartakMos,3058,2819,-10,9,C01,French Defense: Exchange Variation,7,goltsev2000,white,SpartakMos,3058,2819,loss,0.0
xhxfNB3N,2026-01-31T20:38:25.211000+00:00,60+0,standard,bullet,True,mate,white,103,SamTakoj,goltsev2000,3059,3063,6,-5,D30,"Queen's Gambit Declined: Tarrasch Defense, Pseudo-Tarrasch",6,goltsev2000,black,SamTakoj,3063,3059,loss,0.0
rimzkASY,2026-01-31T20:35:55.980000+00:00,60+0,standard,bullet,True,mate,white,97,SpartakMos,goltsev2000,2798,3072,10,-9,C10,French Defense: Marshall Gambit,6,goltsev2000,black,SpartakMos,3072,2798,loss,0.0
YC6q66Xb,2026-01-31T20:33:58.285000+00:00,60+0,standard,bullet,True,resign,black,66,goltsev2000,Zhigalko_Sergei,3077,3153,-5,4,B32,Sicilian Defense: Löwenthal Variation,8,goltsev2000,white,Zhigalko_Sergei,3077,3153,loss,0.0
GqF882yC,2026-01-31T20:32:45.911000+00:00,60+0,standard,bullet,True,resign,black,72,SpartakMos,goltsev2000,2802,3075,-2,2,C10,French Defense: Marshall Gambit,6,goltsev2000,black,SpartakMos,3075,2802,win,1.0
Bf7qxAoj,2026-01-31T20:30:37.986000+00:00,60+0,standard,bullet,True,outoftime,white,113,goltsev2000,Gokerkan,3069,3107,6,-7,B83,"Sicilian Defense: Scheveningen Variation, Modern Variation",17,goltsev2000,white,Gokerkan,3069,3107,win,1.0
2OcQzY1p,2026-01-31T20:19:13.305000+00:00,60+0,standard,bullet,True,mate,black,64,goltsev2000,gepard2014,3082,2672,-10,12,B01,Scandinavian Defense,2,goltsev2000,white,gepard2014,3082,2672,loss,0.0
UgmRhBzv,2026-01-31T15:37:43.704000+00:00,60+0,standard,bullet,True,mate,white,51,goltsev2000,AFAZ,3087,2845,2,-3,B06,Modern Defense,2,goltsev2000,white,AFAZ,3087,2845,win,1.0
9SSUSGqH,2026-01-31T15:36:03.220000+00:00,60+0,standard,bullet,True,mate,black,68,AFAZ,goltsev2000,2847,3084,-2,3,A01,Nimzo-Larsen Attack,1,goltsev2000,black,AFAZ,3084,2847,win,1.0
bOV9PrTW,2026-01-31T15:19:34.619000+00:00,60+0,standard,bullet,True,outoftime,white,153,goltsev2000,littleprince1981,3067,2955,4,-4,C01,French Defense: Exchange Variation,7,goltsev2000,white,littleprince1981,3067,2955,win,1.0
qllMBBfz,2026-01-31T09:56:41.382000+00:00,180+0,standard,blitz,True,mate,black,118,goltsev2000,Velikii2003,2584,2669,-4,4,B06,Modern Defense,2,goltsev2000,white,Velikii2003,2584,2669,loss,0.0
rKRyT5JB,2026-02-01T19:29:16.993000+00:00,1800+20,standard,classical,True,resign,white,49,ReadySetGains,ZVEZDNIY_STRANNIK,2392,2206,6,-67,C00,French Defense: Schlechter Variation,5,ReadySetGains,white,ZVEZDNIY_STRANNIK,2392,2206,win,1.0
a7qyRPAE,2026-01-25T19:22:29.145000+00:00,1200+8,standard,classical,True,resign,white,53,ReadySetGains,pomegranaterook7,2390,1942,2,-1,B06,Modern Defense,4,ReadySetGains,white,pomegranaterook7,2390,1942,win,1.0
8Wg2QPt7,2026-01-23T08:29:37.877000+00:00,1800+20,standard,classical,True,draw,,91,UCE777,ReadySetGains,2271,2384,6,-4,C02,French Defense: Advance Variation,5,ReadySetGains,black,UCE777,2384,2271,draw,0.5
1PvAB12z,2026-01-18T19:15:44.169000+00:00,1800+5,standard,classical,True,mate,white,63,ReadySetGains,sinarody1812,2381,2019,3,-1,B23,Sicilian Defense: Grand Prix Attack,5,ReadySetGains,white,sinarody1812,2381,2019,win,1.0
Yeeyuvij,2026-01-18T13:03:30.303000+00:00,300+3,standard,blitz,True,mate,white,49,ReadySetGains,H4MZ4,1781,1712,64,-4,C44,Scotch Game: Lolli Variation,9,ReadySetGains,white,H4MZ4,1781,1712,win,1.0
eYeX40IR,2026-01-18T10:43:30.605000+00:00,300+3,standard,blitz,True,outoftime,white,67,Chocolatine,ReadySetGains,1816,1913,5,-132,A84,Dutch Defense: Classical Variation,4,ReadySetGains,black,Chocolatine,1913,1816,loss,0.0
aLW9S0zl,2026-01-18T10:33:39.583000+00:00,300+3,standard,blitz,True,mate,white,45,ReadySetGains,ThanjaiTamilan64,1806,1713,107,-3,B06,"Pterodactyl Defense: Eastern, Pterodactyl",8,ReadySetGains,white,ThanjaiTamilan64,1806,1713,win,1.0
MVBC73Yq,2026-01-17T19:52:21.129000+00:00,300+3,standard,blitz,True,resign,black,28,paololucca,ReadySetGains,1576,1500,-4,306,C01,French Defense: Exchange Variation,7,ReadySetGains,black,paololucca,1500,1576,win,1.0
X4tFkTwp,2026-01-17T13:00:04.342000+00:00,3600+30,standard,classical,True,draw,,93,Elwarrior80,ReadySetGains,2312,2383,1,-2,A04,Zukertort Opening: Queen's Gambit Invitation,2,ReadySetGains,black,Elwarrior80,2383,2312,draw,0.5
YP8C4VwD,2026-01-09T20:30:14.859000+00:00,1200+10,standard,classical,True,draw,,80,DwightDANS,ReadySetGains,2171,2389,8,-6,C00,French Defense: Steiner Variation,3,ReadySetGains,black,DwightDANS,2389,2171,draw,0.5
r1o3wMYB,2026-01-09T18:25:10.862000+00:00,1200+10,standard,classical,True,resign,black,78,MR_HotPepper,ReadySetGains,2262,2377,-19,8,C03,"French Defense: Tarrasch Variation, Modern System",6,ReadySetGains,black,MR_HotPepper,2377,2262,win,1.0
41hBO7CN,2026-01-04T15:50:50.271000+00:00,1800+20,standard,classical,True,resign,black,92,Black_Panther1234,ReadySetGains,2218,2366,-11,8,C11,French Defense: Classical Variation,7,ReadySetGains,black,Black_Panther1234,2366,2218,win,1.0
MLyrK3qA,2026-01-03T13:00:01.607000+00:00,3600+30,standard,classical,True,resign,white,61,ReadySetGains,Clanty1,2363,2066,3,-3,C42,"Petrov's Defense: Cochrane Gambit, Center Variation",9,ReadySetGains,white,Clanty1,2363,2066,win,1.0
ZrqRjynV,2026-01-02T20:58:24.630000+00:00,1200+10,standard,classical,True,resign,black,58,ReadySetGains,Art-Vega,2376,2376,-13,6,C45,Scotch Game: Mieses Variation,11,ReadySetGains,white,Art-Vega,2376,2376,loss,0.0
uYnSq3tY,2026-01-02T20:51:56.800000+00:00,1200+10,standard,classical,True,resign,white,23,ReadySetGains,williamelis,2375,1755,1,-1,C44,Scotch Game: Lolli Variation,9,ReadySetGains,white,williamelis,2375,1755,win,1.0
zRrUYwPo,2026-01-02T20:18:31.862000+00:00,1200+10,standard,classical,True,resign,black,38,nakeduk,ReadySetGains,1877,2373,-2,2,C11,French Defense: Classical Variation,7,ReadySetGains,black,nakeduk,2373,1877,win,1.0
BXbRjEJT,2026-01-02T19:51:42.293000+00:00,1200+10,standard,classical,True,resign,black,94,madeinKZ-1991,ReadySetGains,1670,2373,-1,0,C00,French Defense: Steiner Variation,3,ReadySetGains,black,madeinKZ-1991,2373,1670,win,1.0
20VUDB56,2026-01-02T19:36:59.083000+00:00,1200+10,standard,classical,True,mate,white,47,ReadySetGains,bezdrabko177,2372,1729,1,0,C44,Scotch Game: Lolli Variation,9,ReadySetGains,white,bezdrabko177,2372,1729,win,1.0
AaQEtPbQ,2026-01-02T19:29:38.537000+00:00,1200+10,standard,classical,True,mate,white,39,ReadySetGains,S_M_B,2372,1351,0,0,C44,Scotch Game: Lolli Variation,9,ReadySetGains,white,S_M_B,2372,1351,win,1.0
TiR41DGT,2026-01-02T18:57:17.394000+00:00,1200+10,standard,classical,True,outoftime,black,28,CenMSportUp6,ReadySetGains,1950,2370,-2,2,C11,French Defense: Classical Variation,7,ReadySetGains,black,CenMSportUp6,2370,1950,win,1.0
lVocFdSU,2025-12-31T14:19:31.553000+00:00,1800+30,standard,classical,True,resign,white,153,ReadySetGains,bizbiz13,2364,2155,6,-19,C00,French Defense: Schlechter Variation,5,ReadySetGains,white,bizbiz13,2364,2155,win,1.0
lXUAqF6N,2025-12-30T13:30:05.823000+00:00,1800+5,standard,classical,True,resign,black,34,eron48,ReadySetGains,1968,2361,-1,3,C10,French Defense: Marshall Gambit,6,ReadySetGains,black,eron48,2361,1968,win,1.0
KXdlE9JX,2025-12-26T19:14:42.077000+00:00,1500+15,standard,classical,True,resign,white,21,ReadySetGains,Onyx_Chess,2357,2049,4,-2,B23,Sicilian Defense: Grand Prix Attack,5,ReadySetGains,white,Onyx_Chess,2357,2049,win,1.0
OAgfBqqM,2025-12-25T13:16:01.029000+00:00,1500+10,standard,classical,True,resign,white,27,ReadySetGains,TrissyThetiger,2354,2031,3,-7,B10,Caro-Kann Defense,2,ReadySetGains,white,TrissyThetiger,2354,2031,win,1.0
Nkmr5ljX,2025-12-24T13:19:41.284000+00:00,3600+10,standard,classical,True,resign,black,76,rrraghu81,ReadySetGains,2274,2343,-7,11,A40,Horwitz Defense,2,ReadySetGains,black,rrraghu81,2343,2274,win,1.0
b0octgvx,2025-12-24T09:42:05.086000+00:00,1800+20,standard,classical,True,resign,white,39,G3sundheit,ReadySetGains,2393,2354,32,-11,C16,"French Defense: Winawer Variation, Advance Variation",7,ReadySetGains,black,G3sundheit,2354,2393,loss,0.0
f3XG2Lvc,2025-12-23T20:33:39.748000+00:00,1200+8,standard,classical,True,draw,,79,ReadySetGains,slon457,2364,2060,-10,4,B23,Sicilian Defense: Grand Prix Attack,5,ReadySetGains,white,slon457,2364,2060,draw,0.5
3zefYcPd,2025-12-23T12:17:59.445000+00:00,1800+20,standard,classical,True,draw,,103,Y27032019,ReadySetGains,2186,2369,6,-7,C02,French Defense: Advance Variation,5,ReadySetGains,black,Y27032019,2369,2186,draw,0.5
GxMxrYsZ,2025-12-22T19:42:02.996000+00:00,2400+30,standard,classical,True,resign,white,87,ReadySetGains,amod23,2363,2121,6,-27,C00,French Defense: Schlechter Variation,5,ReadySetGains,white,amod23,2363,2121,win,1.0
lOx3uHgP,2025-12-22T14:11:26.983000+00:00,1800+30,standard,classical,True,resign,black,64,bizbiz13,ReadySetGains,2130,2356,-37,7,C01,French Defense: Exchange Variation,5,ReadySetGains,black,bizbiz13,2356,2130,win,1.0
ahzH0gRB,2026-01-25T17:12:33.976000+00:00,600+0,standard,rapid,True,resign,white,57,Aravinsaertod,chabadnik770,2497,2558,22,-13,C55,"Italian Game: Two Knights Defense, Modern Bishop's Opening",7,chabadnik770,black,Aravinsaertod,2558,2497,loss,0.0
wqM5IQcK,2026-01-25T16:23:07.730000+00:00,600+0,standard,rapid,True,resign,black,80,RexOranis,chabadnik770,2491,2547,-5,11,C22,Center Game: Berger Variation,8,chabadnik770,black,RexOranis,2547,2491,win,1.0
sstAM5av,2026-01-22T14:30:07.841000+00:00,180+0,standard,blitz,True,resign,black,46,Annaly-Annalyew1979,chabadnik770,2442,2568,-4,4,A46,Torre Attack: Classical Defense,5,chabadnik770,black,Annaly-Annalyew1979,2568,2442,win,1.0
dh2cefQW,2026-01-22T14:25:59.064000+00:00,180+0,standard,blitz,True,resign,black,52,chabadnik770,qwerty7777777777,2576,2478,-8,8,E41,Nimzo-Indian Defense: Rubinstein System,8,chabadnik770,white,qwerty7777777777,2576,2478,loss,0.0
qlNPOJB2,2026-01-21T20:45:26.087000+00:00,180+0,standard,blitz,True,resign,white,57,chabadnik770,ErgRaider,2578,2494,4,-4,D33,Tarrasch Defense: Dubov Tarrasch,16,chabadnik770,white,ErgRaider,2578,2494,win,1.0
XhdxJ4JB,2026-01-12T16:15:36.712000+00:00,180+0,standard,blitz,True,outoftime,white,111,AkibaGonzalez,chabadnik770,2540,2603,7,-7,B92,"Sicilian Defense: Najdorf Variation, Opocensky Variation, Traditional Line",16,chabadnik770,black,AkibaGonzalez,2603,2540,loss,0.0
N225pjQZ,2026-01-11T18:28:52.911000+00:00,180+0,standard,blitz,True,mate,black,50,chabadnik770,Chesspattern_on_IG,2612,2615,-5,6,E04,Catalan Opening: Open Defense,9,chabadnik770,white,Chesspattern_on_IG,2612,2615,loss,0.0
PWcSdRP9,2026-01-11T15:22:18.452000+00:00,180+0,standard,blitz,True,outoftime,white,117,chabadnik770,JustAnAppleToday,2601,2527,4,-5,E11,Bogo-Indian Defense: Retreat Variation,13,chabadnik770,white,JustAnAppleToday,2601,2527,win,1.0
cZTFxmuq,2026-01-11T14:17:56.615000+00:00,180+0,standard,blitz,True,resign,black,48,MasterDraw,chabadnik770,2523,2589,-5,5,A58,Benko Gambit Accepted: Fully Accepted Variation,9,chabadnik770,black,MasterDraw,2589,2523,win,1.0
Rw9ZWVYk,2026-01-10T20:37:15.410000+00:00,180+0,standard,blitz,True,draw,,137,SagittariusK,chabadnik770,2493,2596,4,-1,A45,Indian Defense,2,chabadnik770,black,SagittariusK,2596,2493,draw,0.5
CFp0qsWb,2026-01-10T20:21:51.255000+00:00,180+0,standard,blitz,True,resign,white,43,chabadnik770,MorchiashviliB,2589,2593,5,-5,E70,King's Indian Defense: Normal Variation,7,chabadnik770,white,MorchiashviliB,2589,2593,win,1.0
SuU0GvkD,2026-01-10T20:02:20.152000+00:00,180+0,standard,blitz,True,resign,black,56,besfighter,chabadnik770,2545,2578,-6,6,B23,Sicilian Defense: Closed,3,chabadnik770,black,besfighter,2578,2545,win,1.0
gJ9gvIsL,2026-01-10T19:56:58.555000+00:00,180+0,standard,blitz,True,resign,white,89,chabadnik770,vlaxaki,2574,2451,4,-3,D45,Semi-Slav Defense: Stoltz Variation,11,chabadnik770,white,vlaxaki,2574,2451,win,1.0
EdfXDDeX,2026-01-07T20:52:39.916000+00:00,180+0,standard,blitz,True,resign,white,115,chabadnik770,Goljan16,2574,2652,6,-8,E90,"King's Indian Defense: Normal Variation, Rare Defenses",9,chabadnik770,white,Goljan16,2574,2652,win,1.0
1F4I77n8,2026-01-07T20:03:13.323000+00:00,180+0,standard,blitz,True,resign,black,88,chabadnik770,tamik,2564,2510,-6,7,E04,Catalan Opening: Open Defense,9,chabadnik770,white,tamik,2564,2510,loss,0.0
avfcFKa8,2026-01-07T17:35:54.318000+00:00,180+0,standard,blitz,True,resign,white,93,chabadnik770,Demius,2542,2459,4,-5,D30,Queen's Gambit Declined,4,chabadnik770,white,Demius,2542,2459,win,1.0
jDMsaewq,2026-01-07T16:37:48.722000+00:00,180+0,standard,blitz,True,outoftime,black,100,chabadnik770,Barys74,2541,2685,-3,3,E00,Catalan Opening,5,chabadnik770,white,Barys74,2541,2685,loss,0.0
VcrT8I7z,2026-01-07T16:31:39.464000+00:00,180+0,standard,blitz,True,resign,black,70,R_Berzinsh,chabadnik770,2454,2537,-4,4,B50,"Sicilian Defense: Delayed Alapin Variation, with d6",5,chabadnik770,black,R_Berzinsh,2537,2454,win,1.0
Lhifwijk,2026-01-05T16:12:48.304000+00:00,180+0,standard,blitz,True,mate,black,64,Fenrisulfur,chabadnik770,2466,2533,-5,5,B90,"Sicilian Defense: Najdorf Variation, Lipnitsky Attack",11,chabadnik770,black,Fenrisulfur,2533,2466,win,1.0
9X0bkzfW,2026-01-05T16:06:41.293000+00:00,180+0,standard,blitz,True,outoftime,black,90,chabadnik770,torrentec,2541,2449,-8,9,D11,Slav Defense: Quiet Variation,7,chabadnik770,white,torrentec,2541,2449,loss,0.0
LaiuE6ov,2026-01-05T15:43:50.289000+00:00,180+0,standard,blitz,True,outoftime,black,76,chabadnik770,Chesspattern_on_IG,2546,2593,-5,5,E04,Catalan Opening: Open Defense,9,chabadnik770,white,Chesspattern_on_IG,2546,2593,loss,0.0
xDrhnsOa,2026-01-05T15:18:21.883000+00:00,600+0,standard,rapid,True,resign,black,72,butter_on_the_bread,chabadnik770,2415,2490,-5,11,C77,"Ruy Lopez: Morphy Defense, Tarrasch Variation",9,chabadnik770,black,butter_on_the_bread,2490,2415,win,1.0
gNAYq2HO,2025-12-31T16:16:40.863000+00:00,180+0,standard,blitz,True,resign,white,51,chabadnik770,ljubisha,2544,2374,3,-3,D80,Grünfeld Defense: Stockholm Variation,7,chabadnik770,white,ljubisha,2544,2374,win,1.0
AdzBGjAZ,2025-12-30T18:06:09.653000+00:00,180+0,standard,blitz,True,resign,white,59,gabry2011,chabadnik770,2481,2550,7,-6,B93,"Sicilian Defense: Najdorf Variation, Amsterdam Variation",11,chabadnik770,black,gabry2011,2550,2481,loss,0.0
2U6RI2MN,2025-12-30T17:33:04.805000+00:00,180+0,standard,blitz,True,resign,white,53,BlackBoarder,chabadnik770,2626,2561,5,-5,B50,"Sicilian Defense: Delayed Alapin Variation, with d6",5,chabadnik770,black,BlackBoarder,2561,2626,loss,0.0
9rWJJhIF,2025-12-30T17:31:57.170000+00:00,180+0,standard,blitz,True,resign,black,30,chabadnik770,BlackBoarder,2566,2621,-5,5,E04,Catalan Opening: Open Defense,9,chabadnik770,white,BlackBoarder,2566,2621,loss,0.0
TfEhHOsr,2025-12-30T17:27:18.231000+00:00,180+0,standard,blitz,True,mate,white,43,BlackBoarder,chabadnik770,2617,2570,4,-4,A80,Dutch Defense: Raphael Variation,3,chabadnik770,black,BlackBoarder,2570,2617,loss,0.0
ixJxaL2l,2025-12-30T17:02:17.022000+00:00,180+0,standard,blitz,True,resign,black,72,chabadnik770,Ordekalog,2576,2620,-6,6,D34,"Tarrasch Defense: Classical Variation, Réti Variation",19,chabadnik770,white,Ordekalog,2576,2620,loss,0.0
mbmxcJdA,2025-12-30T13:31:08.528000+00:00,180+0,standard,blitz,True,outoftime,white,153,Jorgitomgs,chabadnik770,2593,2580,5,-5,A05,Zukertort Opening,2,chabadnik770,black,Jorgitomgs,2580,2593,loss,0.0
fLteRlUF,2025-12-30T12:44:24.544000+00:00,180+0,standard,blitz,True,outoftime,black,108,chabadnik770,Faryma,2585,2390,-9,9,E90,"King's Indian Defense: Normal Variation, Rare Defenses",9,chabadnik770,white,Faryma,2585,2390,loss,0.0
tKUWdkAz,2026-01-29T12:52:11.108000+00:00,600+0,standard,rapid,True,resign,white,52,Chess_calculator1109,fiancheeter,2553,2647,8,-7,B06,Modern Defense: Standard Line,5,fiancheeter,black,Chess_calculator1109,2647,2553,loss,0.0
hv8ElLDz,2026-01-29T02:56:12.799000+00:00,600+0,standard,rapid,True,mate,white,107,fiancheeter,ToyTiko,2640,2473,3,-3,A07,"King's Indian Attack, with e6",6,fiancheeter,white,ToyTiko,2640,2473,win,1.0
qmy9Iez0,2026-01-29T02:44:33.007000+00:00,600+0,standard,rapid,True,resign,black,53,fiancheeter,MoreChaoticSensei,2648,2527,-8,9,A00,Lasker Simul Special,2,fiancheeter,white,MoreChaoticSensei,2648,2527,loss,0.0
5DaYXHSm,2026-01-29T02:02:44.156000+00:00,600+0,standard,rapid,True,outoftime,white,181,fiancheeter,MoreChaoticSensei,2646,2529,4,-4,A01,Nimzo-Larsen Attack,1,fiancheeter,white,MoreChaoticSensei,2646,2529,win,1.0
G7m4MZHY,2026-01-29T01:02:10.909000+00:00,600+0,standard,rapid,True,outoftime,black,172,MoreChaoticSensei,fiancheeter,2515,2658,-5,4,A40,Modern Defense: Beefeater Variation,10,fiancheeter,black,MoreChaoticSensei,2658,2515,win,1.0
OyqU2myC,2026-01-28T23:52:04.075000+00:00,600+0,standard,rapid,True,mate,black,62,fiancheeter,brkyldzr11,2670,2482,-8,10,A00,Hungarian Opening,1,fiancheeter,white,brkyldzr11,2670,2482,loss,0.0
XjihPsDX,2026-01-28T14:17:11.342000+00:00,600+0,standard,rapid,True,resign,white,67,jgepaarks,fiancheeter,2540,2658,14,-7,A01,Nimzo-Larsen Attack: Spike Variation,5,fiancheeter,black,jgepaarks,2658,2540,loss,0.0
Y7coyAvy,2026-01-28T14:04:15.735000+00:00,600+0,standard,rapid,True,resign,black,66,fiancheeter,jgepaarks,2666,2523,-8,17,A08,Zukertort Opening: Reversed Grünfeld,9,fiancheeter,white,jgepaarks,2666,2523,loss,0.0
ugs2pElm,2026-01-28T13:50:12.562000+00:00,600+0,standard,rapid,True,resign,black,70,Bruce_Lee_Discipline,fiancheeter,2446,2664,-3,2,B06,Modern Defense: Standard Line,5,fiancheeter,black,Bruce_Lee_Discipline,2664,2446,win,1.0
lBdkRwK2,2026-01-27T16:18:11.802000+00:00,600+0,standard,rapid,True,outoftime,white,157,fiancheeter,eaglean,2661,2441,3,-2,A00,Hungarian Opening: Symmetrical Variation,2,fiancheeter,white,eaglean,2661,2441,win,1.0
gDOUTDeH,2026-01-27T15:57:10.431000+00:00,600+0,standard,rapid,True,outoftime,black,106,Smart_Kotik,fiancheeter,2546,2657,-4,4,A04,Zukertort Opening: Kingside Fianchetto,2,fiancheeter,black,Smart_Kotik,2657,2546,win,1.0
MbekiXmD,2026-01-27T15:26:07.409000+00:00,600+0,standard,rapid,True,draw,,80,WhoMightThisBe,fiancheeter,2489,2655,2,-2,A40,Queen's Pawn Game: Modern Defense,2,fiancheeter,black,WhoMightThisBe,2655,2489,draw,0.5
Qvd5QJer,2026-01-27T14:18:58.402000+00:00,600+0,standard,rapid,True,resign,white,112,fiancheeter,iyisatranc,2652,2516,3,-4,A00,Hungarian Opening: Indian Defense,2,fiancheeter,white,iyisatranc,2652,2516,win,1.0
P3wzCxff,2026-01-26T15:41:41.448000+00:00,600+0,standard,rapid,True,mate,black,186,fiancheeter,chessmount,2649,2667,-5,11,A14,"English Opening: Agincourt Defense, Neo-Catalan Declined",14,fiancheeter,white,chessmount,2649,2667,loss,0.0
Pp5qjTFw,2026-01-26T14:49:55.975000+00:00,600+0,standard,rapid,True,resign,white,59,fiancheeter,Krestoman,2644,2483,3,-4,A00,Hungarian Opening,1,fiancheeter,white,Krestoman,2644,2483,win,1.0
ZzML1rMw,2026-01-26T14:19:38.638000+00:00,600+0,standard,rapid,True,draw,,127,Danila_07,fiancheeter,2395,2644,12,-3,B24,Sicilian Defense: Closed,8,fiancheeter,black,Danila_07,2644,2395,draw,0.5
yPBDyvua,2026-01-26T13:57:13.195000+00:00,600+0,standard,rapid,True,outoftime,white,103,fiancheeter,Dragon_123456,2641,2502,3,-4,A37,"English Opening: Symmetrical Variation, Three Knights, Fianchetto Variation",9,fiancheeter,white,Dragon_123456,2641,2502,win,1.0
faqOAFJK,2026-01-26T13:36:26.115000+00:00,600+0,standard,rapid,True,mate,black,126,emandr,fiancheeter,2573,2636,-5,5,B06,Modern Defense,4,fiancheeter,black,emandr,2636,2573,win,1.0
cBYb5q3n,2026-01-26T13:21:02.208000+00:00,600+0,standard,rapid,True,resign,black,90,fiancheeter,VuvukVuveliy,2642,2611,-6,8,A07,"King's Indian Attack, with e6",6,fiancheeter,white,VuvukVuveliy,2642,2611,loss,0.0
Ey82qdzp,2026-01-26T13:02:21.140000+00:00,600+0,standard,rapid,True,draw,,122,VuvukVuveliy,fiancheeter,2611,2642,0,0,B06,Modern Defense: Two Knights Variation,7,fiancheeter,black,VuvukVuveliy,2642,2611,draw,0.5
0CNP30sP,2026-01-24T20:20:21.008000+00:00,600+0,standard,rapid,True,resign,white,87,fiancheeter,ToyTiko,2640,2446,2,-3,A00,Hungarian Opening: Catalan Formation,4,fiancheeter,white,ToyTiko,2640,2446,win,1.0
zCiEqCmg,2026-01-24T19:19:43.741000+00:00,600+0,standard,rapid,True,resign,white,87,fiancheeter,FourknightAttack,2641,2532,4,-10,A00,Hungarian Opening,1,fiancheeter,white,FourknightAttack,2641,2532,win,1.0
tt54wjTy,2026-01-24T19:00:26.831000+00:00,600+0,standard,rapid,True,mate,black,150,emandr,fiancheeter,2570,2636,-5,5,B06,Modern Defense,4,fiancheeter,black,emandr,2636,2570,win,1.0
QmvxL3ma,2026-01-24T18:46:07.207000+00:00,600+0,standard,rapid,True,resign,black,82,GrozaChess1,fiancheeter,2533,2632,-6,4,B06,Modern Defense: Standard Line,5,fiancheeter,black,GrozaChess1,2632,2533,win,1.0
jNVerAqq,2026-01-24T18:26:41.551000+00:00,600+0,standard,rapid,True,resign,white,121,fiancheeter,FourknightAttack,2628,2536,4,-12,A00,Hungarian Opening,1,fiancheeter,white,FourknightAttack,2628,2536,win,1.0
hoxNfJFv,2026-01-24T17:05:04.174000+00:00,600+0,standard,rapid,True,resign,white,61,kaleoyunsonu,fiancheeter,2430,2636,9,-8,A04,Zukertort Opening: Kingside Fianchetto,2,fiancheeter,black,kaleoyunsonu,2636,2430,loss,0.0
5ze1fUWZ,2026-01-24T16:55:05.206000+00:00,600+0,standard,rapid,True,resign,black,44,fiancheeter,Sultai,2644,2523,-8,11,A00,Hungarian Opening,1,fiancheeter,white,Sultai,2644,2523,loss,0.0
dXCZlTWl,2026-01-24T16:39:44.187000+00:00,600+0,standard,rapid,True,resign,white,69,faintconsciousness,fiancheeter,2449,2652,21,-8,A40,Queen's Pawn Game: Modern Defense,2,fiancheeter,black,faintconsciousness,2652,2449,loss,0.0
ACIXDUhl,2026-01-24T16:29:35.966000+00:00,600+0,standard,rapid,True,draw,,51,Designer_96,fiancheeter,2547,2654,3,-2,B36,"Sicilian Defense: Accelerated Dragon, Maróczy Bind",9,fiancheeter,black,Designer_96,2654,2547,draw,0.5
Ajyxb2Ni,2026-01-24T16:21:51.055000+00:00,600+0,standard,rapid,True,resign,white,27,agg144,fiancheeter,2526,2662,7,-8,B06,Modern Defense,4,fiancheeter,black,agg144,2662,2526,loss,0.0
NQoYMFqJ,2026-02-01T20:08:19.793000+00:00,180+0,standard,blitz,True,resign,white,61,Kurald_Galain,neurolukas,2757,2143,1,-1,A80,Dutch Defense: Raphael Variation,3,Kurald_Galain,white,neurolukas,2757,2143,win,1.0
6zpzLcc4,2026-02-01T19:36:54.530000+00:00,180+0,standard,blitz,True,resign,black,70,a4crest,Kurald_Galain,2210,2766,-1,1,E18,"Queen's Indian Defense: Classical Variation, Traditional Variation",13,Kurald_Galain,black,a4crest,2766,2210,win,1.0
8bh3t50k,2026-02-01T19:28:35.574000+00:00,180+0,standard,blitz,True,mate,white,141,Kurald_Galain,sztachalom,2765,2133,1,0,A40,Queen's Pawn Game: Modern Defense,2,Kurald_Galain,white,sztachalom,2765,2133,win,1.0
zWmkEtdN,2026-02-01T19:19:16.854000+00:00,180+0,standard,blitz,True,resign,black,96,Guzman70,Kurald_Galain,2237,2763,0,2,B10,Caro-Kann Defense: Endgame Offer,5,Kurald_Galain,black,Guzman70,2763,2237,win,1.0
3vJC9qtU,2026-02-01T18:59:12.513000+00:00,60+0,standard,bullet,True,resign,white,69,Kurald_Galain,SabrDav,2998,2659,1,-2,D00,Queen's Pawn Game: Levitsky Attack,3,Kurald_Galain,white,SabrDav,2998,2659,win,1.0
QqI8BQUs,2026-02-01T18:57:32.817000+00:00,60+0,standard,bullet,True,resign,black,76,elmaxi_11151989,Kurald_Galain,2721,2995,-3,3,B12,Caro-Kann Defense: Advance Variation,5,Kurald_Galain,black,elmaxi_11151989,2995,2721,win,1.0
7M2IO3nY,2026-02-01T18:55:55.100000+00:00,60+0,standard,bullet,True,mate,white,71,Kurald_Galain,carlsen89,2995,2292,0,0,D00,"Queen's Pawn Game: Accelerated London System, Steinitz Countergambit",4,Kurald_Galain,white,carlsen89,2995,2292,win,1.0
1qOQ2vz3,2026-02-01T18:54:22.980000+00:00,60+0,standard,bullet,True,resign,black,66,Predator_Shark,Kurald_Galain,2617,2994,-2,1,D11,Slav Defense: Modern Line,5,Kurald_Galain,black,Predator_Shark,2994,2617,win,1.0
mIri4aH5,2026-02-01T18:52:15.409000+00:00,60+0,standard,bullet,True,outoftime,white,99,Kurald_Galain,Kvasart,2994,2378,0,0,A43,Benoni Defense: Old Benoni,2,Kurald_Galain,white,Kvasart,2994,2378,win,1.0
qwnxwHgb,2026-02-01T18:51:02.688000+00:00,60+0,standard,bullet,True,outoftime,white,83,Kurald_Galain,zerkutemasa,2994,1924,0,0,A40,Horwitz Defense,2,Kurald_Galain,white,zerkutemasa,2994,1924,win,1.0
EVOoWekf,2026-02-01T18:48:38.534000+00:00,60+0,standard,bullet,True,outoftime,black,66,iansere,Kurald_Galain,2060,2994,0,0,A01,Nimzo-Larsen Attack,1,Kurald_Galain,black,iansere,2994,2060,win,1.0
eQoiC8SB,2026-02-01T18:47:25.659000+00:00,60+0,standard,bullet,True,resign,white,49,Kurald_Galain,sandiskyy,2993,2299,1,0,A80,Dutch Defense,2,Kurald_Galain,white,sandiskyy,2993,2299,win,1.0
azu3nXkW,2026-02-01T18:45:18.066000+00:00,60+0,standard,bullet,True,mate,white,109,fejyayhoegr,Kurald_Galain,2591,3004,11,-11,B18,Caro-Kann Defense: Classical Variation,8,Kurald_Galain,black,fejyayhoegr,3004,2591,loss,0.0
llb3NL0M,2026-02-01T18:42:54.069000+00:00,60+0,standard,bullet,True,draw,,153,PhilipX39,Kurald_Galain,2322,3009,6,-5,A04,Zukertort Opening: Slav Invitation,2,Kurald_Galain,black,PhilipX39,3009,2322,draw,0.5
Yn2SVzpk,2026-02-01T18:37:54.079000+00:00,60+0,standard,bullet,True,resign,black,72,Kurald_Galain,fejyayhoegr,3019,2585,-11,11,D00,Queen's Pawn Game: Accelerated London System,3,Kurald_Galain,white,fejyayhoegr,3019,2585,loss,0.0
1roe5JeK,2026-02-01T18:30:43.194000+00:00,60+0,standard,bullet,True,resign,white,63,Kurald_Galain,BysantineEmperor,3017,2585,1,-1,A43,Benoni Defense: Old Benoni,4,Kurald_Galain,white,BysantineEmperor,3017,2585,win,1.0
DyfkaVyc,2026-02-01T16:36:02.856000+00:00,480+0,standard,rapid,True,mate,white,151,Kurald_Galain,g1213,2728,1981,0,0,D38,Queen's Gambit Declined: Ragozin Defense,8,Kurald_Galain,white,g1213,2728,1981,win,1.0
iKpVLeD4,2026-02-01T16:24:35.728000+00:00,600+0,standard,rapid,True,mate,black,54,ibrahim-salhani,Kurald_Galain,1947,2727,0,1,B13,Caro-Kann Defense: Exchange Variation,5,Kurald_Galain,black,ibrahim-salhani,2727,1947,win,1.0
4NoxxwlX,2026-02-01T15:44:24.969000+00:00,600+0,fromPosition,rapid,True,resign,white,17,Kurald_Galain,klima2626,2725,1911,1,0,,,,Kurald_Galain,white,klima2626,2725,1911,win,1.0
zVJMEB6J,2026-02-01T15:34:13.556000+00:00,600+0,fromPosition,rapid,True,resign,black,54,HermanAdistya,Kurald_Galain,1773,2725,0,0,,,,Kurald_Galain,black,HermanAdistya,2725,1773,win,1.0
ul9jg6Y4,2026-02-01T15:07:55.627000+00:00,480+0,standard,rapid,True,mate,black,92,Kurald_Galain,RickRookRolled,2745,2426,-21,17,E21,Nimzo-Indian Defense: Three Knights Variation,7,Kurald_Galain,white,RickRookRolled,2745,2426,loss,0.0
Ep4aYAf0,2026-02-01T14:02:20.917000+00:00,60+0,standard,bullet,True,outoftime,black,84,msrojas,Kurald_Galain,1767,3011,0,0,A45,Indian Defense: Accelerated London System,3,Kurald_Galain,black,msrojas,3011,1767,win,1.0
gRRZE3su,2026-02-01T11:00:03.185000+00:00,480+0,standard,rapid,True,mate,black,178,YanHurski,Kurald_Galain,2230,2743,-4,2,B12,"Caro-Kann Defense: Advance Variation, Tal Variation",7,Kurald_Galain,black,YanHurski,2743,2230,win,1.0
aBzqlBvY,2026-02-01T10:45:33.330000+00:00,60+0,standard,bullet,True,resign,white,59,Kurald_Galain,maelru,3009,2490,1,-1,A41,Queen's Pawn Game,2,Kurald_Galain,white,maelru,3009,2490,win,1.0
DTRbTenv,2026-02-01T10:40:06.793000+00:00,60+0,standard,bullet,True,resign,white,81,Kurald_Galain,Tearsfromthesun,3009,2065,0,0,A40,Englund Gambit: Soller Gambit,4,Kurald_Galain,white,Tearsfromthesun,3009,2065,win,1.0
Zyk2BouC,2026-02-01T10:35:19.786000+00:00,60+0,standard,bullet,True,resign,white,65,Kurald_Galain,CHOOLWE001,3007,2403,1,0,A45,Trompowsky Attack: Classical Defense,4,Kurald_Galain,white,CHOOLWE001,3007,2403,win,1.0
rVuOz5aX,2026-02-01T10:32:28.367000+00:00,60+0,standard,bullet,True,resign,black,60,MexicanDefence,Kurald_Galain,2154,3007,0,0,D13,Slav Defense: Exchange Variation,8,Kurald_Galain,black,MexicanDefence,3007,2154,win,1.0
1kQFWF0o,2026-02-01T10:24:42.439000+00:00,480+0,standard,rapid,True,resign,white,43,Kurald_Galain,SOTIRIS2,2742,2304,1,-2,D38,Queen's Gambit Declined: Ragozin Defense,8,Kurald_Galain,white,SOTIRIS2,2742,2304,win,1.0
nfgRrPTj,2026-01-31T17:42:41.011000+00:00,60+0,standard,bullet,True,resign,white,81,Kurald_Galain,brucemieses,3002,2308,0,0,D13,Slav Defense: Exchange Variation,8,Kurald_Galain,white,brucemieses,3002,2308,win,1.0
UJWx5WeZ,2026-01-31T17:40:18.186000+00:00,60+0,standard,bullet,True,outoftime,white,169,abellRD,Kurald_Galain,2117,3013,12,-11,D00,Queen's Pawn Game,2,Kurald_Galain,black,abellRD,3013,2117,loss,0.0
8KYUPiG8,2026-02-01T19:59:43.133000+00:00,600+0,standard,rapid,True,outoftime,white,121,A10-Thunderbolt,Dindindun84,2547,2488,5,-6,B31,"Sicilian Defense: Nyezhmetdinov-Rossolimo Attack, Fianchetto Variation",6,A10-Thunderbolt,white,Dindindun84,2547,2488,win,1.0
5K8ujT1a,2026-02-01T19:36:07.581000+00:00,600+0,standard,rapid,True,resign,white,45,Dindindun84,A10-Thunderbolt,2479,2550,9,-7,C42,Petrov's Defense: Nimzowitsch Attack,9,A10-Thunderbolt,black,Dindindun84,2550,2479,loss,0.0
8AGSGX0l,2026-02-01T19:30:21.584000+00:00,180+2,standard,blitz,True,resign,black,54,moorus,A10-Thunderbolt,2429,2477,-5,5,A27,"English Opening: King's English Variation, Three Knights System",5,A10-Thunderbolt,black,moorus,2477,2429,win,1.0
PGiSoIuJ,2026-02-01T19:21:46.199000+00:00,180+2,standard,blitz,True,resign,white,83,A10-Thunderbolt,Chessanonymous1,2471,2446,6,-6,B13,Caro-Kann Defense: Panov Attack,9,A10-Thunderbolt,white,Chessanonymous1,2471,2446,win,1.0
4hDF3aKy,2026-01-30T16:42:14.284000+00:00,180+2,standard,blitz,True,mate,white,35,Xgaming1330,A10-Thunderbolt,2391,2478,7,-7,C44,"Scotch Game: Scotch Gambit, Advance Variation",9,A10-Thunderbolt,black,Xgaming1330,2478,2391,loss,0.0
oyCHrvvT,2026-01-29T23:35:34.132000+00:00,600+0,standard,rapid,True,resign,white,55,Casperrov,A10-Thunderbolt,2382,2554,8,-8,C45,Scotch Game,7,A10-Thunderbolt,black,Casperrov,2554,2382,loss,0.0
Td8NdyLY,2026-01-29T20:12:18.413000+00:00,600+0,standard,rapid,True,mate,white,127,A10-Thunderbolt,Superbri212,2546,2345,3,-3,D06,Queen's Gambit Declined: Austrian Defense,4,A10-Thunderbolt,white,Superbri212,2546,2345,win,1.0
j1zzCtjf,2026-01-29T19:59:07.576000+00:00,600+0,standard,rapid,True,resign,white,65,A10-Thunderbolt,LamazeSimon,2537,2673,9,-7,E74,"King's Indian Defense: Averbakh Variation, Benoni Defense, Advance Variation",13,A10-Thunderbolt,white,LamazeSimon,2537,2673,win,1.0
UkzpRcMe,2026-01-29T16:36:06.350000+00:00,180+2,standard,blitz,True,outoftime,black,52,mEd_D01,A10-Thunderbolt,2377,2477,-4,5,C78,Ruy Lopez: Morphy Defense,9,A10-Thunderbolt,black,mEd_D01,2477,2377,win,1.0
D7gN1ZhD,2026-01-29T16:26:47.877000+00:00,180+2,standard,blitz,True,resign,white,87,Grinsekatze26,A10-Thunderbolt,2442,2484,7,-7,E46,Nimzo-Indian Defense: Reshevsky Variation,9,A10-Thunderbolt,black,Grinsekatze26,2484,2442,loss,0.0
qeaAgaTI,2026-01-29T16:16:25.386000+00:00,180+2,standard,blitz,True,resign,black,103,A10-Thunderbolt,Horacio96,2492,2397,-8,8,B14,"Caro-Kann Defense: Panov Attack, Fianchetto Defense",10,A10-Thunderbolt,white,Horacio96,2492,2397,loss,0.0
xTJSaLRX,2026-01-27T17:59:49.449000+00:00,600+0,standard,rapid,True,mate,black,44,A10-Thunderbolt,ItzFarabiii14,2545,2516,-7,46,D35,Queen's Gambit Declined: Exchange Variation,7,A10-Thunderbolt,white,ItzFarabiii14,2545,2516,loss,0.0
2WTRlcLK,2026-01-27T16:34:09.149000+00:00,180+2,standard,blitz,True,resign,white,71,LuisMarini,A10-Thunderbolt,2576,2501,4,-4,C71,"Ruy Lopez: Morphy Defense, Modern Steinitz Defense",8,A10-Thunderbolt,black,LuisMarini,2501,2576,loss,0.0
64V4WEau,2026-01-26T22:24:50.407000+00:00,600+0,standard,rapid,True,mate,white,91,A10-Thunderbolt,ToyTiko,2536,2468,5,-4,A13,"English Opening: Agincourt Defense, Catalan Defense Accepted",8,A10-Thunderbolt,white,ToyTiko,2536,2468,win,1.0
C3jvNZje,2026-01-26T22:05:37.539000+00:00,600+0,standard,rapid,True,resign,white,53,VictoriousHs,A10-Thunderbolt,2259,2547,11,-11,C72,"Ruy Lopez: Morphy Defense, Modern Steinitz Defense",9,A10-Thunderbolt,black,VictoriousHs,2547,2259,loss,0.0
jR2RrGcP,2026-01-26T19:49:09.282000+00:00,180+2,standard,blitz,True,outoftime,white,93,A10-Thunderbolt,fredipetriti,2492,2311,3,-3,E47,Nimzo-Indian Defense: Normal Variation,9,A10-Thunderbolt,white,fredipetriti,2492,2311,win,1.0
IizkwDQw,2026-01-23T18:23:35.731000+00:00,600+0,standard,rapid,True,resign,white,53,A10-Thunderbolt,Hammurapi65,2540,2559,7,-6,A10,English Opening: Great Snake Variation,2,A10-Thunderbolt,white,Hammurapi65,2540,2559,win,1.0
LagIVTkm,2026-01-23T18:05:48.002000+00:00,600+0,standard,rapid,True,resign,white,63,runner24,A10-Thunderbolt,2633,2540,11,-4,D00,Blackmar-Diemer Gambit Accepted: Ziegler Defense,10,A10-Thunderbolt,black,runner24,2540,2633,loss,0.0
6SJp8vCw,2026-01-23T16:37:42.698000+00:00,180+2,standard,blitz,True,outoftime,black,72,Grundtvig,A10-Thunderbolt,2374,2488,-4,4,E21,Nimzo-Indian Defense: Three Knights Variation,7,A10-Thunderbolt,black,Grundtvig,2488,2374,win,1.0
6NiS5hT1,2026-01-22T19:19:19.481000+00:00,600+0,standard,rapid,True,resign,white,51,agg144,A10-Thunderbolt,2558,2542,6,-6,B42,"Sicilian Defense: Kan Variation, Polugaevsky Variation",10,A10-Thunderbolt,black,agg144,2542,2558,loss,0.0
DdHPFST4,2026-01-22T18:59:07.744000+00:00,600+0,standard,rapid,True,resign,white,96,A10-Thunderbolt,lokialexgross,2539,2363,3,-3,A35,"English Opening: Symmetrical Variation, Four Knights Variation",6,A10-Thunderbolt,white,lokialexgross,2539,2363,win,1.0
sysJxoX4,2026-01-22T18:37:50.830000+00:00,180+2,standard,blitz,True,mate,black,72,PARKhande,A10-Thunderbolt,2482,2490,-6,6,A06,Zukertort Opening,2,A10-Thunderbolt,black,PARKhande,2490,2482,win,1.0
shxWQiCa,2026-01-21T16:25:56.441000+00:00,180+2,standard,blitz,True,resign,white,39,DTimofey,A10-Thunderbolt,2554,2494,4,-4,E60,King's Indian Defense: Fianchetto Variation,7,A10-Thunderbolt,black,DTimofey,2494,2554,loss,0.0
XwcsQXWD,2026-01-21T00:01:45.955000+00:00,600+0,standard,rapid,True,resign,black,52,Haidarzabadneh,A10-Thunderbolt,2349,2535,-4,4,E11,Bogo-Indian Defense: Nimzowitsch Variation,8,A10-Thunderbolt,black,Haidarzabadneh,2535,2349,win,1.0
5ktkEuxq,2026-01-20T23:51:51.701000+00:00,600+0,standard,rapid,True,resign,white,39,LamazeSimon,A10-Thunderbolt,2651,2539,4,-4,C50,"Italian Game: Giuoco Pianissimo, Normal",8,A10-Thunderbolt,black,LamazeSimon,2539,2651,loss,0.0
31JkTQbW,2026-01-20T23:11:15.249000+00:00,600+0,standard,rapid,True,resign,white,81,A10-Thunderbolt,dadice,2535,2429,4,-4,D95,"Grünfeld Defense: Three Knights Variation, Vienna Variation",11,A10-Thunderbolt,white,dadice,2535,2429,win,1.0
SJrqQbJr,2026-01-20T22:55:41.869000+00:00,600+0,standard,rapid,True,draw,,175,A10-Thunderbolt,Abdala-162,2538,2393,-3,3,D11,Slav Defense: Quiet Variation,7,A10-Thunderbolt,white,Abdala-162,2538,2393,draw,0.5
TTcs5mMI,2026-01-20T22:46:08.727000+00:00,180+2,standard,blitz,True,mate,white,61,ToshioTabushiUtetaki,A10-Thunderbolt,2359,2497,7,-8,E46,Nimzo-Indian Defense: Reshevsky Variation,9,A10-Thunderbolt,black,ToshioTabushiUtetaki,2497,2359,loss,0.0
P0pqfLxy,2026-01-20T17:43:41.884000+00:00,180+2,standard,blitz,True,resign,white,103,A10-Thunderbolt,Ranaello,2492,2414,5,-4,D95,Grünfeld Defense: Botvinnik Variation,12,A10-Thunderbolt,white,Ranaello,2492,2414,win,1.0
Pnkw8gSV,2026-01-19T17:34:40.517000+00:00,600+0,standard,rapid,True,resign,black,46,A10-Thunderbolt,WUINMAS,2551,2675,-5,4,D35,"Queen's Gambit Declined: Exchange Variation, Positional Variation",9,A10-Thunderbolt,white,WUINMAS,2551,2675,loss,0.0
BJCJGCjC,2026-01-31T13:36:01.279000+00:00,180+0,standard,blitz,True,resign,white,81,liczner,Respectful_Dave,2798,2590,3,-2,C41,Philidor Defense: Lion Variation,8,liczner,white,Respectful_Dave,2798,2590,win,1.0
M5cI7V1l,2026-01-31T13:23:42.939000+00:00,180+0,standard,blitz,True,timeout,black,10,liczner,JelenaZ,2808,2568,-10,10,B53,Sicilian Defense: Chekhover Variation,7,liczner,white,JelenaZ,2808,2568,loss,0.0
RwYwurgC,2026-01-31T13:18:37.881000+00:00,180+0,standard,blitz,True,resign,black,80,JelenaZ,liczner,2571,2805,-3,3,B10,Caro-Kann Defense: Endgame Offer,5,liczner,black,JelenaZ,2805,2571,win,1.0
16GO7Jd6,2026-01-31T13:11:49.715000+00:00,180+0,standard,blitz,True,resign,white,83,ilqar_7474,liczner,2886,2809,4,-4,B12,"Caro-Kann Defense: Advance Variation, Tal Variation",7,liczner,black,ilqar_7474,2809,2886,loss,0.0
4P82LmiV,2026-01-31T13:06:29.064000+00:00,180+0,standard,blitz,True,resign,white,61,liczner,elmonstro13,2806,2664,3,-3,C10,"French Defense: Rubinstein Variation, Blackburne Defense",8,liczner,white,elmonstro13,2806,2664,win,1.0
ZNrVsKYT,2026-01-29T22:52:30.564000+00:00,180+0,standard,blitz,True,mate,black,148,Oganian_Miran,liczner,2688,2802,-4,4,B18,"Caro-Kann Defense: Classical Variation, Flohr Variation",11,liczner,black,Oganian_Miran,2802,2688,win,1.0
gwTHG5Nb,2026-01-28T21:17:29.129000+00:00,180+0,standard,blitz,True,outoftime,black,144,liczner,SaraciNderim,2808,2802,-6,6,B19,"Caro-Kann Defense: Classical Variation, Lobron System",24,liczner,white,SaraciNderim,2808,2802,loss,0.0
1LlxHAvE,2026-01-28T21:12:27.198000+00:00,180+0,standard,blitz,True,outoftime,black,72,Byakagon,liczner,2588,2805,-3,3,B17,"Caro-Kann Defense: Karpov Variation, Modern Variation, Kasparov Attack",11,liczner,black,Byakagon,2805,2588,win,1.0
fhpDdqY2,2026-01-28T21:07:13.343000+00:00,180+0,standard,blitz,True,draw,,124,liczner,DmitryMaximov,2808,2652,-3,4,B53,Sicilian Defense: Chekhover Variation,7,liczner,white,DmitryMaximov,2808,2652,draw,0.5
7D5bWE4u,2026-01-28T21:00:59.433000+00:00,180+0,standard,blitz,True,draw,,134,DmitryMaximov,liczner,2648,2810,4,-2,B11,"Caro-Kann Defense: Two Knights Attack, Mindeno Variation, Retreat Line",8,liczner,black,DmitryMaximov,2810,2648,draw,0.5
uqXNeAiO,2026-01-28T20:54:53.188000+00:00,180+0,standard,blitz,True,resign,white,99,liczner,RealCopyOfCopy,2807,2617,3,-3,B53,Sicilian Defense: Chekhover Variation,7,liczner,white,RealCopyOfCopy,2807,2617,win,1.0
7P2frzYB,2026-01-28T15:54:51.172000+00:00,180+0,standard,blitz,True,resign,white,33,liczner,HardWork1996,2804,2629,3,-3,C69,"Ruy Lopez: Exchange Variation, Bronstein Variation",10,liczner,white,HardWork1996,2804,2629,win,1.0
d8pVAPno,2026-01-28T15:48:01.899000+00:00,180+0,standard,blitz,True,outoftime,black,160,HardWork1996,liczner,2632,2801,-3,3,D85,Grünfeld Defense: Exchange Variation,8,liczner,black,HardWork1996,2801,2632,win,1.0
v47LMKsk,2026-01-28T11:51:57.817000+00:00,180+0,standard,blitz,True,resign,black,70,RisingPhoenix33,liczner,2711,2796,-4,5,B13,"Caro-Kann Defense: Exchange Variation, Rubinstein Variation",11,liczner,black,RisingPhoenix33,2796,2711,win,1.0
TuGX4XUg,2026-01-28T11:45:36.554000+00:00,180+0,standard,blitz,True,outoftime,black,100,JabaGaming,liczner,2562,2794,-3,2,D88,"Grünfeld Defense: Exchange Variation, Spassky Variation",21,liczner,black,JabaGaming,2794,2562,win,1.0
DTO3Nxkp,2026-01-28T11:40:34.654000+00:00,180+0,standard,blitz,True,resign,white,76,liczner,musaadlane,2790,2635,4,-3,B53,Sicilian Defense: Chekhover Variation,7,liczner,white,musaadlane,2790,2635,win,1.0
gMjYhkAf,2026-01-28T11:35:19.493000+00:00,180+0,standard,blitz,True,resign,white,99,liczner,Romsta,2788,2603,2,-3,B19,"Caro-Kann Defense: Classical Variation, Spassky Variation",15,liczner,white,Romsta,2788,2603,win,1.0
fkRMUHlZ,2026-01-25T17:17:17.030000+00:00,180+0,standard,blitz,True,resign,white,61,liczner,TAsad10,2783,2747,5,-5,B53,Sicilian Defense: Chekhover Variation,7,liczner,white,TAsad10,2783,2747,win,1.0
2zT4BCot,2026-01-25T17:10:46.039000+00:00,180+0,standard,blitz,True,outoftime,white,189,TAsad10,liczner,2741,2789,6,-6,D80,Grünfeld Defense: Stockholm Variation,7,liczner,black,TAsad10,2789,2741,loss,0.0
oiH75uwB,2026-01-25T17:04:24.095000+00:00,180+0,standard,blitz,True,outoftime,white,143,liczner,TAsad10,2784,2746,5,-5,C65,"Ruy Lopez: Berlin Defense, Anti-Berlin Variation",7,liczner,white,TAsad10,2784,2746,win,1.0
TptEqKIV,2026-01-25T17:03:27.245000+00:00,180+0,standard,blitz,True,resign,black,38,TAsad10,liczner,2751,2779,-5,5,D88,"Grünfeld Defense: Exchange Variation, Spassky Variation",21,liczner,black,TAsad10,2779,2751,win,1.0
tZe3L3rw,2026-01-25T16:59:14.631000+00:00,180+0,standard,blitz,True,resign,white,71,liczner,TAsad10,2773,2756,6,-5,C69,"Ruy Lopez: Exchange Variation, Alapin Gambit",12,liczner,white,TAsad10,2773,2756,win,1.0
iEYrB1GQ,2026-01-25T16:53:10.413000+00:00,180+0,standard,blitz,True,resign,white,117,Chessboy1978,liczner,2741,2779,7,-6,B17,Caro-Kann Defense: Karpov Variation,8,liczner,black,Chessboy1978,2779,2741,loss,0.0
UjDLN6Kj,2026-01-25T16:46:49.280000+00:00,180+0,standard,blitz,True,mate,black,114,Ninja-Del-Siglo-21,liczner,2577,2776,-3,3,D85,Grünfeld Defense: Exchange Variation,8,liczner,black,Ninja-Del-Siglo-21,2776,2577,win,1.0
tvIGb68O,2026-01-25T16:45:33.054000+00:00,180+0,standard,blitz,True,resign,white,27,liczner,Qtr2010,2774,2567,2,-3,C69,"Ruy Lopez: Exchange Variation, Normal Variation",9,liczner,white,Qtr2010,2774,2567,win,1.0
FvthvQSH,2026-01-24T20:28:51.719000+00:00,180+0,standard,blitz,True,resign,black,85,liczner,daGo24,2783,2565,-9,15,C67,"Ruy Lopez: Berlin Defense, Rio Gambit Accepted",8,liczner,white,daGo24,2783,2565,loss,0.0
sU8Ks7nM,2026-01-24T20:23:57.341000+00:00,180+0,standard,blitz,True,resign,black,102,daGo24,liczner,2570,2780,-5,3,A05,King's Indian Attack: Spassky Variation,4,liczner,black,daGo24,2780,2570,win,1.0
Dx4c83d8,2026-01-24T18:53:31.797000+00:00,180+0,standard,blitz,True,resign,black,60,liczner,KAPUTVSEMU,2785,2862,-5,5,B45,"Sicilian Defense: Four Knights Variation, Cobra Variation",12,liczner,white,KAPUTVSEMU,2785,2862,loss,0.0
6QN5FIVR,2026-01-24T18:46:52.887000+00:00,180+0,standard,blitz,True,resign,black,96,Oleg946,liczner,2649,2781,-4,4,B17,"Caro-Kann Defense: Karpov Variation, Modern Main Line",19,liczner,black,Oleg946,2781,2649,win,1.0
2PhfoGUD,2026-01-24T18:40:36.449000+00:00,180+0,standard,blitz,True,outoftime,black,94,estocastico,liczner,2657,2777,-4,4,E60,King's Indian Defense: Fianchetto Variation,7,liczner,black,estocastico,2777,2657,win,1.0
IsJZej7F,2026-02-01T18:13:23.142000+00:00,900+15,standard,classical,True,draw,,58,berserker-813,AJTA08,2147,2286,20,-4,B67,"Sicilian Defense: Richter-Rauzer Variation, Neo-Modern Variation",16,AJTA08,black,berserker-813,2286,2147,draw,0.5
2y9njNLY,2026-02-01T17:22:17.788000+00:00,900+15,standard,classical,True,resign,black,50,Joe_Manco,AJTA08,2360,2267,-18,19,B54,Sicilian Defense: Prins Variation,9,AJTA08,black,Joe_Manco,2267,2360,win,1.0
VSaY1Dwm,2026-02-01T16:54:26.871000+00:00,900+30,standard,classical,True,mate,black,78,le_fou_furieux,AJTA08,2024,2255,-9,7,B23,Sicilian Defense: Grand Prix Attack,5,AJTA08,black,le_fou_furieux,2255,2024,win,1.0
9N4SVqk8,2026-02-01T12:09:03.592000+00:00,1500+0,standard,classical,True,resign,white,45,AJTA08,CdeKufaHakuurayi,2245,2101,10,-9,E10,Indian Defense: Anti-Nimzo-Indian,5,AJTA08,white,CdeKufaHakuurayi,2245,2101,win,1.0
e6fdn4On,2026-01-31T17:08:11.558000+00:00,1500+0,standard,classical,True,resign,black,90,adil-tkachev,AJTA08,2330,2224,-13,21,B50,Sicilian Defense: Modern Variations,4,AJTA08,black,adil-tkachev,2224,2330,win,1.0
wo2nv4Xb,2026-01-31T16:55:24.331000+00:00,900+15,standard,classical,True,resign,black,32,hellbunt,AJTA08,2150,2209,-8,15,A45,Indian Defense,2,AJTA08,black,hellbunt,2209,2150,win,1.0
vhzFCN6i,2026-01-31T16:16:30.190000+00:00,1200+10,standard,classical,True,resign,white,89,AJTA08,Octopus1,2193,2159,16,-5,D43,Semi-Slav Defense,8,AJTA08,white,Octopus1,2193,2159,win,1.0
sUE7WVd5,2026-01-30T17:38:58.714000+00:00,1200+10,standard,classical,True,draw,,125,AJTA08,mauriciovivas29,2190,2285,3,-16,D87,"Grünfeld Defense: Exchange Variation, Spassky Variation",16,AJTA08,white,mauriciovivas29,2190,2285,draw,0.5
BKgcPcBl,2026-01-30T17:22:13.818000+00:00,1200+10,standard,classical,True,resign,white,37,AJTA08,Kondratiev_Sasha,2188,1470,1,0,D02,Queen's Pawn Game: Chigorin Variation,4,AJTA08,white,Kondratiev_Sasha,2188,1470,win,1.0
bfidu6l2,2026-01-30T11:58:14.918000+00:00,1800+0,standard,classical,True,mate,white,63,AJTA08,Frenchdismas,2199,2071,14,-4,D37,Queen's Gambit Declined: Harrwitz Attack,9,AJTA08,white,Frenchdismas,2199,2071,win,1.0
7cZXwiJv,2026-01-30T10:51:33.731000+00:00,1500+0,standard,classical,True,draw,,79,Calm_Master,AJTA08,2184,2185,0,1,D37,Queen's Gambit Declined: Harrwitz Attack,9,AJTA08,black,Calm_Master,2185,2184,draw,0.5
KHvvPfwC,2026-01-29T14:14:40.931000+00:00,900+15,standard,classical,True,mate,white,105,AJTA08,grossmeyster19,2162,2138,23,-10,E05,"Catalan Opening: Open Defense, Classical Line",12,AJTA08,white,grossmeyster19,2162,2138,win,1.0
Fpeawl7p,2026-01-29T11:45:02.953000+00:00,600+0,standard,rapid,True,resign,black,62,krimirste,AJTA08,2164,2156,-6,33,B56,Sicilian Defense: Classical Variation,10,AJTA08,black,krimirste,2156,2164,win,1.0
W8JgVhzc,2026-01-19T14:56:39.605000+00:00,15+0,standard,ultraBullet,True,mate,black,54,MTunahan,AJTA08,1731,1745,-5,39,A00,Mieses Opening,1,AJTA08,black,MTunahan,1745,1731,win,1.0
fQnVlRfv,2026-01-19T14:55:47.926000+00:00,15+0,standard,ultraBullet,True,outoftime,white,69,AJTA08,NaitikP2014,1737,1348,8,-5,A40,Englund Gambit,2,AJTA08,white,NaitikP2014,1737,1348,win,1.0
zeEHiq9E,2026-01-19T14:54:58.217000+00:00,15+0,standard,ultraBullet,True,outoftime,black,72,ladySativa,AJTA08,1527,1712,-10,25,A45,Indian Defense,2,AJTA08,black,ladySativa,1712,1527,win,1.0
rIRF7ERN,2026-01-19T14:54:12.388000+00:00,15+0,standard,ultraBullet,True,outoftime,black,50,Olga12P,AJTA08,1198,1707,-1,5,A00,Van't Kruijs Opening,1,AJTA08,black,Olga12P,1707,1198,win,1.0
QQNXwR0u,2026-01-19T07:22:33.779000+00:00,600+0,standard,rapid,True,resign,black,46,AJTA08,playedby1,2197,2097,-41,27,E05,"Catalan Opening: Open Defense, Classical Line",12,AJTA08,white,playedby1,2197,2097,loss,0.0
9JZgY72F,2026-01-16T12:14:04.635000+00:00,3600+0,standard,classical,True,stalemate,,155,Ibrahim5825,AJTA08,2284,2152,-6,10,B23,Sicilian Defense: Grand Prix Attack,5,AJTA08,black,Ibrahim5825,2152,2284,draw,0.5
Jm9DZpCD,2025-12-23T13:47:49.580000+00:00,1500+0,standard,classical,True,resign,black,46,AJTA08,MahmoudNaiim,2176,2170,-24,37,E04,Catalan Opening: Open Defense,9,AJTA08,white,MahmoudNaiim,2176,2170,loss,0.0
sVA9xfjJ,2025-12-23T13:26:21.711000+00:00,900+15,standard,classical,True,resign,white,65,infinityducks,AJTA08,2222,2199,12,-23,E01,Catalan Opening: Closed,7,AJTA08,black,infinityducks,2199,2222,loss,0.0
3kysVuEe,2025-12-23T12:44:09.662000+00:00,1500+0,standard,classical,True,resign,white,79,AJTA08,Alexander_Abramov,2152,2492,47,-25,E12,"Queen's Indian Defense: Kasparov-Petrosian Variation, Main Line",10,AJTA08,white,Alexander_Abramov,2152,2492,win,1.0
AKbMod5o,2025-12-23T12:06:55.119000+00:00,900+15,standard,classical,True,resign,white,73,AJTA08,dhslayer,2116,2206,36,-6,A57,Benko Gambit Accepted: Modern Variation,9,AJTA08,white,dhslayer,2116,2206,win,1.0
FFw0ZgLi,2025-12-23T11:45:35.581000+00:00,1500+0,standard,classical,True,resign,white,55,MahmoudNaiim,AJTA08,2131,2146,39,-30,D01,Rapport-Jobava System,5,AJTA08,black,MahmoudNaiim,2146,2131,loss,0.0
mOlaLqnk,2025-12-22T12:04:39.091000+00:00,1200+10,standard,classical,True,mate,white,57,PsychoNought,AJTA08,2261,2169,13,-23,A25,"English Opening: King's English Variation, Reversed Closed Sicilian",4,AJTA08,black,PsychoNought,2169,2261,loss,0.0
DOQVQt8e,2025-12-22T11:41:50.245000+00:00,1500+0,standard,classical,True,resign,white,59,AJTA08,muhameD0077,2147,2007,22,-3,D35,Queen's Gambit Declined: Harrwitz Attack,7,AJTA08,white,muhameD0077,2147,2007,win,1.0
59JN6iN5,2025-10-31T12:37:50.761000+00:00,600+0,standard,rapid,True,resign,black,144,Stormi4449,AJTA08,2265,2197,-6,44,E32,Nimzo-Indian Defense: Classical Variation,7,AJTA08,black,Stormi4449,2197,2265,win,1.0
4S6qaM5F,2025-10-24T14:22:17.331000+00:00,180+0,standard,blitz,True,outoftime,black,112,HarrisonWells96,AJTA08,2369,2310,-6,10,A34,"English Opening: Symmetrical Variation, Normal Variation",3,AJTA08,black,HarrisonWells96,2310,2369,win,1.0
mSfTbLIU,2025-10-24T14:08:34.870000+00:00,180+0,standard,blitz,True,resign,black,66,AJTA08,bjoernsen,2334,2368,-9,5,A53,"Old Indian Defense: Czech Variation, with Nc3",6,AJTA08,white,bjoernsen,2334,2368,loss,0.0
mWKHu9pc,2025-10-20T13:01:40.093000+00:00,60+0,standard,bullet,True,mate,black,88,IamXXXX,AJTA08,2372,2379,-6,14,A04,Zukertort Opening: Sicilian Invitation,2,AJTA08,black,IamXXXX,2379,2372,win,1.0
U59Psr9I,2026-01-26T17:01:03.311000+00:00,600+0,standard,rapid,True,resign,black,98,AtalikS,Dynamicus,2619,2578,-10,12,E11,Bogo-Indian Defense: Grünfeld Variation,7,Dynamicus,black,AtalikS,2578,2619,win,1.0
wMN7LXAb,2026-01-25T11:18:07.353000+00:00,600+0,standard,rapid,True,resign,white,141,Dynamicus,iyisatranc,2568,2533,10,-6,C54,"Italian Game: Classical Variation, Giuoco Pianissimo, with a6",10,Dynamicus,white,iyisatranc,2568,2533,win,1.0
MP6dY9JN,2026-01-25T11:05:34.862000+00:00,600+0,standard,rapid,True,resign,black,76,iyisatranc,Dynamicus,2541,2557,-8,11,B40,Sicilian Defense: French Variation,4,Dynamicus,black,iyisatranc,2557,2541,win,1.0
o43KPNWR,2026-01-25T10:30:53.995000+00:00,600+0,standard,rapid,True,draw,,59,Dynamicus,Integrale25,2555,2629,2,-3,C07,"French Defense: Tarrasch Variation, Chistyakov Defense",8,Dynamicus,white,Integrale25,2555,2629,draw,0.5
aRZ1eFdf,2026-01-24T13:13:29.430000+00:00,180+0,standard,blitz,True,draw,,140,Dynamicus,WorldPrepper,2509,2548,1,0,C47,"Four Knights Game: Scotch Variation Accepted, Main Line",17,Dynamicus,white,WorldPrepper,2509,2548,draw,0.5
YwPOAfdZ,2026-01-24T12:59:20.449000+00:00,180+2,standard,blitz,True,draw,,161,dusiciel_centaurow,Dynamicus,2535,2509,0,0,B22,Sicilian Defense: Delayed Alapin Variation,10,Dynamicus,black,dusiciel_centaurow,2509,2535,draw,0.5
LH5xSq2b,2026-01-24T12:53:08.568000+00:00,180+2,standard,blitz,True,resign,white,21,MGSAFT,Dynamicus,2609,2513,4,-4,A45,Trompowsky Attack,3,Dynamicus,black,MGSAFT,2513,2609,loss,0.0
zMm6NWzO,2026-01-24T12:43:45.419000+00:00,180+0,standard,blitz,True,outoftime,black,146,Bodoque55,Dynamicus,2539,2506,-6,7,A45,Trompowsky Attack,3,Dynamicus,black,Bodoque55,2506,2539,win,1.0
G5q1uhoi,2026-01-24T12:32:14.847000+00:00,180+2,standard,blitz,True,mate,black,96,Dynamicus,Lenyas66,2512,2535,-6,5,B32,Sicilian Defense: Kalashnikov Variation,10,Dynamicus,white,Lenyas66,2512,2535,loss,0.0
4BHg7aGX,2026-01-22T13:32:04.937000+00:00,60+0,standard,bullet,True,mate,white,153,Dynamicus,Fitchess25,2738,2885,8,-8,B10,Caro-Kann Defense: Endgame Offer,5,Dynamicus,white,Fitchess25,2738,2885,win,1.0
sE8ZkFgp,2026-01-22T13:30:02.423000+00:00,60+0,standard,bullet,True,outoftime,black,70,schachinator999,Dynamicus,2812,2731,-8,7,B23,Sicilian Defense: Grand Prix Attack,5,Dynamicus,black,schachinator999,2731,2812,win,1.0
c3Kurq6S,2026-01-22T13:27:49.441000+00:00,60+0,standard,bullet,True,outoftime,white,123,Dynamicus,xXcrusherXx,2725,2733,6,-5,A07,"King's Indian Attack, with e6",6,Dynamicus,white,xXcrusherXx,2725,2733,win,1.0
KkPF2Q8Y,2026-01-22T13:23:36.573000+00:00,60+0,standard,bullet,True,mate,white,65,freakyf,Dynamicus,2774,2730,5,-5,A08,Zukertort Opening: Reversed Grünfeld,7,Dynamicus,black,freakyf,2730,2774,loss,0.0
JKYmhdwN,2026-01-22T13:21:35.317000+00:00,60+0,standard,bullet,True,outoftime,black,108,Dynamicus,gokmet,2735,2801,-5,5,A00,Hungarian Opening: Slav Formation,4,Dynamicus,white,gokmet,2735,2801,loss,0.0
6SD8AczV,2026-01-22T13:20:23.117000+00:00,60+0,standard,bullet,True,mate,white,69,gokmet,Dynamicus,2796,2739,5,-4,A00,Van't Kruijs Opening,1,Dynamicus,black,gokmet,2739,2796,loss,0.0
wf9lhuaz,2026-01-22T13:18:33.129000+00:00,60+0,standard,bullet,True,mate,white,83,Dynamicus,gokmet,2732,2803,7,-7,B06,"Modern Defense: Two Knights Variation, Suttles Variation",8,Dynamicus,white,gokmet,2732,2803,win,1.0
U9CDFbOF,2026-01-22T13:17:07.376000+00:00,60+0,standard,bullet,True,mate,white,43,Georgii307,Dynamicus,2833,2736,4,-4,B31,"Sicilian Defense: Nyezhmetdinov-Rossolimo Attack, Fianchetto Variation",6,Dynamicus,black,Georgii307,2736,2833,loss,0.0
Jdv4OTlv,2026-01-22T13:14:41.172000+00:00,60+0,standard,bullet,True,outoftime,black,120,Dynamicus,mrducky04012009,2742,2759,-6,9,B15,Caro-Kann Defense: Tartakower Variation,10,Dynamicus,white,mrducky04012009,2742,2759,loss,0.0
3n31Xhm8,2026-01-22T13:12:34.638000+00:00,60+0,standard,bullet,True,outoftime,black,84,alexey4eg2,Dynamicus,2737,2736,-6,6,B38,"Sicilian Defense: Accelerated Dragon, Maróczy Bind",11,Dynamicus,black,alexey4eg2,2736,2737,win,1.0
GNGHIbTl,2026-01-22T13:10:28.497000+00:00,60+0,standard,bullet,True,resign,white,73,Dynamicus,Goldbart,2728,2891,8,-8,B70,"Sicilian Defense: Dragon Variation, Classical Variation",11,Dynamicus,white,Goldbart,2728,2891,win,1.0
8okf7RKl,2026-01-22T11:52:31.320000+00:00,180+0,standard,blitz,True,draw,,114,Dynamicus,great_nezhmetdinov2,2512,2533,0,0,C04,"French Defense: Tarrasch Variation, Guimard Defense, Main Line",8,Dynamicus,white,great_nezhmetdinov2,2512,2533,draw,0.5
xL5hXzm2,2026-01-20T11:50:06.633000+00:00,600+0,standard,rapid,True,mate,white,181,Dynamicus,AxelKl,2546,2482,9,-5,C07,"French Defense: Tarrasch Variation, Open System",6,Dynamicus,white,AxelKl,2546,2482,win,1.0
3Se231jg,2026-01-18T13:29:51.715000+00:00,600+0,standard,rapid,True,mate,black,108,CJ58,Dynamicus,2544,2534,-7,12,B22,Sicilian Defense: Delayed Alapin Variation,10,Dynamicus,black,CJ58,2534,2544,win,1.0
wxCwZCoN,2026-01-18T10:19:18.688000+00:00,600+0,standard,rapid,True,mate,white,73,VoidheadChess,Dynamicus,2384,2551,9,-17,A29,"English Opening: King's English Variation, Four Knights Variation, Fianchetto Line",10,Dynamicus,black,VoidheadChess,2551,2384,loss,0.0
V2Dgx6Lc,2026-01-18T09:38:31.605000+00:00,600+0,standard,rapid,True,outoftime,white,173,Dynamicus,HoMeEeEr,2539,2551,12,-6,B06,Modern Defense: Standard Defense,6,Dynamicus,white,HoMeEeEr,2539,2551,win,1.0
4RwC7nAK,2026-01-17T21:56:24.689000+00:00,180+0,standard,blitz,True,mate,black,88,KungFuMaster8,Dynamicus,2444,2507,-5,5,B22,Sicilian Defense: Delayed Alapin Variation,10,Dynamicus,black,KungFuMaster8,2507,2444,win,1.0
1B3PBIB1,2026-01-17T21:52:30.935000+00:00,180+0,standard,blitz,True,outoftime,white,89,Dynamicus,No_Enemy_MasterOfsh,2505,2294,2,-3,B43,"Sicilian Defense: Kan Variation, Wing Attack",10,Dynamicus,white,No_Enemy_MasterOfsh,2505,2294,win,1.0
ig2zlybm,2026-01-17T21:45:59.270000+00:00,180+0,standard,blitz,True,mate,black,136,BulgakDamir,Dynamicus,2589,2497,-7,8,A39,"English Opening: Symmetrical Variation, Mecking Variation",13,Dynamicus,black,BulgakDamir,2497,2589,win,1.0
5k8jvKwh,2026-01-17T21:43:14.194000+00:00,180+0,standard,blitz,True,resign,white,61,Dynamicus,Omogolo11,2494,2302,3,-3,C01,French Defense: Exchange Variation,7,Dynamicus,white,Omogolo11,2494,2302,win,1.0
IpV4KtC4,2026-01-17T21:38:58.762000+00:00,180+0,standard,blitz,True,mate,white,77,macko06,Dynamicus,2471,2500,6,-6,A04,Zukertort Opening: Sicilian Invitation,2,Dynamicus,black,macko06,2500,2471,loss,0.0
btfhprRK,2026-01-26T01:38:59.768000+00:00,30+0,standard,bullet,True,resign,black,44,abudabi22840,A-Liang,3222,3269,-5,14,A00,Anderssen's Opening,1,A-Liang,black,abudabi22840,3269,3222,win,1.0
amYjooua,2026-01-26T01:36:37.691000+00:00,30+0,standard,bullet,True,mate,black,74,abudabi22840,A-Liang,3233,3239,-6,17,A00,Kádas Opening,1,A-Liang,black,abudabi22840,3239,3233,win,1.0
vo5wxbTt,2026-01-26T01:34:36.662000+00:00,30+0,standard,bullet,True,resign,black,48,abudabi22840,A-Liang,3245,3202,-6,21,A00,Saragossa Opening,1,A-Liang,black,abudabi22840,3202,3245,win,1.0
fXcTF0oq,2026-01-26T01:33:03.548000+00:00,30+0,standard,bullet,True,resign,black,42,abudabi22840,A-Liang,3259,3155,-7,26,A45,Trompowsky Attack,3,A-Liang,black,abudabi22840,3155,3259,win,1.0
6x01etkw,2025-12-18T17:27:34.505000+00:00,180+0,standard,blitz,True,resign,black,75,A-Liang,Krai458,2920,2967,-27,5,B40,Sicilian Defense: French Variation,4,A-Liang,white,Krai458,2920,2967,loss,0.0
0txrrPlv,2025-12-18T16:48:41.449000+00:00,180+0,standard,blitz,True,mate,white,67,Danila_07,A-Liang,2596,2978,10,-58,B00,Owen Defense,2,A-Liang,black,Danila_07,2978,2596,loss,0.0
Q4IY39SR,2025-12-18T16:44:37.898000+00:00,180+0,standard,blitz,True,resign,white,67,A-Liang,Danila_07,2971,2598,7,-2,A06,Zukertort Opening,2,A-Liang,white,Danila_07,2971,2598,win,1.0
RR5tvFJa,2025-11-23T00:51:37.346000+00:00,30+0,chess960,bullet,True,mate,white,61,NoLimitsDude,A-Liang,2354,2745,9,-58,,,,A-Liang,black,NoLimitsDude,2745,2354,loss,0.0
oMG6J5Iv,2025-11-22T13:49:39.282000+00:00,30+0,standard,bullet,True,outoftime,white,83,TLTLTLTLTLTLTLTLTIT,A-Liang,2801,3099,9,-42,A00,Hungarian Opening: Indian Defense,2,A-Liang,black,TLTLTLTLTLTLTLTLTIT,3099,2801,loss,0.0
JMpO5PYR,2025-11-21T14:22:21.700000+00:00,60+0,standard,bullet,True,resign,white,83,A-Liang,IronDusanMijat,3069,2852,12,-2,A00,Lasker Simul Special,2,A-Liang,white,IronDusanMijat,3069,2852,win,1.0
XJsuiwZm,2025-11-20T15:09:00.213000+00:00,180+0,standard,blitz,True,outoftime,black,106,IlSalvatore,A-Liang,2817,2949,-4,22,E21,Nimzo-Indian Defense: Three Knights Variation,7,A-Liang,black,IlSalvatore,2949,2817,win,1.0
ahOZMliS,2025-08-10T18:19:44.593000+00:00,60+0,atomic,bullet,True,resign,black,22,angelN14,A-Liang,2102,2368,-2,7,,,,A-Liang,black,angelN14,2368,2102,win,1.0
Z5w3SSN4,2025-08-10T18:18:20.877000+00:00,60+0,atomic,bullet,True,mate,white,41,A-Liang,angelN14,2362,2105,6,-3,,,,A-Liang,white,angelN14,2362,2105,win,1.0
0gCHKhLL,2025-06-16T14:17:30.938000+00:00,60+0,chess960,bullet,True,resign,black,70,A-Liang,Matwey123,2695,2391,-39,9,,,,A-Liang,white,Matwey123,2695,2391,loss,0.0
fpPsN7HH,2025-06-10T14:24:02.153000+00:00,60+0,standard,bullet,True,outoftime,black,120,A-Liang,Shpittsik,3079,3013,-12,6,A05,Zukertort Opening,2,A-Liang,white,Shpittsik,3079,3013,loss,0.0
BwMqBCeI,2025-06-03T22:13:59.067000+00:00,180+0,standard,blitz,True,mate,white,57,A-Liang,SwitzerlandChair,2930,2840,19,-5,B01,"Scandinavian Defense: Valencian Variation, Ilundain Variation",10,A-Liang,white,SwitzerlandChair,2930,2840,win,1.0
XyK7XtN6,2025-05-30T13:28:49.546000+00:00,60+0,standard,bullet,True,outoftime,white,137,A-Liang,DrawDenied_Twitch,3056,2997,8,-5,B50,Sicilian Defense: Modern Variations,4,A-Liang,white,DrawDenied_Twitch,3056,2997,win,1.0
KoI8A0MT,2025-05-30T13:26:22.669000+00:00,60+0,standard,bullet,True,outoftime,white,145,Rakhimzhan_Alen,A-Liang,2855,3072,11,-16,D20,Queen's Gambit Accepted,4,A-Liang,black,Rakhimzhan_Alen,3072,2855,loss,0.0
2iYZ5OHY,2025-05-27T18:57:41.948000+00:00,60+0,standard,bullet,True,mate,black,126,sportik_shark,A-Liang,3053,3082,-5,15,C54,"Italian Game: Classical Variation, Giuoco Pianissimo",12,A-Liang,black,sportik_shark,3082,3053,win,1.0
zEImIDKA,2025-05-27T18:55:21.571000+00:00,60+0,standard,bullet,True,draw,,118,A-Liang,sportik_shark,3083,3053,-1,0,A05,King's Indian Attack: Symmetrical Defense,4,A-Liang,white,sportik_shark,3083,3053,draw,0.5
0smdK6Wn,2025-05-12T12:57:52.851000+00:00,60+0,standard,bullet,True,outoftime,,113,A-Liang,doreality,3086,2941,-6,2,A00,Hungarian Opening: Symmetrical Variation,2,A-Liang,white,doreality,3086,2941,draw,0.5
jWlxtrSE,2025-05-12T12:50:22.182000+00:00,60+0,standard,bullet,True,mate,black,98,PreciousOcean14,A-Liang,2947,3043,-4,14,E62,"King's Indian Defense: Fianchetto Variation, Lesser Simagin (Spassky)",14,A-Liang,black,PreciousOcean14,3043,2947,win,1.0
gERTvCYT,2025-03-08T22:07:26.251000+00:00,180+2,chess960,blitz,True,draw,,119,A-Liang,ice2breaker,2715,2548,-6,3,,,,A-Liang,white,ice2breaker,2715,2548,draw,0.5
ulJHo1qh,2025-03-08T22:01:46.404000+00:00,180+2,chess960,blitz,True,resign,black,40,ice2breaker,A-Liang,2552,2707,-4,8,,,,A-Liang,black,ice2breaker,2707,2552,win,1.0
wzGpc7ip,2025-03-02T18:02:04.841000+00:00,180+0,standard,blitz,True,mate,white,145,A-Liang,DUC_IN_ALTUM,2924,2603,6,-2,D02,Queen's Pawn Game: Symmetrical Variation,4,A-Liang,white,DUC_IN_ALTUM,2924,2603,win,1.0
ZJQTybAD,2025-02-21T04:46:37.352000+00:00,30+0,atomic,bullet,True,outoftime,white,81,therobloxkid,A-Liang,2373,2410,6,-25,,,,A-Liang,black,therobloxkid,2410,2373,loss,0.0
F7bA8pFD,2025-02-12T18:06:05.469000+00:00,30+0,standard,bullet,True,resign,white,55,chess-art-us,A-Liang,3179,3055,4,-8,A05,King's Indian Attack,4,A-Liang,black,chess-art-us,3055,3179,loss,0.0
r02Envrc,2025-02-10T02:27:58.821000+00:00,60+0,chess960,bullet,True,resign,black,68,A-Liang,ADDRESP,2730,2290,-40,10,,,,A-Liang,white,ADDRESP,2730,2290,loss,0.0
HDuVvNNQ,2025-01-29T16:45:11.488000+00:00,180+0,chess960,blitz,True,outoftime,white,127,A-Liang,Lamcp,2727,2285,3,-1,,,,A-Liang,white,Lamcp,2727,2285,win,1.0
qM7QjekJ,2025-01-29T01:46:24.094000+00:00,60+0,standard,bullet,True,outoftime,white,85,Nohaypanduro,A-Liang,2797,3090,9,-20,E91,King's Indian Defense: Orthodox Variation,11,A-Liang,black,Nohaypanduro,3090,2797,loss,0.0
InZbgGn2,2026-02-01T21:55:37.481000+00:00,360+0,standard,blitz,True,mate,white,69,vard_hvh,heisingen1234,1868,2285,24,-12,B80,Sicilian Defense: Scheveningen Variation,10,heisingen1234,black,vard_hvh,2285,1868,loss,0.0
SzjWVerv,2026-02-01T21:20:15.261000+00:00,900+15,standard,classical,True,resign,black,38,heisingen1234,Joe_Manco,2448,2351,-17,17,A43,"Benoni Defense: Benoni-Indian Defense, Kingside Move Order",5,heisingen1234,white,Joe_Manco,2448,2351,loss,0.0
7wPCzr4K,2026-02-01T21:06:37.167000+00:00,180+3,standard,blitz,True,resign,black,44,RioDeRookeiro,heisingen1234,1994,2291,-2,2,B40,"Sicilian Defense: Delayed Alapin Variation, with e6",5,heisingen1234,black,RioDeRookeiro,2291,1994,win,1.0
ABC1nO3w,2026-02-01T17:22:47.427000+00:00,300+5,standard,rapid,True,outoftime,white,51,heisingen1234,Sergeitl,2444,2298,7,-3,A46,Indian Defense: Knights Variation,3,heisingen1234,white,Sergeitl,2444,2298,win,1.0
JsqN0sQN,2026-02-01T16:18:54.348000+00:00,300+4,standard,blitz,True,draw,,117,heisingen1234,Limepanther,2292,2148,-2,2,A46,Indian Defense: Knights Variation,3,heisingen1234,white,Limepanther,2292,2148,draw,0.5
27bOywk1,2026-02-01T15:48:33.524000+00:00,2400+0,standard,classical,True,resign,white,65,DanForever,heisingen1234,2260,2468,22,-20,A04,Zukertort Opening: Kingside Fianchetto,2,heisingen1234,black,DanForever,2468,2260,loss,0.0
93vfrRgI,2026-02-01T15:10:01.607000+00:00,900+15,standard,classical,True,resign,white,69,heisingen1234,Joe_Manco,2458,2370,10,-10,E90,King's Indian Defense: Larsen Variation,11,heisingen1234,white,Joe_Manco,2458,2370,win,1.0
CLX1tMOk,2026-02-01T14:58:50.229000+00:00,240+2,standard,blitz,True,resign,black,106,heisingen1234,Alleseins,2304,2018,-12,9,D02,Queen's Pawn Game: Symmetrical Variation,4,heisingen1234,white,Alleseins,2304,2018,loss,0.0
rWPmIERh,2026-02-01T14:48:19.154000+00:00,300+5,standard,rapid,True,draw,,69,SimonRapid,heisingen1234,2271,2448,2,-5,B83,"Sicilian Defense: Scheveningen Variation, Modern Variation",12,heisingen1234,black,SimonRapid,2448,2271,draw,0.5
iYK0wiVq,2026-01-30T23:32:33.283000+00:00,300+2,standard,blitz,True,resign,white,42,heisingen1234,New-Vasyuki70,2301,2073,3,-18,E90,King's Indian Defense: Larsen Variation,11,heisingen1234,white,New-Vasyuki70,2301,2073,win,1.0
9nysqpvv,2026-01-30T19:20:25.289000+00:00,120+1,standard,bullet,True,draw,,47,elos63,heisingen1234,2311,2353,1,0,B83,"Sicilian Defense: Scheveningen Variation, Modern Variation",17,heisingen1234,black,elos63,2353,2311,draw,0.5
b5ZBdnd0,2026-01-30T18:50:30.578000+00:00,180+7,standard,blitz,True,resign,white,40,heisingen1234,sipkacaro,2299,1972,2,-2,A41,Rat Defense: English Rat,4,heisingen1234,white,sipkacaro,2299,1972,win,1.0
6Ml3yeC4,2026-01-30T18:14:03.474000+00:00,300+16,standard,rapid,True,resign,black,108,A_kapnob1975,heisingen1234,2380,2438,-8,10,B40,"Sicilian Defense: Delayed Alapin Variation, with e6",5,heisingen1234,black,A_kapnob1975,2438,2380,win,1.0
HlYuSm1E,2026-01-30T17:47:23.970000+00:00,900+5,standard,rapid,True,resign,white,79,heisingen1234,H-Khumalo,2437,1946,1,-1,A40,Horwitz Defense,2,heisingen1234,white,H-Khumalo,2437,1946,win,1.0
5D5RRjCr,2026-01-30T17:06:46.520000+00:00,180+2,standard,blitz,True,resign,white,81,heisingen1234,mishablitz,2293,2269,6,-5,E90,King's Indian Defense: Larsen Variation,11,heisingen1234,white,mishablitz,2293,2269,win,1.0
rl6iOhvF,2026-01-30T17:00:12.820000+00:00,180+1,standard,blitz,True,resign,white,73,szekel57,heisingen1234,1858,2306,11,-13,A00,Anderssen's Opening,1,heisingen1234,black,szekel57,2306,1858,loss,0.0
yaIQgslO,2026-01-29T22:20:35.806000+00:00,0+20,standard,rapid,True,resign,black,86,ramenfort,heisingen1234,2012,2435,-1,2,A41,Queen's Pawn Game,2,heisingen1234,black,ramenfort,2435,2012,win,1.0
A9a225uv,2026-01-29T22:04:27.086000+00:00,300+3,standard,blitz,True,outoftime,white,105,heisingen1234,korugado,2300,2264,6,-5,D11,Slav Defense: Modern Line,5,heisingen1234,white,korugado,2300,2264,win,1.0
C3QwlWY6,2026-01-29T19:02:39.828000+00:00,120+1,standard,bullet,True,resign,white,33,heisingen1234,Roquero,2341,2430,11,-7,A13,"English Opening: Agincourt Defense, Catalan Defense Accepted",8,heisingen1234,white,Roquero,2341,2430,win,1.0
t9AQdX19,2026-01-29T17:18:16.339000+00:00,300+5,standard,rapid,True,draw,,155,heisingen1234,chessdecision,2442,2200,-7,5,A06,Zukertort Opening,2,heisingen1234,white,chessdecision,2442,2200,draw,0.5
TsCVWSqf,2026-01-29T17:09:32.556000+00:00,300+5,standard,rapid,True,resign,black,32,Drapej58,heisingen1234,1998,2440,-1,2,B40,"Sicilian Defense: French Variation, Normal",8,heisingen1234,black,Drapej58,2440,1998,win,1.0
1fonond3,2026-01-29T16:41:06.758000+00:00,300+30,standard,classical,True,resign,black,64,DenisKurlov,heisingen1234,2231,2451,-7,7,A41,Queen's Pawn Game,2,heisingen1234,black,DenisKurlov,2451,2231,win,1.0
7YxJm2LG,2026-01-28T18:08:59.836000+00:00,300+5,standard,rapid,True,mate,white,47,heisingen1234,pawnsnotdead,2431,2367,9,-9,A30,English Opening: Symmetrical Variation,3,heisingen1234,white,pawnsnotdead,2431,2367,win,1.0
FYyrLjeL,2026-01-28T17:22:24.567000+00:00,1200+8,standard,classical,True,resign,black,92,gknGKN,heisingen1234,2026,2448,-4,3,A34,"English Opening: Symmetrical Variation, Three Knights Variation",5,heisingen1234,black,gknGKN,2448,2026,win,1.0
j8KaT0X7,2026-01-28T16:53:05+00:00,600+10,standard,rapid,True,outoftime,black,56,pirata74,heisingen1234,2118,2427,-3,4,B07,Modern Defense: Geller's System,7,heisingen1234,black,pirata74,2427,2118,win,1.0
WGzahsID,2026-01-28T16:21:45.242000+00:00,1200+8,standard,classical,True,resign,black,34,kysticknight,heisingen1234,1964,2446,-5,2,B80,Sicilian Defense: Scheveningen Variation,10,heisingen1234,black,kysticknight,2446,1964,win,1.0
2FPb9Apv,2026-01-27T19:36:33.428000+00:00,300+5,standard,rapid,True,resign,white,75,heisingen1234,Rile10,2425,1944,2,0,C44,Ponziani Opening,5,heisingen1234,white,Rile10,2425,1944,win,1.0
0QbEDLnw,2026-01-27T18:10:39.724000+00:00,1500+10,standard,classical,True,outoftime,white,45,heisingen1234,ophir123,2442,2125,4,-3,E90,King's Indian Defense: Larsen Variation,11,heisingen1234,white,ophir123,2442,2125,win,1.0
w3kxmWiz,2026-01-27T17:53:46.270000+00:00,360+10,standard,rapid,True,resign,white,55,heisingen1234,newfear,2416,2164,5,-2,A04,Zukertort Opening: Dutch Variation,2,heisingen1234,white,newfear,2416,2164,win,1.0
TR0lpJGN,2026-01-27T15:47:02.876000+00:00,1200+8,standard,classical,True,resign,black,108,slon457,heisingen1234,2076,2439,-1,3,B80,"Sicilian Defense: Scheveningen Variation, Fianchetto Variation",11,heisingen1234,black,slon457,2439,2076,win,1.0
VOmfcfPn,2026-01-30T15:53:33.712000+00:00,180+0,standard,blitz,True,mate,white,125,NonMasterS,Hafgds_Tre563,2202,2116,4,-8,B40,"Sicilian Defense: Delayed Alapin Variation, with e6",5,NonMasterS,white,Hafgds_Tre563,2202,2116,win,1.0
tcQ0qYIY,2026-01-30T14:50:38.291000+00:00,180+0,standard,blitz,True,mate,white,121,NonMasterS,GianfrancoObsranco,2214,2258,6,-6,A80,Dutch Defense,2,NonMasterS,white,GianfrancoObsranco,2214,2258,win,1.0
cmQ3pq1P,2026-01-30T12:32:23.650000+00:00,600+0,standard,rapid,True,outoftime,black,140,PeterBolwerk,NonMasterS,2494,2547,-6,7,B04,"Alekhine Defense: Modern Variation, Larsen-Haakert Variation",8,NonMasterS,black,PeterBolwerk,2547,2494,win,1.0
lT1084M4,2026-01-30T12:23:47.352000+00:00,600+0,standard,rapid,True,resign,black,48,DWhiteShark2882,NonMasterS,2392,2542,-4,5,B03,Alekhine Defense: Four Pawns Attack,9,NonMasterS,black,DWhiteShark2882,2542,2392,win,1.0
HPRylddb,2026-01-30T11:54:43.065000+00:00,600+0,standard,rapid,True,resign,white,62,NonMasterS,Rock_Mastery-10chess,2535,2513,7,-6,D02,Queen's Pawn Game: London System,5,NonMasterS,white,Rock_Mastery-10chess,2535,2513,win,1.0
Y6Po2XkL,2026-01-30T11:06:01.039000+00:00,600+0,standard,rapid,True,outoftime,white,171,NonMasterS,Skjernholm,2528,2487,7,-22,B06,Modern Defense,4,NonMasterS,white,Skjernholm,2528,2487,win,1.0
VS51hsJn,2026-01-30T08:07:46.214000+00:00,300+0,standard,blitz,True,draw,,95,JAQUEALAMENTE,NonMasterS,2312,2212,-1,2,B02,Alekhine Defense: Sämisch Attack,5,NonMasterS,black,JAQUEALAMENTE,2212,2312,draw,0.5
B8YDkhvK,2026-01-30T07:51:46.188000+00:00,300+0,standard,blitz,True,resign,black,76,RedBison,NonMasterS,2155,2207,-5,5,B02,Alekhine Defense: Scandinavian Variation,4,NonMasterS,black,RedBison,2207,2155,win,1.0
TbVRkNip,2026-01-29T16:31:08.728000+00:00,180+0,standard,blitz,True,mate,black,36,Manguito26,NonMasterS,2057,2218,-4,4,B20,Sicilian Defense: Bowdler Attack,3,NonMasterS,black,Manguito26,2218,2057,win,1.0
iwvc69VV,2026-01-29T16:25:14.911000+00:00,180+0,standard,blitz,True,resign,white,53,NonMasterS,manguitodepiscina,2212,2227,6,-6,A48,Torre Attack: Fianchetto Defense,5,NonMasterS,white,manguitodepiscina,2212,2227,win,1.0
0Zrf4cZ5,2026-01-29T15:56:00.845000+00:00,180+0,standard,blitz,True,outoftime,black,130,NonMasterS,Eddyj98,2220,2109,-8,8,A47,Pseudo Queen's Indian Defense,4,NonMasterS,white,Eddyj98,2220,2109,loss,0.0
NPcH1ntN,2026-01-28T15:06:21.505000+00:00,600+0,standard,rapid,True,resign,black,58,dynamo777,NonMasterS,2323,2524,-3,4,A45,Indian Defense: Accelerated London System,3,NonMasterS,black,dynamo777,2524,2323,win,1.0
502VskUS,2026-01-28T14:47:00.067000+00:00,600+0,standard,rapid,True,draw,,96,NonMasterS,GiveUpAllForChess,2524,2553,0,-1,A48,London System,5,NonMasterS,white,GiveUpAllForChess,2524,2553,draw,0.5
0QYPDUBG,2026-01-28T00:18:06.472000+00:00,180+0,standard,blitz,True,outoftime,white,85,NonMasterS,evandrorsilva,2216,2127,5,-4,B13,Caro-Kann Defense: Exchange Variation,8,NonMasterS,white,evandrorsilva,2216,2127,win,1.0
W7pZZ8Ah,2026-01-28T00:11:53.825000+00:00,180+0,standard,blitz,True,outoftime,black,78,Jacquelin306,NonMasterS,2069,2212,-4,4,A07,"King's Indian Attack, with e6",6,NonMasterS,black,Jacquelin306,2212,2069,win,1.0
PgT8sx7C,2026-01-26T17:15:07.852000+00:00,180+0,standard,blitz,True,resign,white,35,NonMasterS,LuigjGega,2201,2177,5,-5,D02,"Queen's Pawn Game: London System, with e6",5,NonMasterS,white,LuigjGega,2201,2177,win,1.0
mEPBoReu,2026-01-26T17:06:39.993000+00:00,180+0,standard,blitz,True,mate,black,138,NonMasterS,dsdexpert,2208,2185,-7,6,A41,Queen's Pawn Game,2,NonMasterS,white,dsdexpert,2208,2185,loss,0.0
AQmzfcaa,2026-01-26T17:04:14.299000+00:00,180+0,standard,blitz,True,resign,white,53,vania457,NonMasterS,2261,2213,5,-5,B03,Alekhine Defense: Four Pawns Attack,9,NonMasterS,black,vania457,2213,2261,loss,0.0
sbUZ7fWB,2026-01-24T07:09:16.361000+00:00,600+0,standard,rapid,True,resign,black,112,MaEstRo_234,NonMasterS,2502,2516,-12,8,A46,Indian Defense: London System,5,NonMasterS,black,MaEstRo_234,2516,2502,win,1.0
TvssLV1y,2026-01-21T14:43:25.425000+00:00,600+0,standard,rapid,True,resign,white,99,NonMasterS,StrangerAM,2508,2557,8,-7,A41,Queen's Pawn Game,2,NonMasterS,white,StrangerAM,2508,2557,win,1.0
jauHV70G,2026-01-20T07:52:46.454000+00:00,180+0,standard,blitz,True,resign,black,70,gopox,NonMasterS,2156,2216,-5,6,B02,"Alekhine Defense: Two Pawns Attack, Tate Variation",7,NonMasterS,black,gopox,2216,2156,win,1.0
Q2hd3Gcg,2026-01-20T07:21:40.081000+00:00,180+0,standard,blitz,True,mate,black,56,rajatortornilam,NonMasterS,2092,2202,-5,5,B03,Alekhine Defense,6,NonMasterS,black,rajatortornilam,2202,2092,win,1.0
4fIQhItD,2026-01-19T07:23:48.364000+00:00,600+0,standard,rapid,True,mate,white,71,NonMasterS,theindianlion,2501,2517,7,-24,D02,Queen's Pawn Game: London System,5,NonMasterS,white,theindianlion,2501,2517,win,1.0
xOGnuW7v,2026-01-15T15:27:15.899000+00:00,600+0,standard,rapid,True,resign,white,61,NonMasterS,KlerCaku,2495,2428,6,-13,D02,"Queen's Pawn Game: London System, with e6",5,NonMasterS,white,KlerCaku,2495,2428,win,1.0
ZNeuJ3pe,2026-01-15T15:05:28.725000+00:00,600+0,standard,rapid,True,mate,white,173,nepoloh686,NonMasterS,2579,2500,5,-5,D34,Tarrasch Defense: Classical Variation,16,NonMasterS,black,nepoloh686,2500,2579,loss,0.0
D8Vj0Uct,2026-01-14T15:47:15.944000+00:00,600+0,standard,rapid,True,outoftime,white,141,NonMasterS,DUBAI1966,2495,2442,5,-21,D02,Queen's Pawn Game: London System,5,NonMasterS,white,DUBAI1966,2495,2442,win,1.0
k1otOfL9,2026-01-14T15:36:51.181000+00:00,180+0,standard,blitz,True,resign,white,47,NonMasterS,leiso,2195,2266,7,-6,D02,Queen's Pawn Game: Zukertort Variation,3,NonMasterS,white,leiso,2195,2266,win,1.0
xO3M9ihl,2026-01-14T15:13:11.330000+00:00,600+0,standard,rapid,True,resign,black,88,Chesskid1509,NonMasterS,2562,2486,-8,9,B03,Alekhine Defense,6,NonMasterS,black,Chesskid1509,2486,2562,win,1.0
YdjADFEB,2026-01-10T02:15:15.804000+00:00,600+0,standard,rapid,True,mate,white,159,NonMasterS,MyArenaAcc,2480,2446,6,-5,D02,Queen's Pawn Game: London System,5,NonMasterS,white,MyArenaAcc,2480,2446,win,1.0
73oLuPZt,2026-01-10T00:27:16.530000+00:00,180+0,standard,blitz,True,resign,white,39,NonMasterS,wind1000,2202,2257,6,-7,A48,London System,5,NonMasterS,white,wind1000,2202,2257,win,1.0
WaLoLzcD,2026-01-28T11:44:51.931000+00:00,600+5,standard,rapid,True,resign,black,112,Junoraii,lallali,2421,2576,-4,7,A13,English Opening: Agincourt Defense,2,lallali,black,Junoraii,2576,2421,win,1.0
8GhL8RyX,2026-01-28T10:20:20.708000+00:00,600+5,standard,rapid,True,draw,,117,Vladimir_V2012,lallali,2517,2578,1,-2,D41,Queen's Gambit Declined: Semi-Tarrasch Defense,9,lallali,black,Vladimir_V2012,2578,2517,draw,0.5
xFbKkMw0,2026-01-27T18:18:44.131000+00:00,600+5,standard,rapid,True,resign,white,77,lallali,Bubnjd,2568,2488,10,-4,D02,Queen's Pawn Game: Symmetrical Variation,4,lallali,white,Bubnjd,2568,2488,win,1.0
Mea2TAwf,2026-01-27T18:04:31.781000+00:00,600+5,standard,rapid,True,draw,,83,Bubnjd,lallali,2487,2571,1,-3,A07,"King's Indian Attack, with e6",6,lallali,black,Bubnjd,2571,2487,draw,0.5
mYyRkeb9,2026-01-27T12:38:11.298000+00:00,600+5,standard,rapid,True,draw,,103,lallali,Vladimir_V2012,2573,2515,-2,2,D02,Queen's Pawn Game: Zukertort Variation,3,lallali,white,Vladimir_V2012,2573,2515,draw,0.5
qmzANu25,2026-01-27T11:07:00.844000+00:00,600+5,standard,rapid,True,resign,white,93,lallali,StrongestinHistory,2565,2438,8,-9,A46,Indian Defense: Knights Variation,3,lallali,white,StrongestinHistory,2565,2438,win,1.0
yJxoB6Ph,2025-12-23T17:56:09.858000+00:00,600+5,standard,rapid,True,resign,black,118,Maikl_Stacey1,lallali,2421,2558,-4,7,D30,Queen's Gambit Declined,4,lallali,black,Maikl_Stacey1,2558,2421,win,1.0
p7Hw05vK,2025-12-23T10:37:48.477000+00:00,600+5,standard,rapid,True,resign,black,122,Cengiz-Baba,lallali,2519,2550,-70,8,C00,"French Defense: Horwitz Attack, Papa-Ticulat Gambit",5,lallali,black,Cengiz-Baba,2550,2519,win,1.0
P5khcj5o,2025-12-22T12:08:51.707000+00:00,600+5,standard,rapid,True,mate,white,67,lallali,lord-palpatine66,2543,2475,7,-6,A41,Queen's Pawn Game,2,lallali,white,lord-palpatine66,2543,2475,win,1.0
tb7AX8jv,2025-12-22T11:33:36.493000+00:00,600+5,standard,rapid,True,resign,black,62,Bassutin,lallali,2309,2538,-26,5,D41,"Queen's Gambit Declined: Semi-Tarrasch Defense, Pillsbury Variation",11,lallali,black,Bassutin,2538,2309,win,1.0
oKFuUZv2,2025-12-21T16:08:32.646000+00:00,600+5,standard,rapid,True,outoftime,white,75,lallali,Rolls_Royce2007,2533,2365,5,-3,D02,Queen's Pawn Game: Symmetrical Variation,4,lallali,white,Rolls_Royce2007,2533,2365,win,1.0
if3EyKKj,2025-12-21T15:44:39.089000+00:00,600+5,standard,rapid,True,resign,white,45,lallali,teddymybear,2527,2388,6,-3,D02,Queen's Pawn Game: Zukertort Variation,3,lallali,white,teddymybear,2527,2388,win,1.0
u2gh0Pou,2025-12-20T15:20:41.115000+00:00,600+5,standard,rapid,True,resign,black,72,teddymybear,lallali,2348,2521,-3,6,C02,"French Defense: Advance Variation, Main Line",11,lallali,black,teddymybear,2521,2348,win,1.0
v146oiTY,2025-12-20T14:44:35.075000+00:00,600+5,standard,rapid,True,draw,,92,Vladimir_V2012,lallali,2455,2523,1,-2,D59,"Queen's Gambit Declined: Tartakower Defense, Makogonov Exchange Variation",16,lallali,black,Vladimir_V2012,2523,2455,draw,0.5
R2Bp6N1W,2025-12-20T13:52:09.970000+00:00,600+5,standard,rapid,True,resign,black,66,lallali,rapidfortraining,2538,2368,-15,10,A46,Indian Defense: Knights Variation,3,lallali,white,rapidfortraining,2538,2368,loss,0.0
pUlEFP1Q,2025-12-20T09:24:12.206000+00:00,600+5,standard,rapid,True,mate,white,85,lallali,kaleoyunsonu,2532,2382,6,-7,D02,Queen's Pawn Game: Symmetrical Variation,4,lallali,white,kaleoyunsonu,2532,2382,win,1.0
2jgjAJTD,2025-12-19T13:30:07.990000+00:00,600+5,standard,rapid,True,resign,black,33,Bassorah,lallali,2255,2528,-3,4,A13,English Opening: Agincourt Defense,2,lallali,black,Bassorah,2528,2255,win,1.0
1xyakujj,2025-12-19T10:07:28.268000+00:00,600+5,standard,rapid,True,resign,black,44,Ramdom22,lallali,2385,2520,-7,8,C00,French Defense: Steiner Variation,3,lallali,black,Ramdom22,2520,2385,win,1.0
73WVbAM0,2025-12-17T18:00:22.854000+00:00,600+5,standard,rapid,True,resign,white,75,lallali,baskentsevdalisi,2515,2300,5,-10,A46,Indian Defense: Knights Variation,3,lallali,white,baskentsevdalisi,2515,2300,win,1.0
QLbc6P6R,2025-12-16T13:27:11.515000+00:00,600+5,standard,rapid,True,outoftime,black,40,wingofchess,lallali,2269,2510,-3,5,C10,"French Defense: Rubinstein Variation, Blackburne Defense",8,lallali,black,wingofchess,2510,2269,win,1.0
wBxlI693,2025-12-16T12:24:09.069000+00:00,600+5,standard,rapid,True,resign,black,150,puyol4,lallali,2406,2501,-7,9,D02,"Queen's Pawn Game: Symmetrical Variation, Pseudo-Catalan",5,lallali,black,puyol4,2501,2406,win,1.0
ud9WS2W2,2025-12-16T11:25:45.421000+00:00,600+5,standard,rapid,True,draw,,114,lallali,nyutixbrother,2507,2331,-6,7,D02,Queen's Pawn Game: Symmetrical Variation,4,lallali,white,nyutixbrother,2507,2331,draw,0.5
tG5GnhVl,2025-12-09T02:48:30.183000+00:00,60+0,standard,bullet,True,resign,black,133,lallali,oussama_azz,1500,1643,-166,3,A43,Benoni Defense: Old Benoni,2,lallali,white,oussama_azz,1500,1643,loss,0.0
yf49SXxY,2025-12-04T08:35:42.285000+00:00,600+5,standard,rapid,True,resign,black,124,bentengpertahanan,lallali,2483,2496,-6,11,C10,"French Defense: Rubinstein Variation, Blackburne Defense",8,lallali,black,bentengpertahanan,2496,2483,win,1.0
Tj8nge1P,2025-12-04T07:59:45.147000+00:00,600+5,standard,rapid,True,draw,,114,lallali,bentengpertahanan,2497,2483,-1,0,A48,East Indian Defense,4,lallali,white,bentengpertahanan,2497,2483,draw,0.5
mpnL3jys,2025-12-03T08:22:41.444000+00:00,600+5,standard,rapid,True,mate,white,79,lallali,rocky73,2489,2390,8,-8,A46,Indian Defense: Knights Variation,3,lallali,white,rocky73,2489,2390,win,1.0
UWf12wjo,2025-12-02T17:58:31.256000+00:00,600+5,standard,rapid,True,draw,,79,gulimamliza,lallali,2298,2495,10,-6,A13,English Opening: Agincourt Defense,4,lallali,black,gulimamliza,2495,2298,draw,0.5
rUi5KGrc,2025-12-02T17:11:44.758000+00:00,600+5,standard,rapid,True,outoftime,black,92,lallali,Proward05,2507,2509,-12,8,D02,Queen's Pawn Game: Symmetrical Variation,4,lallali,white,Proward05,2507,2509,loss,0.0
PAI1cPxo,2025-11-28T13:44:51.412000+00:00,600+5,standard,rapid,True,draw,,117,Ninja790,lallali,2362,2511,3,-4,C10,"French Defense: Rubinstein Variation, Blackburne Defense",8,lallali,black,Ninja790,2511,2362,draw,0.5
S4dv2a4Q,2025-11-27T11:53:43.452000+00:00,600+5,standard,rapid,True,mate,white,89,lallali,Bebemang120,2506,2277,5,-3,A46,Indian Defense: Knights Variation,3,lallali,white,Bebemang120,2506,2277,win,1.0
4jQTpMPE,2026-02-01T19:44:53.762000+00:00,600+0,standard,rapid,True,outoftime,black,86,FischersFrisoer,Mahlermaniaco,2387,2548,-3,3,D43,Semi-Slav Defense: Anti-Moscow Gambit,11,Mahlermaniaco,black,FischersFrisoer,2548,2387,win,1.0
xFTzL2ZC,2026-02-01T03:19:41.520000+00:00,600+0,standard,rapid,True,outoftime,white,145,Mahlermaniaco,ToyTiko,2527,2450,4,-4,A07,King's Indian Attack,3,Mahlermaniaco,white,ToyTiko,2527,2450,win,1.0
v3EPd7JL,2026-02-01T03:06:14.869000+00:00,600+0,standard,rapid,True,draw,,90,ToyTiko,Mahlermaniaco,2449,2528,1,-1,C55,"Italian Game: Two Knights Defense, Modern Bishop's Opening",8,Mahlermaniaco,black,ToyTiko,2528,2449,draw,0.5
ERySN8QE,2026-02-01T02:45:18.339000+00:00,600+0,standard,rapid,True,mate,black,74,Mahlermaniaco,lentejasdeacero12,2536,2397,-8,15,E97,"King's Indian Defense: Orthodox Variation, Bayonet Attack",17,Mahlermaniaco,white,lentejasdeacero12,2536,2397,loss,0.0
E9tHsn2C,2026-01-31T23:16:50.651000+00:00,600+0,standard,rapid,True,resign,black,56,Mahlermaniaco,Yestyn1312,2541,2472,-7,42,A13,English Opening: Neo-Catalan,6,Mahlermaniaco,white,Yestyn1312,2541,2472,loss,0.0
da2d7PjT,2026-01-31T22:57:41.171000+00:00,600+0,standard,rapid,True,resign,black,42,Mahlermaniaco,aspiringstar,2545,2704,-4,6,A22,"English Opening: King's English Variation, Adhiban Gambit",8,Mahlermaniaco,white,aspiringstar,2545,2704,loss,0.0
KAsdtLhu,2026-01-30T01:36:29.856000+00:00,180+2,standard,blitz,True,resign,black,164,eucalipto1,Mahlermaniaco,2338,2547,-3,3,C55,"Italian Game: Two Knights Defense, Modern Bishop's Opening",8,Mahlermaniaco,black,eucalipto1,2547,2338,win,1.0
BEmJVjW4,2026-01-30T01:25:09.948000+00:00,180+2,standard,blitz,True,draw,,121,Mahlermaniaco,olnest1928,2550,2372,-3,3,A16,"English Opening: Anglo-Indian Defense, Anglo-Grünfeld Variation",8,Mahlermaniaco,white,olnest1928,2550,2372,draw,0.5
xVyiVnNB,2026-01-30T01:17:19.118000+00:00,180+2,standard,blitz,True,resign,black,72,Mahlermaniaco,Mosquitochess13,2557,2495,-7,7,A07,"King's Indian Attack, with e6",6,Mahlermaniaco,white,Mosquitochess13,2557,2495,loss,0.0
y1bsiokB,2026-01-30T01:07:58.534000+00:00,180+2,standard,blitz,True,outoftime,white,57,Mahlermaniaco,Mosquitochess13,2552,2499,5,-4,A07,"King's Indian Attack, with e6",6,Mahlermaniaco,white,Mosquitochess13,2552,2499,win,1.0
PbNAVAyr,2026-01-30T00:56:31.224000+00:00,180+2,standard,blitz,True,resign,black,88,Guillermotello2150,Mahlermaniaco,2402,2548,-4,4,C65,Ruy Lopez: Berlin Defense,6,Mahlermaniaco,black,Guillermotello2150,2548,2402,win,1.0
a88RoqXq,2026-01-29T02:06:31.558000+00:00,180+2,standard,blitz,True,mate,white,63,SprengStoff,Mahlermaniaco,2537,2554,6,-6,C47,Four Knights Game,6,Mahlermaniaco,black,SprengStoff,2554,2537,loss,0.0
qFERnFtm,2026-01-29T01:55:52.269000+00:00,180+2,standard,blitz,True,draw,,137,Mahlermaniaco,SprengStoff,2554,2536,0,1,A07,King's Indian Attack: Keres Variation,4,Mahlermaniaco,white,SprengStoff,2554,2536,draw,0.5
KsBtMpQs,2026-01-29T01:47:31.393000+00:00,180+2,standard,blitz,True,mate,white,73,SprengStoff,Mahlermaniaco,2530,2560,6,-6,C65,"Ruy Lopez: Berlin Defense, Nyholm Attack",9,Mahlermaniaco,black,SprengStoff,2560,2530,loss,0.0
pE4xjqmY,2026-01-29T01:36:32.033000+00:00,180+2,standard,blitz,True,outoftime,white,137,Mahlermaniaco,SprengStoff,2555,2535,5,-5,A07,King's Indian Attack,3,Mahlermaniaco,white,SprengStoff,2555,2535,win,1.0
oleta9Eg,2026-01-29T01:26:26.659000+00:00,180+2,standard,blitz,True,resign,black,104,Mahlermaniaco,DanPach,2562,2494,-7,7,A30,English Opening: Symmetrical Variation,3,Mahlermaniaco,white,DanPach,2562,2494,loss,0.0
Y3TdWMPu,2026-01-29T01:19:48.263000+00:00,180+2,standard,blitz,True,resign,black,68,Cengiz-Baba,Mahlermaniaco,2471,2558,-5,4,D02,Queen's Pawn Game: London System,5,Mahlermaniaco,black,Cengiz-Baba,2558,2471,win,1.0
2rNAadkX,2026-01-29T01:13:49.415000+00:00,180+2,standard,blitz,True,resign,white,42,S_Ovsejevitsch,Mahlermaniaco,2707,2561,3,-3,C67,"Ruy Lopez: Berlin Defense, Rio Gambit Accepted",8,Mahlermaniaco,black,S_Ovsejevitsch,2561,2707,loss,0.0
vFZu5IIY,2026-01-29T01:00:57.763000+00:00,180+2,standard,blitz,True,resign,black,106,Mahlermaniaco,FedirBohatyrchuk1892,2568,2476,-7,7,A30,"English Opening: Symmetrical Variation, Hedgehog Defense",12,Mahlermaniaco,white,FedirBohatyrchuk1892,2568,2476,loss,0.0
JRbNhWYz,2026-01-28T03:29:36.564000+00:00,180+2,standard,blitz,True,resign,white,57,romano2021,Mahlermaniaco,2532,2575,8,-7,C65,"Ruy Lopez: Berlin Defense, Anti-Berlin Variation",7,Mahlermaniaco,black,romano2021,2575,2532,loss,0.0
cCGylSww,2026-01-28T03:19:14.923000+00:00,180+2,standard,blitz,True,resign,black,136,Mahlermaniaco,VladimirKostic,2582,2514,-7,6,A13,"English Opening: Agincourt Defense, Catalan Defense",6,Mahlermaniaco,white,VladimirKostic,2582,2514,loss,0.0
LpkmH3nh,2026-01-28T03:09:39.676000+00:00,180+2,standard,blitz,True,draw,,122,VladimirKostic,Mahlermaniaco,2513,2582,1,0,C67,"Ruy Lopez: Berlin Defense, Rio Gambit Accepted",8,Mahlermaniaco,black,VladimirKostic,2582,2513,draw,0.5
fqRDdHRH,2026-01-28T03:01:10.507000+00:00,180+2,standard,blitz,True,outoftime,white,47,Mahlermaniaco,MAX_Amsterdam,2579,2471,3,-7,A04,Zukertort Opening: Queen's Gambit Invitation,2,Mahlermaniaco,white,MAX_Amsterdam,2579,2471,win,1.0
Ihv2Gw6e,2026-01-28T02:54:14.137000+00:00,180+2,standard,blitz,True,resign,black,50,Elder_Student,Mahlermaniaco,2554,2573,-6,6,E32,Nimzo-Indian Defense: Classical Variation,7,Mahlermaniaco,black,Elder_Student,2573,2554,win,1.0
m52LDZFe,2026-01-28T02:48:27.712000+00:00,180+2,standard,blitz,True,resign,white,53,Mahlermaniaco,Wefjfh,2568,2566,5,-20,A04,Zukertort Opening: Black Mustang Defense,2,Mahlermaniaco,white,Wefjfh,2568,2566,win,1.0
e06KBmJ9,2026-01-28T02:33:30.164000+00:00,300+0,standard,blitz,True,resign,white,73,Mahlermaniaco,swiftton,2565,2373,3,-2,A04,Zukertort Opening: Kingside Fianchetto,2,Mahlermaniaco,white,swiftton,2565,2373,win,1.0
3McOaauS,2026-01-28T02:19:32.666000+00:00,180+2,standard,blitz,True,draw,,120,VladimirKostic,Mahlermaniaco,2511,2566,0,-1,C65,"Ruy Lopez: Berlin Defense, Anti-Berlin Variation",7,Mahlermaniaco,black,VladimirKostic,2566,2511,draw,0.5
nvZ9aVGd,2026-01-28T02:02:36.270000+00:00,180+2,standard,blitz,True,resign,white,38,DanPach,Mahlermaniaco,2444,2573,7,-7,C56,"Italian Game: Two Knights Defense, Perreux Variation",9,Mahlermaniaco,black,DanPach,2573,2444,loss,0.0
xMQShkh8,2026-01-27T02:27:52.890000+00:00,180+2,standard,blitz,True,resign,white,39,Lenyas66,Mahlermaniaco,2573,2577,6,-6,C48,Four Knights Game: Spanish Variation,7,Mahlermaniaco,black,Lenyas66,2577,2573,loss,0.0
eg2TKY2H,2026-01-27T01:53:19.659000+00:00,600+0,standard,rapid,True,resign,black,50,Mahlermaniaco,L-Black_Dragon,2563,2397,-8,17,A04,Zukertort Opening: Queenside Fianchetto Variation,2,Mahlermaniaco,white,L-Black_Dragon,2563,2397,loss,0.0
61qsOvIQ,2026-01-30T11:41:06.959000+00:00,1800+0,standard,classical,True,resign,black,162,AtomicFlare,Phillip_Shabelnikov,2325,2260,-46,7,D04,"Queen's Pawn Game: Colle System, Anti-Colle",6,Phillip_Shabelnikov,black,AtomicFlare,2260,2325,win,1.0
Zl9mMIKX,2026-01-30T07:02:07.262000+00:00,1800+0,standard,classical,True,draw,,54,Phillip_Shabelnikov,AGA25,2261,2258,-1,1,E15,"Queen's Indian Defense: Fianchetto Variation, Traditional Line",8,Phillip_Shabelnikov,white,AGA25,2261,2258,draw,0.5
vLMfslU9,2026-01-29T15:04:28.022000+00:00,1800+0,standard,classical,True,resign,black,42,M_Gubkin,Phillip_Shabelnikov,2195,2256,-24,5,B06,Modern Defense,4,Phillip_Shabelnikov,black,M_Gubkin,2256,2195,win,1.0
ANWCuRhk,2026-01-29T10:09:51.834000+00:00,1800+0,standard,classical,True,resign,black,72,Akaineco,Phillip_Shabelnikov,2122,2252,-11,4,B06,Modern Defense,2,Phillip_Shabelnikov,black,Akaineco,2252,2122,win,1.0
S8hKdgxg,2026-01-28T08:23:40.585000+00:00,1800+0,standard,classical,True,resign,white,29,Phillip_Shabelnikov,ThisIsMyWorld12235,2248,2126,4,-4,E11,Bogo-Indian Defense: Exchange Variation,8,Phillip_Shabelnikov,white,ThisIsMyWorld12235,2248,2126,win,1.0
9HF4oG54,2026-01-27T09:04:18.215000+00:00,900+10,standard,rapid,True,resign,white,51,Phillip_Shabelnikov,franek-lowca-bramek,2304,2208,22,-4,D13,Slav Defense: Exchange Variation,8,Phillip_Shabelnikov,white,franek-lowca-bramek,2304,2208,win,1.0
Fa2UStzu,2026-01-26T10:10:38.418000+00:00,1800+0,standard,classical,True,resign,white,51,Phillip_Shabelnikov,sriram6729,2243,2196,5,-30,D02,Queen's Pawn Game: Symmetrical Variation,4,Phillip_Shabelnikov,white,sriram6729,2243,2196,win,1.0
yAEfbWnN,2026-01-26T09:38:53.828000+00:00,1800+0,standard,classical,True,resign,black,70,chesschampcbe,Phillip_Shabelnikov,2350,2238,-181,5,B06,Modern Defense: Three Pawns Attack,5,Phillip_Shabelnikov,black,chesschampcbe,2238,2350,win,1.0
BHTAOwiY,2026-01-26T08:07:57.648000+00:00,1800+0,standard,classical,True,resign,black,50,Antony_Eshaan,Phillip_Shabelnikov,2098,2234,-8,4,D01,Rapport-Jobava System,5,Phillip_Shabelnikov,black,Antony_Eshaan,2234,2098,win,1.0
zOmjfPtp,2026-01-26T07:19:16.425000+00:00,1800+0,standard,classical,True,resign,black,66,Phillip_Shabelnikov,zhekaneas43,2238,2340,-4,12,E15,"Queen's Indian Defense: Fianchetto Variation, Nimzowitsch Variation, Nimzowitsch Attack",9,Phillip_Shabelnikov,white,zhekaneas43,2238,2340,loss,0.0
5TL5RbbP,2026-01-23T13:03:25.029000+00:00,1800+0,standard,classical,True,mate,black,142,iffatcatur,Phillip_Shabelnikov,2134,2228,-35,4,A06,Nimzo-Larsen Attack: Classical Variation,3,Phillip_Shabelnikov,black,iffatcatur,2228,2134,win,1.0
6lBuAjIS,2026-01-23T07:02:07.599000+00:00,1800+0,standard,classical,True,outoftime,black,78,Alecjan,Phillip_Shabelnikov,2079,2225,-4,3,B06,Modern Defense,4,Phillip_Shabelnikov,black,Alecjan,2225,2079,win,1.0
AbpTNOWQ,2026-01-22T14:02:20.109000+00:00,1800+0,standard,classical,True,draw,,151,Phillip_Shabelnikov,S_Y_M_Y_2,2226,2132,-1,5,D02,Queen's Pawn Game: Symmetrical Variation,4,Phillip_Shabelnikov,white,S_Y_M_Y_2,2226,2132,draw,0.5
Fe1PdL5S,2026-01-22T08:23:45.828000+00:00,1800+0,standard,classical,True,resign,white,53,Phillip_Shabelnikov,showmaker123,2222,2112,4,-13,E11,Bogo-Indian Defense: Vitolins Variation,8,Phillip_Shabelnikov,white,showmaker123,2222,2112,win,1.0
3hxNWpp2,2026-01-21T11:14:35.434000+00:00,1800+0,standard,classical,True,draw,,77,Maksim46791235461,Phillip_Shabelnikov,2245,2222,-2,0,B06,"Modern Defense: Lizard Defense, Mittenberger Gambit",6,Phillip_Shabelnikov,black,Maksim46791235461,2222,2245,draw,0.5
2yBV97I6,2026-01-21T05:19:29.235000+00:00,1800+0,standard,classical,True,resign,black,66,WearProtection,Phillip_Shabelnikov,2066,2218,-32,4,D85,Grünfeld Defense: Exchange Variation,8,Phillip_Shabelnikov,black,WearProtection,2218,2066,win,1.0
lEabps92,2026-01-20T10:36:36.104000+00:00,1800+0,standard,classical,True,resign,black,88,Phillip_Shabelnikov,Kartikeyan_2012,2220,2194,-7,6,E61,King's Indian Defense,5,Phillip_Shabelnikov,white,Kartikeyan_2012,2220,2194,loss,0.0
4Szs9q8E,2026-01-20T09:52:51.154000+00:00,1800+0,standard,classical,True,resign,black,100,Phillip_Shabelnikov,the_uknown,2227,2110,-7,8,E11,Bogo-Indian Defense: Retreat Variation,12,Phillip_Shabelnikov,white,the_uknown,2227,2110,loss,0.0
YPBwrC3S,2026-01-20T08:31:07.013000+00:00,1800+0,standard,classical,True,resign,black,52,Phillip_Shabelnikov,LookForDope,2233,2257,-6,6,D30,Queen's Gambit Declined,4,Phillip_Shabelnikov,white,LookForDope,2233,2257,loss,0.0
IWgmPbev,2026-01-20T08:20:58.134000+00:00,1800+0,standard,classical,True,resign,white,39,LookForDope,Phillip_Shabelnikov,2251,2238,6,-5,B06,"Modern Defense: Lizard Defense, Mittenberger Gambit",6,Phillip_Shabelnikov,black,LookForDope,2238,2251,loss,0.0
OmBPiuwI,2026-01-20T06:51:55.723000+00:00,1800+0,standard,classical,True,resign,white,47,Phillip_Shabelnikov,mineralearth,2233,2186,5,-5,E11,Bogo-Indian Defense: Retreat Variation,12,Phillip_Shabelnikov,white,mineralearth,2233,2186,win,1.0
8htRrL0M,2026-01-19T14:14:53.891000+00:00,1800+0,standard,classical,True,resign,black,44,secretshadow29,Phillip_Shabelnikov,2168,2228,-5,5,B06,Modern Defense,4,Phillip_Shabelnikov,black,secretshadow29,2228,2168,win,1.0
rO3oyfCF,2026-01-19T13:54:45.534000+00:00,1800+0,standard,classical,True,draw,,89,Phillip_Shabelnikov,secretshadow29,2229,2166,-1,2,A80,Dutch Defense,2,Phillip_Shabelnikov,white,secretshadow29,2229,2166,draw,0.5
Eo9h22Nl,2026-01-19T13:43:02.784000+00:00,1800+0,standard,classical,True,resign,white,51,secretshadow29,Phillip_Shabelnikov,2159,2236,7,-7,B06,Modern Defense,4,Phillip_Shabelnikov,black,secretshadow29,2236,2159,loss,0.0
DSKSfbWY,2026-01-19T11:22:21.778000+00:00,1800+0,standard,classical,True,resign,black,62,Antonesko1999,Phillip_Shabelnikov,2139,2226,-6,4,B06,Modern Defense,2,Phillip_Shabelnikov,black,Antonesko1999,2226,2139,win,1.0
0mMrwyao,2026-01-19T10:21:05.054000+00:00,1800+0,standard,classical,True,resign,black,93,Phillip_Shabelnikov,AROHANDEY,2231,2271,-5,12,E06,Catalan Opening: Closed,9,Phillip_Shabelnikov,white,AROHANDEY,2231,2271,loss,0.0
yP2hFzs0,2026-01-19T09:12:02.424000+00:00,1800+0,standard,classical,True,resign,black,38,Kwankyung2,Phillip_Shabelnikov,2206,2225,-8,6,D78,"Neo-Grünfeld Defense: Classical Variation, Original Defense",12,Phillip_Shabelnikov,black,Kwankyung2,2225,2206,win,1.0
NDodZNTK,2026-01-19T08:17:22.413000+00:00,1800+0,standard,classical,True,resign,white,143,Pismoswiete,Phillip_Shabelnikov,2237,2230,21,-5,D02,"Queen's Pawn Game: Symmetrical Variation, Pseudo-Catalan",5,Phillip_Shabelnikov,black,Pismoswiete,2230,2237,loss,0.0
M6JZKewy,2026-01-19T08:12:38.393000+00:00,1800+0,standard,classical,True,resign,black,26,Phillip_Shabelnikov,William_Dokey,2236,2238,-6,18,E16,Queen's Indian Defense: Capablanca Variation,10,Phillip_Shabelnikov,white,William_Dokey,2236,2238,loss,0.0
hK8jZ1BN,2026-01-19T07:30:53.708000+00:00,1800+0,standard,classical,True,resign,black,56,Kartikeyan_2012,Phillip_Shabelnikov,2193,2231,-6,5,B06,"Modern Defense: Lizard Defense, Mittenberger Gambit",6,Phillip_Shabelnikov,black,Kartikeyan_2012,2231,2193,win,1.0
RDw1L2PC,2026-01-29T20:00:31.208000+00:00,300+0,standard,blitz,True,resign,white,73,aufgehts1,GenSea,2052,2168,8,-7,D13,Slav Defense: Exchange Variation,8,aufgehts1,white,GenSea,2052,2168,win,1.0
lXljajUM,2026-01-27T14:25:43.600000+00:00,300+6,standard,rapid,True,draw,,121,aufgehts1,sochparov,2247,2110,-5,4,D38,Queen's Gambit Declined: Ragozin Defense,8,aufgehts1,white,sochparov,2247,2110,draw,0.5
raBCNKQz,2026-01-26T09:46:11.064000+00:00,300+5,standard,rapid,True,outoftime,white,79,FraTadeusz,aufgehts1,1960,2268,40,-21,B10,"Caro-Kann Defense: Accelerated Panov Attack, Modern Variation",8,aufgehts1,black,FraTadeusz,2268,1960,loss,0.0
jJsTkZcX,2026-01-25T20:29:16.589000+00:00,180+2,standard,blitz,True,draw,,138,aufgehts1,Slavik_Kryklyvyy,2064,1986,-1,1,E60,"King's Indian Defense: Normal Variation, King's Knight Variation",5,aufgehts1,white,Slavik_Kryklyvyy,2064,1986,draw,0.5
FY6AYxJ9,2026-01-25T19:21:41.930000+00:00,180+2,standard,blitz,True,resign,white,73,samisahi,aufgehts1,2575,2068,0,-1,D02,"Queen's Pawn Game: London System, with e6",5,aufgehts1,black,samisahi,2068,2575,loss,0.0
CJbFGZeW,2026-01-23T12:30:24.068000+00:00,900+15,standard,classical,True,mate,white,97,aufgehts1,shreya_kashyap,2349,1739,1,-23,D02,Queen's Pawn Game: Chigorin Variation,4,aufgehts1,white,shreya_kashyap,2349,1739,win,1.0
eyNevfn2,2026-01-22T20:02:53.211000+00:00,180+0,standard,blitz,True,mate,black,86,BV73,aufgehts1,1419,2059,0,0,D21,Queen's Gambit Accepted: Gunsberg Defense,6,aufgehts1,black,BV73,2059,1419,win,1.0
wZhtfoCp,2026-01-22T19:38:55.259000+00:00,180+0,standard,blitz,True,outoftime,white,69,Piriquitogm,aufgehts1,1806,2088,10,-10,B20,Sicilian Defense: Mengarini Variation,3,aufgehts1,black,Piriquitogm,2088,1806,loss,0.0
UN1DvlLs,2026-01-22T19:36:14.537000+00:00,180+0,standard,blitz,True,resign,white,39,aufgehts1,timopheyprod,2088,1165,0,0,D43,Semi-Slav Defense,8,aufgehts1,white,timopheyprod,2088,1165,win,1.0
7wBgJ4fZ,2026-01-22T19:23:38.709000+00:00,180+0,standard,blitz,True,resign,white,51,Sonics1962,aufgehts1,2420,2091,2,-1,A08,Zukertort Opening: Reversed Grünfeld,9,aufgehts1,black,Sonics1962,2091,2420,loss,0.0
YVL0HW96,2026-01-22T14:35:37.918000+00:00,900+15,standard,classical,True,resign,white,103,aufgehts1,hakkiergin,2345,1500,1,-11,B36,"Sicilian Defense: Accelerated Dragon, Maróczy Bind, Gurgenidze Variation",14,aufgehts1,white,hakkiergin,2345,1500,win,1.0
ehzMUnYg,2026-01-19T11:38:23.750000+00:00,600+0,standard,rapid,True,mate,black,152,Bolsie,aufgehts1,1876,2243,-1,3,D00,Queen's Pawn Game,2,aufgehts1,black,Bolsie,2243,1876,win,1.0
XvSFrbsV,2026-01-15T19:45:12.401000+00:00,180+2,standard,blitz,True,outoftime,white,97,aufgehts1,Floman,2095,2127,6,-6,D46,Semi-Slav Defense: Chigorin Defense,12,aufgehts1,white,Floman,2095,2127,win,1.0
DIBdi06O,2026-01-15T19:25:39.039000+00:00,180+2,standard,blitz,True,resign,white,28,Klimenko_Sergey_IM,aufgehts1,2414,2093,1,-2,C02,"French Defense: Advance Variation, Main Line",11,aufgehts1,black,Klimenko_Sergey_IM,2093,2414,loss,0.0
WLDZ76FS,2026-01-15T19:03:24.547000+00:00,180+2,standard,blitz,True,resign,black,44,Javierchaca,aufgehts1,1930,2089,-4,4,B15,Caro-Kann Defense: Alien Gambit,11,aufgehts1,black,Javierchaca,2089,1930,win,1.0
5bimRJTV,2026-01-13T13:59:53.566000+00:00,900+15,standard,classical,True,mate,black,42,KSword3,aufgehts1,1672,2330,-2,1,D02,Queen's Pawn Game: Zukertort Variation,3,aufgehts1,black,KSword3,2330,1672,win,1.0
aCtMlQqK,2026-01-11T20:13:08.025000+00:00,180+0,standard,blitz,True,resign,white,79,aufgehts1,bistravoda,2081,2084,5,-5,E21,Nimzo-Indian Defense: Three Knights Variation,7,aufgehts1,white,bistravoda,2081,2084,win,1.0
YZNQZGBu,2026-01-11T19:12:52.984000+00:00,180+0,standard,blitz,True,resign,black,56,aufgehts1,ThiesHeinemann,2093,2523,-1,1,B54,Sicilian Defense: Prins Variation,9,aufgehts1,white,ThiesHeinemann,2093,2523,loss,0.0
GItdkFAv,2026-01-10T21:12:22.475000+00:00,300+7,standard,rapid,True,resign,white,73,aufgehts1,zino86,2235,1921,3,-12,D02,Queen's Pawn Game: Chigorin Variation,4,aufgehts1,white,zino86,2235,1921,win,1.0
erqYo583,2026-01-08T20:24:48.780000+00:00,300+0,standard,blitz,True,outoftime,black,120,aufgehts1,Unedible,2092,2303,-3,5,B54,Sicilian Defense: Prins Variation,9,aufgehts1,white,Unedible,2092,2303,loss,0.0
ZKtrGjOh,2026-01-08T20:16:53.694000+00:00,300+0,standard,blitz,True,resign,white,53,ApexTheBest06,aufgehts1,2386,2094,2,-2,D02,Queen's Pawn Game: Zukertort Variation,3,aufgehts1,black,ApexTheBest06,2094,2386,loss,0.0
bvoY86Zv,2026-01-07T08:58:27.882000+00:00,900+15,standard,classical,True,resign,white,87,aufgehts1,KSword3,2312,2115,5,-106,D02,Queen's Pawn Game: London System,5,aufgehts1,white,KSword3,2312,2115,win,1.0
95QJnIlZ,2026-01-04T20:19:58.966000+00:00,180+2,standard,blitz,True,resign,black,60,aufgehts1,manulchik76,2084,2371,-2,1,D20,Queen's Gambit Accepted,4,aufgehts1,white,manulchik76,2084,2371,loss,0.0
wnsj2lT4,2026-01-04T19:54:54.474000+00:00,180+2,standard,blitz,True,resign,black,54,Mad_jenny,aufgehts1,1894,2064,-3,3,A40,Horwitz Defense,2,aufgehts1,black,Mad_jenny,2064,1894,win,1.0
L7gUnGtG,2026-01-04T16:05:51.394000+00:00,900+15,standard,classical,True,timeout,black,86,mmadchess1,aufgehts1,1500,2307,-15,1,B22,"Sicilian Defense: Alapin Variation, Barmen Defense, Central Exchange",12,aufgehts1,black,mmadchess1,2307,1500,win,1.0
WtdPsirR,2025-12-21T19:57:41.717000+00:00,180+0,standard,blitz,True,resign,white,25,VadimCernov,aufgehts1,2435,2078,1,-1,B12,"Caro-Kann Defense: Advance Variation, Botvinnik-Carls Defense",6,aufgehts1,black,VadimCernov,2078,2435,loss,0.0
v3cehg2z,2025-12-21T19:50:31.775000+00:00,180+0,standard,blitz,True,outoftime,white,107,Lemonwola,aufgehts1,1808,2087,10,-9,C42,Petrov's Defense,5,aufgehts1,black,Lemonwola,2087,1808,loss,0.0
fLFJN2vY,2025-12-21T19:22:31.725000+00:00,180+0,standard,blitz,True,resign,black,106,aufgehts1,allesgehtzubruch,2092,2343,-2,3,B40,"Sicilian Defense: French Variation, Normal",8,aufgehts1,white,allesgehtzubruch,2092,2343,loss,0.0
ic9JUP7s,2025-12-18T20:38:13.498000+00:00,300+0,standard,blitz,True,draw,,34,Zosya_Dubovik,aufgehts1,2093,2079,0,1,B12,Caro-Kann Defense: Maróczy Variation,5,aufgehts1,black,Zosya_Dubovik,2079,2093,draw,0.5
QxwOcHlZ,2025-12-18T20:32:56.432000+00:00,300+0,standard,blitz,True,resign,black,48,aufgehts1,Mkarp,2082,2329,-3,2,D94,"Grünfeld Defense: Three Knights Variation, Burille Variation",9,aufgehts1,white,Mkarp,2082,2329,loss,0.0
OGTRTSh3,2026-01-29T00:38:07.428000+00:00,180+0,standard,blitz,True,mate,white,107,Zock,LIPTONTEA3,2636,2739,7,-16,A40,English Defense,2,LIPTONTEA3,black,Zock,2739,2636,loss,0.0
QYXwfoep,2026-01-28T19:54:05.677000+00:00,180+0,standard,blitz,True,resign,black,60,Tayka,LIPTONTEA3,2621,2798,-3,11,A04,Zukertort Opening: Queenside Fianchetto Variation,2,LIPTONTEA3,black,Tayka,2798,2621,win,1.0
3fAfZ8Mf,2026-01-28T19:47:41.059000+00:00,180+0,standard,blitz,True,mate,black,172,LIPTONTEA3,Tayka,2832,2612,-34,9,A15,"English Opening: Anglo-Indian Defense, Queen's Indian Formation",8,LIPTONTEA3,white,Tayka,2832,2612,loss,0.0
nZCMUvr3,2026-01-28T19:44:25.616000+00:00,180+0,standard,blitz,True,resign,black,61,Tayka,LIPTONTEA3,2615,2821,-3,11,E12,"Queen's Indian Defense: Kasparov-Petrosian Variation, Kasparov Attack",13,LIPTONTEA3,black,Tayka,2821,2615,win,1.0
428WrWAB,2026-01-28T19:41:37.916000+00:00,180+0,standard,blitz,True,resign,white,43,LIPTONTEA3,Tayka,2809,2618,12,-3,A47,Pseudo Queen's Indian Defense,4,LIPTONTEA3,white,Tayka,2809,2618,win,1.0
xjl2uC0N,2026-01-28T19:38:07.072000+00:00,180+0,standard,blitz,True,resign,black,70,Tayka,LIPTONTEA3,2621,2795,-3,14,D02,Queen's Pawn Game: Symmetrical Variation,4,LIPTONTEA3,black,Tayka,2795,2621,win,1.0
e5OjaxVC,2025-10-31T03:47:51.620000+00:00,60+0,standard,bullet,True,outoftime,black,132,Crankpenguin,LIPTONTEA3,2966,3080,-4,4,A04,Zukertort Opening: Kingside Fianchetto,2,LIPTONTEA3,black,Crankpenguin,3080,2966,win,1.0
l760lhIa,2025-10-31T00:51:13.105000+00:00,180+0,standard,blitz,True,mate,black,102,LIPTONTEA3,arnaldofdelavara,2809,2838,-19,5,C67,"Ruy Lopez: Berlin Defense, l'Hermet Variation, Berlin Wall Defense",16,LIPTONTEA3,white,arnaldofdelavara,2809,2838,loss,0.0
OTwL6JdS,2025-10-31T00:37:51.175000+00:00,60+0,standard,bullet,True,resign,black,78,eskeropouloss,LIPTONTEA3,3012,3068,-4,6,C00,French Defense: Two Knights Variation,5,LIPTONTEA3,black,eskeropouloss,3068,3012,win,1.0
EjlnlRSX,2025-10-31T00:37:03.637000+00:00,60+0,standard,bullet,True,resign,white,29,LIPTONTEA3,eskeropouloss,3063,3017,5,-5,A14,"English Opening: Agincourt Defense, Neo-Catalan Declined",9,LIPTONTEA3,white,eskeropouloss,3063,3017,win,1.0
S7x4opoz,2025-10-31T00:34:37.668000+00:00,60+0,standard,bullet,True,outoftime,black,128,eskeropouloss,LIPTONTEA3,3023,3057,-6,6,B27,Sicilian Defense: Hyperaccelerated Pterodactyl,6,LIPTONTEA3,black,eskeropouloss,3057,3023,win,1.0
1FCOzN52,2025-10-31T00:32:49.116000+00:00,60+0,standard,bullet,True,mate,white,85,LIPTONTEA3,eskeropouloss,3051,3028,6,-5,A04,Zukertort Opening: Ross Gambit,2,LIPTONTEA3,white,eskeropouloss,3051,3028,win,1.0
nqcoqlsX,2025-10-31T00:30:38.988000+00:00,60+0,standard,bullet,True,mate,black,110,eskeropouloss,LIPTONTEA3,3033,3044,-5,7,B15,Caro-Kann Defense: Tartakower Variation,10,LIPTONTEA3,black,eskeropouloss,3044,3033,win,1.0
jScnDSAs,2025-10-31T00:26:50.338000+00:00,60+0,standard,bullet,True,resign,black,106,jaime_sonho01,LIPTONTEA3,2952,3036,-4,5,C00,French Defense: Knight Variation,3,LIPTONTEA3,black,jaime_sonho01,3036,2952,win,1.0
4GSOjYGa,2025-10-30T21:51:34.043000+00:00,180+0,standard,blitz,True,resign,white,63,O1020304050607080900,LIPTONTEA3,2783,2857,7,-29,A49,Indian Defense: Przepiorka Variation,5,LIPTONTEA3,black,O1020304050607080900,2857,2783,loss,0.0
38zx6dE3,2025-10-30T21:41:45.242000+00:00,180+0,standard,blitz,True,resign,black,112,LIPTONTEA3,O1020304050607080900,2890,2776,-33,7,C20,King's Pawn Game: King's Head Opening,3,LIPTONTEA3,white,O1020304050607080900,2890,2776,loss,0.0
YQomzKzG,2025-10-30T21:31:28.917000+00:00,180+0,standard,blitz,True,resign,black,78,Burjugul_7,LIPTONTEA3,2736,2916,-3,16,D85,"Grünfeld Defense: Exchange Variation, Modern Exchange Variation",14,LIPTONTEA3,black,Burjugul_7,2916,2736,win,1.0
eUIppE7L,2025-10-30T21:24:02.403000+00:00,180+0,standard,blitz,True,outoftime,black,172,arnaldofdelavara,LIPTONTEA3,2834,2890,-5,26,E15,"Queen's Indian Defense: Fianchetto Variation, Nimzowitsch Variation",8,LIPTONTEA3,black,arnaldofdelavara,2890,2834,win,1.0
E1p6ikCk,2025-09-29T00:46:37.141000+00:00,30+0,standard,bullet,True,mate,black,60,Zhigalko_Sergei,LIPTONTEA3,3187,3044,-8,8,B00,Pirc Defense,3,LIPTONTEA3,black,Zhigalko_Sergei,3044,3187,win,1.0
fdBCrO3J,2025-09-01T23:56:52.916000+00:00,60+0,standard,bullet,True,mate,black,138,LIPTONTEA3,BabaRamdev,3087,3174,-4,4,A04,Zukertort Opening: Sicilian Invitation,2,LIPTONTEA3,white,BabaRamdev,3087,3174,loss,0.0
woOQpBrC,2025-09-01T22:15:29.596000+00:00,60+0,standard,bullet,True,mate,white,85,TrainerGustavoCadena,LIPTONTEA3,2785,3097,9,-10,A40,Queen's Pawn Game: Modern Defense,2,LIPTONTEA3,black,TrainerGustavoCadena,3097,2785,loss,0.0
Mr55Hlww,2025-09-01T22:10:27.761000+00:00,60+0,standard,bullet,True,mate,black,88,LIPTONTEA3,TrainerGustavoCadena,3103,2778,-10,10,A40,Horwitz Defense,2,LIPTONTEA3,white,TrainerGustavoCadena,3103,2778,loss,0.0
5F6k9xjB,2025-09-01T18:32:35.350000+00:00,60+0,standard,bullet,True,mate,white,107,anonnnnnm,LIPTONTEA3,3057,3151,7,-7,B06,Modern Defense,2,LIPTONTEA3,black,anonnnnnm,3151,3057,loss,0.0
8V1s0Z9O,2025-09-01T17:28:23.012000+00:00,60+0,standard,bullet,True,resign,white,79,Shant7777777,LIPTONTEA3,3201,3149,5,-5,A45,Trompowsky Attack,3,LIPTONTEA3,black,Shant7777777,3149,3201,loss,0.0
r6gLV7lB,2025-09-01T17:26:17.171000+00:00,60+0,standard,bullet,True,mate,white,93,LIPTONTEA3,Shant7777777,3142,3208,7,-7,A04,Zukertort Opening: Pirc Invitation,2,LIPTONTEA3,white,Shant7777777,3142,3208,win,1.0
fQwE1uBf,2025-09-01T17:09:38.919000+00:00,60+0,standard,bullet,True,mate,white,145,Shant7777777,LIPTONTEA3,3213,3137,4,-5,B06,Modern Defense,2,LIPTONTEA3,black,Shant7777777,3137,3213,loss,0.0
HTfhhQRG,2025-09-01T17:07:36.535000+00:00,60+0,standard,bullet,True,outoftime,white,89,LIPTONTEA3,Shant7777777,3130,3220,7,-7,A01,Nimzo-Larsen Attack: English Variation,2,LIPTONTEA3,white,Shant7777777,3130,3220,win,1.0
6WVmowBl,2025-09-01T16:59:59.606000+00:00,60+0,standard,bullet,True,draw,,132,LIPTONTEA3,Shant7777777,3130,3219,1,-1,D85,"Grünfeld Defense: Exchange Variation, Modern Exchange Variation",14,LIPTONTEA3,white,Shant7777777,3130,3219,draw,0.5
ve9F992e,2025-09-01T16:57:09.968000+00:00,60+0,standard,bullet,True,outoftime,white,91,LIPTONTEA3,Shant7777777,3127,3222,7,-7,A40,English Defense,2,LIPTONTEA3,white,Shant7777777,3127,3222,win,1.0
Mebl6t6m,2025-09-01T16:55:34.141000+00:00,60+0,standard,bullet,True,resign,black,54,Shant7777777,LIPTONTEA3,3229,3119,-7,8,C10,French Defense: Rubinstein Variation,6,LIPTONTEA3,black,Shant7777777,3119,3229,win,1.0
yDo0eA9K,2026-02-01T15:30:48.549000+00:00,30+0,standard,bullet,True,outoftime,black,112,IgorKowalski,gepard_is_great,3071,2988,-7,7,B08,Pirc Defense: Classical Variation,8,IgorKowalski,white,gepard_is_great,3071,2988,loss,0.0
plhkISPn,2026-02-01T15:28:13.387000+00:00,30+0,standard,bullet,True,outoftime,white,125,gepard_is_great,IgorKowalski,2978,3081,7,-7,A04,Zukertort Opening: Kingside Fianchetto,2,IgorKowalski,black,gepard_is_great,3081,2978,loss,0.0
X2nVHBlM,2026-02-01T15:25:48.083000+00:00,30+0,standard,bullet,True,resign,black,62,IgorKowalski,ElPetitRei,3089,2949,-8,8,B08,Pirc Defense: Classical Variation,8,IgorKowalski,white,ElPetitRei,3089,2949,loss,0.0
9OS5do7f,2026-01-30T22:35:25.895000+00:00,30+0,standard,bullet,True,resign,black,21,Matviy2009,IgorKowalski,3077,3106,-5,5,A43,Benoni Defense: Old Benoni,2,IgorKowalski,black,Matviy2009,3106,3077,win,1.0
XhY2ZpVq,2026-01-30T22:23:51.626000+00:00,30+0,standard,bullet,True,outoftime,black,118,IgorKowalski,Matviy2009,3109,3073,-6,6,B06,"Modern Defense: Two Knights Variation, Suttles Variation",8,IgorKowalski,white,Matviy2009,3109,3073,loss,0.0
rUZcGOGK,2026-01-30T22:16:47.029000+00:00,30+0,standard,bullet,True,outoftime,white,129,Matviy2009,IgorKowalski,3049,3132,7,-7,B06,Modern Defense,2,IgorKowalski,black,Matviy2009,3132,3049,loss,0.0
w4iMOSGt,2026-01-27T15:03:59.032000+00:00,30+0,standard,bullet,True,draw,,81,RakitinD,IgorKowalski,3071,3124,1,0,A04,Zukertort Opening: Kingside Fianchetto,2,IgorKowalski,black,RakitinD,3124,3071,draw,0.5
enwXJKh0,2026-01-27T14:59:28.458000+00:00,30+0,standard,bullet,True,mate,white,141,RakitinD,IgorKowalski,3054,3141,7,-7,A04,Zukertort Opening: Kingside Fianchetto,2,IgorKowalski,black,RakitinD,3141,3054,loss,0.0
E3OijEWZ,2026-01-27T11:59:19.122000+00:00,30+0,standard,bullet,True,resign,white,17,IgorKowalski,chess-art-us,3135,3317,8,-8,B08,Pirc Defense: Classical Variation,8,IgorKowalski,white,chess-art-us,3135,3317,win,1.0
dH7iC6ZJ,2026-01-27T11:53:00.902000+00:00,30+0,standard,bullet,True,resign,black,72,IgorKowalski,chess-art-us,3122,3329,-3,3,B08,Pirc Defense: Classical Variation,8,IgorKowalski,white,chess-art-us,3122,3329,loss,0.0
7Sse4lXc,2026-01-27T11:50:16.387000+00:00,30+0,standard,bullet,True,outoftime,white,103,chess-art-us,IgorKowalski,3327,3125,2,-3,A04,Zukertort Opening: Kingside Fianchetto,2,IgorKowalski,black,chess-art-us,3125,3327,loss,0.0
He9njrws,2026-01-27T11:09:26.461000+00:00,30+0,standard,bullet,True,resign,white,41,IgorKowalski,britishscottishcat,3128,3010,4,-4,D15,Slav Defense: Two Knights Attack,8,IgorKowalski,white,britishscottishcat,3128,3010,win,1.0
PW443KQv,2026-01-25T11:15:26.983000+00:00,180+0,standard,blitz,True,resign,black,70,IgorKowalski,MONCLER_4_EVER,2694,2654,-13,7,A06,Zukertort Opening,2,IgorKowalski,white,MONCLER_4_EVER,2694,2654,loss,0.0
1Yokzw4m,2026-01-23T11:14:47.267000+00:00,180+0,standard,blitz,True,mate,black,66,paja534,IgorKowalski,2645,2683,-5,11,A45,Trompowsky Attack,3,IgorKowalski,black,paja534,2683,2645,win,1.0
CyXeB3B5,2026-01-23T10:19:26.848000+00:00,30+0,standard,bullet,True,mate,white,51,IgorKowalski,SavvaVetokhin2009,3044,3122,6,-7,A46,Indian Defense: Knights Variation,3,IgorKowalski,white,SavvaVetokhin2009,3044,3122,win,1.0
lOyoxXR7,2026-01-20T14:18:24.832000+00:00,30+0,standard,bullet,True,outoftime,white,125,IgorKowalski,anonymousblitz,3069,3122,7,-6,A04,Zukertort Opening: Queenside Fianchetto Variation,2,IgorKowalski,white,anonymousblitz,3069,3122,win,1.0
SOEigwxl,2026-01-20T14:14:01.149000+00:00,30+0,standard,bullet,True,mate,black,66,IgorKowalski,anonymousblitz,3072,3120,-5,5,B08,Pirc Defense: Classical Variation,8,IgorKowalski,white,anonymousblitz,3072,3120,loss,0.0
2yiDC3yU,2026-01-20T14:12:54.261000+00:00,30+0,standard,bullet,True,outoftime,black,110,anonymousblitz,IgorKowalski,3127,3065,-7,7,A01,Nimzo-Larsen Attack: Symmetrical Variation,2,IgorKowalski,black,anonymousblitz,3065,3127,win,1.0
qXPHtJN8,2026-01-20T14:10:21.138000+00:00,30+0,standard,bullet,True,mate,black,114,IgorKowalski,anonymousblitz,3080,3111,-5,6,A06,Zukertort Opening,2,IgorKowalski,white,anonymousblitz,3080,3111,loss,0.0
3qBD0I3J,2026-01-20T14:03:28.529000+00:00,30+0,standard,bullet,True,resign,white,69,anonymousblitz,IgorKowalski,3095,3096,6,-6,A01,Nimzo-Larsen Attack: Classical Variation,2,IgorKowalski,black,anonymousblitz,3096,3095,loss,0.0
sefC4AqD,2026-01-02T19:04:38.935000+00:00,30+0,standard,bullet,True,outoftime,white,109,Yakov25,IgorKowalski,2991,3122,19,-7,A04,Zukertort Opening: Kingside Fianchetto,2,IgorKowalski,black,Yakov25,3122,2991,loss,0.0
y0qi023h,2026-01-02T18:46:44.465000+00:00,30+0,standard,bullet,True,resign,black,98,IgorKowalski,Ernur2008,3122,3195,-5,5,A48,East Indian Defense,4,IgorKowalski,white,Ernur2008,3122,3195,loss,0.0
FRV6Uamh,2026-01-02T17:56:47.562000+00:00,30+0,standard,bullet,True,outoftime,white,93,playpuzzlespow,IgorKowalski,3019,3149,10,-8,A01,Nimzo-Larsen Attack: Indian Variation,2,IgorKowalski,black,playpuzzlespow,3149,3019,loss,0.0
ozsFgkPj,2025-12-21T11:59:57.960000+00:00,30+0,standard,bullet,True,mate,white,89,IgorKowalski,RiskyLion09,3150,3022,4,-4,A04,Zukertort Opening: Queenside Fianchetto Variation,2,IgorKowalski,white,RiskyLion09,3150,3022,win,1.0
bFThF6jZ,2025-12-21T01:41:42.935000+00:00,30+0,standard,bullet,True,draw,,100,GlasnostPerestroika,IgorKowalski,3142,3140,0,0,B06,Modern Defense: Standard Line,5,IgorKowalski,black,GlasnostPerestroika,3140,3142,draw,0.5
6Bln7wGt,2025-12-21T01:26:59.555000+00:00,30+0,standard,bullet,True,outoftime,black,132,IgorKowalski,GlasnostPerestroika,3146,3135,-7,6,D11,Slav Defense: Quiet Variation,7,IgorKowalski,white,GlasnostPerestroika,3146,3135,loss,0.0
k2Ql4VkH,2025-12-12T11:59:30.167000+00:00,180+0,standard,blitz,True,resign,white,63,IgorKowalski,krilovu,2676,2569,7,-4,A48,East Indian Defense,4,IgorKowalski,white,krilovu,2676,2569,win,1.0
9NFWPD19,2025-12-12T11:55:30.474000+00:00,180+0,standard,blitz,True,resign,white,71,krilovu,IgorKowalski,2560,2690,9,-14,B06,Modern Defense: Standard Defense,6,IgorKowalski,black,krilovu,2690,2560,loss,0.0
KPtQY6N7,2025-12-12T11:54:00.355000+00:00,180+0,standard,blitz,True,resign,white,37,IgorKowalski,krilovu,2683,2564,7,-4,A04,Zukertort Opening: Sicilian Invitation,2,IgorKowalski,white,krilovu,2683,2564,win,1.0
aNujUkrt,2025-11-01T20:15:11.002000+00:00,180+0,standard,blitz,True,outoftime,black,86,Burma555,IgorKowalski,2532,2678,-4,5,A01,Nimzo-Larsen Attack,1,IgorKowalski,black,Burma555,2678,2532,win,1.0
UB4l01xv,2026-02-01T22:26:58.291000+00:00,600+2,chess960,rapid,True,resign,black,42,PiMax,daaleksandrov,1772,2222,-1,1,,,,daaleksandrov,black,PiMax,2222,1772,win,1.0
yrtSg5TO,2026-02-01T22:25:37.930000+00:00,600+2,chess960,rapid,True,resign,white,9,daaleksandrov,leadingSpinner,2221,1663,1,-1,,,,daaleksandrov,white,leadingSpinner,2221,1663,win,1.0
1LE0ApUW,2026-02-01T20:37:01.261000+00:00,180+0,standard,blitz,True,outoftime,white,73,daaleksandrov,VladimirKruglikov,2461,2286,3,-3,B04,"Alekhine Defense: Modern Variation, Larsen Variation",8,daaleksandrov,white,VladimirKruglikov,2461,2286,win,1.0
L8itCXB7,2026-02-01T20:34:18.380000+00:00,180+0,standard,blitz,True,resign,black,70,daaleksandrov,gorbaty_dinosaur,2466,2531,-5,4,B21,Sicilian Defense: McDonnell Attack,3,daaleksandrov,white,gorbaty_dinosaur,2466,2531,loss,0.0
BglWjtut,2026-02-01T20:31:08.368000+00:00,180+0,standard,blitz,True,mate,black,76,ScalarTransposition,daaleksandrov,2256,2463,-2,3,A00,Mieses Opening,1,daaleksandrov,black,ScalarTransposition,2463,2256,win,1.0
N7l2TYDc,2026-02-01T20:26:58.005000+00:00,180+0,standard,blitz,True,resign,white,73,daaleksandrov,TheFinnisher,2458,2444,5,-5,C47,Four Knights Game: Gunsberg Variation,7,daaleksandrov,white,TheFinnisher,2458,2444,win,1.0
rojO9rie,2026-02-01T20:23:16.814000+00:00,180+0,standard,blitz,True,draw,,94,VladimirKruglikov,daaleksandrov,2281,2460,2,-2,B32,Sicilian Defense: Löwenthal Variation,8,daaleksandrov,black,VladimirKruglikov,2460,2281,draw,0.5
QKWc4rvf,2026-02-01T20:20:31.957000+00:00,180+0,standard,blitz,True,draw,,98,daaleksandrov,Kayrosas,2461,2409,-1,1,C47,Four Knights Game: Gunsberg Variation,7,daaleksandrov,white,Kayrosas,2461,2409,draw,0.5
U8D3HALT,2026-02-01T20:15:27.046000+00:00,180+0,standard,blitz,True,resign,white,105,TheFinnisher,daaleksandrov,2434,2467,6,-6,A44,Benoni Defense: Old Benoni,4,daaleksandrov,black,TheFinnisher,2467,2434,loss,0.0
ficULrrA,2026-02-01T20:12:11.111000+00:00,180+0,standard,blitz,True,mate,white,81,daaleksandrov,Shaxmater,2461,2519,6,-7,B05,"Alekhine Defense: Modern Variation, Main Line",8,daaleksandrov,white,Shaxmater,2461,2519,win,1.0
NhoWdyTe,2026-02-01T20:10:22.654000+00:00,180+0,standard,blitz,True,resign,black,62,Pershin_Kirill,daaleksandrov,1932,2460,-1,1,A00,Polish Opening: Birmingham Gambit,2,daaleksandrov,black,Pershin_Kirill,2460,1932,win,1.0
PJrpAM7K,2026-02-01T20:06:43.955000+00:00,180+0,standard,blitz,True,mate,white,135,olympdegouges,daaleksandrov,2369,2468,7,-8,A09,Réti Opening: Advance Variation,4,daaleksandrov,black,olympdegouges,2468,2369,loss,0.0
wQIjylt9,2026-02-01T20:00:18.720000+00:00,180+0,standard,blitz,True,outoftime,white,99,daaleksandrov,kjelldino,2466,2142,2,-2,C42,Petrov's Defense: French Attack,9,daaleksandrov,white,kjelldino,2466,2142,win,1.0
zXCgFbls,2026-02-01T19:57:54.984000+00:00,180+0,standard,blitz,True,mate,black,66,Pershin_Kirill,daaleksandrov,1916,2466,-1,0,A00,Polish Opening: Birmingham Gambit,2,daaleksandrov,black,Pershin_Kirill,2466,1916,win,1.0
l6ZH9kJs,2026-02-01T19:54:16.790000+00:00,180+0,standard,blitz,True,resign,white,75,daaleksandrov,SANTANA_LUIS,2464,2177,2,-1,B01,Scandinavian Defense: Modern Variation,5,daaleksandrov,white,SANTANA_LUIS,2464,2177,win,1.0
8PmTN2Yy,2026-02-01T19:50:37.411000+00:00,180+0,standard,blitz,True,resign,black,26,Kovl13,daaleksandrov,2106,2462,-1,2,A43,Benoni Defense: Old Benoni,2,daaleksandrov,black,Kovl13,2462,2106,win,1.0
xhh2m0yd,2026-02-01T19:44:17.710000+00:00,180+0,standard,blitz,True,outoftime,black,98,daaleksandrov,HCPAD1000,2471,2295,-9,9,B13,Caro-Kann Defense: Exchange Variation,5,daaleksandrov,white,HCPAD1000,2471,2295,loss,0.0
b0KV6BYF,2026-02-01T19:37:34.804000+00:00,180+0,standard,blitz,True,outoftime,white,93,caternion,daaleksandrov,2631,2474,3,-3,D37,Queen's Gambit Declined: Harrwitz Attack,9,daaleksandrov,black,caternion,2474,2631,loss,0.0
JeNlQP0r,2026-02-01T19:30:12.093000+00:00,180+0,standard,blitz,True,mate,black,80,GoValya,daaleksandrov,2320,2470,-3,4,B33,"Sicilian Defense: Lasker-Pelikan Variation, Schlechter Variation",11,daaleksandrov,black,GoValya,2470,2320,win,1.0
nfYKAaFO,2026-02-01T19:26:04.957000+00:00,180+0,standard,blitz,True,resign,white,9,daaleksandrov,DennisCreeveyColin,2469,2109,1,-1,B21,Sicilian Defense: McDonnell Attack,3,daaleksandrov,white,DennisCreeveyColin,2469,2109,win,1.0
gEt7PhiB,2026-02-01T19:22:29.391000+00:00,180+0,standard,blitz,True,mate,black,52,ex0008,daaleksandrov,1487,2469,0,0,B21,"Sicilian Defense: Smith-Morra Gambit Declined, Scandinavian Formation",6,daaleksandrov,black,ex0008,2469,1487,win,1.0
HOB13b29,2026-02-01T19:07:34.870000+00:00,180+0,standard,blitz,True,resign,white,81,daaleksandrov,bazar-wokzal,2464,2436,5,-5,B00,Nimzowitsch Defense: Declined Variation,3,daaleksandrov,white,bazar-wokzal,2464,2436,win,1.0
twpcuh9f,2026-02-01T19:01:02.499000+00:00,180+0,standard,blitz,True,outoftime,black,102,daaleksandrov,Kapsalon,2470,2469,-6,6,C47,Four Knights Game: Gunsberg Variation,7,daaleksandrov,white,Kapsalon,2470,2469,loss,0.0
ciVg2l3M,2026-02-01T16:38:28.678000+00:00,180+2,standard,blitz,True,resign,black,86,daaleksandrov,Big_Boom007,2473,2673,-3,5,D35,"Queen's Gambit Declined: Exchange Variation, Positional Variation",10,daaleksandrov,white,Big_Boom007,2473,2673,loss,0.0
e546lIaB,2026-02-01T16:26:25.612000+00:00,180+2,standard,blitz,True,outoftime,white,85,daaleksandrov,Amerika_MK,2470,2311,3,-3,B21,Sicilian Defense: McDonnell Attack,3,daaleksandrov,white,Amerika_MK,2470,2311,win,1.0
fqZWJicO,2026-02-01T16:12:27.872000+00:00,180+2,standard,blitz,True,resign,black,92,Al-20,daaleksandrov,2191,2468,-2,2,C24,Bishop's Opening: Berlin Defense,4,daaleksandrov,black,Al-20,2468,2191,win,1.0
8QxcOn69,2026-02-01T16:00:46.543000+00:00,180+2,standard,blitz,True,resign,white,125,daaleksandrov,igorx07,2467,2006,1,-1,C01,French Defense: Exchange Variation,7,daaleksandrov,white,igorx07,2467,2006,win,1.0
FhShGS5Y,2026-02-01T11:27:29.683000+00:00,180+0,standard,blitz,True,resign,white,41,daaleksandrov,Bair_NB,2466,2068,1,-1,B21,Sicilian Defense: McDonnell Attack,3,daaleksandrov,white,Bair_NB,2466,2068,win,1.0
SgsDMEV3,2026-02-01T11:23:44.230000+00:00,180+0,standard,blitz,True,mate,black,84,ALex_Mixeev,daaleksandrov,2125,2464,-1,2,A11,English Opening: Caro-Kann Defensive System,2,daaleksandrov,black,ALex_Mixeev,2464,2125,win,1.0
VoCHOmjf,2026-02-01T11:21:00.568000+00:00,180+0,standard,blitz,True,mate,white,45,daaleksandrov,PALMERODEL94,2464,1930,0,0,B21,Sicilian Defense: McDonnell Attack,3,daaleksandrov,white,PALMERODEL94,2464,1930,win,1.0
kqhig6tt,2026-02-01T23:01:36.200000+00:00,180+0,standard,blitz,True,mate,white,125,LiamPutnam2008,Corre_por_tu_vida,2873,2657,3,-2,E97,"King's Indian Defense: Orthodox Variation, Bayonet Attack, Sokolov's Line",19,LiamPutnam2008,white,Corre_por_tu_vida,2873,2657,win,1.0
rAzz49xy,2026-02-01T22:56:36.339000+00:00,180+0,standard,blitz,True,outoftime,black,60,Chameleonowitch,LiamPutnam2008,2739,2869,-3,4,A05,Zukertort Opening: Quiet System,3,LiamPutnam2008,black,Chameleonowitch,2869,2739,win,1.0
omLLNRyE,2026-01-31T05:50:11.837000+00:00,180+0,standard,blitz,True,resign,white,71,LiamPutnam2008,Cr_AKL,2865,2777,4,-6,D10,Slav Defense,5,LiamPutnam2008,white,Cr_AKL,2865,2777,win,1.0
qZrumEMZ,2026-01-31T05:47:18.971000+00:00,180+0,standard,blitz,True,resign,black,66,Cr_AKL,LiamPutnam2008,2783,2861,-6,4,E12,"Queen's Indian Defense: Kasparov-Petrosian Variation, Kasparov Attack",13,LiamPutnam2008,black,Cr_AKL,2861,2783,win,1.0
pWw3RkGa,2026-01-31T05:42:04.763000+00:00,180+0,standard,blitz,True,resign,black,82,LiamPutnam2008,Cr_AKL,2868,2773,-7,10,E24,Nimzo-Indian Defense: Sämisch Variation,7,LiamPutnam2008,white,Cr_AKL,2868,2773,loss,0.0
N1kGia6h,2026-01-31T05:37:33.676000+00:00,180+0,standard,blitz,True,resign,white,53,Cr_AKL,LiamPutnam2008,2762,2875,11,-7,E12,"Queen's Indian Defense: Kasparov-Petrosian Variation, Kasparov Attack",13,LiamPutnam2008,black,Cr_AKL,2875,2762,loss,0.0
xzRjjkm0,2026-01-31T05:28:05.312000+00:00,180+0,standard,blitz,True,resign,white,79,LiamPutnam2008,wikipedia1286,2874,2529,1,-2,E24,Nimzo-Indian Defense: Sämisch Variation,7,LiamPutnam2008,white,wikipedia1286,2874,2529,win,1.0
gwAHjsII,2026-01-31T05:22:58.616000+00:00,180+0,standard,blitz,True,resign,white,31,LiamPutnam2008,BocchoiBoi,2871,2660,3,-2,A42,Modern Defense: Kotov Variation,8,LiamPutnam2008,white,BocchoiBoi,2871,2660,win,1.0
F18Fi6Aa,2026-01-31T05:16:13.530000+00:00,180+0,standard,blitz,True,resign,white,81,LiamPutnam2008,paintingmoves,2869,2636,2,-2,A41,Rat Defense: English Rat,4,LiamPutnam2008,white,paintingmoves,2869,2636,win,1.0
HAZwqveH,2026-01-31T05:09:01.093000+00:00,180+0,standard,blitz,True,resign,black,90,Gallego_12,LiamPutnam2008,2517,2868,-3,1,E12,"Queen's Indian Defense: Kasparov-Petrosian Variation, Main Line",10,LiamPutnam2008,black,Gallego_12,2868,2517,win,1.0
6wc4JSjY,2026-01-31T05:04:56.128000+00:00,180+0,standard,blitz,True,resign,white,83,LiamPutnam2008,Gallego_12,2866,2519,2,-2,B42,"Sicilian Defense: Kan Variation, Modern Variation",9,LiamPutnam2008,white,Gallego_12,2866,2519,win,1.0
0uklodP5,2026-01-31T04:56:44.187000+00:00,180+0,standard,blitz,True,outoftime,black,78,zhuzhu415,LiamPutnam2008,2685,2863,-3,3,A22,"English Opening: King's English Variation, Adhiban Gambit",8,LiamPutnam2008,black,zhuzhu415,2863,2685,win,1.0
LNS6vDgS,2026-01-31T04:50:09.388000+00:00,180+0,standard,blitz,True,outoftime,black,118,Jamorris94,LiamPutnam2008,2738,2859,-4,4,B90,Sicilian Defense: Najdorf Variation,10,LiamPutnam2008,black,Jamorris94,2859,2738,win,1.0
QJSFLtrD,2026-01-31T04:44:19.114000+00:00,180+0,standard,blitz,True,resign,black,120,LiamPutnam2008,Jamorris94,2867,2730,-8,8,C02,"French Defense: Advance Variation, Extended Bishop Swap",6,LiamPutnam2008,white,Jamorris94,2867,2730,loss,0.0
RyIFeRyl,2026-01-31T03:44:25.537000+00:00,180+0,standard,blitz,True,resign,black,60,sloppydogg,LiamPutnam2008,2668,2864,-3,3,C72,"Ruy Lopez: Morphy Defense, Modern Steinitz Defense",9,LiamPutnam2008,black,sloppydogg,2864,2668,win,1.0
E6Fk16Rl,2026-01-31T02:26:34.375000+00:00,180+0,standard,blitz,True,resign,white,33,LiamPutnam2008,Benjamin-Netanyahu,2863,2530,1,-3,C10,"French Defense: Rubinstein Variation, Fort Knox Variation",10,LiamPutnam2008,white,Benjamin-Netanyahu,2863,2530,win,1.0
rrhcTwjw,2026-01-31T00:44:13.210000+00:00,180+0,standard,blitz,True,resign,black,80,winx_m,LiamPutnam2008,2928,2856,-7,7,D43,Semi-Slav Defense,8,LiamPutnam2008,black,winx_m,2856,2928,win,1.0
cprlMhRk,2026-01-31T00:40:19.850000+00:00,180+0,standard,blitz,True,resign,black,64,LiamPutnam2008,winx_m,2861,2923,-5,5,E26,Nimzo-Indian Defense: Sämisch Variation,11,LiamPutnam2008,white,winx_m,2861,2923,loss,0.0
Wx4673Eo,2026-01-31T00:35:19.749000+00:00,180+0,standard,blitz,True,resign,black,66,winx_m,LiamPutnam2008,2930,2853,-7,8,B53,Sicilian Defense: Chekhover Variation,7,LiamPutnam2008,black,winx_m,2853,2930,win,1.0
w1gtjRgd,2026-01-31T00:30:07.954000+00:00,180+0,standard,blitz,True,resign,white,121,LiamPutnam2008,winx_m,2846,2937,7,-7,B76,"Sicilian Defense: Dragon Variation, Yugoslav Attack, Modern Line",17,LiamPutnam2008,white,winx_m,2846,2937,win,1.0
3uWJsnmt,2026-01-31T00:27:11.895000+00:00,180+0,standard,blitz,True,resign,white,59,winx_m,LiamPutnam2008,2933,2851,4,-5,B25,Sicilian Defense: Closed,10,LiamPutnam2008,black,winx_m,2851,2933,loss,0.0
U0wP9VZv,2026-01-31T00:23:50.890000+00:00,180+0,standard,blitz,True,resign,black,68,LiamPutnam2008,winx_m,2855,2928,-4,5,E17,Queen's Indian Defense: Classical Variation,11,LiamPutnam2008,white,winx_m,2855,2928,loss,0.0
5hOGM7SY,2026-01-31T00:18:50.150000+00:00,180+0,standard,blitz,True,resign,white,99,winx_m,LiamPutnam2008,2924,2860,4,-5,E05,"Catalan Opening: Open Defense, Classical Line",12,LiamPutnam2008,black,winx_m,2860,2924,loss,0.0
TPcRDsPB,2026-01-31T00:13:52.006000+00:00,180+0,standard,blitz,True,resign,white,89,LiamPutnam2008,winx_m,2853,2930,7,-6,B96,Sicilian Defense: Najdorf Variation,13,LiamPutnam2008,white,winx_m,2853,2930,win,1.0
EHjlOvrn,2026-01-31T00:09:23.485000+00:00,180+0,standard,blitz,True,draw,,95,AlwaysLookingForMore,LiamPutnam2008,2638,2856,4,-3,E62,"King's Indian Defense: Fianchetto Variation, Larsen Defense",14,LiamPutnam2008,black,AlwaysLookingForMore,2856,2638,draw,0.5
rgycUxFN,2026-01-31T00:02:50.969000+00:00,180+0,standard,blitz,True,outoftime,black,174,K-Georgiev,LiamPutnam2008,2791,2851,-10,5,B20,Sicilian Defense: Bowdler Attack,3,LiamPutnam2008,black,K-Georgiev,2851,2791,win,1.0
tFK1ZNvD,2026-01-30T23:57:56.032000+00:00,180+0,standard,blitz,True,resign,white,229,LiamPutnam2008,MelkMaschinenMeister,2849,2644,2,-3,B10,Caro-Kann Defense: Two Knights Attack,5,LiamPutnam2008,white,MelkMaschinenMeister,2849,2644,win,1.0
KXiI1E9h,2026-01-30T23:56:55.573000+00:00,180+0,standard,blitz,True,mate,black,46,MelkMaschinenMeister,LiamPutnam2008,2647,2846,-3,3,E92,"King's Indian Defense: Petrosian Variation, Stein Defense",14,LiamPutnam2008,black,MelkMaschinenMeister,2846,2647,win,1.0
4yMzDFQf,2026-01-30T23:52:48.575000+00:00,180+0,standard,blitz,True,resign,white,113,LiamPutnam2008,MelkMaschinenMeister,2843,2649,3,-2,E12,"Queen's Indian Defense: Kasparov-Petrosian Variation, Kasparov Attack",13,LiamPutnam2008,white,MelkMaschinenMeister,2843,2649,win,1.0
L0zl96L8,2026-01-30T23:50:25.264000+00:00,180+0,standard,blitz,True,resign,black,72,MelkMaschinenMeister,LiamPutnam2008,2652,2840,-3,3,E92,"King's Indian Defense: Petrosian Variation, Stein Defense",14,LiamPutnam2008,black,MelkMaschinenMeister,2840,2652,win,1.0
DP0pxeGb,2026-02-01T18:56:13.904000+00:00,180+0,standard,blitz,True,draw,,123,Odetaaari,Bratwurstschach,2824,2680,-2,2,D90,Grünfeld Defense: Three Knights Variation,8,Odetaaari,white,Bratwurstschach,2824,2680,draw,0.5
qjnzlb9t,2026-02-01T18:18:46.947000+00:00,180+0,standard,blitz,True,resign,white,69,khvichachess,Odetaaari,2696,2863,8,-9,B51,Sicilian Defense: Moscow Variation,5,Odetaaari,black,khvichachess,2863,2696,loss,0.0
fpSqp2ur,2026-02-01T18:10:06.112000+00:00,180+0,standard,blitz,True,resign,white,121,Sobino106,Odetaaari,2703,2872,9,-9,B92,"Sicilian Defense: Najdorf Variation, Opocensky Variation, Traditional Line",16,Odetaaari,black,Sobino106,2872,2703,loss,0.0
4jhrTL3r,2026-01-31T16:13:20.166000+00:00,180+0,standard,blitz,True,mate,white,105,Odetaaari,Italiangangster,2878,2713,3,-3,D43,Semi-Slav Defense,8,Odetaaari,white,Italiangangster,2878,2713,win,1.0
c7bb1aON,2026-01-31T16:08:06.138000+00:00,180+0,standard,blitz,True,resign,black,90,Italiangangster,Odetaaari,2716,2874,-3,4,B92,"Sicilian Defense: Najdorf Variation, Opocensky Variation",11,Odetaaari,black,Italiangangster,2874,2716,win,1.0
Efvb9pEv,2026-01-31T16:03:41.272000+00:00,180+0,standard,blitz,True,resign,white,53,Odetaaari,Italiangangster,2870,2720,4,-4,D24,Queen's Gambit Accepted,9,Odetaaari,white,Italiangangster,2870,2720,win,1.0
uuH2PpY9,2026-01-31T16:00:58.616000+00:00,180+0,standard,blitz,True,resign,black,48,Italiangangster,Odetaaari,2723,2866,-3,4,B92,"Sicilian Defense: Najdorf Variation, Opocensky Variation",11,Odetaaari,black,Italiangangster,2866,2723,win,1.0
XFMUrFT3,2026-01-31T15:54:36.798000+00:00,180+0,standard,blitz,True,resign,black,80,TancrediScofield,Odetaaari,2679,2862,-3,4,A05,Zukertort Opening,2,Odetaaari,black,TancrediScofield,2862,2679,win,1.0
0VPQoJ4C,2026-01-27T20:26:29.688000+00:00,180+0,standard,blitz,True,outoftime,white,79,Odetaaari,EtienneBacrot,2856,2844,6,-15,D20,"Queen's Gambit Accepted: Central Variation, McDonnell Defense",6,Odetaaari,white,EtienneBacrot,2856,2844,win,1.0
hIFJZtf8,2026-01-27T20:18:14.609000+00:00,180+0,standard,blitz,True,resign,white,93,Odetaaari,Xavijhz29,2853,2678,3,-3,D37,Queen's Gambit Declined: Three Knights Variation,7,Odetaaari,white,Xavijhz29,2853,2678,win,1.0
izkVvPfW,2026-01-27T20:10:29.257000+00:00,180+0,standard,blitz,True,resign,white,25,titan00013,Odetaaari,2669,2862,9,-9,B90,"Sicilian Defense: Najdorf Variation, English Attack",11,Odetaaari,black,titan00013,2862,2669,loss,0.0
DXiLuSw7,2026-01-27T20:08:16.977000+00:00,180+0,standard,blitz,True,resign,white,47,Odetaaari,titan00013,2859,2672,3,-3,D20,"Queen's Gambit Accepted: Central Variation, Alekhine System",6,Odetaaari,white,titan00013,2859,2672,win,1.0
01iNDo4g,2026-01-27T20:00:39.800000+00:00,180+0,standard,blitz,True,resign,white,89,Odetaaari,Chigorinez,2855,2719,4,-3,D20,"Queen's Gambit Accepted: Central Variation, Modern Defense",6,Odetaaari,white,Chigorinez,2855,2719,win,1.0
q4jIcVS7,2026-01-27T19:20:45.615000+00:00,180+0,standard,blitz,True,mate,white,59,Odetaaari,Agent_Kapov,2834,2848,8,-17,D20,"Queen's Gambit Accepted: Central Variation, Alekhine System",6,Odetaaari,white,Agent_Kapov,2834,2848,win,1.0
p75h6Ty3,2026-01-27T19:17:21.707000+00:00,180+0,standard,blitz,True,resign,black,42,Odetaaari,Agent_Kapov,2842,2829,-8,19,D20,"Queen's Gambit Accepted: Central Variation, Alekhine System",6,Odetaaari,white,Agent_Kapov,2842,2829,loss,0.0
EGdcM89d,2026-01-27T19:03:46.122000+00:00,180+0,standard,blitz,True,resign,black,74,Odetaaari,specteryamasaki,2854,2654,-12,9,D30,Queen's Gambit Declined,4,Odetaaari,white,specteryamasaki,2854,2654,loss,0.0
e3CApSWA,2026-01-27T18:58:19.049000+00:00,180+0,standard,blitz,True,resign,black,64,specteryamasaki,Odetaaari,2658,2850,-4,4,E06,Catalan Opening: Closed,9,Odetaaari,black,specteryamasaki,2850,2658,win,1.0
HJghJlz7,2026-01-26T19:43:36.954000+00:00,180+0,standard,blitz,True,mate,white,135,Odetaaari,Kamalkhan77,2844,2651,4,-3,D38,"Queen's Gambit Declined: Ragozin Defense, Alekhine Variation",9,Odetaaari,white,Kamalkhan77,2844,2651,win,1.0
7nLeIMdV,2026-01-26T19:11:47.867000+00:00,180+0,standard,blitz,True,mate,white,127,Odetaaari,ViejoTortuga,2841,2763,7,-4,D43,Semi-Slav Defense,8,Odetaaari,white,ViejoTortuga,2841,2763,win,1.0
izbLF0fT,2026-01-26T19:05:59.962000+00:00,180+0,standard,blitz,True,resign,black,74,ViejoTortuga,Odetaaari,2768,2834,-5,7,A15,"English Opening: Anglo-Indian Defense, King's Knight Variation",3,Odetaaari,black,ViejoTortuga,2834,2768,win,1.0
4WAT0WkF,2026-01-26T18:59:08.723000+00:00,180+0,standard,blitz,True,mate,white,61,Odetaaari,superpower4,2829,2659,5,-2,D37,"Queen's Gambit Declined: Harrwitz Attack, Orthodox Defense",12,Odetaaari,white,superpower4,2829,2659,win,1.0
MQUVBPLE,2026-01-26T18:51:25.921000+00:00,180+0,standard,blitz,True,resign,black,70,Opteron85,Odetaaari,2637,2824,-3,5,D55,"Queen's Gambit Declined: Modern Variation, Normal Line",11,Odetaaari,black,Opteron85,2824,2637,win,1.0
TG1pj5NY,2026-01-26T18:44:09.053000+00:00,180+0,standard,blitz,True,mate,black,62,manneredmonkey,Odetaaari,2634,2819,-3,5,A13,English Opening: Agincourt Defense,2,Odetaaari,black,manneredmonkey,2819,2634,win,1.0
fcPv6tq7,2026-01-25T20:00:42.274000+00:00,180+0,standard,blitz,True,resign,black,70,Odetaaari,TheRealGenghisKhan,2845,2767,-14,7,E97,"King's Indian Defense: Orthodox Variation, Bayonet Attack",17,Odetaaari,white,TheRealGenghisKhan,2845,2767,loss,0.0
EwiPkcLF,2026-01-25T19:56:16.841000+00:00,180+0,standard,blitz,True,resign,white,49,Odetaaari,Paradoxxx1,2838,2707,7,-3,A40,Queen's Pawn Game,1,Odetaaari,white,Paradoxxx1,2838,2707,win,1.0
lehIvihc,2026-01-25T19:49:14.127000+00:00,180+0,standard,blitz,True,mate,white,163,Schacho93,Odetaaari,2721,2853,7,-15,D02,"Queen's Pawn Game: Symmetrical Variation, Pseudo-Catalan",5,Odetaaari,black,Schacho93,2853,2721,loss,0.0
UtviTTbe,2026-01-24T20:02:06.813000+00:00,180+0,standard,blitz,True,outoftime,black,104,elconceto,Odetaaari,2903,2824,-7,16,B50,Sicilian Defense: Modern Variations,4,Odetaaari,black,elconceto,2824,2903,win,1.0
RfUcDQcP,2026-01-24T19:57:20.774000+00:00,180+0,standard,blitz,True,resign,white,69,Odetaaari,filolog,2814,2726,10,-4,D30,"Queen's Gambit Declined: Tarrasch Defense, Pseudo-Tarrasch",6,Odetaaari,white,filolog,2814,2726,win,1.0
ywfE5jum,2026-01-24T19:53:21.622000+00:00,180+0,standard,blitz,True,draw,,78,filolog,Odetaaari,2725,2817,1,-3,B22,"Sicilian Defense: Alapin Variation, Smith-Morra Declined",8,Odetaaari,black,filolog,2817,2725,draw,0.5
KnyUKtoK,2026-01-24T19:47:12.859000+00:00,180+0,standard,blitz,True,resign,black,66,Odetaaari,khubushka2007,2834,2781,-17,6,E94,"King's Indian Defense: Orthodox Variation, Positional Defense",14,Odetaaari,white,khubushka2007,2834,2781,loss,0.0
BRdiv92z,2026-01-13T14:08:14.045000+00:00,0+1,standard,bullet,True,resign,black,107,EltajSafarli,chessplayer202024,3018,3248,-3,3,E62,"King's Indian Defense: Fianchetto Variation, Uhlmann-Szabo System",14,chessplayer202024,black,EltajSafarli,3248,3018,win,1.0
Sk0iaBpN,2026-01-13T14:06:33.679000+00:00,0+1,standard,bullet,True,resign,black,98,chessplayer202024,EltajSafarli,3258,3008,-10,10,A45,Indian Defense: Accelerated London System,3,chessplayer202024,white,EltajSafarli,3258,3008,loss,0.0
V33mxMf6,2026-01-13T14:04:58.254000+00:00,0+1,standard,bullet,True,outoftime,white,75,EltajSafarli,chessplayer202024,2999,3267,9,-9,A04,Zukertort Opening: Kingside Fianchetto,2,chessplayer202024,black,EltajSafarli,3267,2999,loss,0.0
YGGmdinR,2026-01-13T14:03:53.667000+00:00,0+1,standard,bullet,True,outoftime,white,53,chessplayer202024,EltajSafarli,3265,3001,2,-2,A45,Trompowsky Attack: Classical Defense,4,chessplayer202024,white,EltajSafarli,3265,3001,win,1.0
vcAPd86p,2026-01-13T14:01:02.400000+00:00,0+1,standard,bullet,True,resign,white,151,EltajSafarli,chessplayer202024,2991,3275,10,-10,B08,"Pirc Defense: Classical Variation, Quiet System",9,chessplayer202024,black,EltajSafarli,3275,2991,loss,0.0
cmOpOSNs,2026-01-13T14:00:04.203000+00:00,0+1,standard,bullet,True,mate,white,53,chessplayer202024,EltajSafarli,3273,2993,2,-2,B30,Sicilian Defense: Old Sicilian,4,chessplayer202024,white,EltajSafarli,3273,2993,win,1.0
aGvkqN6R,2026-01-13T13:59:16.732000+00:00,0+1,standard,bullet,True,outoftime,black,34,EltajSafarli,chessplayer202024,2995,3270,-2,3,A43,Benoni Defense: Benoni Gambit Accepted,3,chessplayer202024,black,EltajSafarli,3270,2995,win,1.0
DeAKvYmp,2026-01-13T13:57:06.404000+00:00,0+1,standard,bullet,True,resign,white,123,chessplayer202024,EltajSafarli,3269,2997,1,-2,C54,"Italian Game: Classical Variation, Giuoco Pianissimo, with h6",12,chessplayer202024,white,EltajSafarli,3269,2997,win,1.0
Ivz3nusM,2026-01-13T13:55:44.540000+00:00,0+1,standard,bullet,True,resign,black,76,EltajSafarli,chessplayer202024,2999,3266,-2,3,B13,Caro-Kann Defense: Panov Attack,7,chessplayer202024,black,EltajSafarli,3266,2999,win,1.0
WaWuzL7R,2026-01-13T13:54:41.315000+00:00,0+1,standard,bullet,True,outoftime,white,53,chessplayer202024,EltajSafarli,3264,3001,2,-2,A48,Torre Attack: Fianchetto Defense,5,chessplayer202024,white,EltajSafarli,3264,3001,win,1.0
YkIZydEK,2026-01-11T11:54:01.010000+00:00,30+0,standard,bullet,True,outoftime,black,86,EltajSafarli,chessplayer202024,3004,3262,-3,2,A45,Indian Defense: Reversed Chigorin Defense,4,chessplayer202024,black,EltajSafarli,3262,3004,win,1.0
TZkxkR4D,2026-01-11T11:53:37.174000+00:00,30+0,standard,bullet,True,mate,white,33,chessplayer202024,EltajSafarli,3260,3006,2,-2,A43,Benoni Defense: Benoni Gambit Accepted,3,chessplayer202024,white,EltajSafarli,3260,3006,win,1.0
tTzVUnF6,2026-01-11T11:52:53.838000+00:00,30+0,standard,bullet,True,resign,black,42,EltajSafarli,chessplayer202024,3008,3257,-2,3,B23,Sicilian Defense: Closed,3,chessplayer202024,black,EltajSafarli,3257,3008,win,1.0
MLygizm8,2026-01-11T11:02:53.567000+00:00,0+1,standard,bullet,True,draw,,97,chessplayer202024,Ediz_Gurel,3258,3258,-1,0,C58,"Italian Game: Two Knights Defense, Polerio Defense, Bishop Check Line",11,chessplayer202024,white,Ediz_Gurel,3258,3258,draw,0.5
97uT76Tp,2026-01-11T11:01:18.372000+00:00,0+1,standard,bullet,True,resign,black,80,Ediz_Gurel,chessplayer202024,3264,3251,-6,7,C67,"Ruy Lopez: Berlin Defense, Rio Gambit Accepted",8,chessplayer202024,black,Ediz_Gurel,3251,3264,win,1.0
O0hYew8p,2026-01-11T11:00:22.689000+00:00,0+1,standard,bullet,True,resign,white,47,chessplayer202024,Ediz_Gurel,3246,3270,5,-6,C41,"Philidor Defense: Lion Variation, Shirov Gambit",9,chessplayer202024,white,Ediz_Gurel,3246,3270,win,1.0
TrAOFz4v,2026-01-11T10:59:09.804000+00:00,0+1,standard,bullet,True,outoftime,black,60,Ediz_Gurel,chessplayer202024,3276,3239,-6,7,A01,Nimzo-Larsen Attack,1,chessplayer202024,black,Ediz_Gurel,3239,3276,win,1.0
jnfidv3B,2026-01-11T10:56:54.862000+00:00,0+1,standard,bullet,True,outoftime,black,96,chessplayer202024,Ediz_Gurel,3244,3271,-5,5,C50,"Italian Game: Giuoco Pianissimo, Normal",8,chessplayer202024,white,Ediz_Gurel,3244,3271,loss,0.0
T7Nja7ZH,2026-01-11T10:55:39.924000+00:00,0+1,standard,bullet,True,outoftime,black,60,Ediz_Gurel,chessplayer202024,3277,3238,-6,6,B23,"Sicilian Defense: Closed, Korchnoi Defense",6,chessplayer202024,black,Ediz_Gurel,3238,3277,win,1.0
kaaqZfjI,2026-01-11T10:54:41.612000+00:00,0+1,standard,bullet,True,outoftime,white,43,chessplayer202024,Ediz_Gurel,3231,3284,7,-7,D35,Queen's Gambit Declined: Exchange Variation,7,chessplayer202024,white,Ediz_Gurel,3231,3284,win,1.0
NLnqykgw,2026-01-11T10:46:48.582000+00:00,0+1,standard,bullet,True,resign,white,89,chessplayer202024,Ediz_Gurel,3228,3287,7,-6,C41,"Philidor Defense: Lion Variation, Shirov Gambit",9,chessplayer202024,white,Ediz_Gurel,3228,3287,win,1.0
xVrvrUfg,2026-01-11T10:45:52.482000+00:00,0+1,standard,bullet,True,resign,white,57,Ediz_Gurel,chessplayer202024,3282,3233,5,-5,B06,Modern Defense,2,chessplayer202024,black,Ediz_Gurel,3233,3282,loss,0.0
5N6Hzkh5,2026-01-11T10:42:26.814000+00:00,0+1,standard,bullet,True,stalemate,,136,Ediz_Gurel,chessplayer202024,3290,3224,-1,1,A43,Benoni Defense: Benoni Gambit Accepted,3,chessplayer202024,black,Ediz_Gurel,3224,3290,draw,0.5
jLUBE2Ml,2026-01-11T10:40:06.323000+00:00,0+1,standard,bullet,True,outoftime,black,58,Ediz_Gurel,chessplayer202024,3292,3221,-7,9,B01,Scandinavian Defense: Richter Variation,8,chessplayer202024,black,Ediz_Gurel,3221,3292,win,1.0
7nKa2gnB,2026-01-10T13:53:26.858000+00:00,30+0,standard,bullet,True,resign,white,27,chessplayer202024,chess-art-us,3233,3244,8,-6,A43,Benoni Defense: Benoni Gambit Accepted,3,chessplayer202024,white,chess-art-us,3233,3244,win,1.0
qqh4hMm7,2026-01-10T13:52:15.944000+00:00,30+0,standard,bullet,True,outoftime,black,132,chess-art-us,chessplayer202024,3250,3223,-6,10,A04,Zukertort Opening: Kingside Fianchetto,2,chessplayer202024,black,chess-art-us,3223,3250,win,1.0
R2erfnvQ,2026-01-10T13:51:03.150000+00:00,30+0,standard,bullet,True,outoftime,,124,chessplayer202024,chess-art-us,3223,3250,0,0,D01,Rapport-Jobava System,5,chessplayer202024,white,chess-art-us,3223,3250,draw,0.5
bYCcGIcr,2026-01-10T13:49:56.100000+00:00,30+0,standard,bullet,True,outoftime,white,111,chess-art-us,chessplayer202024,3245,3231,5,-8,A04,Zukertort Opening: Ross Gambit,2,chessplayer202024,black,chess-art-us,3231,3245,loss,0.0
ySVOjEHB,2026-01-10T13:48:49.826000+00:00,30+0,standard,bullet,True,outoftime,black,100,chessplayer202024,chess-art-us,3240,3239,-9,6,A45,Indian Defense: Gibbins-Weidenhagen Gambit Accepted,4,chessplayer202024,white,chess-art-us,3240,3239,loss,0.0
gIxcGTG7,2025-12-25T19:45:24.252000+00:00,180+0,standard,blitz,True,resign,white,99,chessplayer202024,Mischuk_D,2804,2723,23,-4,A00,Van't Kruijs Opening,1,chessplayer202024,white,Mischuk_D,2804,2723,win,1.0
n9VGdIQX,2026-02-01T16:12:23.132000+00:00,120+1,standard,bullet,True,resign,black,78,goson10,huss14,2279,2293,-6,6,B20,Sicilian Defense,2,huss14,black,goson10,2293,2279,win,1.0
A0B0222m,2026-02-01T16:07:04.574000+00:00,120+1,standard,bullet,True,resign,white,67,sampdotia2,huss14,2444,2297,3,-4,A00,Mieses Opening,1,huss14,black,sampdotia2,2297,2444,loss,0.0
zWmp273p,2026-02-01T09:52:40.820000+00:00,120+1,standard,bullet,True,outoftime,white,109,kalev27,huss14,2314,2304,6,-5,B08,Pirc Defense: Classical Variation,8,huss14,black,kalev27,2304,2314,loss,0.0
svRsYDE1,2026-01-31T16:40:50.999000+00:00,120+1,standard,bullet,True,outoftime,white,63,huss14,krasno2,2309,2196,4,-3,A43,Benoni Defense: Old Benoni,3,huss14,white,krasno2,2309,2196,win,1.0
Nb8qJ9Ij,2026-01-31T16:34:14.033000+00:00,120+1,standard,bullet,True,outoftime,black,72,Tomasas,huss14,2207,2305,-5,4,B22,"Sicilian Defense: Alapin Variation, Smith-Morra Declined",8,huss14,black,Tomasas,2305,2207,win,1.0
Z7gjrA3k,2026-01-31T16:26:48.708000+00:00,120+1,standard,bullet,True,outoftime,black,76,Ganie,huss14,2187,2301,-4,4,A16,"English Opening: Anglo-Indian Defense, Queen's Knight Variation",3,huss14,black,Ganie,2301,2187,win,1.0
xPlsyNDa,2026-01-31T16:23:54.561000+00:00,120+1,standard,bullet,True,resign,black,39,snowboardingforever,huss14,2158,2297,-4,4,D00,Queen's Pawn Game: Hübsch Gambit,5,huss14,black,snowboardingforever,2297,2158,win,1.0
vhoyHc9i,2026-01-31T16:19:44.442000+00:00,120+1,standard,bullet,True,resign,black,42,elwied,huss14,2306,2291,-7,6,E94,"King's Indian Defense: Orthodox Variation, Glek Defense",14,huss14,black,elwied,2291,2306,win,1.0
CsyiqYPu,2026-01-31T10:54:12.555000+00:00,120+1,standard,bullet,True,outoftime,white,51,huss14,drbigem,2283,2436,8,-8,A80,Dutch Defense: Hopton Attack,3,huss14,white,drbigem,2283,2436,win,1.0
k7IyUXbT,2026-01-31T10:44:42.740000+00:00,120+1,standard,bullet,True,resign,white,59,huss14,Atash_Kerimov777,2283,2333,6,-6,A40,English Defense,2,huss14,white,Atash_Kerimov777,2283,2333,win,1.0
jKmms1hr,2026-01-31T10:37:16.524000+00:00,120+1,standard,bullet,True,resign,white,111,huss14,slowhanf,2277,2297,6,-6,D01,Rapport-Jobava System,5,huss14,white,slowhanf,2277,2297,win,1.0
1h2vIGlT,2026-01-30T15:17:44.630000+00:00,120+1,standard,bullet,True,resign,white,53,huss14,medussa1,2277,2249,5,-5,D01,Rapport-Jobava System,5,huss14,white,medussa1,2277,2249,win,1.0
eEStaYsB,2026-01-27T21:06:18.899000+00:00,120+1,standard,bullet,True,resign,white,41,Fuserbew,huss14,2437,2293,3,-3,B32,Sicilian Defense: Accelerated Dragon,8,huss14,black,Fuserbew,2293,2437,loss,0.0
B09Re9g5,2026-01-27T18:51:11.788000+00:00,600+0,standard,rapid,True,resign,white,114,huss14,I_hate_chess10,2615,2450,5,-9,D01,Rapport-Jobava System,5,huss14,white,I_hate_chess10,2615,2450,win,1.0
GHAkMZfN,2026-01-27T18:45:34.903000+00:00,180+2,standard,blitz,True,resign,white,45,huss14,Efemeris,2227,2357,8,-7,D01,Rapport-Jobava System,5,huss14,white,Efemeris,2227,2357,win,1.0
uhit0QFX,2026-01-25T19:19:19.127000+00:00,60+0,standard,bullet,True,resign,black,58,huss14,Raymond035,2298,2348,-5,5,A40,Horwitz Defense,2,huss14,white,Raymond035,2298,2348,loss,0.0
aF7fUzMG,2026-01-25T19:09:38.897000+00:00,120+1,standard,bullet,True,outoftime,white,87,huss14,dijamant7,2303,2245,5,-5,A45,Indian Defense,2,huss14,white,dijamant7,2303,2245,win,1.0
aIsidktb,2026-01-25T19:01:42.424000+00:00,180+2,standard,blitz,True,resign,white,75,huss14,Mannas2024,2239,2273,6,-6,D01,Rapport-Jobava System,5,huss14,white,Mannas2024,2239,2273,win,1.0
WshFgswY,2026-01-25T18:53:03.164000+00:00,180+2,standard,blitz,True,outoftime,white,69,huss14,adamiva5,2232,2294,7,-6,A45,Indian Defense,2,huss14,white,adamiva5,2232,2294,win,1.0
kporhZer,2026-01-25T11:35:47.093000+00:00,120+1,standard,bullet,True,resign,white,57,huss14,onlineblitz,2286,2179,3,-4,B06,Modern Defense: Standard Defense,6,huss14,white,onlineblitz,2286,2179,win,1.0
DoPPjRZX,2026-01-25T11:18:51.184000+00:00,120+1,standard,bullet,True,resign,white,47,huss14,onlineblitz,2280,2191,4,-4,D01,Rapport-Jobava System,5,huss14,white,onlineblitz,2280,2191,win,1.0
87WVz9Ki,2026-01-25T09:55:02.989000+00:00,120+1,standard,bullet,True,outoftime,black,106,geeniuus1001,huss14,2320,2279,-7,6,B24,Sicilian Defense: Closed,8,huss14,black,geeniuus1001,2279,2320,win,1.0
AD6RkuBb,2026-01-25T09:41:35.483000+00:00,120+1,standard,bullet,True,outoftime,white,59,huss14,Najdorfischer,2274,2246,5,-5,D01,Rapport-Jobava System,6,huss14,white,Najdorfischer,2274,2246,win,1.0
7JT3dBj2,2026-01-25T09:13:33.660000+00:00,120+1,standard,bullet,True,outoftime,black,64,TmSg75,huss14,2155,2270,-4,4,B30,Sicilian Defense: Nyezhmetdinov-Rossolimo Attack,5,huss14,black,TmSg75,2270,2155,win,1.0
B1vrCZPV,2026-01-25T08:41:16.203000+00:00,120+1,standard,bullet,True,resign,white,49,huss14,hruotane,2264,2308,7,-7,B06,Modern Defense: Standard Defense,6,huss14,white,hruotane,2264,2308,win,1.0
CwPSHEYB,2026-01-24T18:10:06.515000+00:00,600+0,standard,rapid,True,resign,black,58,Ggzeitgod,huss14,2446,2610,-9,5,B30,Sicilian Defense: Nyezhmetdinov-Rossolimo Attack,5,huss14,black,Ggzeitgod,2610,2446,win,1.0
qIkGduiH,2026-01-24T17:53:49.807000+00:00,600+0,standard,rapid,True,mate,white,119,huss14,think-king,2605,2443,5,-5,D01,Rapport-Jobava System,5,huss14,white,think-king,2605,2443,win,1.0
P2DwVimj,2026-01-24T11:17:36.465000+00:00,180+2,standard,blitz,True,resign,black,52,irfanR,huss14,2223,2233,-6,6,E60,"King's Indian Defense: Normal Variation, King's Knight Variation",5,huss14,black,irfanR,2233,2223,win,1.0
7z3rpHnz,2026-01-23T18:51:50.245000+00:00,120+1,standard,bullet,True,outoftime,black,54,Dinant,huss14,2259,2258,-6,6,B30,Sicilian Defense: Nyezhmetdinov-Rossolimo Attack,5,huss14,black,Dinant,2258,2259,win,1.0
vgl8R7m1,2026-01-23T18:13:55.917000+00:00,600+0,standard,rapid,True,draw,,76,huss14,dolynachess,2603,2672,2,-3,D01,Rapport-Jobava System,6,huss14,white,dolynachess,2603,2672,draw,0.5
WOh3tlLq,2026-02-01T17:42:55.397000+00:00,600+0,standard,rapid,True,resign,black,48,Knightdwarf,ein-shy-guy,2345,2547,-3,3,E08,Catalan Opening: Closed,13,ein-shy-guy,black,Knightdwarf,2547,2345,win,1.0
FYk5IPiK,2026-01-31T20:54:29.560000+00:00,600+0,standard,rapid,True,resign,black,39,ein-shy-guy,CHESSAMS,2550,2376,-9,13,C57,"Italian Game: Two Knights Defense, Ulvestad Variation",10,ein-shy-guy,white,CHESSAMS,2550,2376,loss,0.0
AGDzQyBv,2026-01-31T20:45:06.524000+00:00,600+0,standard,rapid,True,draw,,46,Sultai,ein-shy-guy,2538,2550,0,0,B50,"Sicilian Defense: Delayed Alapin Variation, with d6",5,ein-shy-guy,black,Sultai,2550,2538,draw,0.5
itR8cvO5,2026-01-31T20:31:20.085000+00:00,600+0,standard,rapid,True,resign,black,68,valeriusballa,ein-shy-guy,2418,2546,-3,4,E32,Nimzo-Indian Defense: Classical Variation,7,ein-shy-guy,black,valeriusballa,2546,2418,win,1.0
FhFauGM2,2026-01-31T20:17:46.323000+00:00,600+0,standard,rapid,True,resign,white,63,Larrythecabledude,ein-shy-guy,2617,2550,4,-4,A14,"English Opening: Agincourt Defense, Neo-Catalan Declined",14,ein-shy-guy,black,Larrythecabledude,2550,2617,loss,0.0
le5XELvT,2026-01-31T19:56:52.483000+00:00,600+0,standard,rapid,True,draw,,139,ein-shy-guy,ruslandag05,2554,2351,-4,3,B31,"Sicilian Defense: Nyezhmetdinov-Rossolimo Attack, Fianchetto Variation",6,ein-shy-guy,white,ruslandag05,2554,2351,draw,0.5
yKVOW0yq,2026-01-30T13:53:47.807000+00:00,600+0,standard,rapid,True,resign,black,100,ein-shy-guy,iyisatranc,2560,2514,-6,7,C57,"Italian Game: Two Knights Defense, Ulvestad Variation",10,ein-shy-guy,white,iyisatranc,2560,2514,loss,0.0
LGGJi2Yf,2026-01-30T13:34:21.890000+00:00,600+0,standard,rapid,True,resign,white,91,ein-shy-guy,kinG_Hunter-1,2557,2379,3,-2,B90,Sicilian Defense: Najdorf Variation,10,ein-shy-guy,white,kinG_Hunter-1,2557,2379,win,1.0
YpzEcI0Z,2026-01-30T11:30:17.229000+00:00,600+0,standard,rapid,True,resign,white,59,Skjernholm,ein-shy-guy,2465,2564,30,-7,B51,Sicilian Defense: Moscow Variation,5,ein-shy-guy,black,Skjernholm,2564,2465,loss,0.0
mysDBbj8,2026-01-29T12:28:06.013000+00:00,600+0,standard,rapid,True,outoftime,black,142,ShahxaibKhan,ein-shy-guy,2430,2562,-6,4,B23,Sicilian Defense: Closed,3,ein-shy-guy,black,ShahxaibKhan,2562,2430,win,1.0
vdV71NUF,2026-01-29T10:25:07.138000+00:00,600+0,standard,rapid,True,outoftime,white,107,ein-shy-guy,iyisatranc,2554,2520,5,-6,C57,"Italian Game: Two Knights Defense, Ulvestad Variation",10,ein-shy-guy,white,iyisatranc,2554,2520,win,1.0
71KbWdXa,2026-01-28T07:24:04.330000+00:00,600+0,standard,rapid,True,resign,black,130,ein-shy-guy,OsamaElWakeel,2549,2433,-8,8,B12,Caro-Kann Defense: Advance Variation,5,ein-shy-guy,white,OsamaElWakeel,2549,2433,loss,0.0
sxOYF4ZW,2026-01-26T20:24:24.965000+00:00,600+0,standard,rapid,True,resign,black,94,ein-shy-guy,ShellingFord92,2555,2576,-5,11,C43,"Petrov's Defense: Modern Attack, Center Variation",7,ein-shy-guy,white,ShellingFord92,2555,2576,loss,0.0
ujrQnb7a,2026-01-26T17:42:33.593000+00:00,600+0,standard,rapid,True,resign,black,75,FourknightAttack,ein-shy-guy,2494,2550,-10,5,B90,Sicilian Defense: Najdorf Variation,10,ein-shy-guy,black,FourknightAttack,2550,2494,win,1.0
P56lT4F7,2026-01-26T14:45:11.806000+00:00,600+0,standard,rapid,True,stalemate,,152,ein-shy-guy,subwaycookie007,2557,2474,-1,2,B90,Sicilian Defense: Najdorf Variation,10,ein-shy-guy,white,subwaycookie007,2557,2474,draw,0.5
SQgXEZAU,2026-01-26T09:54:06.084000+00:00,600+0,standard,rapid,True,resign,white,97,ein-shy-guy,yulduz_xamidova_2012,2550,2408,4,-3,B01,Scandinavian Defense: Modern Variation,4,ein-shy-guy,white,yulduz_xamidova_2012,2550,2408,win,1.0
0X6fneJR,2026-01-25T23:06:08.244000+00:00,600+0,standard,rapid,True,resign,black,56,Larrythecabledude,ein-shy-guy,2610,2543,-7,7,A14,"English Opening: Agincourt Defense, Neo-Catalan Declined",11,ein-shy-guy,black,Larrythecabledude,2543,2610,win,1.0
pavGPdrG,2026-01-25T16:30:14.218000+00:00,600+0,standard,rapid,True,mate,black,94,ein-shy-guy,VuvukVuveliy,2548,2593,-5,6,B12,Caro-Kann Defense: Advance Variation,5,ein-shy-guy,white,VuvukVuveliy,2548,2593,loss,0.0
fWbb9bGx,2026-01-25T14:57:49.636000+00:00,600+0,standard,rapid,True,resign,white,79,Gustav-Baecker,ein-shy-guy,2434,2556,9,-8,B90,"Sicilian Defense: Najdorf Variation, Lipnitsky Attack",11,ein-shy-guy,black,Gustav-Baecker,2556,2434,loss,0.0
kZY77jtd,2026-01-25T13:19:09.418000+00:00,600+0,standard,rapid,True,resign,black,14,FischersFrisoer,ein-shy-guy,2391,2550,-4,4,D24,Queen's Gambit Accepted,9,ein-shy-guy,black,FischersFrisoer,2550,2391,win,1.0
u9lgeJbX,2026-01-25T13:07:00.769000+00:00,600+0,standard,rapid,True,draw,,121,ein-shy-guy,Guardian47district,2553,2400,-3,14,C07,"French Defense: Tarrasch Variation, Open System, Euwe-Keres Line",7,ein-shy-guy,white,Guardian47district,2553,2400,draw,0.5
gcdGPLw2,2026-01-25T11:30:36.154000+00:00,600+0,standard,rapid,True,resign,black,57,RexOranis,ein-shy-guy,2465,2543,-5,5,B22,"Sicilian Defense: Alapin Variation, Smith-Morra Declined",8,ein-shy-guy,black,RexOranis,2543,2465,win,1.0
tJ9JWw54,2026-01-23T22:29:21.091000+00:00,600+0,standard,rapid,True,mate,black,164,Chess_Trainer_Caq,ein-shy-guy,2482,2535,-10,6,B90,Sicilian Defense: Najdorf Variation,10,ein-shy-guy,black,Chess_Trainer_Caq,2535,2482,win,1.0
DJhdyBMM,2026-01-23T21:52:45.099000+00:00,600+0,standard,rapid,True,resign,black,70,BlindMonster,ein-shy-guy,2492,2521,-6,6,E48,"Nimzo-Indian Defense: Normal Variation, Classical Defense",10,ein-shy-guy,black,BlindMonster,2521,2492,win,1.0
anDUusSS,2026-01-20T11:59:24.851000+00:00,600+0,standard,rapid,True,draw,,103,butter_on_the_bread,ein-shy-guy,2422,2527,2,-2,B50,Sicilian Defense: Modern Variations,4,ein-shy-guy,black,butter_on_the_bread,2527,2422,draw,0.5
8zAdSOSk,2026-01-20T10:34:46.341000+00:00,600+0,standard,rapid,True,resign,black,106,ein-shy-guy,PLAYCHE55,2537,2357,-10,9,B76,"Sicilian Defense: Dragon Variation, Yugoslav Attack, Modern Line",17,ein-shy-guy,white,PLAYCHE55,2537,2357,loss,0.0
lp4I8NBV,2026-01-20T10:30:35.662000+00:00,600+0,standard,rapid,True,resign,white,53,ein-shy-guy,Glavbukh,2534,2365,3,-3,B12,Caro-Kann Defense: Advance Variation,5,ein-shy-guy,white,Glavbukh,2534,2365,win,1.0
9uIuKm3g,2026-01-20T10:22:44.311000+00:00,600+0,standard,rapid,True,resign,black,48,yulduz_xamidova_2012,ein-shy-guy,2383,2529,-4,5,D02,"Queen's Pawn Game: Symmetrical Variation, Pseudo-Catalan",5,ein-shy-guy,black,yulduz_xamidova_2012,2529,2383,win,1.0
DnV7h6OU,2026-01-16T08:24:29.858000+00:00,600+0,standard,rapid,True,resign,black,22,ein-shy-guy,VynnzYy,2529,2493,-8,8,B40,Sicilian Defense: French Variation,4,ein-shy-guy,white,VynnzYy,2529,2493,loss,0.0
BO9Eyb3u,2026-01-15T22:16:39.900000+00:00,600+0,standard,rapid,True,mate,black,52,naborjs,ein-shy-guy,2314,2525,-3,4,B99,"Sicilian Defense: Najdorf Variation, Main Line",18,ein-shy-guy,black,naborjs,2525,2314,win,1.0
uK8zZ8hU,2026-02-01T20:06:16.324000+00:00,600+5,standard,rapid,True,resign,white,31,BiciBici3,DeepNimzovich,2267,2346,7,-7,C43,"Bishop's Opening: Urusov Gambit, Keidansky Gambit",9,BiciBici3,white,DeepNimzovich,2267,2346,win,1.0
UMFVbfsN,2026-02-01T19:42:04.225000+00:00,600+5,standard,rapid,True,mate,white,35,BiciBici3,Late288,2261,2324,6,-12,B63,"Sicilian Defense: Richter-Rauzer Variation, Classical Variation",14,BiciBici3,white,Late288,2261,2324,win,1.0
IBdk3xK9,2026-02-01T19:06:30.564000+00:00,600+5,standard,rapid,True,resign,black,61,BiciBici3,ColonialAphid,2270,2315,-5,5,D01,Rapport-Jobava System,5,BiciBici3,white,ColonialAphid,2270,2315,loss,0.0
0iFi4f3F,2026-02-01T18:26:41.046000+00:00,600+5,standard,rapid,True,resign,white,59,BiciBici3,Konrad33,2267,2324,7,-18,D00,Blackmar-Diemer Gambit: von Popiel Gambit,7,BiciBici3,white,Konrad33,2267,2324,win,1.0
ddiNEB6D,2026-02-01T13:56:44.291000+00:00,600+5,standard,rapid,True,draw,,60,andreastampubolon,BiciBici3,2448,2264,-5,3,C01,French Defense: Exchange Variation,7,BiciBici3,black,andreastampubolon,2264,2448,draw,0.5
DEa5uTEj,2026-02-01T13:25:59.805000+00:00,600+5,standard,rapid,True,resign,black,106,SimonRapid,BiciBici3,2275,2258,-6,6,C00,French Defense: Schlechter Variation,5,BiciBici3,black,SimonRapid,2258,2275,win,1.0
LTlVXTFd,2026-02-01T13:01:25.905000+00:00,600+5,standard,rapid,True,resign,black,54,BiciBici3,KnightMaster88,2261,2438,-3,20,B30,Sicilian Defense: Portsmouth Gambit,5,BiciBici3,white,KnightMaster88,2261,2438,loss,0.0
xvhVytpa,2026-02-01T12:42:51.182000+00:00,300+5,standard,rapid,True,outoftime,white,53,BiciBici3,superbayern089,2254,2333,7,-7,A45,"Indian Defense: Paleface Attack, Blackmar-Diemer Gambit Deferred",5,BiciBici3,white,superbayern089,2254,2333,win,1.0
61j8flH7,2026-02-01T12:27:30.623000+00:00,300+5,standard,rapid,True,resign,white,93,superbayern089,BiciBici3,2329,2259,4,-5,B11,"Caro-Kann Defense: Two Knights Attack, Mindeno Variation, Exchange Line",8,BiciBici3,black,superbayern089,2259,2329,loss,0.0
BLEX4jAR,2026-02-01T12:01:45.640000+00:00,300+5,standard,rapid,True,resign,white,45,superbayern089,BiciBici3,2325,2262,5,-4,C42,"Petrov's Defense: Damiano Variation, Kholmov Gambit",8,BiciBici3,black,superbayern089,2262,2325,loss,0.0
UeHxvQlO,2026-02-01T11:42:37.971000+00:00,600+5,standard,rapid,True,resign,black,54,BiciBici3,ICOOKATCHESS1,2268,2278,-6,12,B40,Sicilian Defense: Smith-Morra Gambit Deferred,7,BiciBici3,white,ICOOKATCHESS1,2268,2278,loss,0.0
bKkLVE3p,2026-02-01T11:27:36.588000+00:00,600+5,standard,rapid,True,resign,black,50,Davitaleks,BiciBici3,2333,2261,-24,7,D08,Queen's Gambit Declined: Albin Countergambit,4,BiciBici3,black,Davitaleks,2261,2333,win,1.0
GI1ykn1W,2026-02-01T11:18:54.913000+00:00,600+5,standard,rapid,True,resign,black,39,BiciBici3,Davitaleks,2266,2314,-5,19,C56,"Italian Game: Two Knights Defense, Max Lange Attack",11,BiciBici3,white,Davitaleks,2266,2314,loss,0.0
Trxuyx5n,2026-01-31T21:19:27.222000+00:00,600+5,standard,rapid,True,resign,white,63,BiciBici3,ChessTactics64,2259,2375,7,-8,C56,"Italian Game: Scotch Gambit, Anderssen Attack",15,BiciBici3,white,ChessTactics64,2259,2375,win,1.0
GEl7ClSx,2026-01-31T18:27:40.965000+00:00,900+5,standard,rapid,True,draw,,68,BiciBici3,hraac,2263,2284,0,0,D00,Blackmar-Diemer Gambit: Lemberger Countergambit,6,BiciBici3,white,hraac,2263,2284,draw,0.5
yJdsTz3v,2026-01-31T18:06:03.247000+00:00,600+5,standard,rapid,True,resign,black,28,BiciBici3,Salmon4ik,2268,2289,-5,14,C33,"King's Gambit Accepted: Bishop's Gambit, Maurian Defense",6,BiciBici3,white,Salmon4ik,2268,2289,loss,0.0
i8K4fZl8,2026-01-31T17:48:13.377000+00:00,900+0,standard,rapid,True,draw,,54,BogomilTodorov,BiciBici3,2421,2265,-3,3,C42,Petrov's Defense: Stafford Gambit,8,BiciBici3,black,BogomilTodorov,2265,2421,draw,0.5
cmOOKX0O,2026-01-31T17:33:50.201000+00:00,600+5,standard,rapid,True,resign,white,41,hrabol,BiciBici3,2321,2270,5,-5,C01,French Defense: Exchange Variation,7,BiciBici3,black,hrabol,2270,2321,loss,0.0
Mw5AgASl,2026-01-31T16:45:19.304000+00:00,600+5,standard,rapid,True,resign,black,64,BiciBici3,SuperSuwon,2280,2369,-5,6,B06,Modern Defense: Standard Defense,6,BiciBici3,white,SuperSuwon,2280,2369,loss,0.0
jWhCONmD,2026-01-31T16:20:09.807000+00:00,600+5,standard,rapid,True,resign,white,41,kichnebur,BiciBici3,2300,2285,8,-5,D09,"Queen's Gambit Declined: Albin Countergambit, Fianchetto Variation, Be6 Line",10,BiciBici3,black,kichnebur,2285,2300,loss,0.0
S6FiTERh,2026-01-31T14:28:14.422000+00:00,600+5,standard,rapid,True,resign,white,47,BiciBici3,ChessTactics64,2278,2370,7,-7,A45,"Indian Defense: Paleface Attack, Blackmar-Diemer Gambit Deferred",5,BiciBici3,white,ChessTactics64,2278,2370,win,1.0
tjCRYrDZ,2026-01-31T14:00:02.295000+00:00,600+5,standard,rapid,True,resign,white,70,frederico70,BiciBici3,2308,2283,5,-5,C01,French Defense: Exchange Variation,7,BiciBici3,black,frederico70,2283,2308,loss,0.0
p02WUCN7,2026-01-31T13:31:17.308000+00:00,600+5,standard,rapid,True,resign,black,80,BiciBici3,SONIC_007,2289,2306,-6,7,B67,"Sicilian Defense: Richter-Rauzer Variation, Neo-Modern Variation",16,BiciBici3,white,SONIC_007,2289,2306,loss,0.0
OEDVGrYd,2026-01-30T21:26:32.282000+00:00,1200+8,standard,classical,True,resign,black,52,slon457,BiciBici3,2089,2276,-3,3,A13,English Opening: Agincourt Defense,3,BiciBici3,black,slon457,2276,2089,win,1.0
qVFE24Xi,2026-01-30T20:44:00.838000+00:00,900+15,standard,classical,True,resign,black,82,BiciBici3,ChessTheory64,2278,2555,-2,5,C56,"Italian Game: Scotch Gambit, Anderssen Attack",15,BiciBici3,white,ChessTheory64,2278,2555,loss,0.0
rd5JWMQc,2026-01-30T19:51:07.305000+00:00,600+5,standard,rapid,True,draw,,105,ChessBrodd,BiciBici3,2351,2287,-1,2,D00,"Queen's Pawn Game: Chigorin Variation, Shaviliuk Gambit",4,BiciBici3,black,ChessBrodd,2287,2351,draw,0.5
z3C7klJ2,2026-01-30T14:30:17.496000+00:00,600+5,standard,rapid,True,resign,black,36,zenara98,BiciBici3,2299,2275,-7,7,C42,"Petrov's Defense: Damiano Variation, Kholmov Gambit",8,BiciBici3,black,zenara98,2275,2299,win,1.0
FhpM90NQ,2026-01-30T14:04:01.655000+00:00,600+5,standard,rapid,True,resign,white,63,BiciBici3,Mreagle_16,2270,2271,5,-6,B10,Caro-Kann Defense: Endgame Offer,5,BiciBici3,white,Mreagle_16,2270,2271,win,1.0
wk5DTPjH,2026-01-30T13:15:50.851000+00:00,600+5,standard,rapid,True,resign,black,66,BiciBici3,ermolov-z,2280,2309,-5,6,B21,Sicilian Defense: Morphy Gambit,5,BiciBici3,white,ermolov-z,2280,2309,loss,0.0
Ibs56NLb,2026-01-30T11:24:06.255000+00:00,600+5,standard,rapid,True,resign,black,62,VitalyBobrov,BiciBici3,2287,2274,-16,6,C02,"French Defense: Advance Variation, Extended Bishop Swap",6,BiciBici3,black,VitalyBobrov,2274,2287,win,1.0
xPyHoTm0,2026-01-31T13:56:37.697000+00:00,180+0,standard,blitz,True,resign,white,35,Valerie2015,AlexVerzhansky,2465,2455,6,-5,B03,Alekhine Defense: O'Sullivan Gambit,6,Valerie2015,white,AlexVerzhansky,2465,2455,win,1.0
0T7hcYga,2026-01-29T01:07:10.522000+00:00,180+0,standard,blitz,True,mate,white,105,Valerie2015,MaxiDag30,2456,2421,5,-9,D05,Queen's Pawn Game: Zukertort Variation,9,Valerie2015,white,MaxiDag30,2456,2421,win,1.0
vmdcurt5,2026-01-28T20:17:53.672000+00:00,120+1,standard,bullet,True,outoftime,black,64,Valerie2015,CaptainSploosh,2557,2559,-7,10,C69,"Ruy Lopez: Exchange Variation, King's Bishop Variation",10,Valerie2015,white,CaptainSploosh,2557,2559,loss,0.0
TMX7I1Ea,2026-01-28T16:29:53.153000+00:00,120+1,standard,bullet,True,resign,white,57,TSMFTXG,Valerie2015,2698,2565,4,-6,B03,"Alekhine Defense: Four Pawns Attack, Fianchetto Variation",10,Valerie2015,black,TSMFTXG,2565,2698,loss,0.0
C0Dg1W3F,2026-01-28T13:13:45.011000+00:00,600+0,standard,rapid,True,resign,white,77,Valerie2015,jgepaarks,2545,2515,12,-11,B30,Sicilian Defense: Nyezhmetdinov-Rossolimo Attack,5,Valerie2015,white,jgepaarks,2545,2515,win,1.0
QrwgqqWP,2026-01-27T22:37:24.543000+00:00,180+0,standard,blitz,True,resign,black,40,Prowler_317,Valerie2015,2507,2444,-7,7,B03,"Alekhine Defense: Exchange Variation, Voronezh Variation",17,Valerie2015,black,Prowler_317,2444,2507,win,1.0
DGENoQSV,2026-01-27T21:16:05.139000+00:00,180+0,standard,blitz,True,mate,white,85,Valerie2015,maciekkam,2447,2442,6,-6,B33,"Sicilian Defense: Lasker-Pelikan Variation, Sveshnikov Variation, Novosibirsk Variation",20,Valerie2015,white,maciekkam,2447,2442,win,1.0
tmYVsVIJ,2026-01-27T09:17:52.945000+00:00,180+0,standard,blitz,True,outoftime,black,114,Valerie2015,sonrey,2449,2444,-6,6,E38,"Nimzo-Indian Defense: Classical Variation, Berlin Variation",8,Valerie2015,white,sonrey,2449,2444,loss,0.0
hysAWV9y,2026-01-27T06:48:23.326000+00:00,180+0,standard,blitz,True,draw,,129,Valerie2015,sammartin01,2454,2382,-2,2,B12,"Caro-Kann Defense: Advance Variation, Bronstein Variation",7,Valerie2015,white,sammartin01,2454,2382,draw,0.5
MGguhT8a,2026-01-27T06:03:16.766000+00:00,600+0,standard,rapid,True,resign,black,104,Valerie2015,sparking-genio,2560,2530,-15,9,C69,"Ruy Lopez: Exchange Variation, Normal Variation",9,Valerie2015,white,sparking-genio,2560,2530,loss,0.0
Mhvc5QgI,2026-01-26T16:39:24.922000+00:00,180+0,standard,blitz,True,resign,white,41,Valerie2015,dasp33,2461,2472,6,-5,B35,"Sicilian Defense: Accelerated Dragon, Modern Bc4 Variation",13,Valerie2015,white,dasp33,2461,2472,win,1.0
LuSHgHMJ,2026-01-26T16:16:55.422000+00:00,600+0,standard,rapid,True,resign,white,39,Valerie2015,Smart_Kotik,2547,2536,13,-6,C11,"French Defense: Classical Variation, Burn Variation",8,Valerie2015,white,Smart_Kotik,2547,2536,win,1.0
hCSZCodu,2026-01-26T16:09:24.284000+00:00,600+0,standard,rapid,True,resign,white,35,subwaycookie007,Valerie2015,2477,2564,7,-17,B02,Alekhine Defense: Normal Variation,4,Valerie2015,black,subwaycookie007,2564,2477,loss,0.0
sOKmsRyS,2026-01-26T15:51:55.090000+00:00,600+0,standard,rapid,True,resign,white,77,SluchaynazPOBEDA,Valerie2015,2436,2585,13,-21,D02,Queen's Pawn Game: Zukertort Variation,3,Valerie2015,black,SluchaynazPOBEDA,2585,2436,loss,0.0
XbCZ9zv6,2026-01-26T15:34:36.573000+00:00,600+0,standard,rapid,True,draw,,86,Valerie2015,VuvukVuveliy,2583,2622,2,-1,D04,"Queen's Pawn Game: Colle System, Anti-Colle",6,Valerie2015,white,VuvukVuveliy,2583,2622,draw,0.5
HFng9VFX,2026-01-26T11:05:07.148000+00:00,180+0,standard,blitz,True,outoftime,white,115,Valerie2015,IDantesI,2453,2313,3,-3,C69,"Ruy Lopez: Exchange Variation, Gligoric Variation",10,Valerie2015,white,IDantesI,2453,2313,win,1.0
21KmPEW3,2026-01-26T10:22:04.163000+00:00,180+0,standard,blitz,True,resign,white,79,Gambitgourmand,Valerie2015,2355,2448,7,-7,A13,English Opening: Agincourt Defense,4,Valerie2015,black,Gambitgourmand,2448,2355,loss,0.0
iz0mrg7Q,2026-01-26T09:41:45.106000+00:00,180+0,standard,blitz,True,resign,white,45,MXP,Valerie2015,2436,2454,6,-6,B12,"Caro-Kann Defense: Advance Variation, Bayonet Attack",7,Valerie2015,black,MXP,2454,2436,loss,0.0
9Qu2U4sB,2026-01-25T16:29:12.795000+00:00,600+0,standard,rapid,True,resign,black,54,ToyTiko,Valerie2015,2467,2571,-4,12,B24,Sicilian Defense: Closed,8,Valerie2015,black,ToyTiko,2571,2467,win,1.0
8pK1PIwF,2026-01-25T09:30:15.281000+00:00,180+0,standard,blitz,True,outoftime,black,92,Valerie2015,grandmastergauri,2444,2620,-3,3,B23,Sicilian Defense: Closed,3,Valerie2015,white,grandmastergauri,2444,2620,loss,0.0
9HBnFPAA,2026-01-24T18:00:23.205000+00:00,600+0,standard,rapid,True,resign,black,62,nezburaz,Valerie2015,2364,2563,-3,8,D11,Slav Defense: Modern Line,5,Valerie2015,black,nezburaz,2563,2364,win,1.0
8r6V021o,2026-01-24T17:09:33.789000+00:00,600+0,standard,rapid,True,outoftime,black,92,Kush0410,Valerie2015,2395,2552,-4,11,B31,"Sicilian Defense: Nyezhmetdinov-Rossolimo Attack, Fianchetto Variation",6,Valerie2015,black,Kush0410,2552,2395,win,1.0
D3zIROq4,2026-01-24T14:39:01.272000+00:00,180+0,standard,blitz,True,mate,white,41,Valerie2015,onon2009,2438,2444,6,-6,B01,Scandinavian Defense: Blackburne Gambit,6,Valerie2015,white,onon2009,2438,2444,win,1.0
JO58MMX0,2026-01-23T09:23:26.838000+00:00,600+0,standard,rapid,True,resign,black,72,Teodescu,Valerie2015,2537,2534,-21,18,B04,"Alekhine Defense: Modern Variation, Larsen Variation",8,Valerie2015,black,Teodescu,2534,2537,win,1.0
jV690hNf,2026-01-22T17:43:17.328000+00:00,600+0,standard,rapid,True,outoftime,white,119,Valerie2015,JAIngvaldsen,2523,2360,11,-3,E70,King's Indian Defense: Accelerated Averbakh Variation,9,Valerie2015,white,JAIngvaldsen,2523,2360,win,1.0
M08pywPp,2026-01-22T17:35:09.463000+00:00,180+2,standard,blitz,True,resign,black,52,ksrinath,Valerie2015,2269,2432,-3,4,A50,Indian Defense: Normal Variation,3,Valerie2015,black,ksrinath,2432,2269,win,1.0
Ty0fYfvu,2026-01-22T11:01:37.701000+00:00,180+0,standard,blitz,True,resign,black,60,Valerie2015,josechascarrillo,2433,2402,-6,6,A46,Yusupov-Rubinstein System,5,Valerie2015,white,josechascarrillo,2433,2402,loss,0.0
Cd2WarZc,2026-01-21T21:10:08.866000+00:00,180+0,standard,blitz,True,resign,black,74,Valerie2015,realcyberbird,2432,2460,-5,6,D36,"Queen's Gambit Declined: Exchange Variation, Reshevsky Variation",11,Valerie2015,white,realcyberbird,2432,2460,loss,0.0
s6PH0o3F,2026-01-21T20:29:58.239000+00:00,180+0,standard,blitz,True,resign,black,74,MrBanq95,Valerie2015,2394,2427,-5,5,B02,Alekhine Defense: Scandinavian Variation,4,Valerie2015,black,MrBanq95,2427,2394,win,1.0
g3EdYfLI,2026-01-21T20:24:15.721000+00:00,180+0,standard,blitz,True,resign,white,79,Valerie2015,HAMHAM22,2422,2372,5,-4,B15,Caro-Kann Defense: Main Line,7,Valerie2015,white,HAMHAM22,2422,2372,win,1.0
IF2NLGWo,2026-01-31T21:59:12.966000+00:00,60+0,standard,bullet,True,outoftime,black,168,yyoochess,DIANOCHKA_LOVE11,3273,3138,-8,8,B15,Caro-Kann Defense: Tartakower Variation,10,yyoochess,white,DIANOCHKA_LOVE11,3273,3138,loss,0.0
RVlfQZrE,2026-01-31T21:13:43.077000+00:00,60+0,standard,bullet,True,resign,white,133,yyoochess,tamojerry,3244,3165,5,-4,D04,Queen's Pawn Game: Colle System,5,yyoochess,white,tamojerry,3244,3165,win,1.0
1AWpMFcw,2026-01-31T20:27:32.299000+00:00,60+0,standard,bullet,True,outoftime,white,149,yyoochess,wateenellende,3212,2935,5,-2,D04,Queen's Pawn Game: Colle System,5,yyoochess,white,wateenellende,3212,2935,win,1.0
pQKs63iQ,2026-01-31T20:25:01.457000+00:00,60+0,standard,bullet,True,outoftime,white,155,DIANOCHKA_LOVE11,yyoochess,2961,3235,9,-23,A40,Queen's Pawn Game: Modern Defense,2,yyoochess,black,DIANOCHKA_LOVE11,3235,2961,loss,0.0
TWL4l7Ly,2026-01-31T20:15:48.978000+00:00,60+0,standard,bullet,True,resign,black,40,tetralex77,yyoochess,2629,3239,-2,1,A40,Queen's Pawn Game: Modern Defense,2,yyoochess,black,tetralex77,3239,2629,win,1.0
ThdshmOs,2026-01-31T20:14:34.741000+00:00,60+0,standard,bullet,True,resign,black,53,FeegLood,yyoochess,3222,3222,-14,17,B06,Modern Defense,4,yyoochess,black,FeegLood,3222,3222,win,1.0
AR8H6bgp,2026-01-31T20:01:16.111000+00:00,60+0,standard,bullet,True,outoftime,,134,yyoochess,Ediz_Gurel,3161,3393,10,-4,B10,Caro-Kann Defense,4,yyoochess,white,Ediz_Gurel,3161,3393,draw,0.5
s3BCRhbn,2026-01-29T03:09:27.498000+00:00,60+0,standard,bullet,True,resign,black,72,KevinPaveto,yyoochess,2923,3126,-3,11,B02,"Alekhine Defense: Two Pawns Attack, Tate Variation",7,yyoochess,black,KevinPaveto,3126,2923,win,1.0
PyvQMFqw,2026-01-29T03:03:32.733000+00:00,30+0,standard,bullet,True,resign,black,66,vishytheplayer,yyoochess,2429,3138,0,1,A43,Benoni Defense: Old Benoni,2,yyoochess,black,vishytheplayer,3138,2429,win,1.0
FFVNyczl,2026-01-29T02:59:47.267000+00:00,60+0,standard,bullet,True,mate,white,117,IronDusanMijat,yyoochess,2824,3178,9,-40,A34,"English Opening: Symmetrical Variation, Normal Variation",3,yyoochess,black,IronDusanMijat,3178,2824,loss,0.0
LtvoH8rg,2026-01-29T02:51:18.349000+00:00,60+0,standard,bullet,True,resign,black,86,alexlele2008,yyoochess,2912,3207,-3,8,D06,Queen's Gambit Declined: Austrian Defense,4,yyoochess,black,alexlele2008,3207,2912,win,1.0
5wH1FyAc,2026-01-27T06:30:29.230000+00:00,180+2,horde,blitz,True,resign,black,116,DerKommisar,yyoochess,2300,2516,-3,18,,,,yyoochess,black,DerKommisar,2516,2300,win,1.0
W8l1sBFZ,2026-01-27T06:23:27.687000+00:00,180+2,horde,blitz,True,resign,white,91,yyoochess,DerKommisar,2494,2302,22,-2,,,,yyoochess,white,DerKommisar,2494,2302,win,1.0
KnZWWsah,2025-06-07T21:56:14.984000+00:00,180+0,standard,blitz,True,resign,black,102,Matviy2009,yyoochess,2538,2866,-1,2,A01,Nimzo-Larsen Attack: English Variation,2,yyoochess,black,Matviy2009,2866,2538,win,1.0
2kehwofc,2025-06-07T21:53:52.534000+00:00,180+0,standard,blitz,True,resign,black,62,SamTakoj,yyoochess,2693,2863,-4,3,B12,"Caro-Kann Defense: Advance Variation, Tal Variation",7,yyoochess,black,SamTakoj,2863,2693,win,1.0
xXo1iRxL,2025-06-07T21:51:07.239000+00:00,180+0,standard,blitz,True,resign,white,109,yyoochess,alireza2003,2856,2930,7,-13,C00,French Defense: Reversed Philidor Formation,9,yyoochess,white,alireza2003,2856,2930,win,1.0
eDzvNXuP,2025-06-07T21:49:19.750000+00:00,180+0,standard,blitz,True,resign,black,44,yyoochess,SVODMEVKO,2862,2862,-6,6,B72,Sicilian Defense: Dragon Variation,11,yyoochess,white,SVODMEVKO,2862,2862,loss,0.0
F67gKOD6,2025-06-07T21:48:28.167000+00:00,180+0,standard,blitz,True,draw,,24,AngelitoRT,yyoochess,2822,2863,0,-1,D38,"Queen's Gambit Declined: Ragozin Defense, Alekhine Variation",9,yyoochess,black,AngelitoRT,2863,2822,draw,0.5
FUJjUqT0,2025-06-07T21:47:01.418000+00:00,180+0,standard,blitz,True,draw,,39,Zhigalko_Sergei,yyoochess,2813,2863,1,0,C55,"Italian Game: Two Knights Defense, Modern Bishop's Opening",8,yyoochess,black,Zhigalko_Sergei,2863,2813,draw,0.5
91qZ5yVb,2025-06-07T21:43:38.808000+00:00,180+0,standard,blitz,True,resign,white,109,yyoochess,SVODMEVKO,2858,2864,5,-6,B72,Sicilian Defense: Dragon Variation,11,yyoochess,white,SVODMEVKO,2858,2864,win,1.0
aTCvhYm0,2025-06-07T21:40:36.939000+00:00,180+0,standard,blitz,True,resign,black,76,samisahi,yyoochess,2763,2853,-4,5,D02,Queen's Pawn Game: London System,5,yyoochess,black,samisahi,2853,2763,win,1.0
lWMiejsn,2025-06-07T21:38:32.624000+00:00,180+0,standard,blitz,True,resign,white,69,yyoochess,Riquelme93,2849,2741,4,-4,C00,French Defense: King's Indian Attack,3,yyoochess,white,Riquelme93,2849,2741,win,1.0
3zdIauSP,2025-06-07T21:35:03.839000+00:00,180+0,standard,blitz,True,resign,black,148,SIDDHARTH_CHESS,yyoochess,2726,2845,-4,4,B50,Sicilian Defense: Modern Variations,4,yyoochess,black,SIDDHARTH_CHESS,2845,2726,win,1.0
NuQ7RnIT,2025-06-07T21:34:07.986000+00:00,180+0,standard,blitz,True,draw,,20,yyoochess,Shant7777777,2845,2858,0,-1,C77,"Ruy Lopez: Morphy Defense, Mackenzie Variation",9,yyoochess,white,Shant7777777,2845,2858,draw,0.5
oWlM7CMn,2025-06-07T21:31:16.346000+00:00,180+0,standard,blitz,True,resign,black,48,dr_xStranger,yyoochess,2755,2841,-4,4,C47,Four Knights Game: Gunsberg Variation,7,yyoochess,black,dr_xStranger,2841,2755,win,1.0
vao11Ars,2025-06-07T21:28:57.979000+00:00,180+0,standard,blitz,True,resign,white,56,yyoochess,Riquelme93,2836,2741,5,-5,B30,Sicilian Defense: Nyezhmetdinov-Rossolimo Attack,5,yyoochess,white,Riquelme93,2836,2741,win,1.0
jdMV82Fj,2025-06-07T21:27:12.549000+00:00,180+0,standard,blitz,True,resign,black,78,Manvel_Arakelyan,yyoochess,2493,2835,-1,1,A05,King's Indian Attack: Spassky Variation,4,yyoochess,black,Manvel_Arakelyan,2835,2493,win,1.0
uDgRISAe,2025-06-07T21:25:20.823000+00:00,180+0,standard,blitz,True,resign,white,65,yyoochess,MahammadMuradli2003,2830,2724,5,-4,A30,English Opening: Symmetrical Variation,3,yyoochess,white,MahammadMuradli2003,2830,2724,win,1.0
L661gYAl,2025-06-07T21:21:31.019000+00:00,180+0,standard,blitz,True,resign,black,118,alireza2003,yyoochess,2926,2823,-18,7,C94,"Ruy Lopez: Closed, Breyer Defense, Quiet Variation",19,yyoochess,black,alireza2003,2823,2926,win,1.0
zL9PE8YQ,2025-06-07T21:19:10.229000+00:00,180+0,standard,blitz,True,resign,white,72,yyoochess,Chessisnotfair,2818,2709,5,-4,C41,Philidor Defense: Lion Variation,8,yyoochess,white,Chessisnotfair,2818,2709,win,1.0
5XHQf3nO,2026-01-31T13:59:41.462000+00:00,180+0,standard,blitz,True,resign,black,68,NeymarSSJ,ilqar_7474,2715,2906,-3,3,B90,Sicilian Defense: Najdorf Variation,10,ilqar_7474,black,NeymarSSJ,2906,2715,win,1.0
W5Um7nP6,2026-01-31T13:52:42.584000+00:00,180+0,standard,blitz,True,resign,black,80,Bamboccione,ilqar_7474,2850,2901,-8,5,A40,Horwitz Defense,2,ilqar_7474,black,Bamboccione,2901,2850,win,1.0
qUZXJnRk,2026-01-31T13:48:10.400000+00:00,180+0,standard,blitz,True,resign,white,31,ilqar_7474,bancsoo,2896,2844,5,-5,C41,Philidor Defense: Exchange Variation,8,ilqar_7474,white,bancsoo,2896,2844,win,1.0
6A8HuxSa,2026-01-31T13:35:40.597000+00:00,180+0,standard,blitz,True,resign,black,56,ilqar_7474,ScareCCrow06PL,2904,2782,-8,8,C11,"French Defense: Classical Variation, Burn Variation",8,ilqar_7474,white,ScareCCrow06PL,2904,2782,loss,0.0
coB5di3C,2026-01-31T13:29:04.486000+00:00,180+0,standard,blitz,True,resign,black,32,Barys74,ilqar_7474,2703,2901,-3,3,B50,Sicilian Defense: Modern Variations,4,ilqar_7474,black,Barys74,2901,2703,win,1.0
AAxLPq1t,2026-01-31T13:23:52.179000+00:00,180+0,standard,blitz,True,resign,black,42,onepoundrook,ilqar_7474,2840,2896,-6,5,B90,"Sicilian Defense: Najdorf Variation, Adams Attack",11,ilqar_7474,black,onepoundrook,2896,2840,win,1.0
7CMK46X4,2026-01-31T13:19:18.828000+00:00,180+0,standard,blitz,True,resign,white,75,ilqar_7474,TAsad10,2890,2872,6,-5,C88,"Ruy Lopez: Closed, Anti-Marshall",15,ilqar_7474,white,TAsad10,2890,2872,win,1.0
16GO7Jd6,2026-01-31T13:11:49.715000+00:00,180+0,standard,blitz,True,resign,white,83,ilqar_7474,liczner,2886,2809,4,-4,B12,"Caro-Kann Defense: Advance Variation, Tal Variation",7,ilqar_7474,white,liczner,2886,2809,win,1.0
V6MfUeAR,2026-01-31T12:54:23.383000+00:00,60+0,standard,bullet,True,resign,black,94,RookandRookie,ilqar_7474,3004,3141,-3,4,A00,Hungarian Opening: Sicilian Invitation,2,ilqar_7474,black,RookandRookie,3141,3004,win,1.0
FbM1ydVT,2026-01-31T12:53:17.847000+00:00,60+0,standard,bullet,True,resign,black,58,ilqar_7474,RookandRookie,3149,2996,-8,8,C10,"French Defense: Rubinstein Variation, Blackburne Defense",8,ilqar_7474,white,RookandRookie,3149,2996,loss,0.0
6e8Dhciv,2026-01-31T12:51:15.395000+00:00,60+0,standard,bullet,True,draw,,160,RookandRookie,ilqar_7474,2994,3151,2,-2,A00,Hungarian Opening: Sicilian Invitation,2,ilqar_7474,black,RookandRookie,3151,2994,draw,0.5
bxVR5CAP,2026-01-31T12:49:30.345000+00:00,60+0,standard,bullet,True,resign,black,112,ilqar_7474,RookandRookie,3160,2985,-9,9,C10,French Defense: Paulsen Variation,5,ilqar_7474,white,RookandRookie,3160,2985,loss,0.0
5X4b71o0,2026-01-31T11:26:59.468000+00:00,180+0,standard,blitz,True,resign,white,77,ilqar_7474,emirislamking,2883,2706,3,-3,C78,Ruy Lopez: Morphy Defense,12,ilqar_7474,white,emirislamking,2883,2706,win,1.0
bfggn3JS,2026-01-31T11:22:13.605000+00:00,180+0,standard,blitz,True,resign,black,94,emirislamking,ilqar_7474,2709,2879,-3,4,E05,"Catalan Opening: Open Defense, Classical Line",12,ilqar_7474,black,emirislamking,2879,2709,win,1.0
pcYOi6yR,2026-01-30T14:53:09.520000+00:00,600+0,standard,rapid,True,resign,black,76,DuRuDiDo,ilqar_7474,2576,2804,-5,7,D02,Queen's Pawn Game: London System,5,ilqar_7474,black,DuRuDiDo,2804,2576,win,1.0
P9ReNMmW,2026-01-30T13:35:37.132000+00:00,600+0,standard,rapid,True,resign,white,85,ilqar_7474,vkplay16,2801,2390,3,-1,B76,"Sicilian Defense: Dragon Variation, Yugoslav Attack, Modern Line",17,ilqar_7474,white,vkplay16,2801,2390,win,1.0
0nZJW3hX,2026-01-30T09:45:04.474000+00:00,600+0,standard,rapid,True,resign,black,128,NadVola,ilqar_7474,2487,2796,-1,5,B51,Sicilian Defense: Moscow Variation,5,ilqar_7474,black,NadVola,2796,2487,win,1.0
H2WtVcxl,2026-01-30T09:32:54.018000+00:00,60+0,standard,bullet,True,resign,black,70,Amirreza_p,ilqar_7474,3078,3155,-5,5,A13,"English Opening: Agincourt Defense, Catalan Defense Accepted",8,ilqar_7474,black,Amirreza_p,3155,3078,win,1.0
CKWY1qWY,2026-01-30T09:29:37.420000+00:00,60+0,standard,bullet,True,draw,,119,ilqar_7474,Amirreza_p,3157,3076,-2,2,B33,Sicilian Defense: Open,8,ilqar_7474,white,Amirreza_p,3157,3076,draw,0.5
pd4sfJ20,2026-01-30T09:27:08.934000+00:00,60+0,standard,bullet,True,draw,,154,Amirreza_p,ilqar_7474,3075,3158,1,-1,A15,English Opening: Anglo-Indian Defense,2,ilqar_7474,black,Amirreza_p,3158,3075,draw,0.5
DO4oG4uy,2026-01-27T08:31:10.460000+00:00,60+0,standard,bullet,True,resign,white,143,ilqar_7474,AbasovN,3151,3090,4,-5,B05,"Alekhine Defense: Modern Variation, Main Line",8,ilqar_7474,white,AbasovN,3151,3090,win,1.0
0xBQVbKE,2026-01-26T17:18:42.267000+00:00,180+0,standard,blitz,True,draw,,93,ilqar_7474,woshigeshagua,2875,2864,0,1,C42,Petrov's Defense: Classical Attack,9,ilqar_7474,white,woshigeshagua,2875,2864,draw,0.5
cloz6uVa,2026-01-26T17:11:02.774000+00:00,180+0,standard,blitz,True,resign,black,108,orangepuppy,ilqar_7474,2711,2872,-3,3,B92,"Sicilian Defense: Najdorf Variation, Opocensky Variation",11,ilqar_7474,black,orangepuppy,2872,2711,win,1.0
C7y4UBNt,2026-01-26T10:14:29.106000+00:00,180+0,standard,blitz,True,resign,black,80,Kinryln,ilqar_7474,2735,2868,-4,4,E32,Nimzo-Indian Defense: Classical Variation,7,ilqar_7474,black,Kinryln,2868,2735,win,1.0
sT7XnpNX,2026-01-25T13:23:24.919000+00:00,180+0,standard,blitz,True,resign,black,112,feederman,ilqar_7474,2721,2861,-4,4,B92,"Sicilian Defense: Najdorf Variation, Opocensky Variation, Traditional Line",16,ilqar_7474,black,feederman,2861,2721,win,1.0
mWVWuMv3,2026-01-25T13:21:19.834000+00:00,180+0,standard,blitz,True,resign,black,34,DarkAlekhine,ilqar_7474,2742,2857,-4,4,A35,"English Opening: Symmetrical Variation, Four Knights Variation",6,ilqar_7474,black,DarkAlekhine,2857,2742,win,1.0
L8qKOO2M,2026-01-25T13:19:34.589000+00:00,180+0,standard,blitz,True,resign,black,46,NeymarSSJ,ilqar_7474,2730,2853,-7,4,B39,"Sicilian Defense: Accelerated Dragon, Maróczy Bind, Breyer Variation",14,ilqar_7474,black,NeymarSSJ,2853,2730,win,1.0
zBahK3dC,2026-01-25T13:15:08.634000+00:00,180+0,standard,blitz,True,resign,black,70,ilqar_7474,NeymarSSJ,2861,2716,-8,14,B10,Caro-Kann Defense: Two Knights Attack,5,ilqar_7474,white,NeymarSSJ,2861,2716,loss,0.0
KYn0ryhH,2026-01-25T13:10:23.654000+00:00,180+0,standard,blitz,True,resign,white,77,NeymarSSJ,ilqar_7474,2702,2869,14,-8,B39,"Sicilian Defense: Accelerated Dragon, Maróczy Bind, Breyer Variation",14,ilqar_7474,black,NeymarSSJ,2869,2702,loss,0.0
QIybf5Vz,2026-01-25T13:04:11.554000+00:00,180+0,standard,blitz,True,resign,white,45,ilqar_7474,feederman,2866,2736,3,-3,C41,Philidor Defense: Lion Variation,8,ilqar_7474,white,feederman,2866,2736,win,1.0
Ty0GJCZk,2026-01-31T12:29:55.238000+00:00,180+0,standard,blitz,True,resign,black,126,klari64,paopaomate,2796,2786,-6,8,A01,Nimzo-Larsen Attack: Symmetrical Variation,2,paopaomate,black,klari64,2786,2796,win,1.0
p3aZt28v,2026-01-31T12:23:52.282000+00:00,180+0,standard,blitz,True,stalemate,,101,paopaomate,klari64,2786,2796,0,0,B00,Owen Defense,2,paopaomate,white,klari64,2786,2796,draw,0.5
wTbcyNjz,2026-01-31T12:18:52.553000+00:00,180+0,standard,blitz,True,resign,black,70,paopaomate,winx_m,2792,2906,-6,4,A46,Yusupov-Rubinstein System,5,paopaomate,white,winx_m,2792,2906,loss,0.0
W4fBVQ4k,2026-01-27T13:53:58.427000+00:00,180+0,standard,blitz,True,mate,black,146,SublimeWarrior,paopaomate,2819,2762,-7,9,A56,Benoni Defense: Czech Benoni Defense,6,paopaomate,black,SublimeWarrior,2762,2819,win,1.0
98N4z7Da,2026-01-27T13:41:29.515000+00:00,180+0,standard,blitz,True,resign,white,63,paopaomate,SublimeWarrior,2753,2826,9,-7,C55,Italian Game: Two Knights Defense,6,paopaomate,white,SublimeWarrior,2753,2826,win,1.0
s6zHYpHE,2026-01-25T10:17:15.535000+00:00,180+0,standard,blitz,True,outoftime,black,118,Jamorris94,paopaomate,2743,2766,-5,7,B31,"Sicilian Defense: Nyezhmetdinov-Rossolimo Attack, Fianchetto Variation",6,paopaomate,black,Jamorris94,2766,2743,win,1.0
pnfXBU3p,2026-01-12T09:44:37.288000+00:00,180+0,standard,blitz,True,resign,white,35,paopaomate,tryhard122,2747,2657,4,-4,A05,Zukertort Opening,2,paopaomate,white,tryhard122,2747,2657,win,1.0
J5YjBHKN,2026-01-12T09:38:14.262000+00:00,180+0,standard,blitz,True,mate,black,156,paopaomate,ChessElation94,2755,2703,-8,7,D02,Queen's Pawn Game: Zukertort Variation,3,paopaomate,white,ChessElation94,2755,2703,loss,0.0
l4OJNZBU,2026-01-12T07:28:42.716000+00:00,180+0,standard,blitz,True,timeout,white,69,Na_Ferrari,paopaomate,2568,2764,8,-9,A43,"Benoni Defense: Benoni-Indian Defense, Kingside Move Order",5,paopaomate,black,Na_Ferrari,2764,2568,loss,0.0
X76CdhvC,2026-01-12T07:23:04.909000+00:00,180+0,standard,blitz,True,resign,white,65,Do_Not_Care,paopaomate,2669,2773,7,-9,B31,"Sicilian Defense: Nyezhmetdinov-Rossolimo Attack, Fianchetto Variation",6,paopaomate,black,Do_Not_Care,2773,2669,loss,0.0
RJ07ks3f,2026-01-04T13:31:30.081000+00:00,180+0,standard,blitz,True,resign,black,58,SNCSolidGuy,paopaomate,2694,2766,-5,5,A70,Benoni Defense: Classical Variation,13,paopaomate,black,SNCSolidGuy,2766,2694,win,1.0
w5jpoJDe,2026-01-04T13:22:48.345000+00:00,180+0,standard,blitz,True,outoftime,white,141,paopaomate,WalkInTheSkies,2762,2670,4,-4,D02,Queen's Pawn Game: London System,5,paopaomate,white,WalkInTheSkies,2762,2670,win,1.0
Gtv0m27s,2026-01-04T13:16:16.675000+00:00,180+0,standard,blitz,True,resign,white,63,tjychess,paopaomate,2773,2767,5,-5,A41,Queen's Pawn Game,2,paopaomate,black,tjychess,2767,2773,loss,0.0
NYloZtST,2026-01-03T12:12:45.826000+00:00,180+0,standard,blitz,True,resign,black,44,Fabsid,paopaomate,2722,2764,-6,5,A43,"Benoni Defense: Benoni-Indian Defense, Kingside Move Order",5,paopaomate,black,Fabsid,2764,2722,win,1.0
zmiPRxgJ,2026-01-03T12:07:59.475000+00:00,180+0,standard,blitz,True,mate,black,82,JimCarrey37,paopaomate,2713,2758,-5,6,A56,Benoni Defense: Czech Benoni Defense,6,paopaomate,black,JimCarrey37,2758,2713,win,1.0
lh42x6yl,2026-01-03T12:01:38.479000+00:00,180+0,standard,blitz,True,resign,white,85,paopaomate,Andrey11976,2752,2783,6,-6,D37,Queen's Gambit Declined: Harrwitz Attack,9,paopaomate,white,Andrey11976,2752,2783,win,1.0
vBpUTg9B,2026-01-03T11:58:06.296000+00:00,180+0,standard,blitz,True,resign,white,51,cutemouse83,paopaomate,2979,2755,3,-3,D37,Queen's Gambit Declined: Harrwitz Attack,9,paopaomate,black,cutemouse83,2755,2979,loss,0.0
eTJOg0Tw,2026-01-03T09:26:14.547000+00:00,180+0,standard,blitz,True,draw,,69,paopaomate,abhijeet1610,2751,2685,-1,2,A48,East Indian Defense,4,paopaomate,white,abhijeet1610,2751,2685,draw,0.5
E4iwTyPi,2026-01-03T09:23:54.633000+00:00,180+0,standard,blitz,True,resign,black,40,paopaomate,cutemouse83,2754,2972,-3,3,C01,French Defense: Exchange Variation,7,paopaomate,white,cutemouse83,2754,2972,loss,0.0
z5id9BUR,2026-01-03T09:16:16.216000+00:00,180+0,standard,blitz,True,resign,black,58,paopaomate,Danachess777,2760,2779,-6,6,A46,Indian Defense: Wade-Tartakower Defense,4,paopaomate,white,Danachess777,2760,2779,loss,0.0
aFaDoGxL,2026-01-03T08:57:28.103000+00:00,180+0,standard,blitz,True,resign,white,113,CalisthenicsBoy,paopaomate,2932,2758,3,-3,A07,King's Indian Attack,3,paopaomate,black,CalisthenicsBoy,2758,2932,loss,0.0
VvJUrhx4,2026-01-01T10:11:57.257000+00:00,180+0,standard,blitz,True,resign,black,82,paopaomate,onepoundrook,2760,2792,-6,5,A00,Van't Kruijs Opening,1,paopaomate,white,onepoundrook,2760,2792,loss,0.0
rRaKXnth,2025-12-28T11:07:51.853000+00:00,180+0,standard,blitz,True,draw,,109,paopaomate,Fabsid,2761,2775,1,0,B10,Caro-Kann Defense: Endgame Variation,9,paopaomate,white,Fabsid,2761,2775,draw,0.5
yalYppGu,2025-12-28T10:56:08.310000+00:00,180+0,standard,blitz,True,resign,white,59,Fabsid,paopaomate,2767,2767,6,-6,A43,"Benoni Defense: Benoni-Indian Defense, Kingside Move Order",5,paopaomate,black,Fabsid,2767,2767,loss,0.0
qTvjAZ05,2025-12-28T10:48:57.663000+00:00,180+0,standard,blitz,True,resign,white,129,temus22,paopaomate,2692,2774,7,-7,A40,Queen's Pawn Game,1,paopaomate,black,temus22,2774,2692,loss,0.0
g3l5yX4q,2025-12-28T10:45:40.031000+00:00,180+0,standard,blitz,True,resign,white,65,paopaomate,temus22,2769,2697,5,-5,A40,Queen's Pawn Game,1,paopaomate,white,temus22,2769,2697,win,1.0
kZB0bH8M,2025-12-28T08:51:22.005000+00:00,180+0,standard,blitz,True,resign,white,75,paopaomate,CalisthenicsBoy,2766,2987,9,-8,E68,"King's Indian Defense: Fianchetto Variation, Classical Variation",15,paopaomate,white,CalisthenicsBoy,2766,2987,win,1.0
U1Sz8sI9,2025-12-28T08:45:21.022000+00:00,180+0,standard,blitz,True,resign,white,97,paopaomate,Buhmann,2761,2718,5,-5,D37,"Queen's Gambit Declined: Harrwitz Attack, Fianchetto Defense",12,paopaomate,white,Buhmann,2761,2718,win,1.0
0VBLOWVg,2025-12-28T08:34:11.751000+00:00,180+0,standard,blitz,True,resign,white,59,CalisthenicsBoy,paopaomate,2980,2770,3,-2,D79,Neo-Grünfeld Defense: Ultra-Delayed Exchange Variation,14,paopaomate,black,CalisthenicsBoy,2770,2980,loss,0.0
DZL7Fd68,2025-12-28T08:28:47.077000+00:00,180+0,standard,blitz,True,resign,black,74,paopaomate,CalisthenicsBoy,2773,2977,-3,3,B40,"Sicilian Defense: French Variation, Westerinen Attack",5,paopaomate,white,CalisthenicsBoy,2773,2977,loss,0.0
uZ9vHSq2,2026-01-31T21:10:01.518000+00:00,60+0,chess960,bullet,True,resign,white,37,woshigeshagua,rooooktaker,2149,2126,61,-5,,,,woshigeshagua,white,rooooktaker,2149,2126,win,1.0
XThBLBMC,2026-01-31T20:29:35.098000+00:00,180+0,standard,blitz,True,mate,black,112,woshigeshagua,Chessiguana,2893,2734,-8,8,B07,"Lion Defense: Anti-Philidor, Lion's Cave",8,woshigeshagua,white,Chessiguana,2893,2734,loss,0.0
xdhysQ1b,2026-01-31T12:18:57.859000+00:00,180+0,standard,blitz,True,outoftime,white,155,vistagusta,woshigeshagua,2744,2901,8,-8,D37,Queen's Gambit Declined: Harrwitz Attack,9,woshigeshagua,black,vistagusta,2901,2744,loss,0.0
UTwumkc4,2026-01-31T12:15:46.053000+00:00,180+0,standard,blitz,True,resign,white,47,woshigeshagua,vistagusta,2898,2747,3,-3,B22,"Sicilian Defense: Alapin Variation, Smith-Morra Declined",8,woshigeshagua,white,vistagusta,2898,2747,win,1.0
VinW7AfW,2026-01-31T11:59:27.480000+00:00,180+0,standard,blitz,True,resign,black,70,Andrey11976,woshigeshagua,2791,2902,-4,4,D31,Queen's Gambit Declined: Queen's Knight Variation,5,woshigeshagua,black,Andrey11976,2902,2791,win,1.0
4BQ32o83,2026-01-31T11:52:23.335000+00:00,180+0,standard,blitz,True,resign,white,99,woshigeshagua,klari64,2898,2794,4,-5,B00,Owen Defense,2,woshigeshagua,white,klari64,2898,2794,win,1.0
TaCY1kk8,2026-01-31T11:29:25.839000+00:00,180+0,standard,blitz,True,draw,,142,jncool68,woshigeshagua,2725,2900,3,-3,B45,Sicilian Defense: Four Knights Variation,10,woshigeshagua,black,jncool68,2900,2725,draw,0.5
AsfBKNIM,2026-01-31T11:03:23.065000+00:00,180+0,standard,blitz,True,resign,white,73,woshigeshagua,Jorgitomgs,2883,2588,2,-1,B31,"Sicilian Defense: Nyezhmetdinov-Rossolimo Attack, Fianchetto Variation",6,woshigeshagua,white,Jorgitomgs,2883,2588,win,1.0
fdAqRi46,2026-01-30T23:08:40.101000+00:00,30+0,horde,bullet,True,variantEnd,black,94,HappyLucky111,woshigeshagua,1800,1500,-5,588,,,,woshigeshagua,black,HappyLucky111,1500,1800,win,1.0
4XTZqeNB,2026-01-30T22:37:24.040000+00:00,180+0,standard,blitz,True,resign,black,54,LiamPutnam2008,woshigeshagua,2875,2879,-6,5,A15,"English Opening: Anglo-Indian Defense, King's Knight Variation",3,woshigeshagua,black,LiamPutnam2008,2879,2875,win,1.0
Hai2eiPH,2026-01-30T12:23:54.665000+00:00,180+0,standard,blitz,True,resign,white,55,woshigeshagua,Andrey11976,2883,2814,5,-4,B12,Caro-Kann Defense: Advance Variation,5,woshigeshagua,white,Andrey11976,2883,2814,win,1.0
n0XTNXCc,2026-01-30T12:16:47.707000+00:00,180+0,standard,blitz,True,resign,white,119,papasi,woshigeshagua,2758,2891,8,-8,E23,"Nimzo-Indian Defense: Spielmann Variation, Romanovsky Gambit",10,woshigeshagua,black,papasi,2891,2758,loss,0.0
ZLAGB9up,2026-01-30T12:08:07.738000+00:00,180+0,standard,blitz,True,mate,black,124,Andrey11976,woshigeshagua,2812,2886,-5,5,A45,Trompowsky Attack,3,woshigeshagua,black,Andrey11976,2886,2812,win,1.0
OAwIx7zi,2026-01-30T12:01:02.592000+00:00,180+0,standard,blitz,True,draw,,109,woshigeshagua,Mactrazz,2890,2596,-4,4,B45,"Sicilian Defense: Four Knights Variation, Exchange Variation",11,woshigeshagua,white,Mactrazz,2890,2596,draw,0.5
eJ5tDfXb,2026-01-30T11:55:55.334000+00:00,180+0,standard,blitz,True,resign,white,79,woshigeshagua,IknowYOU2006,2889,2565,1,-1,C10,"French Defense: Rubinstein Variation, Fort Knox Variation",10,woshigeshagua,white,IknowYOU2006,2889,2565,win,1.0
j0MiLbEo,2026-01-29T16:26:11.340000+00:00,180+0,standard,blitz,True,outoftime,white,103,SublimeWarrior,woshigeshagua,2836,2891,6,-7,A62,Benoni Defense: Fianchetto Variation,16,woshigeshagua,black,SublimeWarrior,2891,2836,loss,0.0
e8EEeGTb,2026-01-29T16:20:04.089000+00:00,180+0,standard,blitz,True,resign,white,59,woshigeshagua,Chigorinez,2888,2694,3,-3,B30,Sicilian Defense: Nyezhmetdinov-Rossolimo Attack,5,woshigeshagua,white,Chigorinez,2888,2694,win,1.0
8xRyQ8Y1,2026-01-29T14:32:19.493000+00:00,180+0,standard,blitz,True,outoftime,black,92,Popovich2020,woshigeshagua,2726,2878,-3,4,E17,"Queen's Indian Defense: Fianchetto Variation, Kramnik Variation",13,woshigeshagua,black,Popovich2020,2878,2726,win,1.0
2RbeDAUs,2026-01-29T09:15:45.653000+00:00,60+0,standard,bullet,True,resign,black,76,woshigeshagua,specteryamasaki,3116,2976,-8,8,D02,"Queen's Pawn Game: London System, with e6",5,woshigeshagua,white,specteryamasaki,3116,2976,loss,0.0
3RiDwp4z,2026-01-28T19:23:00.557000+00:00,60+0,standard,bullet,True,mate,black,64,woshigeshagua,rain_chesss,3113,2777,-10,10,C40,Latvian Gambit,4,woshigeshagua,white,rain_chesss,3113,2777,loss,0.0
lq5NoZBs,2026-01-28T18:07:24.196000+00:00,180+0,standard,blitz,True,outoftime,white,173,TAsad10,woshigeshagua,2783,2886,7,-8,D27,"Queen's Gambit Accepted: Classical Defense, Main Line",12,woshigeshagua,black,TAsad10,2886,2783,loss,0.0
Zne32Z8I,2026-01-27T20:32:21.111000+00:00,180+0,standard,blitz,True,resign,black,64,GabrielPerezPerez,woshigeshagua,2646,2858,-9,4,A45,Trompowsky Attack: Poisoned Pawn Variation,7,woshigeshagua,black,GabrielPerezPerez,2858,2646,win,1.0
8Tsy3pgu,2026-01-27T20:20:09.045000+00:00,180+0,standard,blitz,True,resign,black,88,woshigeshagua,SU-1704,2870,2658,-12,9,B50,"Sicilian Defense: Modern Variations, Anti-Qxd4 Move Order Accepted",8,woshigeshagua,white,SU-1704,2870,2658,loss,0.0
HAbUmdOU,2026-01-27T14:31:03.546000+00:00,180+0,standard,blitz,True,resign,black,140,Gremuchnik,woshigeshagua,2839,2860,-11,8,C42,Petrov's Defense: Millennium Attack,9,woshigeshagua,black,Gremuchnik,2860,2839,win,1.0
j5pigh9a,2026-01-27T14:27:04.114000+00:00,180+0,standard,blitz,True,resign,black,64,woshigeshagua,feederman,2871,2738,-11,9,B90,"Sicilian Defense: Najdorf Variation, English Attack",11,woshigeshagua,white,feederman,2871,2738,loss,0.0
i2oOGmgL,2026-01-27T14:10:34.334000+00:00,180+0,standard,blitz,True,outoftime,black,40,Valerii1122334455,woshigeshagua,2690,2867,-3,4,E11,Bogo-Indian Defense: Retreat Variation,13,woshigeshagua,black,Valerii1122334455,2867,2690,win,1.0
mTYERB4V,2026-01-27T14:03:54.910000+00:00,180+0,standard,blitz,True,resign,black,44,SublimeWarrior,woshigeshagua,2812,2856,-5,7,E11,Bogo-Indian Defense: Retreat Variation,12,woshigeshagua,black,SublimeWarrior,2856,2812,win,1.0
iXuV65IJ,2026-01-27T13:23:58.621000+00:00,60+0,standard,bullet,True,mate,black,46,kingnb,woshigeshagua,3077,3070,-6,6,D05,"Queen's Pawn Game: Colle System, Traditional Colle",9,woshigeshagua,black,kingnb,3070,3077,win,1.0
cgXQoruI,2026-01-26T19:11:47.616000+00:00,180+0,standard,blitz,True,resign,black,90,Vagizovich,woshigeshagua,2643,2852,-3,4,C00,French Defense: King's Indian Attack,3,woshigeshagua,black,Vagizovich,2852,2643,win,1.0
y1Emtikd,2026-01-26T17:28:55.280000+00:00,180+0,standard,blitz,True,mate,black,154,woshigeshagua,likewater,2865,2650,-13,9,B45,"Sicilian Defense: Four Knights Variation, Exchange Variation",11,woshigeshagua,white,likewater,2865,2650,loss,0.0
wBvsaWJO,2026-01-31T19:44:29.883000+00:00,60+0,standard,bullet,True,outoftime,,150,KAPUTVSEMU,matvamatva,3087,2980,-2,2,A00,Kádas Opening,1,KAPUTVSEMU,white,matvamatva,3087,2980,draw,0.5
0Fsgjq3Y,2026-01-31T19:40:46.679000+00:00,60+0,standard,bullet,True,resign,black,74,KAPUTVSEMU,matvamatva,3102,2964,-8,8,A00,Hungarian Opening,1,KAPUTVSEMU,white,matvamatva,3102,2964,loss,0.0
USsMsccO,2026-01-31T18:34:14.787000+00:00,60+0,standard,bullet,True,resign,black,58,trainingaccaunts,KAPUTVSEMU,2258,3094,0,0,A00,Hungarian Opening: Symmetrical Variation,2,KAPUTVSEMU,black,trainingaccaunts,3094,2258,win,1.0
KGiMfom5,2026-01-31T16:18:14.629000+00:00,180+0,standard,blitz,True,resign,white,55,KAPUTVSEMU,Tornado_M,2881,2755,4,-4,D02,Queen's Pawn Game: London System,5,KAPUTVSEMU,white,Tornado_M,2881,2755,win,1.0
2tMMI6ay,2026-01-30T18:43:54.822000+00:00,180+0,standard,blitz,True,resign,black,80,RookandRookie,KAPUTVSEMU,2741,2878,-4,3,A37,"English Opening: Symmetrical Variation, Three Knights, Fianchetto Variation",9,KAPUTVSEMU,black,RookandRookie,2878,2741,win,1.0
510sEiDG,2026-01-30T18:05:12.031000+00:00,180+0,standard,blitz,True,resign,white,93,KAPUTVSEMU,Arad_Nazari,2874,2751,4,-4,A45,Indian Defense: Accelerated London System,3,KAPUTVSEMU,white,Arad_Nazari,2874,2751,win,1.0
wajaoWBD,2026-01-30T17:16:31.011000+00:00,180+0,standard,blitz,True,outoftime,white,115,KAPUTVSEMU,Valerii1122334455,2870,2729,4,-3,A01,Nimzo-Larsen Attack: English Variation,2,KAPUTVSEMU,white,Valerii1122334455,2870,2729,win,1.0
S0ZWAfNh,2026-01-30T17:02:10.462000+00:00,180+0,standard,blitz,True,outoftime,white,131,italyastageleri,KAPUTVSEMU,2780,2878,7,-8,B31,"Sicilian Defense: Nyezhmetdinov-Rossolimo Attack, Fianchetto Variation",6,KAPUTVSEMU,black,italyastageleri,2878,2780,loss,0.0
U422MqVG,2026-01-30T15:28:33.866000+00:00,60+0,standard,bullet,True,mate,black,32,dwkd,KAPUTVSEMU,3089,3088,-6,6,B06,Modern Defense: Standard Line,5,KAPUTVSEMU,black,dwkd,3088,3089,win,1.0
irYVRuOb,2026-01-29T15:02:47.207000+00:00,60+0,standard,bullet,True,outoftime,black,96,abudabi22840,KAPUTVSEMU,3221,3076,-8,8,D00,Queen's Pawn Game: Levitsky Attack,3,KAPUTVSEMU,black,abudabi22840,3076,3221,win,1.0
NTKLL9Ha,2026-01-29T14:57:07.099000+00:00,60+0,standard,bullet,True,mate,white,137,KAPUTVSEMU,abudabi22840,3075,3222,8,-8,A40,Queen's Pawn Game,1,KAPUTVSEMU,white,abudabi22840,3075,3222,win,1.0
fAxPBBDG,2026-01-29T14:54:49.032000+00:00,60+0,standard,bullet,True,outoftime,black,178,abudabi22840,KAPUTVSEMU,3230,3067,-8,8,A40,Queen's Pawn Game,1,KAPUTVSEMU,black,abudabi22840,3067,3230,win,1.0
mxgbGhMM,2026-01-29T14:46:30.567000+00:00,60+0,standard,bullet,True,draw,,158,abudabi22840,KAPUTVSEMU,3222,3075,-3,2,A43,Benoni Defense: Old Benoni,2,KAPUTVSEMU,black,abudabi22840,3075,3222,draw,0.5
3fRC4Aw3,2026-01-29T12:41:41.540000+00:00,60+0,standard,bullet,True,mate,black,80,KAPUTVSEMU,Nozdrachev_Vladislav,3076,3056,-6,6,A00,Hungarian Opening: Catalan Formation,4,KAPUTVSEMU,white,Nozdrachev_Vladislav,3076,3056,loss,0.0
m9x5hocJ,2026-01-29T06:31:45.617000+00:00,60+0,standard,bullet,True,resign,white,61,KAPUTVSEMU,ChessMindAI,3057,2969,4,-4,A00,Hungarian Opening: Sicilian Invitation,2,KAPUTVSEMU,white,ChessMindAI,3057,2969,win,1.0
tC2dVOil,2026-01-29T05:21:21.079000+00:00,60+0,standard,bullet,True,resign,white,77,MasterAssasin123,KAPUTVSEMU,3112,3103,6,-6,A04,Zukertort Opening: Kingside Fianchetto,2,KAPUTVSEMU,black,MasterAssasin123,3103,3112,loss,0.0
oWsGcam2,2026-01-27T22:11:15.254000+00:00,180+0,standard,blitz,True,resign,white,121,KAPUTVSEMU,evg85,2874,2785,4,-4,B22,Sicilian Defense: Delayed Alapin Variation,10,KAPUTVSEMU,white,evg85,2874,2785,win,1.0
6L9Mk50k,2026-01-24T20:39:04.896000+00:00,180+0,standard,blitz,True,outoftime,black,128,elconceto,KAPUTVSEMU,2902,2867,-7,7,A40,English Defense,4,KAPUTVSEMU,black,elconceto,2867,2902,win,1.0
Dx4c83d8,2026-01-24T18:53:31.797000+00:00,180+0,standard,blitz,True,resign,black,60,liczner,KAPUTVSEMU,2785,2862,-5,5,B45,"Sicilian Defense: Four Knights Variation, Cobra Variation",12,KAPUTVSEMU,black,liczner,2862,2785,win,1.0
yJwf3jaU,2026-01-24T18:40:03.680000+00:00,180+0,standard,blitz,True,resign,white,59,KAPUTVSEMU,gmlectures,2859,2712,3,-7,A46,Indian Defense: London System,5,KAPUTVSEMU,white,gmlectures,2859,2712,win,1.0
Zm153gh6,2026-01-24T18:32:35.231000+00:00,180+0,standard,blitz,True,mate,black,164,gmlectures,KAPUTVSEMU,2720,2855,-8,4,C24,Bishop's Opening: Vienna Hybrid,7,KAPUTVSEMU,black,gmlectures,2855,2720,win,1.0
bY8W8umo,2026-01-24T18:21:52.074000+00:00,180+0,standard,blitz,True,resign,black,102,KAPUTVSEMU,elconceto,2861,2899,-6,5,A00,Ware Opening,1,KAPUTVSEMU,white,elconceto,2861,2899,loss,0.0
ODyPJcI8,2026-01-24T18:17:37.552000+00:00,180+0,standard,blitz,True,resign,white,57,elconceto,KAPUTVSEMU,2894,2866,5,-5,D20,Queen's Gambit Accepted: Old Variation,5,KAPUTVSEMU,black,elconceto,2866,2894,loss,0.0
xZYWg8Rt,2026-01-24T18:11:04.248000+00:00,180+0,standard,blitz,True,outoftime,white,155,elconceto,KAPUTVSEMU,2888,2871,6,-5,D20,Queen's Gambit Accepted: Old Variation,5,KAPUTVSEMU,black,elconceto,2871,2888,loss,0.0
KKdffUr7,2026-01-24T13:31:58.094000+00:00,180+0,standard,blitz,True,resign,white,35,KAPUTVSEMU,kuhjft,2867,2769,4,-4,C67,"Ruy Lopez: Berlin Defense, Rio Gambit Accepted",8,KAPUTVSEMU,white,kuhjft,2867,2769,win,1.0
GDtqNPtG,2026-01-23T12:43:43.203000+00:00,180+0,standard,blitz,True,outoftime,white,157,KAPUTVSEMU,InvisibleGuest2023,2862,2827,5,-5,B15,Caro-Kann Defense: Tartakower Variation,10,KAPUTVSEMU,white,InvisibleGuest2023,2862,2827,win,1.0
RtkArY7d,2026-01-22T18:54:17.622000+00:00,180+0,standard,blitz,True,resign,white,67,KAPUTVSEMU,Dr-CRO,2858,2752,4,-4,C00,French Defense: Schlechter Variation,5,KAPUTVSEMU,white,Dr-CRO,2858,2752,win,1.0
UBNmUTBI,2026-01-22T18:46:29.763000+00:00,180+0,standard,blitz,True,resign,black,46,SpanishNe7,KAPUTVSEMU,2731,2854,-4,4,C02,"French Defense: Advance Variation, Euwe Variation",10,KAPUTVSEMU,black,SpanishNe7,2854,2731,win,1.0
vMZxzarY,2026-01-22T16:03:32.746000+00:00,180+0,standard,blitz,True,resign,black,94,Carobee,KAPUTVSEMU,2706,2850,-3,4,E67,"King's Indian Defense: Fianchetto Variation, Debrecen Defense",12,KAPUTVSEMU,black,Carobee,2850,2706,win,1.0
bVtuMnE4,2026-01-22T15:46:00.054000+00:00,180+0,standard,blitz,True,resign,white,69,KAPUTVSEMU,kuhjft,2845,2809,5,-4,C67,"Ruy Lopez: Berlin Defense, Rio Gambit Accepted",8,KAPUTVSEMU,white,kuhjft,2845,2809,win,1.0
wTbcyNjz,2026-01-31T12:18:52.553000+00:00,180+0,standard,blitz,True,resign,black,70,paopaomate,winx_m,2792,2906,-6,4,A46,Yusupov-Rubinstein System,5,winx_m,black,paopaomate,2906,2792,win,1.0
y4ueQjjE,2026-01-31T12:03:38.063000+00:00,180+0,standard,blitz,True,outoftime,white,173,klari64,winx_m,2792,2921,9,-8,A15,English Opening: Anglo-Indian Defense,2,winx_m,black,klari64,2921,2792,loss,0.0
rrhcTwjw,2026-01-31T00:44:13.210000+00:00,180+0,standard,blitz,True,resign,black,80,winx_m,LiamPutnam2008,2928,2856,-7,7,D43,Semi-Slav Defense,8,winx_m,white,LiamPutnam2008,2928,2856,loss,0.0
cprlMhRk,2026-01-31T00:40:19.850000+00:00,180+0,standard,blitz,True,resign,black,64,LiamPutnam2008,winx_m,2861,2923,-5,5,E26,Nimzo-Indian Defense: Sämisch Variation,11,winx_m,black,LiamPutnam2008,2923,2861,win,1.0
Wx4673Eo,2026-01-31T00:35:19.749000+00:00,180+0,standard,blitz,True,resign,black,66,winx_m,LiamPutnam2008,2930,2853,-7,8,B53,Sicilian Defense: Chekhover Variation,7,winx_m,white,LiamPutnam2008,2930,2853,loss,0.0
w1gtjRgd,2026-01-31T00:30:07.954000+00:00,180+0,standard,blitz,True,resign,white,121,LiamPutnam2008,winx_m,2846,2937,7,-7,B76,"Sicilian Defense: Dragon Variation, Yugoslav Attack, Modern Line",17,winx_m,black,LiamPutnam2008,2937,2846,loss,0.0
3uWJsnmt,2026-01-31T00:27:11.895000+00:00,180+0,standard,blitz,True,resign,white,59,winx_m,LiamPutnam2008,2933,2851,4,-5,B25,Sicilian Defense: Closed,10,winx_m,white,LiamPutnam2008,2933,2851,win,1.0
U0wP9VZv,2026-01-31T00:23:50.890000+00:00,180+0,standard,blitz,True,resign,black,68,LiamPutnam2008,winx_m,2855,2928,-4,5,E17,Queen's Indian Defense: Classical Variation,11,winx_m,black,LiamPutnam2008,2928,2855,win,1.0
5hOGM7SY,2026-01-31T00:18:50.150000+00:00,180+0,standard,blitz,True,resign,white,99,winx_m,LiamPutnam2008,2924,2860,4,-5,E05,"Catalan Opening: Open Defense, Classical Line",12,winx_m,white,LiamPutnam2008,2924,2860,win,1.0
TPcRDsPB,2026-01-31T00:13:52.006000+00:00,180+0,standard,blitz,True,resign,white,89,LiamPutnam2008,winx_m,2853,2930,7,-6,B96,Sicilian Defense: Najdorf Variation,13,winx_m,black,LiamPutnam2008,2930,2853,loss,0.0
TaTFzkPL,2026-01-31T00:05:33.629000+00:00,180+0,standard,blitz,True,resign,white,105,winx_m,MrOlka,2928,2687,2,-2,C42,Petrov's Defense: Three Knights Game,5,winx_m,white,MrOlka,2928,2687,win,1.0
EuFnDNU3,2026-01-30T23:56:29.083000+00:00,180+0,standard,blitz,True,outoftime,white,121,winx_m,Corre_por_tu_vida,2926,2658,2,-2,B30,Sicilian Defense: Nyezhmetdinov-Rossolimo Attack,5,winx_m,white,Corre_por_tu_vida,2926,2658,win,1.0
KgI6k8fk,2026-01-30T23:33:15.189000+00:00,180+0,standard,blitz,True,mate,black,136,LiamPutnam2008,winx_m,2848,2922,-5,4,A47,Pseudo Queen's Indian Defense,4,winx_m,black,LiamPutnam2008,2922,2848,win,1.0
1IYVinrP,2026-01-30T23:29:04.263000+00:00,180+0,standard,blitz,True,resign,white,93,winx_m,LiamPutnam2008,2917,2852,5,-4,B50,Sicilian Defense: Modern Variations,4,winx_m,white,LiamPutnam2008,2917,2852,win,1.0
hUXv46b4,2026-01-30T23:22:45.419000+00:00,180+0,standard,blitz,True,mate,black,126,Valentun_Hulka,winx_m,2752,2914,-4,3,B51,Sicilian Defense: Moscow Variation,5,winx_m,black,Valentun_Hulka,2914,2752,win,1.0
N2FTgQJU,2026-01-30T23:19:45.016000+00:00,180+0,standard,blitz,True,resign,black,40,LiamPutnam2008,winx_m,2857,2909,-5,5,B50,"Sicilian Defense: Delayed Alapin Variation, with d6",5,winx_m,black,LiamPutnam2008,2909,2857,win,1.0
IqNsUcF5,2026-01-30T23:17:48.611000+00:00,180+0,standard,blitz,True,resign,white,31,winx_m,LiamPutnam2008,2904,2862,5,-5,A46,Indian Defense: London System,5,winx_m,white,LiamPutnam2008,2904,2862,win,1.0
qHOddOBo,2026-01-30T23:12:50.068000+00:00,180+0,standard,blitz,True,resign,black,68,LiamPutnam2008,winx_m,2867,2898,-5,6,A48,London System,7,winx_m,black,LiamPutnam2008,2898,2867,win,1.0
zjmYnCcI,2026-01-30T23:08:37.888000+00:00,180+0,standard,blitz,True,resign,white,63,winx_m,LiamPutnam2008,2893,2873,5,-6,B11,"Caro-Kann Defense: Two Knights Attack, Mindeno Variation, Exchange Line",8,winx_m,white,LiamPutnam2008,2893,2873,win,1.0
xbRVTeRD,2026-01-30T23:04:03.569000+00:00,180+0,standard,blitz,True,resign,black,62,LiamPutnam2008,winx_m,2878,2887,-5,6,B90,Sicilian Defense: Najdorf Variation,10,winx_m,black,LiamPutnam2008,2887,2878,win,1.0
YvExJTuP,2026-01-30T22:57:51.073000+00:00,180+0,standard,blitz,True,resign,black,122,winx_m,LiamPutnam2008,2894,2872,-7,6,B23,Sicilian Defense: Closed,3,winx_m,white,LiamPutnam2008,2894,2872,loss,0.0
Cl1q40Qz,2026-01-30T22:52:27.454000+00:00,180+0,standard,blitz,True,resign,black,116,LiamPutnam2008,winx_m,2878,2888,-6,6,B90,Sicilian Defense: Najdorf Variation,10,winx_m,black,LiamPutnam2008,2888,2878,win,1.0
nTW7A8Hl,2026-01-30T22:48:36.368000+00:00,180+0,standard,blitz,True,resign,black,56,winx_m,LiamPutnam2008,2894,2872,-6,6,C00,French Defense: Two Knights Variation,5,winx_m,white,LiamPutnam2008,2894,2872,loss,0.0
ky3vE8ri,2026-01-30T22:42:42.349000+00:00,180+0,standard,blitz,True,draw,,103,BlackBoarder,winx_m,2584,2898,4,-4,B50,"Sicilian Defense: Delayed Alapin Variation, with d6",5,winx_m,black,BlackBoarder,2898,2584,draw,0.5
kfuF62lx,2026-01-30T22:37:09.655000+00:00,180+0,standard,blitz,True,resign,black,112,winx_m,BlackBoarder,2908,2574,-10,10,C02,"French Defense: Advance Variation, Euwe Variation",10,winx_m,white,BlackBoarder,2908,2574,loss,0.0
WJLPCGXB,2026-01-30T22:18:27.924000+00:00,180+0,standard,blitz,True,outoftime,black,100,winx_m,emirislamking,2933,2714,-9,9,C01,French Defense: Exchange Variation,7,winx_m,white,emirislamking,2933,2714,loss,0.0
v2q0KzIn,2026-01-30T22:11:25.918000+00:00,180+0,standard,blitz,True,resign,white,30,winx_m,cutemouse83,2925,2961,6,-6,C01,French Defense: Exchange Variation,5,winx_m,white,cutemouse83,2925,2961,win,1.0
wxHYpuiQ,2026-01-30T22:08:00.309000+00:00,180+0,standard,blitz,True,resign,black,50,Vagizovich,winx_m,2631,2923,-2,2,B53,Sicilian Defense: Chekhover Variation,7,winx_m,black,Vagizovich,2923,2631,win,1.0
OhqoP6Qt,2026-01-30T22:02:53.058000+00:00,180+0,standard,blitz,True,resign,white,101,winx_m,Vagizovich,2921,2633,2,-2,B01,Scandinavian Defense: Gubinsky-Melts Defense,6,winx_m,white,Vagizovich,2921,2633,win,1.0
L5OLcqLo,2026-01-30T12:42:01.798000+00:00,180+0,standard,blitz,True,resign,white,117,SublimeWarrior,winx_m,2865,2936,7,-6,E00,Catalan Opening,5,winx_m,black,SublimeWarrior,2936,2865,loss,0.0
FKm67sVV,2026-02-01T22:06:27.985000+00:00,60+0,standard,bullet,True,mate,black,122,Mlchael,Blindus1231,3139,2937,-9,9,B14,"Caro-Kann Defense: Panov Attack, Fianchetto Defense, Fianchetto Gambit",12,Mlchael,white,Blindus1231,3139,2937,loss,0.0
aSId600t,2026-02-01T22:00:37.745000+00:00,60+0,standard,bullet,True,outoftime,white,131,mufiks,Mlchael,2888,3148,9,-9,A46,Indian Defense: Knights Variation,3,Mlchael,black,mufiks,3148,2888,loss,0.0
xgkXWns4,2026-01-30T04:30:37.192000+00:00,180+0,standard,blitz,True,resign,white,35,Mlchael,NeymarSSJ,2942,2727,3,-3,B06,Modern Defense,4,Mlchael,white,NeymarSSJ,2942,2727,win,1.0
1pK2rMjD,2026-01-30T04:29:26.437000+00:00,180+0,standard,blitz,True,resign,black,28,NeymarSSJ,Mlchael,2730,2939,-3,3,A04,Zukertort Opening: Kingside Fianchetto,2,Mlchael,black,NeymarSSJ,2939,2730,win,1.0
uovOziJq,2026-01-30T04:23:13.201000+00:00,180+0,standard,blitz,True,mate,white,127,Mlchael,NeymarSSJ,2936,2733,3,-3,B12,"Caro-Kann Defense: Advance Variation, Bayonet Attack",7,Mlchael,white,NeymarSSJ,2936,2733,win,1.0
lJhRVKTj,2026-01-30T04:19:44.684000+00:00,180+0,standard,blitz,True,resign,black,50,NeymarSSJ,Mlchael,2736,2932,-3,4,A07,King's Indian Attack: Double Fianchetto,4,Mlchael,black,NeymarSSJ,2932,2736,win,1.0
NoJq662H,2026-01-25T21:11:59.223000+00:00,30+0,standard,bullet,True,outoftime,white,119,chess-art-us,Mlchael,3285,3137,4,-4,A04,Zukertort Opening: Ross Gambit,2,Mlchael,black,chess-art-us,3137,3285,loss,0.0
zYEaDg9D,2026-01-23T07:15:22.221000+00:00,60+0,standard,bullet,True,resign,white,25,Mlchael,BenjiTheAce,3148,3036,4,-4,C52,"Italian Game: Evans Gambit, Slow Variation",11,Mlchael,white,BenjiTheAce,3148,3036,win,1.0
QvKQVlYq,2026-01-23T02:01:22.817000+00:00,180+0,standard,blitz,True,resign,black,42,Crankpenguin,Mlchael,2920,2925,-35,7,B04,Alekhine Defense: Modern Variation,7,Mlchael,black,Crankpenguin,2925,2920,win,1.0
pcGVKWXL,2026-01-23T01:58:00.170000+00:00,180+0,standard,blitz,True,resign,white,61,Mlchael,Crankpenguin,2918,2962,7,-42,B06,Modern Defense,4,Mlchael,white,Crankpenguin,2918,2962,win,1.0
e1wQDRMb,2026-01-23T01:48:51.950000+00:00,180+0,standard,blitz,True,mate,black,114,Mlchael,TigerSiberian,2927,2855,-9,7,D02,"Queen's Pawn Game: London System, with e6",5,Mlchael,white,TigerSiberian,2927,2855,loss,0.0
u58osvyV,2026-01-21T05:30:56.698000+00:00,180+0,standard,blitz,True,mate,black,138,gepard_is_great,Mlchael,2813,2922,-11,5,C70,"Ruy Lopez: Morphy Defense, Fianchetto Defense Deferred",8,Mlchael,black,gepard_is_great,2922,2813,win,1.0
9WZ3FgZA,2026-01-15T07:03:58.908000+00:00,180+0,standard,blitz,True,resign,black,90,ZhohoFF,Mlchael,2632,2919,-2,3,B02,Alekhine Defense: Sämisch Attack,5,Mlchael,black,ZhohoFF,2919,2632,win,1.0
YEaMJeo6,2026-01-15T07:00:45.948000+00:00,180+0,standard,blitz,True,resign,black,46,ZhohoFF,Mlchael,2634,2917,-2,2,B02,Alekhine Defense: Sämisch Attack,5,Mlchael,black,ZhohoFF,2917,2634,win,1.0
oYYf5eLb,2026-01-15T06:55:24.007000+00:00,180+0,standard,blitz,True,resign,white,113,Mlchael,Chessboy1978,2913,2751,4,-3,C40,King's Pawn Game: Gunderam Gambit,4,Mlchael,white,Chessboy1978,2913,2751,win,1.0
OZFFZgaw,2026-01-15T06:51:38.975000+00:00,180+0,standard,blitz,True,resign,white,10,Mlchael,SwitzerlandChair,2908,2822,5,-4,B01,Scandinavian Defense: Mieses-Kotroc Variation,4,Mlchael,white,SwitzerlandChair,2908,2822,win,1.0
04sxPejj,2026-01-15T04:03:04.901000+00:00,180+0,standard,blitz,True,outoftime,white,129,Mlchael,apollothedog,2905,2672,3,-2,B96,Sicilian Defense: Najdorf Variation,13,Mlchael,white,apollothedog,2905,2672,win,1.0
bN8fjIdX,2026-01-15T03:49:06.327000+00:00,180+0,standard,blitz,True,outoftime,white,221,Mlchael,Chessiguana,2901,2696,4,-2,C41,Philidor Defense: Lion Variation,8,Mlchael,white,Chessiguana,2901,2696,win,1.0
KsXs4jVN,2026-01-10T20:50:13.550000+00:00,180+0,standard,blitz,True,resign,white,49,Mlchael,Burjugul_7,2898,2716,3,-2,C86,"Ruy Lopez: Closed, Worrall Attack",11,Mlchael,white,Burjugul_7,2898,2716,win,1.0
OfDicVXH,2026-01-10T20:47:09.236000+00:00,180+0,standard,blitz,True,resign,black,64,Burjugul_7,Mlchael,2720,2894,-4,4,C44,"King's Pawn Game: Tayler Opening, Inverted Hanham",9,Mlchael,black,Burjugul_7,2894,2720,win,1.0
uGqQWTRF,2026-01-10T20:41:51.611000+00:00,180+0,standard,blitz,True,outoftime,white,89,Mlchael,Burjugul_7,2890,2723,4,-3,B12,"Caro-Kann Defense: Advance Variation, Bayonet Attack",7,Mlchael,white,Burjugul_7,2890,2723,win,1.0
AAeAD7XC,2026-01-10T20:35:48.712000+00:00,180+0,standard,blitz,True,resign,black,118,Burjugul_7,Mlchael,2726,2885,-3,5,E12,Queen's Indian Defense: Kasparov Variation,7,Mlchael,black,Burjugul_7,2885,2726,win,1.0
3wvcFzBO,2026-01-10T20:33:23.912000+00:00,180+0,standard,blitz,True,resign,white,47,Mlchael,Burjugul_7,2880,2729,5,-3,C86,"Ruy Lopez: Closed, Worrall Attack, Castling Line",14,Mlchael,white,Burjugul_7,2880,2729,win,1.0
U6K5DaNP,2026-01-10T20:31:44.654000+00:00,180+0,standard,blitz,True,draw,,30,arnaldofdelavara,Mlchael,2813,2882,1,-2,B02,Alekhine Defense: Scandinavian Variation,4,Mlchael,black,arnaldofdelavara,2882,2813,draw,0.5
PYm2Cxxq,2026-01-06T08:04:31.893000+00:00,60+0,standard,bullet,True,outoftime,black,150,Bestinblitz,Mlchael,3010,3137,-4,4,D31,Queen's Gambit Declined: Queen's Knight Variation,5,Mlchael,black,Bestinblitz,3137,3010,win,1.0
DdJ2mKXh,2026-01-06T08:03:09.830000+00:00,60+0,standard,bullet,True,mate,white,63,Mlchael,Bestinblitz,3134,3013,3,-3,B22,"Sicilian Defense: Alapin Variation, Barmen Defense",6,Mlchael,white,Bestinblitz,3134,3013,win,1.0
6bV6rVGJ,2026-01-06T08:02:01.961000+00:00,60+0,standard,bullet,True,resign,black,54,Bestinblitz,Mlchael,3017,3130,-4,4,B07,Pirc Defense,6,Mlchael,black,Bestinblitz,3130,3017,win,1.0
fKFj7APH,2026-01-06T07:54:16.330000+00:00,60+0,standard,bullet,True,outoftime,,138,Bestinblitz,Mlchael,3004,3143,2,-2,A45,Indian Defense: Accelerated London System,3,Mlchael,black,Bestinblitz,3143,3004,draw,0.5
Xddnogz1,2026-01-06T07:49:55.122000+00:00,60+0,standard,bullet,True,outoftime,white,79,Bestinblitz,Mlchael,3000,3147,7,-7,D00,Queen's Pawn Game: Accelerated London System,3,Mlchael,black,Bestinblitz,3147,3000,loss,0.0
KrNVAvUc,2026-01-06T07:40:57.145000+00:00,60+0,standard,bullet,True,resign,black,118,Mlchael,Bestinblitz,3153,2993,-8,9,B01,Scandinavian Defense: Mieses-Kotroc Variation,4,Mlchael,white,Bestinblitz,3153,2993,loss,0.0
kWxIIsok,2026-02-01T20:16:53.219000+00:00,180+0,standard,blitz,True,mate,white,143,Luiselcapote,HenryChesspro,2288,2366,7,-6,A48,London System,8,HenryChesspro,black,Luiselcapote,2366,2288,loss,0.0
7NR6IK8t,2026-02-01T18:23:09.023000+00:00,180+0,standard,blitz,True,resign,black,50,HenryChesspro,clearmyrain,2384,2354,-6,19,C29,"Vienna Game: Vienna Gambit, Modern Variation",9,HenryChesspro,white,clearmyrain,2384,2354,loss,0.0
K0y9l74M,2026-02-01T14:30:10.323000+00:00,180+0,standard,blitz,True,resign,white,72,Stockfish_TR,HenryChesspro,2350,2393,7,-6,B06,Modern Defense: Gurgenidze Defense,10,HenryChesspro,black,Stockfish_TR,2393,2350,loss,0.0
T7iSHrZn,2026-02-01T12:38:43.522000+00:00,180+0,standard,blitz,True,outoftime,black,76,HenryChesspro,MityshevS,2395,2370,-6,7,B20,Sicilian Defense: Wing Gambit,3,HenryChesspro,white,MityshevS,2395,2370,loss,0.0
Th8ay0Ep,2026-01-31T14:26:23.573000+00:00,600+0,standard,rapid,True,resign,white,61,HenryChesspro,sparking-genio,2561,2533,5,-7,C29,"Vienna Game: Vienna Gambit, Modern Variation",9,HenryChesspro,white,sparking-genio,2561,2533,win,1.0
LbFWVPN8,2026-01-31T14:16:29.230000+00:00,180+0,standard,blitz,True,mate,white,127,CHEHONTE,HenryChesspro,2592,2402,3,-2,A04,Zukertort Opening: Kingside Fianchetto,2,HenryChesspro,black,CHEHONTE,2402,2592,loss,0.0
cMI65yq0,2026-01-30T19:50:13.552000+00:00,180+0,standard,blitz,True,outoftime,black,108,nextgm2022,HenryChesspro,2355,2387,-5,6,B06,Modern Defense,4,HenryChesspro,black,nextgm2022,2387,2355,win,1.0
ztay1YYK,2026-01-30T19:18:23.999000+00:00,180+0,standard,blitz,True,resign,white,51,SirulrichII,HenryChesspro,2388,2382,5,-6,B06,Modern Defense: Standard Line,5,HenryChesspro,black,SirulrichII,2382,2388,loss,0.0
a9dwA5dY,2026-01-30T17:18:01.609000+00:00,180+0,standard,blitz,True,resign,white,93,HenryChesspro,Oleg883,2373,2246,4,-3,C01,"French Defense: Exchange Variation, Monte Carlo Variation",7,HenryChesspro,white,Oleg883,2373,2246,win,1.0
6ArW70kF,2026-01-30T15:24:10.057000+00:00,180+0,standard,blitz,True,resign,white,60,HenryChesspro,Dalle-3,2368,2358,5,-5,C29,"Vienna Game: Vienna Gambit, Modern Variation",9,HenryChesspro,white,Dalle-3,2368,2358,win,1.0
wjtRiswa,2026-01-30T14:33:06.618000+00:00,180+0,standard,blitz,True,outoftime,white,63,HenryChesspro,Adrianstamate,2365,2223,3,-3,C25,Vienna Game: Omaha Gambit,5,HenryChesspro,white,Adrianstamate,2365,2223,win,1.0
Se3VX2jS,2026-01-30T13:56:17.137000+00:00,180+0,standard,blitz,True,outoftime,white,67,HenryChesspro,Finda2,2350,2290,5,-5,B06,Modern Defense,4,HenryChesspro,white,Finda2,2350,2290,win,1.0
fXCO0CG9,2026-01-30T11:09:43.406000+00:00,180+0,standard,blitz,True,resign,black,68,HenryChesspro,HLeyva,2359,2344,-6,6,B12,Caro-Kann Defense,3,HenryChesspro,white,HLeyva,2359,2344,loss,0.0
aB4Wpeyq,2026-01-30T09:29:58.702000+00:00,180+0,standard,blitz,True,resign,white,46,HenryChesspro,zelvatuta,2351,2365,6,-6,C25,Vienna Game: Max Lange Defense,4,HenryChesspro,white,zelvatuta,2351,2365,win,1.0
u7Gpu9hX,2026-01-30T09:04:14.779000+00:00,180+0,standard,blitz,True,resign,black,22,Old-Shatterhand,HenryChesspro,2270,2346,-5,5,A40,Queen's Pawn Game: Modern Defense,2,HenryChesspro,black,Old-Shatterhand,2346,2270,win,1.0
JZf2B7Sx,2026-01-30T09:00:49.484000+00:00,180+0,standard,blitz,True,resign,white,38,HenryChesspro,Ghostdog_db,2342,2258,4,-5,B20,"Sicilian Defense: Wing Gambit, Carlsbad Variation",6,HenryChesspro,white,Ghostdog_db,2342,2258,win,1.0
1mqISHcY,2026-01-30T08:58:12.062000+00:00,60+0,standard,bullet,True,resign,black,64,Lavakola,HenryChesspro,2413,2498,-4,5,B06,Modern Defense: Gurgenidze Defense,10,HenryChesspro,black,Lavakola,2498,2413,win,1.0
xHIBrIu2,2026-01-30T08:55:05.866000+00:00,60+0,standard,bullet,True,outoftime,,155,HenryChesspro,AttackingChess19,2496,2637,2,-2,B20,"Sicilian Defense: Wing Gambit, Marshall Variation",5,HenryChesspro,white,AttackingChess19,2496,2637,draw,0.5
TuLAums3,2026-01-30T08:42:01.940000+00:00,600+0,standard,rapid,True,resign,white,51,HenryChesspro,karakosh,2557,2429,4,-3,B20,"Sicilian Defense: Wing Gambit, Carlsbad Variation",6,HenryChesspro,white,karakosh,2557,2429,win,1.0
dxElXKZd,2026-01-30T00:15:01.561000+00:00,180+0,standard,blitz,True,mate,white,71,Takanib,HenryChesspro,2314,2348,6,-6,A10,English Opening: Great Snake Variation,2,HenryChesspro,black,Takanib,2348,2314,loss,0.0
bF2A9DAT,2026-01-29T23:08:16.890000+00:00,180+0,standard,blitz,True,resign,white,62,HenryChesspro,cuentadeinvitados,2345,2222,3,-3,C01,"French Defense: Exchange Variation, Monte Carlo Variation",7,HenryChesspro,white,cuentadeinvitados,2345,2222,win,1.0
KfvESvjQ,2026-01-29T22:53:16.528000+00:00,180+0,standard,blitz,True,outoftime,white,51,imdejong,HenryChesspro,2410,2349,4,-4,B06,Modern Defense,4,HenryChesspro,black,imdejong,2349,2410,loss,0.0
vHyQnNV3,2026-01-29T20:51:44.352000+00:00,180+0,standard,blitz,True,mate,white,111,MoharM,HenryChesspro,2316,2355,6,-6,A40,Queen's Pawn Game: Modern Defense,2,HenryChesspro,black,MoharM,2355,2316,loss,0.0
TPoBqtXg,2026-01-29T18:48:48.406000+00:00,180+0,standard,blitz,True,outoftime,black,100,HenryChesspro,Skill_Beats_Tricks,2363,2231,-8,8,B20,"Sicilian Defense: Wing Gambit, Carlsbad Variation",6,HenryChesspro,white,Skill_Beats_Tricks,2363,2231,loss,0.0
LnjcYgrZ,2026-01-29T17:24:27.437000+00:00,180+0,standard,blitz,True,resign,black,70,Requetemalo,HenryChesspro,2364,2357,-6,6,B06,Modern Defense,4,HenryChesspro,black,Requetemalo,2357,2364,win,1.0
ZPkhOMtM,2026-01-29T14:58:56.574000+00:00,180+0,standard,blitz,True,resign,black,94,HenryChesspro,zeigmata,2362,2392,-5,6,B01,Scandinavian Defense,2,HenryChesspro,white,zeigmata,2362,2392,loss,0.0
SJnCDB4U,2026-01-29T14:48:48.363000+00:00,180+0,standard,blitz,True,resign,white,113,HenryChesspro,BaBuloH,2358,2292,4,-4,B03,Alekhine Defense: Exchange Variation,9,HenryChesspro,white,BaBuloH,2358,2292,win,1.0
7Amay2CM,2026-01-29T14:42:50.458000+00:00,180+0,standard,blitz,True,outoftime,white,119,albertosauruso,HenryChesspro,2307,2364,6,-6,A04,Zukertort Opening: Kingside Fianchetto,2,HenryChesspro,black,albertosauruso,2364,2307,loss,0.0
b00hIhAX,2026-01-28T23:55:00.917000+00:00,180+0,standard,blitz,True,resign,black,56,CoachMoRam,HenryChesspro,2359,2385,-6,6,A04,Zukertort Opening: Kingside Fianchetto,2,HenryChesspro,black,CoachMoRam,2385,2359,win,1.0
jERq0tR8,2026-01-28T22:41:30.323000+00:00,180+0,standard,blitz,True,resign,black,88,HenryChesspro,leonteo,2395,2371,-6,6,C01,"French Defense: Exchange Variation, Monte Carlo Variation",7,HenryChesspro,white,leonteo,2395,2371,loss,0.0
