game_id,move_number,move_played,piece_type,best_move,cp_loss,move_category,fen_before,score_before,score_after
Y8fqQKuQ,2,c5,Pawn,e5,-13,Good,rnbqkbnr/pppppppp/8/8/4P3/8/PPPP1PPP/RNBQKBNR b KQkq - 0 1,42,29
Y8fqQKuQ,4,d5,Pawn,d5,4,Good,rnbqkbnr/pp1ppppp/8/2p5/4P3/2P5/PP1P1PPP/RNBQKBNR b KQkq - 0 2,28,32
Y8fqQKuQ,6,dxe4,Pawn,dxe4,-5,Good,rnbqkbnr/pp2pppp/8/2pp4/3PP3/2P5/PP3PPP/RNBQKBNR b KQkq - 0 3,-72,-77
Y8fqQKuQ,8,cxd4,Pawn,Nf6,6,Good,rnbqkbnr/pp2pppp/8/2p5/3Pp3/2P5/PP1N1PPP/R1BQKBNR b KQkq - 1 4,-44,-38
Y8fqQKuQ,10,Nc6,Knight,Nc6,12,Good,rnbqkbnr/pp2pppp/8/8/3pN3/2P5/PP3PPP/R1BQKBNR b KQkq - 0 5,-43,-31
Y8fqQKuQ,12,Qxd4,Queen,Qxd4,-2,Good,r1bqkbnr/pp2pppp/2n5/8/3PN3/8/PP3PPP/R1BQKBNR b KQkq - 0 6,-78,-80
Y8fqQKuQ,14,Nxd4,Knight,Nxd4,-13,Good,r1b1kbnr/pp2pppp/2n5/8/3QN3/8/PP3PPP/R1B1KBNR b KQkq - 0 7,-105,-118
Y8fqQKuQ,16,e5,Pawn,e5,-15,Good,r1b1kbnr/pp2pppp/8/8/3nN3/3B4/PP3PPP/R1B1K1NR b KQkq - 1 8,-102,-117
Y8fqQKuQ,18,Bb4+,Bishop,Nxf3+,29,Good,r1b1kbnr/pp3ppp/8/4p3/3nN3/3B1N2/PP3PPP/R1B1K2R b KQkq - 1 9,-116,-87
Y8fqQKuQ,20,Nxf3+,Knight,Nxf3+,-4,Good,r1b1k1nr/pp3ppp/8/4p3/1b1nN3/3B1N2/PP1B1PPP/R3K2R b KQkq - 3 10,-64,-68
Y8fqQKuQ,22,Bxd2+,Bishop,Bxd2+,14,Good,r1b1k1nr/pp3ppp/8/4p3/1b2N3/3B1P2/PP1B1P1P/R3K2R b KQkq - 0 11,-83,-69
Y8fqQKuQ,24,Nf6,Knight,Be6,45,Inaccuracy,r1b1k1nr/pp3ppp/8/4p3/8/3B1P2/PP1N1P1P/R3K2R b KQkq - 0 12,-172,-127
Y8fqQKuQ,26,Be6,Bishop,Ke7,120,Mistake,r1b1k2r/pp3ppp/5n2/4p3/4N3/3B1P2/PP3P1P/R3K2R b KQkq - 2 13,-257,-137
Y8fqQKuQ,28,Ke7,King,Ke7,2,Good,r3k2r/pp3ppp/4bn2/1B2p3/4N3/5P2/PP3P1P/R3K2R b KQkq - 4 14,-282,-280
Y8fqQKuQ,30,Kxf6,King,Kxf6,5,Good,r6r/pp2kppp/4bN2/1B2p3/8/5P2/PP3P1P/R3K2R b KQ - 0 15,-315,-310
Y8fqQKuQ,32,Rac8+,Rook,Bxa2,27,Good,r6r/pp3ppp/4bk2/1B2p3/8/5P2/PP3P1P/2KR3R b - - 1 16,-423,-396
Y8fqQKuQ,34,Rhd8,Rook,Rhd8,-15,Good,2r4r/pp3ppp/4bk2/1B2p3/8/5P2/PP3P1P/1K1R3R b - - 3 17,-425,-440
Y8fqQKuQ,36,Rxd8,Rook,Rxd8,1,Good,2rR4/pp3ppp/4bk2/1B2p3/8/5P2/PP3P1P/1K5R b - - 0 18,-448,-447
Y8fqQKuQ,38,Rd2,Rook,Bf5+,39,Inaccuracy,3r4/pp3ppp/4bk2/1B2p3/8/5P2/PP3P1P/1KR5 b - - 1 19,-409,-370
Y8fqQKuQ,40,Rd1+,Rook,Rd1+,-1,Good,8/pp3ppp/4bk2/1B2p3/8/5P2/PPRr1P1P/1K6 b - - 3 20,-9996,-9997
Y8fqQKuQ,42,Bf5+,Bishop,Bf5+,-1,Good,8/pp3ppp/4bk2/1B2p3/8/5P2/PP3P1P/1KRr4 b - - 5 21,-9997,-9998
Y8fqQKuQ,44,Bxd3+,Bishop,Bxd3+,-1,Good,8/pp3ppp/5k2/4pb2/8/3B1P2/PP3P1P/1KRr4 b - - 7 22,-9998,-9999
Y8fqQKuQ,46,Rxc1#,Rook,Rxc1#,-1,Good,8/pp3ppp/5k2/4p3/8/3b1P2/PP3P1P/K1Rr4 b - - 1 23,-9999,-10000
c0egJi55,2,e6,Pawn,c5,13,Good,rnbqkbnr/pppppppp/8/8/4P3/8/PPPP1PPP/RNBQKBNR b KQkq - 0 1,27,40
c0egJi55,4,d5,Pawn,d5,7,Good,rnbqkbnr/pppp1ppp/4p3/8/3PP3/8/PPP2PPP/RNBQKBNR b KQkq - 0 2,38,45
c0egJi55,6,c5,Pawn,c5,-5,Good,rnbqkbnr/ppp2ppp/4p3/3p4/3PP3/8/PPPN1PPP/R1BQKBNR b KQkq - 1 3,27,22
c0egJi55,8,cxd4,Pawn,cxd4,6,Good,rnbqkbnr/pp3ppp/4p3/2pp4/3PP3/5N2/PPPN1PPP/R1BQKB1R b KQkq - 1 4,25,31
c0egJi55,10,Nc6,Knight,Nc6,4,Good,rnbqkbnr/pp3ppp/4p3/3p4/3NP3/8/PPPN1PPP/R1BQKB1R b KQkq - 0 5,13,17
c0egJi55,12,Bd7,Bishop,Bd7,11,Good,r1bqkbnr/pp3ppp/2n1p3/1B1p4/3NP3/8/PPPN1PPP/R1BQK2R b KQkq - 2 6,6,17
c0egJi55,14,bxc6,Pawn,bxc6,14,Good,r2qkbnr/pp1b1ppp/2N1p3/1B1p4/4P3/8/PPPN1PPP/R1BQK2R b KQkq - 0 7,8,22
c0egJi55,16,Bd6,Bishop,Qc7,-5,Good,r2qkbnr/p2b1ppp/2p1p3/3p4/4P3/3B4/PPPN1PPP/R1BQK2R b KQkq - 1 8,31,26
c0egJi55,18,e5,Pawn,Qc7,8,Good,r2qk1nr/p2b1ppp/2pbp3/3p4/4P3/3B4/PPPNQPPP/R1B1K2R b KQkq - 3 9,27,35
c0egJi55,20,Nf6,Knight,Nf6,1,Good,r2qk1nr/p2b1ppp/2pb4/3pp3/2P1P3/3B4/PP1NQPPP/R1B1K2R b KQkq - 0 10,36,37
c0egJi55,22,O-O,King,O-O,2,Good,r2qk2r/p2b1ppp/2pb1n2/3pp3/2P1P3/3B4/PP1NQPPP/R1B2RK1 b kq - 2 11,44,46
c0egJi55,24,cxd5,Pawn,cxd5,3,Good,r2q1rk1/p2b1ppp/2pb1n2/3Pp3/4P3/3B4/PP1NQPPP/R1B2RK1 b - - 0 12,48,51
c0egJi55,26,Re8,Rook,Re8,-8,Good,r2q1rk1/p2b1ppp/3b1n2/3Pp3/8/3B4/PP1NQPPP/R1B2RK1 b - - 0 13,44,36
c0egJi55,28,Nxe4,Knight,Nxe4,6,Good,r2qr1k1/p2b1ppp/3b1n2/3Pp3/4N3/3B4/PP2QPPP/R1B2RK1 b - - 2 14,-80,-74
c0egJi55,30,f5,Pawn,f5,-5,Good,r2qr1k1/p2b1ppp/3b4/3Pp3/4B3/8/PP2QPPP/R1B2RK1 b - - 0 15,-60,-65
c0egJi55,32,e4,Pawn,Rc8,13,Good,r2qr1k1/p2b2pp/3b4/3Ppp2/8/8/PPB1QPPP/R1B2RK1 b - - 1 16,-59,-46
c0egJi55,34,f4,Pawn,Qc7,98,Mistake,r2qr1k1/p2b2pp/3b4/3P1p2/4p3/8/PPBBQPPP/R4RK1 b - - 1 17,-96,2
c0egJi55,36,Qb6+,Queen,Qb6+,-17,Good,r2qr1k1/p2b2pp/3b4/3P4/4pp2/5P2/PPBBQ1PP/R4RK1 b - - 0 18,-376,-393
c0egJi55,38,Bb5,Bishop,Bb5,1,Good,r3r1k1/p2b2pp/1q1b4/3P4/4pp2/5P2/PPBBQ1PP/R4R1K b - - 2 19,-409,-408
c0egJi55,40,e3,Pawn,Bxf1,44,Inaccuracy,r3r1k1/p5pp/1q1b4/1b1P4/4pp2/5P2/PPBB2PP/R2Q1R1K b - - 4 20,-417,-373
e4ipnUGV,2,c5,Pawn,e5,6,Good,rnbqkbnr/pppppppp/8/8/4P3/8/PPPP1PPP/RNBQKBNR b KQkq - 0 1,38,44
e4ipnUGV,4,d6,Pawn,Nc6,17,Good,rnbqkbnr/pp1ppppp/8/2p5/4P3/5N2/PPPP1PPP/RNBQKB1R b KQkq - 1 2,32,49
e4ipnUGV,6,cxd4,Pawn,cxd4,-13,Good,rnbqkbnr/pp2pppp/3p4/2p5/3PP3/5N2/PPP2PPP/RNBQKB1R b KQkq - 0 3,47,34
e4ipnUGV,8,Nf6,Knight,Nf6,-5,Good,rnbqkbnr/pp2pppp/3p4/8/3NP3/8/PPP2PPP/RNBQKB1R b KQkq - 0 4,39,34
e4ipnUGV,10,a6,Pawn,a6,-1,Good,rnbqkb1r/pp2pppp/3p1n2/8/3NP3/2N5/PPP2PPP/R1BQKB1R b KQkq - 2 5,35,34
e4ipnUGV,12,e6,Pawn,e6,13,Good,rnbqkb1r/1p2pppp/p2p1n2/6B1/3NP3/2N5/PPP2PPP/R2QKB1R b KQkq - 1 6,22,35
e4ipnUGV,14,h6,Pawn,Be7,2,Good,rnbqkb1r/1p3ppp/p2ppn2/6B1/3NPP2/2N5/PPP3PP/R2QKB1R b KQkq - 0 7,40,42
e4ipnUGV,16,Be7,Bishop,Qb6,24,Good,rnbqkb1r/1p3pp1/p2ppn1p/8/3NPP1B/2N5/PPP3PP/R2QKB1R b KQkq - 1 8,34,58
e4ipnUGV,18,Nbd7,Knight,Nc6,8,Good,rnbqk2r/1p2bpp1/p2ppn1p/8/3NPP1B/2N2Q2/PPP3PP/R3KB1R b KQkq - 3 9,61,69
e4ipnUGV,20,Qc7,Queen,g5,37,Inaccuracy,r1bqk2r/1p1nbpp1/p2ppn1p/8/3NPP1B/2N2Q2/PPP3PP/2KR1B1R b kq - 5 10,44,81
e4ipnUGV,22,b5,Pawn,b5,19,Good,r1b1k2r/1pqnbpp1/p2ppn1p/8/3NPP1B/2N2Q2/PPP1B1PP/2KR3R b kq - 7 11,31,50
e4ipnUGV,24,Nxf6,Knight,Nxf6,2,Good,r1b1k2r/2qnbpp1/p2ppB1p/1p6/3NPP2/2N2Q2/PPP1B1PP/2KR3R b kq - 0 12,46,48
e4ipnUGV,26,Bb7,Bishop,Bb7,-4,Good,r1b1k2r/2q1bpp1/p2ppn1p/1p2P3/3N1P2/2N2Q2/PPP1B1PP/2KR3R b kq - 0 13,42,38
e4ipnUGV,28,dxe5,Pawn,dxe5,13,Good,r3k2r/1bq1bpp1/p2ppn1p/1p2P3/3N1P2/2N3Q1/PPP1B1PP/2KR3R b kq - 2 14,54,67
e4ipnUGV,30,Ne4,Knight,Ne4,16,Good,r3k2r/1bq1bpp1/p3pn1p/1p2P3/3N4/2N3Q1/PPP1B1PP/2KR3R b kq - 0 15,31,47
e4ipnUGV,32,Qxc3,Queen,Qxc3,13,Good,r3k2r/1bq1bpp1/p3N2p/1p2P3/4n3/2N3Q1/PPP1B1PP/2KR3R b kq - 0 16,29,42
e4ipnUGV,34,Kf8,King,Kf8,4,Good,r3k2r/1b2bpN1/p6p/1p2P3/4n3/2q3Q1/PPP1B1PP/2KR3R b kq - 0 17,29,33
e4ipnUGV,36,Ke8,King,Ke8,-3,Good,r4k1r/1b2bp2/p3N2p/1p2P3/4n3/2q3Q1/PPP1B1PP/2KR3R b - - 2 18,47,44
e4ipnUGV,38,Nxc3,Knight,Nxc3,13,Good,r3k2r/1b2bp2/p3N2p/1p2P3/4n3/2Q5/PPP1B1PP/2KR3R b - - 0 19,32,45
e4ipnUGV,40,Kf8,King,Kf8,-1,Good,r3k2r/1bN1bp2/p6p/1p2P3/8/2n5/PPP1B1PP/2KR3R b - - 1 20,41,40
e4ipnUGV,42,Rc8,Rook,Rc8,8,Good,r4k1r/1bN1bp2/p6p/1p2P3/8/2P5/P1P1B1PP/2KR3R b - - 0 21,42,50
e4ipnUGV,44,Ba3+,Bishop,Ba3+,10,Good,2r2k1r/1b2bp2/p6p/1p1NP3/8/2P5/P1P1B1PP/2KR3R b - - 2 22,45,55
e4ipnUGV,46,Bxd5,Bishop,Bxd5,-9,Good,2r2k1r/1b3p2/p6p/1p1NP3/8/b1P5/P1P1B1PP/1K1R3R b - - 4 23,40,31
e4ipnUGV,48,Rg8,Rook,Rg8,-3,Good,2r2k1r/5p2/p6p/1p1RP3/8/b1P5/P1P1B1PP/1K5R b - - 0 24,31,28
e4ipnUGV,50,Rxc3,Rook,Rxc3,4,Good,2r2kr1/5p2/p6p/1p1RP3/8/b1P3P1/P1P1B2P/1K5R b - - 0 25,15,19
e4ipnUGV,52,Rg5,Rook,Ke7,11,Good,5kr1/5p2/p6p/1p1RP3/8/b1r3P1/P1P1B2P/1K3R2 b - - 1 26,6,17
e4ipnUGV,54,Rg4,Rook,Rg4,0,Good,5k2/5p2/p6p/1p1RP1r1/8/b1rB2P1/P1P4P/1K3R2 b - - 3 27,0,0
e4ipnUGV,56,Rxf4,Rook,Rxf4,3,Good,5k2/5p2/p6p/1p1RP3/5Rr1/b1rB2P1/P1P4P/1K6 b - - 5 28,4,7
e4ipnUGV,58,Ke7,King,Ke7,-3,Good,5k2/5p2/p6p/1p1RP3/5P2/b1rB4/P1P4P/1K6 b - - 0 29,20,17
e4ipnUGV,60,Rc8,Rook,Rc8,-2,Good,8/4kp2/p6p/1p2P3/3R1P2/b1rB4/P1P4P/1K6 b - - 2 30,14,12
e4ipnUGV,62,Rg8,Rook,Rg8,-2,Good,2r5/4kp2/p6p/1p2P3/4RP2/b2B4/P1P4P/1K6 b - - 4 31,4,2
e4ipnUGV,64,Rg1+,Rook,Rg2,39,Inaccuracy,6r1/4kp2/p6p/1p2P3/2P1RP2/b2B4/P6P/1K6 b - - 0 32,4,43
e4ipnUGV,66,bxc4,Pawn,Rg2+,84,Inaccuracy,8/4kp2/p6p/1p2P3/2P1RP2/b2B4/P1K4P/6r1 b - - 2 33,10,94
e4ipnUGV,68,Rg2+,Rook,f5,31,Inaccuracy,8/4kp2/p6p/4P3/2B1RP2/b7/P1K4P/6r1 b - - 0 34,87,118
e4ipnUGV,70,Bc5,Bishop,Bc5,-4,Good,8/4kp2/p6p/4P3/2B1RP2/bK6/P5rP/8 b - - 2 35,155,151
e4ipnUGV,72,Rxh2,Rook,f6,56,Inaccuracy,8/4kp2/p6p/2b1PP2/2B1R3/1K6/P5rP/8 b - - 0 36,159,215
e4ipnUGV,74,Ke8,King,Kf8,-1,Good,8/4kp2/p4P1p/2b1P3/2B1R3/1K6/P6r/8 b - - 0 37,234,233
e4ipnUGV,76,h5,Pawn,h5,35,Inaccuracy,4k3/5p2/B4P1p/2b1P3/4R3/1K6/P6r/8 b - - 0 38,227,262
e4ipnUGV,78,Rh3+,Rook,Rh3+,36,Inaccuracy,4k3/5p2/B4P2/2b1P2p/2R5/1K6/P6r/8 b - - 1 39,203,239
e4ipnUGV,80,Bf2,Bishop,Bf2,29,Good,4k3/5p2/B4P2/2b1P2p/K1R5/7r/P7/8 b - - 3 40,163,192
e4ipnUGV,82,Be3,Bishop,Rf3,218,Blunder,4k3/5p2/B4P2/4P2p/K7/7r/P1R2b2/8 b - - 5 41,146,364
VS0oxdjw,2,g6,Pawn,Nf6,18,Good,rnbqkbnr/pppppppp/8/8/8/5N2/PPPPPPPP/RNBQKB1R b KQkq - 1 1,20,38
VS0oxdjw,4,Bg7,Bishop,c5,23,Good,rnbqkbnr/pppppp1p/6p1/8/4P3/5N2/PPPP1PPP/RNBQKB1R b KQkq - 0 2,44,67
VS0oxdjw,6,d6,Pawn,d6,-2,Good,rnbqk1nr/ppppppbp/6p1/8/3PP3/5N2/PPP2PPP/RNBQKB1R b KQkq - 0 3,56,54
VS0oxdjw,8,Nf6,Knight,Nf6,7,Good,rnbqk1nr/ppp1ppbp/3p2p1/8/3PP3/4BN2/PPP2PPP/RN1QKB1R b KQkq - 1 4,52,59
VS0oxdjw,10,O-O,King,O-O,-3,Good,rnbqk2r/ppp1ppbp/3p1np1/8/3PP3/2N1BN2/PPP2PPP/R2QKB1R b KQkq - 3 5,60,57
VS0oxdjw,12,c6,Pawn,c5,62,Inaccuracy,rnbq1rk1/ppp1ppbp/3p1np1/8/3PP3/2N1BN2/PPPQ1PPP/R3KB1R b KQ - 5 6,41,103
VS0oxdjw,14,d5,Pawn,b5,37,Inaccuracy,rnbq1rk1/pp2ppbp/2pp1npB/8/3PP3/2N2N2/PPPQ1PPP/R3KB1R b KQ - 1 7,91,128
VS0oxdjw,16,Kxg7,King,Kxg7,-5,Good,rnbq1rk1/pp2ppBp/2p2np1/3p4/3PP3/2N2N2/PPPQ1PPP/R3KB1R b KQ - 0 8,120,115
VS0oxdjw,18,Ne4,Knight,Ne4,-7,Good,rnbq1r2/pp2ppkp/2p2np1/3pP3/3P4/2N2N2/PPPQ1PPP/R3KB1R b KQ - 0 9,118,111
VS0oxdjw,20,dxe4,Pawn,dxe4,-28,Good,rnbq1r2/pp2ppkp/2p3p1/3pP3/3PN3/5N2/PPPQ1PPP/R3KB1R b KQ - 0 10,119,91
VS0oxdjw,22,c5,Pawn,Bf5,49,Inaccuracy,rnbq1r2/pp2ppkp/2p3p1/4P1N1/3Pp3/8/PPPQ1PPP/R3KB1R b KQ - 1 11,66,115
VS0oxdjw,24,Bf5,Bishop,Bf5,6,Good,rnbq1r2/pp2ppkp/6p1/2pPP1N1/4p3/8/PPPQ1PPP/R3KB1R b KQ - 0 12,63,69
VS0oxdjw,26,fxe6,Pawn,fxe6,8,Good,rn1q1r2/pp2ppkp/4P1p1/2pP1bN1/4p3/8/PPPQ1PPP/R3KB1R b KQ - 0 13,88,96
VS0oxdjw,28,Bxg4,Bishop,Bxg4,-32,Good,rn1q1r2/pp2p1kp/4p1p1/2pP1bN1/4p1P1/8/PPPQ1P1P/R3KB1R b KQ - 0 14,117,85
VS0oxdjw,30,e3,Pawn,e3,-9,Good,rn1q1r2/pp2p1kp/4p1p1/2pP2N1/4p1b1/7B/PPPQ1P1P/R3K2R b KQ - 1 15,91,82
VS0oxdjw,32,Rf6,Rook,Rf6,0,Good,rn1q1r2/pp2p1kp/4p1p1/2pP2N1/6b1/2Q1p2B/PPP2P1P/R3K2R b KQ - 1 16,0,0
VS0oxdjw,34,exf2+,Pawn,exf2+,0,Good,rn1q4/pp2p1kp/4prp1/2pP2N1/6B1/2Q1p3/PPP2P1P/R3K2R b KQ - 0 17,0,0
VS0oxdjw,36,Qxd5,Queen,Qxd5,0,Good,rn1q4/pp2p1kp/4prp1/2pP2N1/6B1/2Q5/PPP2p1P/R4K1R b - - 1 18,0,0
VS0oxdjw,38,Qxg5,Queen,Qxg5,0,Good,rn6/pp2p1kp/4prp1/2pq2N1/8/2Q2B2/PPP2p1P/R4K1R b - - 1 19,0,0
VS0oxdjw,40,Nc6,Knight,Nc6,-9,Good,rn6/pB2p1kp/4prp1/2p3q1/8/2Q5/PPP2p1P/R4K1R b - - 0 20,-30,-39
VS0oxdjw,42,Nd4,Knight,Nd4,15,Good,B7/p3p1kp/2n1prp1/2p3q1/8/2Q5/PPP2p1P/R4K1R b - - 0 21,-17,-2
VS0oxdjw,44,Qg4,Queen,Qg4,-4,Good,B7/p3p1kp/4prp1/2p3q1/3n4/2Q5/PPP2p1P/3R1K1R b - - 2 22,-51,-55
VS0oxdjw,46,Qf4,Queen,Qf4,6,Good,B7/p3p1kp/4prp1/2p5/3n2q1/2Q5/PPPR1p1P/5K1R b - - 4 23,-67,-61
VS0oxdjw,48,e5,Pawn,Qe5,216,Blunder,B7/p3p1kp/4prp1/2p5/3n1q1P/2Q5/PPPR1p2/5K1R b - - 0 24,-86,130
VS0oxdjw,50,e4,Pawn,Ne2,536,Blunder,B7/p3p1kp/5rp1/2p1p3/3n1q1P/2Q4R/PPPR1p2/5K2 b - - 1 25,-438,98
VS0oxdjw,52,Qg4,Queen,Qg4,-2,Good,B7/p3p1kp/5rp1/2p5/3npq1P/4Q2R/PPPR1p2/5K2 b - - 1 26,2,0
VS0oxdjw,54,Qg1#,Queen,Qg1#,-1,Good,8/p3p1kp/5rp1/2p5/3nB1qP/4Q2R/PPPR1p2/5K2 b - - 0 27,-9999,-10000
a2nqSthQ,2,c5,Pawn,c5,-4,Good,rnbqkbnr/pppppppp/8/8/4P3/8/PPPP1PPP/RNBQKBNR b KQkq - 0 1,40,36
a2nqSthQ,4,e6,Pawn,Nc6,17,Good,rnbqkbnr/pp1ppppp/8/2p5/4P3/5N2/PPPP1PPP/RNBQKB1R b KQkq - 1 2,30,47
a2nqSthQ,6,cxd4,Pawn,cxd4,7,Good,rnbqkbnr/pp1p1ppp/4p3/2p5/3PP3/5N2/PPP2PPP/RNBQKB1R b KQkq - 0 3,42,49
a2nqSthQ,8,a6,Pawn,Nf6,25,Good,rnbqkbnr/pp1p1ppp/4p3/8/3NP3/8/PPP2PPP/RNBQKB1R b KQkq - 0 4,27,52
a2nqSthQ,10,Nf6,Knight,Qc7,9,Good,rnbqkbnr/1p1p1ppp/p3p3/8/2PNP3/8/PP3PPP/RNBQKB1R b KQkq - 0 5,51,60
a2nqSthQ,12,Qc7,Queen,Qc7,-2,Good,rnbqkb1r/1p1p1ppp/p3pn2/8/2PNP3/2N5/PP3PPP/R1BQKB1R b KQkq - 2 6,61,59
a2nqSthQ,14,Bb4,Bishop,b6,12,Good,rnb1kb1r/1pqp1ppp/p3pn2/8/2PNP3/2N5/PP2BPPP/R1BQK2R b KQkq - 4 7,60,72
a2nqSthQ,16,O-O,King,O-O,-6,Good,rnb1k2r/1pqp1ppp/p3pn2/8/1bPNP3/2N5/PP2BPPP/R1BQ1RK1 b kq - 6 8,35,29
a2nqSthQ,18,Nc6,Knight,h6,19,Good,rnb2rk1/1pqp1ppp/p3pn2/8/1bPNP3/2N2P2/PP2B1PP/R1BQ1RK1 b - - 0 9,28,47
a2nqSthQ,20,b6,Pawn,Bxc3,45,Inaccuracy,r1b2rk1/1pqp1ppp/p1n1pn2/8/1bPNP3/2N1BP2/PP2B1PP/R2Q1RK1 b - - 2 10,35,80
a2nqSthQ,22,Bc5,Bishop,Nxd4,19,Good,r1b2rk1/2qp1ppp/ppn1pn2/8/1bPNP3/2N1BP2/PP2B1PP/2RQ1RK1 b - - 1 11,59,78
a2nqSthQ,24,Bb7,Bishop,Bb7,-4,Good,r1b2rk1/2qp1ppp/ppn1pn2/2b5/2PNP3/2N1BP2/PP1QB1PP/2R2RK1 b - - 3 12,62,58
a2nqSthQ,26,Rfe8,Rook,Nxd4,81,Inaccuracy,r4rk1/1bqp1ppp/ppn1pn2/2b5/2PNP3/2N1BP2/PP1QB1PP/2RR2K1 b - - 5 13,8,89
a2nqSthQ,28,Ne5,Knight,Nh5,35,Inaccuracy,r3r1k1/1bqp1ppp/ppn1pn2/2b5/2PNP3/P1N1BP2/1P1QB1PP/2RR2K1 b - - 0 14,126,161
a2nqSthQ,30,Bf8,Bishop,Be7,18,Good,r3r1k1/1bqp1ppp/pp2pn2/2b1n3/1PPNP3/P1N1BP2/3QB1PP/2RR2K1 b - - 0 15,124,142
a2nqSthQ,32,d6,Pawn,d6,31,Inaccuracy,r3rbk1/1bqp1ppp/pp2pn2/4n3/NPPNP3/P3BP2/3QB1PP/2RR2K1 b - - 2 16,133,164
a2nqSthQ,34,Rac8,Rook,Nfd7,65,Inaccuracy,r3rbk1/1bq2ppp/pp1ppn2/4n3/NPPNP3/P3BP2/3Q2PP/2RR1BK1 b - - 1 17,80,145
a2nqSthQ,36,Ned7,Knight,Nfd7,25,Good,2r1rbk1/1bq2ppp/pp1ppn2/4n3/NPP1P3/PN2BP2/3Q2PP/2RR1BK1 b - - 3 18,127,152
a2nqSthQ,38,Qb8,Queen,Qb8,35,Inaccuracy,2r1rbk1/1bqn1ppp/pp1ppn2/8/NPP1P3/PN2BP2/5QPP/2RR1BK1 b - - 5 19,137,172
a2nqSthQ,40,Nxb6,Knight,Nxb6,3,Good,1qr1rbk1/1b1n1ppp/pN1ppn2/8/1PP1P3/PN2BP2/5QPP/2RR1BK1 b - - 0 20,137,140
a2nqSthQ,42,Bxe4,Bishop,Bxe4,4,Good,1qr1rbk1/1b3ppp/pB1ppn2/8/1PP1P3/PN3P2/5QPP/2RR1BK1 b - - 0 21,135,139
a2nqSthQ,44,Qa8,Queen,Qa8,-2,Good,1qr1rbk1/B4ppp/p2ppn2/8/1PP1b3/PN3P2/5QPP/2RR1BK1 b - - 1 22,108,106
a2nqSthQ,46,e5,Pawn,e5,4,Good,q1r1rbk1/5ppp/p2ppn2/8/1PPBb3/PN3P2/5QPP/2RR1BK1 b - - 3 23,51,55
a2nqSthQ,48,Bf5,Bishop,Bc6,19,Good,q1r1rbk1/5ppp/p2p1n2/4p3/1PP1b3/PN2BP2/5QPP/2RR1BK1 b - - 1 24,56,75
a2nqSthQ,50,h6,Pawn,h6,10,Good,q1r1rbk1/5ppp/p2p1n2/N3pb2/1PP5/P3BP2/5QPP/2RR1BK1 b - - 3 25,43,53
a2nqSthQ,52,d5,Pawn,d5,3,Good,q1r1rbk1/5pp1/p2p1n1p/N3pb2/1PP5/P3BP2/5QPP/2RR1B1K b - - 1 26,26,29
a2nqSthQ,54,Nxd5,Knight,Rxc1,29,Good,q1r1rbk1/5pp1/p4n1p/N2Ppb2/1P6/P3BP2/5QPP/2RR1B1K b - - 0 27,5,34
a2nqSthQ,56,e4,Pawn,e4,-11,Good,q1r1rbk1/5pp1/p6p/N1Bnpb2/1P6/P4P2/5QPP/2RR1B1K b - - 1 28,37,26
a2nqSthQ,58,Rxf8,Rook,Rxc1,24,Good,q1r1rBk1/5pp1/p6p/N2n1b2/1P2p3/P4P2/5QPP/2RR1B1K b - - 0 29,16,40
a2nqSthQ,60,Rxc8,Rook,Rxc8,5,Good,q1R2rk1/5pp1/p6p/N2n1b2/1P2p3/P4P2/5QPP/3R1B1K b - - 0 30,23,28
a2nqSthQ,62,Rd8,Rook,Qc6,263,Blunder,q1r3k1/5pp1/p6p/3n1b2/1PN1p3/P4P2/5QPP/3R1B1K b - - 1 31,33,296
a2nqSthQ,64,Bxe4,Bishop,Bxe4,13,Good,q2r2k1/5pp1/p6p/3n1b2/1PN1P3/P7/5QPP/3R1B1K b - - 0 32,101,114
a2nqSthQ,66,f5,Pawn,Bc2,208,Blunder,q2r2k1/5pp1/p6p/3n4/1PNQb3/P7/6PP/3R1B1K b - - 1 33,123,331
a2nqSthQ,68,Qc6,Queen,Qb7,18,Good,q2r2k1/6p1/pN5p/3n1p2/1P1Qb3/P7/6PP/3R1B1K b - - 1 34,321,339
a2nqSthQ,70,Kh7,King,Qg6,-19,Good,3r2k1/6p1/pNq4p/3n1p2/1PBQb3/P7/6PP/3R3K b - - 3 35,292,273
a2nqSthQ,72,Rf8,Rook,Rd6,89,Inaccuracy,3r4/6pk/p1q4p/3N1p2/1PBQb3/P7/6PP/3R3K b - - 0 36,349,438
a2nqSthQ,74,Qg6,Queen,Re8,39,Inaccuracy,5r2/6pk/p1q4p/5p2/1PBQb3/P3N3/6PP/3R3K b - - 2 37,421,460
a2nqSthQ,76,f4,Pawn,f4,46,Inaccuracy,5r2/6pk/p5qp/5p2/1P1Qb3/P3N3/6PP/3R1B1K b - - 4 38,264,310
a2nqSthQ,78,f3,Pawn,f3,23,Good,5r2/6pk/p5qp/8/1PNQbp2/P7/6PP/3R1B1K b - - 1 39,306,329
a2nqSthQ,80,f2+,Pawn,f2+,-75,Good,5r2/6pk/p5qp/8/1PNQb3/P4p2/6PP/3R1BK1 b - - 1 40,322,247
a2nqSthQ,82,Qxg2+,Queen,Rf4,249,Blunder,5r2/6pk/p5qp/8/1PNQb3/P7/5pPP/3R1B1K b - - 1 41,315,564
a2nqSthQ,84,f1=Q+,Pawn,f1=Q+,19,Good,5r2/6pk/p6p/8/1PNQb3/P7/5pBP/3R3K b - - 0 42,525,544
a2nqSthQ,86,Rxf1+,Rook,Rxf1+,3,Good,5r2/6pk/p6p/8/1PNQb3/P7/6BP/5R1K b - - 0 43,552,555
a2nqSthQ,88,Rxg1+,Rook,Bxg2+,18,Good,8/6pk/p6p/8/1PN1b3/P7/6BP/5rQK b - - 1 44,554,572
a2nqSthQ,90,Bd3,Bishop,Bxg2,41,Inaccuracy,8/6pk/p6p/8/1PN1b3/P7/6BP/6K1 b - - 0 45,581,622
a2nqSthQ,92,Kh8,King,Bb1,134,Mistake,8/6pk/p6p/4N3/1P6/P2b4/6BP/6K1 b - - 2 46,596,730
a2nqSthQ,94,Be4,Bishop,Bxf1,80,Inaccuracy,7k/6p1/p6p/4N3/1P6/P2b4/7P/5BK1 b - - 4 47,527,607
a2nqSthQ,96,Bd5,Bishop,g5,36,Inaccuracy,7k/6p1/B6p/4N3/1P2b3/P7/7P/6K1 b - - 0 48,518,554
a2nqSthQ,98,Bc4,Bishop,g6,183,Mistake,7k/6p1/B6p/1P1bN3/8/P7/7P/6K1 b - - 0 49,602,785
a2nqSthQ,100,g5,Pawn,g6,-10,Good,7k/6p1/B6p/1P6/2N5/P7/7P/6K1 b - - 0 50,860,850
a2nqSthQ,102,Kg7,King,h5,32,Inaccuracy,7k/8/BP5p/6p1/2N5/P7/7P/6K1 b - - 0 51,891,923
a2nqSthQ,104,Kf6,King,h5,25,Good,8/1P4k1/B6p/6p1/2N5/P7/7P/6K1 b - - 0 52,949,974
a2nqSthQ,106,Ke6,King,Kf5,8976,Blunder,1Q6/8/B4k1p/6p1/2N5/P7/7P/6K1 b - - 0 53,1015,9991
a2nqSthQ,108,Kf5,King,Kf7,9,Good,8/8/B2Qk2p/6p1/2N5/P7/7P/6K1 b - - 2 54,9988,9997
a2nqSthQ,110,Kg4,King,g4,0,Good,8/8/3Q3p/1B3kp1/2N5/P7/7P/6K1 b - - 4 55,9996,9996
a2nqSthQ,112,Kh3,King,Kh5,3,Good,8/8/7p/1B2Q1p1/2N3k1/P7/7P/6K1 b - - 6 56,9996,9999
5WQGaEaU,2,g6,Pawn,e5,31,Inaccuracy,rnbqkbnr/pppppppp/8/8/4P3/8/PPPP1PPP/RNBQKBNR b KQkq - 0 1,40,71
5WQGaEaU,4,Bg7,Bishop,Bg7,-6,Good,rnbqkbnr/pppppp1p/6p1/8/3PP3/8/PPP2PPP/RNBQKBNR b KQkq - 0 2,61,55
5WQGaEaU,6,d6,Pawn,d6,5,Good,rnbqk1nr/ppppppbp/6p1/8/3PP3/5N2/PPP2PPP/RNBQKB1R b KQkq - 2 3,60,65
5WQGaEaU,8,Nf6,Knight,Nf6,1,Good,rnbqk1nr/ppp1ppbp/3p2p1/8/3PP3/4BN2/PPP2PPP/RN1QKB1R b KQkq - 1 4,59,60
5WQGaEaU,10,O-O,King,O-O,5,Good,rnbqk2r/ppp1ppbp/3p1np1/8/3PP3/2N1BN2/PPP2PPP/R2QKB1R b KQkq - 3 5,52,57
5WQGaEaU,12,c6,Pawn,c5,41,Inaccuracy,rnbq1rk1/ppp1ppbp/3p1np1/8/3PP3/2N1BN2/PPPQ1PPP/R3KB1R b KQ - 5 6,52,93
5WQGaEaU,14,d5,Pawn,b5,24,Good,rnbq1rk1/pp2ppbp/2pp1npB/8/3PP3/2N2N2/PPPQ1PPP/R3KB1R b KQ - 1 7,77,101
5WQGaEaU,16,Kxg7,King,Kxg7,15,Good,rnbq1rk1/pp2ppBp/2p2np1/3p4/3PP3/2N2N2/PPPQ1PPP/R3KB1R b KQ - 0 8,103,118
5WQGaEaU,18,cxd5,Pawn,cxd5,-21,Good,rnbq1r2/pp2ppkp/2p2np1/3P4/3P4/2N2N2/PPPQ1PPP/R3KB1R b KQ - 0 9,56,35
5WQGaEaU,20,Nc6,Knight,Nc6,13,Good,rnbq1r2/pp2ppkp/5np1/3pN3/3P4/2N5/PPPQ1PPP/R3KB1R b KQ - 1 10,43,56
5WQGaEaU,22,Qa5,Queen,Bf5,48,Inaccuracy,r1bq1r2/pp2ppkp/2n2np1/3pN3/3P4/2N5/PPPQ1PPP/2KR1B1R b - - 3 11,54,102
5WQGaEaU,24,Bf5,Bishop,Bf5,-9,Good,r1b2r2/pp2ppkp/2n2np1/q2pN3/3P4/2N5/PPPQ1PPP/1K1R1B1R b - - 5 12,36,27
5WQGaEaU,26,Rac8,Rook,Nb4,79,Inaccuracy,r4r2/pp2ppkp/2n2np1/q2pNb2/3P4/2N2P2/PPPQ2PP/1K1R1B1R b - - 0 13,15,94
5WQGaEaU,28,Nb4,Knight,Be6,303,Blunder,2r2r2/pp2ppkp/2n2np1/q2pNb2/3P2P1/2N2P2/PPPQ3P/1K1R1B1R b - - 0 14,82,385
5WQGaEaU,30,Rxc3,Rook,Rxc3,-2,Good,2r2r2/pp2ppkp/5np1/q2pNP2/1n1P4/2N2P2/PPPQ3P/1K1R1B1R b - - 0 15,428,426
5WQGaEaU,32,Qxa2+,Queen,Qxa2+,4,Good,5r2/pp2ppkp/5np1/q2pNP2/1n1P4/2Q2P2/PPP4P/1K1R1B1R b - - 0 16,434,438
5WQGaEaU,34,Qa4,Queen,Qa4,1,Good,5r2/pp2ppkp/5np1/3pNP2/1n1P4/2Q2P2/qPP4P/2KR1B1R b - - 1 17,436,437
5WQGaEaU,36,Qa5,Queen,Qxb3,46,Inaccuracy,5r2/pp2ppkp/5np1/3pNP2/qn1P4/1Q3P2/1PP4P/2KR1B1R b - - 3 18,437,483
5WQGaEaU,38,Nc6,Knight,Nc6,17,Good,5r2/pp2ppkp/5np1/q2pNP2/1n1P4/1QP2P2/1P5P/2KR1B1R b - - 0 19,458,475
5WQGaEaU,40,hxg6,Pawn,hxg6,-13,Good,5r2/pp2ppkp/2n2nP1/q2pN3/3P4/1QP2P2/1P5P/2KR1B1R b - - 0 20,415,402
5WQGaEaU,42,Rc8,Rook,Nxe5,19,Good,5r2/pp2ppk1/2n2np1/q2pN3/3P4/1QPB1P2/1P5P/2KR3R b - - 1 21,421,440
5WQGaEaU,44,Nb4,Knight,b5,82,Inaccuracy,2r5/pp2ppk1/2n2np1/q2pN3/3P4/1QP2P2/1P5P/1BKR3R b - - 3 22,342,424
5WQGaEaU,46,Nh5,Knight,Nc6,96,Mistake,2r5/pp2ppk1/5np1/q2pN3/1n1P4/1QP2P2/1P5P/1BKR2R1 b - - 5 23,463,559
5WQGaEaU,48,Qb5,Queen,Nf6,87,Inaccuracy,2r5/pp2ppk1/6p1/q2pN2n/1n1P2R1/1QP2P2/1P5P/1BKR4 b - - 7 24,453,540
HTMdvqmg,2,c5,Pawn,c5,-9,Good,rnbqkbnr/pppppppp/8/8/4P3/8/PPPP1PPP/RNBQKBNR b KQkq - 0 1,40,31
HTMdvqmg,4,Nc6,Knight,e6,-1,Good,rnbqkbnr/pp1ppppp/8/2p5/4P3/5N2/PPPP1PPP/RNBQKB1R b KQkq - 1 2,39,38
HTMdvqmg,6,g6,Pawn,g6,2,Good,r1bqkbnr/pp1ppppp/2n5/1Bp5/4P3/5N2/PPPP1PPP/RNBQK2R b KQkq - 3 3,34,36
HTMdvqmg,8,Bg7,Bishop,Bg7,11,Good,r1bqkbnr/pp1ppp1p/2n3p1/1Bp5/4P3/5N2/PPPP1PPP/RNBQ1RK1 b kq - 1 4,34,45
HTMdvqmg,10,e5,Pawn,e5,-5,Good,r1bqk1nr/pp1pppbp/2n3p1/1Bp5/4P3/5N2/PPPP1PPP/RNBQR1K1 b kq - 3 5,30,25
HTMdvqmg,12,Nxb4,Knight,cxb4,30,Inaccuracy,r1bqk1nr/pp1p1pbp/2n3p1/1Bp1p3/1P2P3/5N2/P1PP1PPP/RNBQR1K1 b kq - 0 6,-4,26
HTMdvqmg,14,a6,Pawn,Ne7,2,Good,r1bqk1nr/pp1p1pbp/6p1/1Bp1p3/1n2P3/5N2/PBPP1PPP/RN1QR1K1 b kq - 1 7,35,37
HTMdvqmg,16,Nc6,Knight,Nc6,0,Good,r1bqk1nr/1p1p1pbp/p5p1/2p1p3/1n2P3/5N2/PBPP1PPP/RN1QRBK1 b kq - 1 8,-52,-52
HTMdvqmg,18,cxd4,Pawn,Nxd4,26,Good,r1bqk1nr/1p1p1pbp/p1n3p1/2p1p3/3PP3/5N2/PBP2PPP/RN1QRBK1 b kq - 0 9,-66,-40
HTMdvqmg,20,d3,Pawn,Nge7,57,Inaccuracy,r1bqk1nr/1p1p1pbp/p1n3p1/4p3/3pP3/2P2N2/PB3PPP/RN1QRBK1 b kq - 0 10,-42,15
HTMdvqmg,22,Nge7,Knight,d6,23,Good,r1bqk1nr/1p1p1pbp/p1n3p1/4p3/2P1P3/3p1N2/PB3PPP/RN1QRBK1 b kq - 0 11,-26,-3
HTMdvqmg,24,O-O,King,d6,81,Inaccuracy,r1bqk2r/1p1pnpbp/p1n3p1/4p3/2P1P3/3Q1N2/PB3PPP/RN2RBK1 b kq - 0 12,-23,58
HTMdvqmg,26,d6,Pawn,d6,11,Good,r1bq1rk1/1p1pnpbp/p1n3p1/4p3/2P1P3/2NQ1N2/PB3PPP/R3RBK1 b - - 2 13,-3,8
HTMdvqmg,28,Qc7,Queen,Be6,58,Inaccuracy,r1bq1rk1/1p2npbp/p1np2p1/4p3/2P1P3/2NQ1N1P/PB3PP1/R3RBK1 b - - 0 14,-28,30
HTMdvqmg,30,b6,Pawn,Nd4,40,Inaccuracy,r1b2rk1/1pq1npbp/p1np2p1/4p3/2P1P3/2NQ1N1P/PB3PP1/2R1RBK1 b - - 2 15,17,57
HTMdvqmg,32,Rd8,Rook,Rd8,-9,Good,r1b2rk1/2q1npbp/ppnp2p1/4p3/2P1P3/B1NQ1N1P/P4PP1/2R1RBK1 b - - 1 16,49,40
HTMdvqmg,34,Be6,Bishop,Nd4,45,Inaccuracy,r1br2k1/2q1npbp/ppnp2p1/4p3/2P1P3/B1NQ1N1P/P4PP1/2RR1BK1 b - - 3 17,40,85
HTMdvqmg,36,Qb7,Queen,Qa7,2,Good,r2r2k1/2q1npbp/ppnpb1p1/3Np3/2P1P3/B2Q1N1P/P4PP1/2RR1BK1 b - - 5 18,37,39
HTMdvqmg,38,b5,Pawn,b5,-7,Good,r2r2k1/1q2npbp/ppnpb1p1/3Np3/2P1P3/BQ3N1P/P4PP1/2RR1BK1 b - - 7 19,-22,-29
HTMdvqmg,40,Nd4,Knight,Bxd5,122,Mistake,r2r2k1/1q2npbp/p1npb1p1/1p1Np1N1/2P1P3/BQ5P/P4PP1/2RR1BK1 b - - 1 20,-39,83
HTMdvqmg,42,exd4,Pawn,exd4,8,Good,r2r2k1/1q2npbp/p2pb1p1/1p1Np1N1/2PRP3/BQ5P/P4PP1/2R2BK1 b - - 0 21,134,142
HTMdvqmg,44,fxe6,Pawn,fxe6,-30,Good,r2r2k1/1q2npbp/p2pN1p1/1p1N4/2PpP3/BQ5P/P4PP1/2R2BK1 b - - 0 22,-119,-149
HTMdvqmg,46,Qxe4,Queen,Qxe4,6,Good,r2r2k1/1q2n1bp/p2pp1p1/1p6/2PpPN2/BQ5P/P4PP1/2R2BK1 b - - 1 23,-145,-139
HTMdvqmg,48,Rac8,Rook,bxc4,46,Inaccuracy,r2r2k1/4n1bp/p2pp1p1/1p6/2PpqN2/BQ4PP/P4P2/2R2BK1 b - - 0 24,-191,-145
HTMdvqmg,50,Rxc1,Rook,Rxc1,0,Good,2rr2k1/4n1bp/p2pp1p1/1P6/3pqN2/BQ4PP/P4P2/2R2BK1 b - - 0 25,-155,-155
HTMdvqmg,52,d5,Pawn,axb5,339,Blunder,3r2k1/4n1bp/p2pp1p1/1P6/3pqN2/1Q4PP/P4P2/2B2BK1 b - - 0 26,-154,185
HTMdvqmg,54,e5,Pawn,d3,17,Good,3r2k1/4n1bp/P3p1p1/3p4/3pqN2/1Q4PP/P4P2/2B2BK1 b - - 0 27,248,265
HTMdvqmg,56,Qf5,Queen,Qf5,25,Good,3r2k1/4n1bp/P5p1/3pp3/3pq3/1Q1N2PP/P4P2/2B2BK1 b - - 1 28,72,97
HTMdvqmg,58,Qc8,Queen,Qd7,453,Blunder,3r2k1/P3n1bp/6p1/3ppq2/3p4/1Q1N2PP/P4P2/2B2BK1 b - - 0 29,-110,343
HTMdvqmg,60,Bf8,Bishop,Kf7,42,Inaccuracy,2qr2k1/P3n1bp/6p1/3pp1B1/3p4/1Q1N2PP/P4P2/5BK1 b - - 2 30,369,411
HTMdvqmg,62,e4,Pawn,e4,6,Good,2qr1bk1/P3n2p/6p1/3pp1B1/3p4/1Q1N2PP/P4PB1/6K1 b - - 4 31,343,349
HTMdvqmg,64,Qe6,Queen,Qa8,186,Mistake,2qr1bk1/P3n2p/6p1/3p2B1/3pB3/1Q1N2PP/P4P2/6K1 b - - 0 32,400,586
HTMdvqmg,66,Ra8,Rook,Qa6,147,Mistake,3r1bk1/P3n2p/4q1p1/3p2B1/3p4/1Q1N2PP/P4PB1/6K1 b - - 2 33,509,656
HTMdvqmg,68,Qxe7,Queen,Kg7,96,Mistake,r4bk1/P3B2p/4q1p1/3p4/3p4/1Q1N2PP/P4PB1/6K1 b - - 0 34,691,787
HTMdvqmg,70,Kg7,King,Kg7,35,Inaccuracy,r4bk1/P3q2p/6p1/3Q4/3p4/3N2PP/P4PB1/6K1 b - - 0 35,810,845
HTMdvqmg,72,Qc7,Queen,Qa3,92,Mistake,Q4b2/P3q1kp/6p1/8/3p4/3N2PP/P4PB1/6K1 b - - 0 36,850,942
HTMdvqmg,74,Qxb7,Queen,Qxb7,6,Good,5b2/PQq3kp/6p1/8/3p4/3N2PP/P4PB1/6K1 b - - 2 37,1002,1008
HTMdvqmg,76,Bd6,Bishop,Bd6,8855,Blunder,5b2/PB4kp/6p1/8/3p4/3N2PP/P4P2/6K1 b - - 0 38,1134,9989
HTMdvqmg,78,Be7,Bishop,Bb4,0,Good,Q7/1B4kp/3b2p1/8/3p4/3N2PP/P4P2/6K1 b - - 0 39,9990,9990
HTMdvqmg,80,Bf6,Bishop,Bd6,2,Good,4Q3/1B2b1kp/6p1/8/3p4/3N2PP/P4P2/6K1 b - - 2 40,9991,9993
HTMdvqmg,82,h5,Pawn,Bd8,2,Good,4Q3/6kp/5bp1/3B4/3p4/3N2PP/P4P2/6K1 b - - 4 41,9995,9997
HTMdvqmg,84,Kh6,King,Kh6,0,Good,8/5Qk1/5bp1/3B3p/3p4/3N2PP/P4P2/6K1 b - - 1 42,9998,9998
nuHuf8BR,2,c6,Pawn,c5,14,Good,rnbqkbnr/pppppppp/8/8/4P3/8/PPPP1PPP/RNBQKBNR b KQkq - 0 1,36,50
nuHuf8BR,4,d6,Pawn,d5,27,Good,rnbqkbnr/pp1ppppp/2p5/8/3PP3/8/PPP2PPP/RNBQKBNR b KQkq - 0 2,47,74
nuHuf8BR,6,dxe5,Pawn,dxe5,-5,Good,rnbqkbnr/pp2pppp/2pp4/4P3/3P4/8/PPP2PPP/RNBQKBNR b KQkq - 0 3,-49,-54
nuHuf8BR,8,Qxd1+,Queen,Qa5+,69,Inaccuracy,rnbqkbnr/pp2pppp/2p5/4P3/8/8/PPP2PPP/RNBQKBNR b KQkq - 0 4,-63,6
nuHuf8BR,10,Bf5,Bishop,Bf5,7,Good,rnb1kbnr/pp2pppp/2p5/4P3/8/8/PPP2PPP/RNBK1BNR b kq - 0 5,7,14
nuHuf8BR,12,Nd7,Knight,Nd7,-3,Good,rn2kbnr/pp2pppp/2p5/4Pb2/5P2/8/PPP3PP/RNBK1BNR b kq - 0 6,-17,-20
nuHuf8BR,14,e6,Pawn,O-O-O,12,Good,r3kbnr/pp1npppp/2p5/4Pb2/5P2/5N2/PPP3PP/RNBK1B1R b kq - 2 7,-30,-18
nuHuf8BR,16,O-O-O,King,Bg4,61,Inaccuracy,r3kbnr/pp1n1ppp/2p1p3/4Pb2/5P2/3B1N2/PPP3PP/RNBK3R b kq - 1 8,-17,44
nuHuf8BR,18,Bxd3+,Bishop,f6,16,Good,2kr1bnr/pp1n1ppp/2p1p3/4Pb2/5P2/3B1N2/PPP1K1PP/RNB4R b - - 3 9,0,16
nuHuf8BR,20,Nh6,Knight,h5,35,Inaccuracy,2kr1bnr/pp1n1ppp/2p1p3/4P3/5P2/3P1N2/PP2K1PP/RNB4R b - - 0 10,0,35
nuHuf8BR,22,Be7,Bishop,Nb6,33,Inaccuracy,2kr1b1r/pp1n1ppp/2p1p2n/4P3/5P2/2NP1N2/PP2K1PP/R1B4R b - - 2 11,21,54
nuHuf8BR,24,Kb8,King,Nc5,65,Inaccuracy,2kr3r/pp1nbppp/2p1p2n/4P3/4NP2/3P1N2/PP2K1PP/R1B4R b - - 4 12,11,76
nuHuf8BR,26,Nf5,Knight,Nf5,1,Good,1k1r3r/pp1nbppp/2p1p2n/4P3/4NP2/3PBN2/PP2K1PP/R6R b - - 6 13,-7,-6
nuHuf8BR,28,h5,Pawn,h5,4,Good,1k1r3r/pp1nbppp/2p1p3/4Pn2/4NP2/3P1N2/PP2KBPP/R6R b - - 8 14,-1,3
nuHuf8BR,30,f6,Pawn,Nb6,57,Inaccuracy,1k1r3r/pp1nbpp1/2p1p3/4Pn1p/4NP2/3P1NP1/PP2KB1P/R6R b - - 0 15,13,70
nuHuf8BR,32,gxf6,Pawn,gxf6,-1,Good,1k1r3r/pp1nb1p1/2p1pP2/5n1p/4NP2/3P1NP1/PP2KB1P/R6R b - - 0 16,24,23
nuHuf8BR,34,Rhg8,Rook,Nd6,6,Good,1k1r3r/pp1nb3/2p1pp2/5n1p/4NP2/3P1NPP/PP2KB2/R6R b - - 0 17,19,25
nuHuf8BR,36,Nd6,Knight,Nd6,-9,Good,1k1r2r1/pp1nb3/2p1pp2/5n1p/4NP2/3P1NPP/PP2KB2/R5R1 b - - 2 18,12,3
nuHuf8BR,38,Nxe4,Knight,f5,34,Inaccuracy,1k1r2r1/pp1nb3/2pnpp2/7p/3NNP2/3P2PP/PP2KB2/R5R1 b - - 4 19,-7,27
nuHuf8BR,40,Nc5,Knight,Nc5,-1,Good,1k1r2r1/pp1nb3/2p1pp2/7p/3NPP2/6PP/PP2KB2/R5R1 b - - 0 20,31,30
nuHuf8BR,42,e5,Pawn,Rd6,132,Mistake,1k1r2r1/pp2b3/2p1pp2/2n4p/3NPP2/5KPP/PP3B2/R5R1 b - - 2 21,1,133
nuHuf8BR,44,Bf8,Bishop,Bf8,0,Good,1k1r2r1/pp2b3/2p2p2/2n1pN1p/4PP2/5KPP/PP3B2/R5R1 b - - 1 22,136,136
nuHuf8BR,46,Re8,Rook,Rd3+,84,Inaccuracy,1k1r1br1/pp6/2p2p2/2n1pN1p/4PP2/5KPP/PP3B2/R2R4 b - - 3 23,116,200
nuHuf8BR,48,Ne6,Knight,Ne6,18,Good,1k2rbr1/pp6/2p2p2/2n1pN1p/1P2PP2/5KPP/P4B2/R2R4 b - - 0 24,103,121
nuHuf8BR,50,Kc8,King,Rd8,73,Inaccuracy,1k2rbr1/pp1R4/2p1np2/4pN1p/1P2PP2/5KPP/P4B2/R7 b - - 2 25,73,146
nuHuf8BR,52,exf4,Pawn,Rd8,71,Inaccuracy,2k1rbr1/pp5R/2p1np2/4pN1p/1P2PP2/5KPP/P4B2/R7 b - - 4 26,78,149
nuHuf8BR,54,Rd8,Rook,Rd8,36,Inaccuracy,2k1rbr1/pp5R/2p1np2/5N1p/1P2PP2/5K1P/P4B2/R7 b - - 0 27,148,184
nuHuf8BR,56,Bxb4,Bishop,c5,124,Mistake,2kr1br1/Bp5R/2p1np2/5N1p/1P2PP2/5K1P/P7/R7 b - - 0 28,118,242
nuHuf8BR,58,Rd3+,Rook,Rd3+,5,Good,2kr2r1/Bp5R/2p1np2/5N1p/1b2PP2/5K1P/P7/1R6 b - - 1 29,290,295
nuHuf8BR,60,Rd2+,Rook,Nxf4,275,Blunder,2k3r1/Bp5R/2p1np2/5N1p/1b2PP2/3r3P/P4K2/1R6 b - - 3 30,1,276
nuHuf8BR,62,Rgd8,Rook,Rgd8,6,Good,2k3r1/Bp5R/2p1np2/5N1p/1b2PP2/4K2P/P2r4/1R6 b - - 5 31,-12,-6
nuHuf8BR,64,c5,Pawn,Rxa2,459,Blunder,2kr4/Bp5R/2p1np2/5N1p/1b2PP2/1R2K2P/P2r4/8 b - - 7 32,-36,423
nuHuf8BR,66,Kc7,King,Kc7,-15,Good,2kr4/Bp2N2R/4np2/2p4p/1b2PP2/1R2K2P/P2r4/8 b - - 1 33,452,437
nuHuf8BR,68,Kc6,King,Kd6,3,Good,3r4/Bpk4R/4np2/2pN3p/1b2PP2/1R2K2P/P2r4/8 b - - 3 34,455,458
nuHuf8BR,70,cxb4,Pawn,cxb4,-3,Good,3r4/Bp5R/2k1np2/2pN3p/1R2PP2/4K2P/P2r4/8 b - - 0 35,460,457
nuHuf8BR,72,Nxf4,Knight,Nxf4,-17,Good,3r4/Bp5R/2k1np2/3N3p/1p2PP2/7P/P2K4/8 b - - 0 36,490,473
nuHuf8BR,74,Kb5,King,Kb5,-6,Good,3r4/BpR5/2k2p2/3N3p/1p2Pn2/7P/P2K4/8 b - - 1 37,491,485
nuHuf8BR,76,Ne6,Knight,Nxd5,55,Inaccuracy,3r4/1pR5/5p2/1k1N3p/1p1BPn2/7P/P2K4/8 b - - 3 38,477,532
nuHuf8BR,78,Ka4,King,Kc6,273,Blunder,3r4/1R6/4np2/1k1N3p/1p1BP3/7P/P2K4/8 b - - 0 39,525,798
nuHuf8BR,80,Ka3,King,Ka5,9303,Blunder,3r4/8/4np2/3N3p/kR1BP3/7P/P2K4/8 b - - 0 40,689,9992
nuHuf8BR,82,Rd7,Rook,Rxd5+,9228,Blunder,3r4/8/4nB2/3N3p/1R2P3/k6P/P2K4/8 b - - 0 41,764,9992
nuHuf8BR,84,Nc5,Knight,Rxd5,54,Inaccuracy,8/3r4/4nB2/3N3p/1R2P3/k1K4P/P7/8 b - - 2 42,674,728
nuHuf8BR,86,Na4+,Knight,Rxe7,-9,Good,8/3rB3/8/2nN3p/1R2P3/k1K4P/P7/8 b - - 4 43,735,726
nuHuf8BR,88,Ra7,Rook,Nb2,16,Good,8/3rB3/8/3N3p/nR2P3/k6P/P1K5/8 b - - 6 44,9982,9998
nuHuf8BR,90,Kxa2,King,Kxa2,0,Good,8/rR2B3/8/3N3p/n3P3/k6P/P1K5/8 b - - 8 45,9998,9998
kwIi8O32,2,d5,Pawn,d5,1,Good,rnbqkbnr/pppppppp/8/8/3P4/8/PPP1PPPP/RNBQKBNR b KQkq - 0 1,26,27
kwIi8O32,4,e6,Pawn,e6,-1,Good,rnbqkbnr/ppp1pppp/8/3p4/2PP4/8/PP2PPPP/RNBQKBNR b KQkq - 0 2,31,30
kwIi8O32,6,Nf6,Knight,Nf6,4,Good,rnbqkbnr/ppp2ppp/4p3/3p4/2PP4/2N5/PP2PPPP/R1BQKBNR b KQkq - 1 3,28,32
kwIi8O32,8,exd5,Pawn,exd5,1,Good,rnbqkb1r/ppp2ppp/4pn2/3P4/3P4/2N5/PP2PPPP/R1BQKBNR b KQkq - 0 4,25,26
kwIi8O32,10,c6,Pawn,c6,1,Good,rnbqkb1r/ppp2ppp/5n2/3p2B1/3P4/2N5/PP2PPPP/R2QKBNR b KQkq - 1 5,28,29
kwIi8O32,12,h6,Pawn,h6,-4,Good,rnbqkb1r/pp3ppp/2p2n2/3p2B1/3P4/2N1P3/PP3PPP/R2QKBNR b KQkq - 0 6,19,15
kwIi8O32,14,Bf5,Bishop,Be7,-5,Good,rnbqkb1r/pp3pp1/2p2n1p/3p4/3P3B/2N1P3/PP3PPP/R2QKBNR b KQkq - 1 7,30,25
kwIi8O32,16,Bxd3,Bishop,Bxd3,-2,Good,rn1qkb1r/pp3pp1/2p2n1p/3p1b2/3P3B/2NBP3/PP3PPP/R2QK1NR b KQkq - 3 8,27,25
kwIi8O32,18,Nbd7,Knight,Be7,-3,Good,rn1qkb1r/pp3pp1/2p2n1p/3p4/3P3B/2NQP3/PP3PPP/R3K1NR b KQkq - 0 9,16,13
kwIi8O32,20,Bb4,Bishop,Bb4,5,Good,r2qkb1r/pp1n1pp1/2p2n1p/3p4/3P3B/2NQPN2/PP3PPP/R3K2R b KQkq - 2 10,-7,-2
kwIi8O32,22,Bd6,Bishop,O-O,81,Inaccuracy,r2qk2r/pp1n1pp1/2p2n1p/3p4/1b1P3B/2NQPN2/PP3PPP/R4RK1 b kq - 4 11,-1,80
kwIi8O32,24,Bxg3,Bishop,Bxg3,3,Good,r2qk2r/pp1n1pp1/2pb1n1p/3p4/3P4/2NQPNB1/PP3PPP/R4RK1 b kq - 6 12,-29,-26
kwIi8O32,26,O-O,King,Qe7,-1,Good,r2qk2r/pp1n1pp1/2p2n1p/3p4/3P4/2NQPNP1/PP3PP1/R4RK1 b kq - 0 13,-16,-17
kwIi8O32,28,Re8,Rook,a6,-6,Good,r2q1rk1/pp1n1pp1/2p2n1p/3p4/3P4/2NQPNP1/PP3PP1/2R2RK1 b - - 2 14,-18,-24
kwIi8O32,30,Nb6,Knight,a6,4,Good,r2qr1k1/pp1n1pp1/2p2n1p/3p4/3P4/2NQP1P1/PP1N1PP1/2R2RK1 b - - 4 15,-26,-22
kwIi8O32,32,a5,Pawn,Qd6,5,Good,r2qr1k1/pp3pp1/1np2n1p/3p4/3P4/1PNQP1P1/P2N1PP1/2R2RK1 b - - 0 16,-30,-25
kwIi8O32,34,Qe7,Queen,Re7,3,Good,r2qr1k1/1p3pp1/1np2n1p/p2p4/3P4/1PNQP1P1/P1RN1PP1/5RK1 b - - 1 17,-37,-34
kwIi8O32,36,g6,Pawn,Nc8,5,Good,r3r1k1/1p2qpp1/1np2n1p/p2p4/3P4/1PNQP1P1/P1RN1PP1/2R3K1 b - - 3 18,-53,-48
kwIi8O32,38,Nbd7,Knight,Nc8,24,Good,r3r1k1/1p2qp2/1np2npp/p2p4/N2P4/1P1QP1P1/P1RN1PP1/2R3K1 b - - 1 19,-64,-40
kwIi8O32,40,Nxc5,Knight,Nxc5,6,Good,r3r1k1/1p1nqp2/2p2npp/p1Np4/3P4/1P1QP1P1/P1RN1PP1/2R3K1 b - - 3 20,-40,-34
kwIi8O32,42,Kg7,King,h5,-5,Good,r3r1k1/1p2qp2/2p2npp/p1Rp4/3P4/1P1QP1P1/P2N1PP1/2R3K1 b - - 0 21,-87,-92
kwIi8O32,44,Nd7,Knight,Nd7,-11,Good,r3r3/1p2qpk1/2p2npp/p1Rp4/3P4/PP1QP1P1/3N1PP1/2R3K1 b - - 0 22,-127,-138
kwIi8O32,46,Qxa3,Queen,Qxa3,5,Good,r3r3/1p1nqpk1/2p3pp/p2p4/3P4/PPRQP1P1/3N1PP1/2R3K1 b - - 2 23,-126,-121
kwIi8O32,48,dxe4,Pawn,dxe4,4,Good,r3r3/1p1n1pk1/2p3pp/p2p4/3PP3/qPRQ2P1/3N1PP1/2R3K1 b - - 0 24,-224,-220
kwIi8O32,50,Rad8,Rook,Rad8,4,Good,r3r3/1p1n1pk1/2p3pp/p7/3PN3/qPRQ2P1/5PP1/2R3K1 b - - 0 25,-231,-227
kwIi8O32,52,Re6,Rook,Re6,-14,Good,3rr3/1p1n1pk1/2p3pp/p7/3PN3/qPR2QP1/5PP1/2R3K1 b - - 2 26,-236,-250
kwIi8O32,54,Nf6,Knight,Qe7,25,Good,3r4/1p1n1pk1/2p1r1pp/p7/3PN1P1/qPR2Q2/5PP1/2R3K1 b - - 0 27,-304,-279
kwIi8O32,56,Rxf6,Rook,Rxf6,-11,Good,3r4/1p3pk1/2p1rNpp/p7/3P2P1/qPR2Q2/5PP1/2R3K1 b - - 0 28,-317,-328
kwIi8O32,58,Re6,Rook,Re6,-10,Good,3r4/1p3pk1/2p2rpp/p7/3P2P1/qPR1Q3/5PP1/2R3K1 b - - 1 29,-350,-360
kwIi8O32,60,Qd6,Queen,Qd6,14,Good,3r4/1p3pk1/2p1r1pp/p7/3P1QP1/qPR5/5PP1/2R3K1 b - - 3 30,-403,-389
kwIi8O32,62,Rexd6,Rook,Rexd6,17,Good,3r4/1p3pk1/2pQr1pp/p7/3P2P1/1PR5/5PP1/2R3K1 b - - 0 31,-408,-391
kwIi8O32,64,Rxd4,Rook,Rxd4,3,Good,3r4/1p3pk1/2pr2pp/p1R5/3P2P1/1P6/5PP1/2R3K1 b - - 1 32,-436,-433
kwIi8O32,66,Rxg4,Rook,Rxg4,26,Good,3r4/1p3pk1/2p3pp/R7/3r2P1/1P6/5PP1/2R3K1 b - - 0 33,-450,-424
kwIi8O32,68,Rb4,Rook,Rb4,19,Good,3r4/Rp3pk1/2p3pp/8/6r1/1P6/5PP1/2R3K1 b - - 1 34,-461,-442
kwIi8O32,70,Rd1+,Rook,Rd1+,-3,Good,3r4/Rp3pk1/2p3pp/8/1r6/1PR5/5PP1/6K1 b - - 3 35,-449,-452
kwIi8O32,72,Rb1,Rook,Rd2,4,Good,8/Rp3pk1/2p3pp/8/1r6/1PR5/5PPK/3r4 b - - 5 36,-450,-446
kwIi8O32,74,Rb2,Rook,Rh4+,13,Good,8/1p3pk1/2p3pp/8/1r6/RPR5/5PPK/1r6 b - - 7 37,-462,-449
kwIi8O32,76,g5,Pawn,Rb1,35,Inaccuracy,8/1p3pk1/2p3pp/8/1r6/RPR3K1/1r3PP1/8 b - - 9 38,-451,-416
kwIi8O32,78,Rd4,Rook,Rd4,-26,Good,8/1p3pk1/2p4p/6p1/1r6/RPR2PK1/1r4P1/8 b - - 0 39,-446,-472
kwIi8O32,80,Rh4+,Rook,Rh4+,-36,Good,8/1p3pk1/2p4p/6p1/3r4/RPR2P1K/1r4P1/8 b - - 2 40,-498,-534
kwIi8O32,82,f5,Pawn,f5,-25,Good,8/1p3pk1/2p4p/6p1/7r/RPR2PK1/1r4P1/8 b - - 4 41,-527,-552
kwIi8O32,84,Rg4+,Rook,Rg4+,12,Good,8/1p4k1/2p4p/5pp1/5P1r/RPR3K1/1r4P1/8 b - - 0 42,-552,-540
kwIi8O32,86,Rgxg2,Rook,Rgxg2,1,Good,8/1p4k1/2p4p/5pp1/5Pr1/RPR4K/1r4P1/8 b - - 2 43,-561,-560
kwIi8O32,88,hxg5,Pawn,hxg5,8,Good,8/1p4k1/2p4p/5pP1/8/RPR4K/1r4r1/8 b - - 0 44,-563,-555
kwIi8O32,90,Kf6,King,Kf6,-8966,Good,8/Rp4k1/2p5/5pp1/8/1PR4K/1r4r1/8 b - - 1 45,-1024,-9990
kwIi8O32,92,g4+,Pawn,g4+,-1,Good,8/1R6/2p2k2/5pp1/8/1PR4K/1r4r1/8 b - - 0 46,-9995,-9996
kwIi8O32,94,Rh2+,Rook,Rh2+,-1,Good,8/1R6/2p2k2/5p2/6pK/1PR5/1r4r1/8 b - - 1 47,-9996,-9997
kwIi8O32,96,Rh3+,Rook,Rh3+,-1,Good,8/1R6/2p2k2/5p2/6p1/1PR3K1/1r5r/8 b - - 3 48,-9997,-9998
kwIi8O32,98,Rf2+,Rook,Rf2+,-1,Good,8/1R6/2p2k2/5p2/5Kp1/1PR4r/1r6/8 b - - 5 49,-9998,-9999
kwIi8O32,100,Rhxf3#,Rook,Rfxf3#,-1,Good,8/1R6/2p2k2/5p2/5Kp1/1P3R1r/5r2/8 b - - 7 50,-9999,-10000
CmjvAk5f,2,c5,Pawn,c5,-1,Good,rnbqkbnr/pppppppp/8/8/4P3/8/PPPP1PPP/RNBQKBNR b KQkq - 0 1,37,36
CmjvAk5f,4,d6,Pawn,Nc6,7,Good,rnbqkbnr/pp1ppppp/8/2p5/4P3/5N2/PPPP1PPP/RNBQKB1R b KQkq - 1 2,32,39
CmjvAk5f,6,Nc6,Knight,e5,16,Good,rnbqkbnr/pp2pppp/3p4/2p5/4P3/2N2N2/PPPP1PPP/R1BQKB1R b KQkq - 1 3,31,47
CmjvAk5f,8,cxd4,Pawn,cxd4,-5,Good,r1bqkbnr/pp2pppp/2np4/2p5/3PP3/2N2N2/PPP2PPP/R1BQKB1R b KQkq - 0 4,50,45
CmjvAk5f,10,Nf6,Knight,Nf6,32,Inaccuracy,r1bqkbnr/pp2pppp/2np4/8/3NP3/2N5/PPP2PPP/R1BQKB1R b KQkq - 0 5,39,71
CmjvAk5f,12,e5,Pawn,Bd7,32,Inaccuracy,r1bqkb1r/pp2pppp/2np1n2/8/2BNP3/2N5/PPP2PPP/R1BQK2R b KQkq - 2 6,31,63
CmjvAk5f,14,bxc6,Pawn,bxc6,1,Good,r1bqkb1r/pp3ppp/2Np1n2/4p3/2B1P3/2N5/PPP2PPP/R1BQK2R b KQkq - 0 7,17,18
CmjvAk5f,16,Be7,Bishop,Be7,6,Good,r1bqkb1r/p4ppp/2pp1n2/4p3/2B1P3/2N5/PPP2PPP/R1BQ1RK1 b kq - 1 8,20,26
CmjvAk5f,18,O-O,King,O-O,4,Good,r1bqk2r/p3bppp/2pp1n2/4p3/2B1P3/2NQ4/PPP2PPP/R1B2RK1 b kq - 3 9,3,7
CmjvAk5f,20,Qc7,Queen,h6,8,Good,r1bq1rk1/p3bppp/2pp1n2/4p3/2B1P3/1PNQ4/P1P2PPP/R1B2RK1 b - - 0 10,0,8
CmjvAk5f,22,Rd8,Rook,Be6,11,Good,r1b2rk1/p1q1bppp/2pp1n2/4p3/2B1P3/1PNQ4/P1P2PPP/R1BR2K1 b - - 2 11,-11,0
CmjvAk5f,24,d5,Pawn,Bg4,158,Mistake,r1br2k1/p1q1bppp/2pp1n2/4p3/2B1P3/1PN3Q1/P1P2PPP/R1BR2K1 b - - 4 12,-10,148
CmjvAk5f,26,cxd5,Pawn,Nh5,101,Mistake,r1br2k1/p1q1bppp/2p2n2/3Pp3/2B5/1PN3Q1/P1P2PPP/R1BR2K1 b - - 0 13,153,254
CmjvAk5f,28,Nxd5,Knight,Nxd5,10,Good,r1br2k1/p1q1bppp/5n2/3Np3/2B5/1P4Q1/P1P2PPP/R1BR2K1 b - - 0 14,221,231
CmjvAk5f,30,Be6,Bishop,Bb7,157,Mistake,r1br2k1/p1q1bppp/8/3Bp3/8/1P4Q1/P1P2PPP/R1BR2K1 b - - 0 15,225,382
CmjvAk5f,32,g6,Pawn,Bf8,52,Inaccuracy,r2r2k1/p1q1bppp/4b2B/3Bp3/8/1P4Q1/P1P2PPP/R2R2K1 b - - 2 16,339,391
CmjvAk5f,34,Rxd1+,Rook,Rxa8,111,Mistake,B2r2k1/p1q1bp1p/4b1pB/4p3/8/1P4Q1/P1P2PPP/R2R2K1 b - - 0 17,389,500
CmjvAk5f,36,Bf6,Bishop,Qxc2,85,Inaccuracy,B5k1/p1q1bp1p/4b1pB/4p3/8/1P4Q1/P1P2PPP/3R2K1 b - - 0 18,551,636
CmjvAk5f,38,Bf5,Bishop,Qe7,45,Inaccuracy,B5k1/p1q2p1p/4bbpB/4p3/8/1P3Q2/P1P2PPP/3R2K1 b - - 2 19,627,672
CmjvAk5f,40,Bxc2,Bishop,Bg5,9319,Blunder,B5k1/p1q2p1p/5bpB/4pb2/6P1/1P3Q2/P1P2P1P/3R2K1 b - - 0 20,679,9998
CmjvAk5f,42,Bxd1,Bishop,e4,0,Good,B5k1/p1q2p1p/5QpB/4p3/6P1/1P6/P1b2P1P/3R2K1 b - - 0 21,9999,9999
nAXJzfyM,2,e5,Pawn,c5,4,Good,rnbqkbnr/pppppppp/8/8/4P3/8/PPPP1PPP/RNBQKBNR b KQkq - 0 1,35,39
nAXJzfyM,4,Nc6,Knight,Nc6,-1,Good,rnbqkbnr/pppp1ppp/8/4p3/4P3/5N2/PPPP1PPP/RNBQKB1R b KQkq - 1 2,46,45
nAXJzfyM,6,a6,Pawn,a6,0,Good,r1bqkbnr/pppp1ppp/2n5/1B2p3/4P3/5N2/PPPP1PPP/RNBQK2R b KQkq - 3 3,37,37
nAXJzfyM,8,dxc6,Pawn,dxc6,-1,Good,r1bqkbnr/1ppp1ppp/p1B5/4p3/4P3/5N2/PPPP1PPP/RNBQK2R b KQkq - 0 4,18,17
nAXJzfyM,10,Qf6,Queen,f6,14,Good,r1bqkbnr/1pp2ppp/p1p5/4p3/4P3/5N2/PPPP1PPP/RNBQ1RK1 b kq - 1 5,12,26
nAXJzfyM,12,Ne7,Knight,g5,24,Good,r1b1kbnr/1pp2ppp/p1p2q2/4p3/4P3/5N1P/PPPP1PP1/RNBQ1RK1 b kq - 0 6,-30,-6
nAXJzfyM,14,Ng6,Knight,Rg8,11,Good,r1b1kb1r/1pp1nppp/p1p2q2/4p3/4P3/3P1N1P/PPP2PP1/RNBQ1RK1 b kq - 0 7,-43,-32
nAXJzfyM,16,Be6,Bishop,c5,13,Good,r1b1kb1r/1pp2ppp/p1p2qn1/4p3/4P3/3P1N1P/PPPN1PP1/R1BQ1RK1 b kq - 2 8,-24,-11
nAXJzfyM,18,Bd6,Bishop,Nf4,54,Inaccuracy,r3kb1r/1pp2ppp/p1p1bqn1/4p3/4P3/1P1P1N1P/P1PN1PP1/R1BQ1RK1 b kq - 0 9,-62,-8
nAXJzfyM,20,Nf4,Knight,h6,34,Inaccuracy,r3k2r/1pp2ppp/p1pbbqn1/4p3/2N1P3/1P1P1N1P/P1P2PP1/R1BQ1RK1 b kq - 2 10,-13,21
nAXJzfyM,22,Bxc4,Bishop,O-O-O,0,Good,r3k2r/1pp2ppp/p1pbbq2/4p3/2NPPn2/1P3N1P/P1P2PP1/R1BQ1RK1 b kq - 0 11,-21,-21
nAXJzfyM,24,O-O-O,King,O-O-O,21,Good,r3k2r/1pp2ppp/p1pb1q2/4p3/2PPPn2/5N1P/P1P2PP1/R1BQ1RK1 b kq - 0 12,-19,2
nAXJzfyM,26,g5,Pawn,c5,126,Mistake,2kr3r/1pp2ppp/p1pb1q2/4p3/2PPPn2/2P2N1P/P4PP1/R1BQ1RK1 b - - 0 13,0,126
nAXJzfyM,28,gxf4,Pawn,gxf4,-12,Good,2kr3r/1pp2p1p/p1pb1q2/4p1p1/2PPPB2/2P2N1P/P4PP1/R2Q1RK1 b - - 0 14,117,105
nAXJzfyM,30,Bxc5,Bishop,Bxc5,1,Good,2kr3r/1pp2p1p/p1pb1q2/2P1p3/3PPp2/2P2N1P/P4PP1/R2Q1RK1 b - - 0 15,108,109
nAXJzfyM,32,Rhg8,Rook,Rhg8,-6,Good,2kr3r/1pp2p1p/p1p2q2/2b1N3/3PPp2/2P4P/P4PP1/R2Q1RK1 b - - 0 16,111,105
nAXJzfyM,34,Bd6,Bishop,Ba3,33,Inaccuracy,2kr2r1/1pp2p1p/p1p2q2/2b1N2Q/3PPp2/2P4P/P4PP1/R4RK1 b - - 2 17,64,97
nAXJzfyM,36,f3,Pawn,Rd7,-56,Good,2kr2r1/1pp2N1p/p1pb1q2/7Q/3PPp2/2P4P/P4PP1/R4RK1 b - - 0 18,106,50
nAXJzfyM,38,Rdf8,Rook,Bxg3,64,Inaccuracy,2kr2r1/1pp2N1p/p1pb1q2/7Q/3PP3/2P2pPP/P4P2/R4RK1 b - - 0 19,50,114
nAXJzfyM,40,Rg5,Rook,Rg5,-13,Good,2k2rr1/1pp4p/p1pb1q1N/7Q/3PP3/2P2pPP/P4P2/R4RK1 b - - 2 20,121,108
nAXJzfyM,42,Qg6,Queen,Qg6,0,Good,2k2r2/1pp4p/p1pb1q1N/6r1/3PP2Q/2P2pPP/P4P2/R4RK1 b - - 4 21,76,76
nAXJzfyM,44,Ba3,Bishop,Rg8,225,Blunder,2k2r2/1pp4p/p1pb2q1/5Nr1/3PP2Q/2P2pPP/P4P2/R4RK1 b - - 6 22,58,283
nAXJzfyM,46,Qh5,Queen,Qh5,40,Inaccuracy,2k2r2/1pp4p/p1p3q1/5Nr1/3PPQ2/b1P2pPP/P4P2/R4RK1 b - - 8 23,204,244
nAXJzfyM,48,Rgxf5,Rook,Rgxf5,35,Inaccuracy,2k2r2/1pp4p/p1p5/5Nrq/3PPQ1P/b1P2pP1/P4P2/R4RK1 b - - 0 24,193,228
nAXJzfyM,50,Rxf5,Rook,Bd6,53,Inaccuracy,2k2r2/1pp4p/p1p5/5P1q/3P1Q1P/b1P2pP1/P4P2/R4RK1 b - - 0 25,243,296
nAXJzfyM,52,Kb8,King,Kb8,32,Inaccuracy,2k5/1pp4p/p1p5/5r1q/3PQ2P/b1P2pP1/P4P2/R4RK1 b - - 1 26,293,325
nAXJzfyM,54,Ka7,King,Qg6,59,Inaccuracy,1k6/1pp4p/p1p5/5r1q/3PQ2P/b1P2pP1/P4P2/1R3RK1 b - - 3 27,350,409
nAXJzfyM,56,Bd6,Bishop,Bd6,3,Good,8/kpp4p/p1p5/5r1q/3PQ2P/bRP2pP1/P4P2/5RK1 b - - 5 28,400,403
nAXJzfyM,58,Rf4,Rook,Rf7,212,Blunder,8/kpp4p/p1pb4/5r1q/2PPQ2P/1R3pP1/P4P2/5RK1 b - - 0 29,429,641
nAXJzfyM,60,Qg4+,Queen,Qg4+,-1,Good,8/kpp4p/p1pb4/7q/2PPQP1P/1R3p2/P4P2/5RK1 b - - 0 30,-9998,-9999
nAXJzfyM,62,Qg2#,Queen,Qg2#,-1,Good,8/kpp4p/p1pb4/8/2PPQPqP/1R3p2/P4P2/5R1K b - - 2 31,-9999,-10000
a9VtAM00,2,Nf6,Knight,d5,6,Good,rnbqkbnr/pppppppp/8/8/3P4/8/PPP1PPPP/RNBQKBNR b KQkq - 0 1,25,31
a9VtAM00,4,g6,Pawn,e6,11,Good,rnbqkb1r/pppppppp/5n2/8/2PP4/8/PP2PPPP/RNBQKBNR b KQkq - 0 2,26,37
a9VtAM00,6,Bg7,Bishop,d5,22,Good,rnbqkb1r/pppppp1p/5np1/8/2PP4/2N5/PP2PPPP/R1BQKBNR b KQkq - 1 3,30,52
a9VtAM00,8,d6,Pawn,d6,-4,Good,rnbqk2r/ppppppbp/5np1/8/2PPP3/2N5/PP3PPP/R1BQKBNR b KQkq - 0 4,53,49
a9VtAM00,10,O-O,King,O-O,4,Good,rnbqk2r/ppp1ppbp/3p1np1/8/2PPP3/2N2N2/PP3PPP/R1BQKB1R b KQkq - 1 5,47,51
a9VtAM00,12,Nbd7,Knight,e5,27,Good,rnbq1rk1/ppp1ppbp/3p1np1/8/2PPP3/2N2N2/PP2BPPP/R1BQK2R b KQ - 3 6,40,67
a9VtAM00,14,e5,Pawn,e5,-1,Good,r1bq1rk1/pppnppbp/3p1np1/8/2PPP3/2N2N2/PP2BPPP/R1BQ1RK1 b - - 5 7,75,74
a9VtAM00,16,Re8,Rook,Ng4,-2,Good,r1bq1rk1/pppn1pbp/3p1np1/4p3/2PPP3/2N1BN2/PP2BPPP/R2Q1RK1 b - - 1 8,71,69
a9VtAM00,18,exd4,Pawn,Ng4,22,Good,r1bqr1k1/pppn1pbp/3p1np1/4p3/2PPP3/2N1BN2/PPQ1BPPP/R4RK1 b - - 3 9,65,87
a9VtAM00,20,Nc5,Knight,c6,28,Good,r1bqr1k1/pppn1pbp/3p1np1/8/2PNP3/2N1B3/PPQ1BPPP/R4RK1 b - - 0 10,70,98
a9VtAM00,22,a5,Pawn,Ne6,21,Good,r1bqr1k1/ppp2pbp/3p1np1/2n5/2PNP3/2N1BP2/PPQ1B1PP/R4RK1 b - - 0 11,97,118
a9VtAM00,24,Bd7,Bishop,Bd7,10,Good,r1bqr1k1/1pp2pbp/3p1np1/p1n5/2PNP3/2N1BP2/PPQ1B1PP/3R1RK1 b - - 1 12,109,119
a9VtAM00,26,h5,Pawn,Qe7,44,Inaccuracy,r2qr1k1/1ppb1pbp/3p1np1/p1n5/2PNP3/1PN1BP2/P1Q1B1PP/3R1RK1 b - - 0 13,108,152
a9VtAM00,28,b6,Pawn,Bxb5,17,Good,r2qr1k1/1ppb1pb1/3p1np1/pNn4p/2P1P3/1PN1BP2/P1Q1B1PP/3R1RK1 b - - 1 14,119,136
a9VtAM00,30,Qc8,Queen,Ne6,43,Inaccuracy,r2qr1k1/2pb1pb1/1p1p1np1/pNn3Bp/2P1P3/1PN2P2/P1Q1B1PP/3R1RK1 b - - 1 15,123,166
a9VtAM00,32,Bxf6,Bishop,Bxf6,-19,Good,r1q1r1k1/2pb1pb1/1p1p1Bp1/pNn4p/2P1P3/1PN2P2/P1Q1B1PP/3R1RK1 b - - 0 16,114,95
a9VtAM00,34,Bd8,Bishop,Bd8,19,Good,r1q1r1k1/2pb1p2/1p1p1bp1/pNnN3p/2P1P3/1P3P2/P1Q1B1PP/3R1RK1 b - - 1 17,92,111
a9VtAM00,36,Bxb5,Bishop,Qb8,168,Mistake,r1qbr1k1/2pb1p2/1p1p2p1/pNnN3p/2P1P3/1PQ2P2/P3B1PP/3R1RK1 b - - 3 18,44,212
a9VtAM00,38,Qe6,Queen,Qe6,7,Good,r1qbr1k1/2p2p2/1p1p2p1/pPnN3p/4P3/1PQ2P2/P3B1PP/3R1RK1 b - - 0 19,212,219
a9VtAM00,40,Qe5,Queen,Qe5,0,Good,r2br1k1/2p2p2/1p1pq1p1/pPnN3p/2B1P3/1PQ2P2/P5PP/3R1RK1 b - - 2 20,233,233
a9VtAM00,42,Kg7,King,Qg7,190,Mistake,r2br1k1/2p2p2/1p1p2p1/pPnNq2p/2B1P3/1P3P2/P2Q2PP/3R1RK1 b - - 4 21,226,416
a9VtAM00,44,Bg5,Bishop,a4,226,Blunder,r2br3/2p2pk1/1p1p2p1/pPnNq2p/2B1P3/1P3P2/P2Q2PP/4RRK1 b - - 6 22,205,431
a9VtAM00,46,Bh6,Bishop,Bxf4,22,Good,r3r3/2p2pk1/1p1p2p1/pPnNq1bp/2B1PP2/1P6/P2Q2PP/4RRK1 b - - 0 23,459,481
a9VtAM00,48,Nxe4,Knight,Qf6,58,Inaccuracy,r3r3/2N2pk1/1p1p2pb/pPn1q2p/2B1PP2/1P6/P2Q2PP/4RRK1 b - - 0 24,430,488
a9VtAM00,50,Rxe8,Rook,Rxe8,36,Inaccuracy,r3N3/5pk1/1p1p2pb/pP2q2p/2B1nP2/1P6/P2Q2PP/4RRK1 b - - 0 25,482,518
vpuRE7sV,2,e6,Pawn,c5,1,Good,rnbqkbnr/pppppppp/8/8/4P3/8/PPPP1PPP/RNBQKBNR b KQkq - 0 1,43,44
vpuRE7sV,4,d5,Pawn,d5,14,Good,rnbqkbnr/pppp1ppp/4p3/8/3PP3/8/PPP2PPP/RNBQKBNR b KQkq - 0 2,36,50
vpuRE7sV,6,dxe4,Pawn,Nf6,22,Good,rnbqkbnr/ppp2ppp/4p3/3p4/3PP3/2N5/PPP2PPP/R1BQKBNR b KQkq - 1 3,37,59
vpuRE7sV,8,Nd7,Knight,Nd7,-2,Good,rnbqkbnr/ppp2ppp/4p3/8/3PN3/8/PPP2PPP/R1BQKBNR b KQkq - 0 4,56,54
vpuRE7sV,10,Ngf6,Knight,Ngf6,3,Good,r1bqkbnr/pppn1ppp/4p3/8/3PN3/5N2/PPP2PPP/R1BQKB1R b KQkq - 2 5,43,46
vpuRE7sV,12,Nxf6,Knight,Nxf6,-2,Good,r1bqkb1r/pppn1ppp/4pN2/8/3P4/5N2/PPP2PPP/R1BQKB1R b KQkq - 0 6,44,42
vpuRE7sV,14,c5,Pawn,a6,1,Good,r1bqkb1r/ppp2ppp/4pn2/8/3P4/2P2N2/PP3PPP/R1BQKB1R b KQkq - 0 7,48,49
vpuRE7sV,16,Qc7,Queen,cxd4,-1,Good,r1bqkb1r/pp3ppp/4pn2/2p5/3P4/2P1BN2/PP3PPP/R2QKB1R b KQkq - 1 8,63,62
vpuRE7sV,18,Bd7,Bishop,Bd7,13,Good,r1b1kb1r/ppq2ppp/4pn2/1Bp5/3P4/2P1BN2/PP3PPP/R2QK2R b KQkq - 3 9,57,70
vpuRE7sV,20,Nxd7,Knight,Nxd7,12,Good,r3kb1r/ppqB1ppp/4pn2/2p5/3P4/2P1BN2/PP3PPP/R2QK2R b KQkq - 0 10,40,52
vpuRE7sV,22,exd5,Pawn,exd5,12,Good,r3kb1r/ppqn1ppp/4p3/2pP4/8/2P1BN2/PP3PPP/R2QK2R b KQkq - 0 11,45,57
vpuRE7sV,24,Nf6,Knight,Nf6,4,Good,r3kb1r/ppqn1ppp/8/2pQ4/8/2P1BN2/PP3PPP/R3K2R b KQkq - 0 12,40,44
vpuRE7sV,26,Bd6,Bishop,Bd6,-4,Good,r3kb1r/ppq2ppp/5n2/2p5/2Q5/2P1BN2/PP3PPP/R3K2R b KQkq - 2 13,41,37
vpuRE7sV,28,O-O,King,h6,21,Good,r3k2r/ppq2ppp/3b1n2/2p5/2Q5/2P1BN2/PP3PPP/R4RK1 b kq - 4 14,9,30
vpuRE7sV,30,Rfe8,Rook,h6,-5,Good,r4rk1/ppq2ppp/3b1n2/2p5/2Q5/2P1BN2/PP3PPP/3R1RK1 b - - 6 15,-2,-7
vpuRE7sV,32,b6,Pawn,Re4,57,Inaccuracy,r3r1k1/ppq2ppp/3b1n2/2p5/2Q5/2P1BN2/PP3PPP/3RR1K1 b - - 8 16,-7,50
vpuRE7sV,34,Rxe1+,Rook,Rxe1+,-15,Good,r3r1k1/p1q2ppp/1p1b1n2/2p3B1/2Q5/2P2N2/PP3PPP/3RR1K1 b - - 1 17,49,34
vpuRE7sV,36,Nd7,Knight,Ne8,401,Blunder,r5k1/p1q2ppp/1p1b1n2/2p3B1/2Q5/2P2N2/PP3PPP/4R1K1 b - - 0 18,35,436
BCLq5OVZ,2,Nf6,Knight,d5,-4,Good,rnbqkbnr/pppppppp/8/8/3P4/8/PPP1PPPP/RNBQKBNR b KQkq - 0 1,24,20
BCLq5OVZ,4,d6,Pawn,e6,28,Good,rnbqkb1r/pppppppp/5n2/8/2PP4/8/PP2PPPP/RNBQKBNR b KQkq - 0 2,23,51
BCLq5OVZ,6,Nbd7,Knight,e5,19,Good,rnbqkb1r/ppp1pppp/3p1n2/8/2PP4/2N5/PP2PPPP/R1BQKBNR b KQkq - 1 3,59,78
BCLq5OVZ,8,e5,Pawn,g6,7,Good,r1bqkb1r/pppnpppp/3p1n2/8/2PP4/2N2N2/PP2PPPP/R1BQKB1R b KQkq - 3 4,65,72
BCLq5OVZ,10,Be7,Bishop,g6,31,Inaccuracy,r1bqkb1r/pppn1ppp/3p1n2/4p3/2PPP3/2N2N2/PP3PPP/R1BQKB1R b KQkq - 0 5,77,108
BCLq5OVZ,12,O-O,King,O-O,1,Good,r1bqk2r/pppnbppp/3p1n2/4p3/2PPP3/2N2N2/PP2BPPP/R1BQK2R b KQkq - 2 6,97,98
BCLq5OVZ,14,c6,Pawn,h6,18,Good,r1bq1rk1/pppnbppp/3p1n2/4p3/2PPP3/2N2N2/PP2BPPP/R1BQ1RK1 b - - 4 7,79,97
BCLq5OVZ,16,a6,Pawn,exd4,5,Good,r1bq1rk1/pp1nbppp/2pp1n2/4p3/2PPP3/2N2N2/PP2BPPP/R1BQR1K1 b - - 1 8,75,80
BCLq5OVZ,18,Re8,Rook,b5,23,Good,r1bq1rk1/1p1nbppp/p1pp1n2/4p3/2PPP3/2N2N2/PP3PPP/R1BQRBK1 b - - 1 9,69,92
BCLq5OVZ,20,Qc7,Queen,b5,20,Good,r1bqr1k1/1p1nbppp/p1pp1n2/4p3/2PPP3/2N2N1P/PP3PP1/R1BQRBK1 b - - 0 10,91,111
BCLq5OVZ,22,Bf8,Bishop,exd4,63,Inaccuracy,r1b1r1k1/1pqnbppp/p1pp1n2/4p3/2PPP3/2N1BN1P/PP3PP1/R2QRBK1 b - - 2 11,61,124
BCLq5OVZ,24,c5,Pawn,a5,31,Inaccuracy,r1b1rbk1/1pqn1ppp/p1pp1n2/3Pp3/2P1P3/2N1BN1P/PP3PP1/R2QRBK1 b - - 0 12,119,150
BCLq5OVZ,26,g6,Pawn,h6,11,Good,r1b1rbk1/1pqn1ppp/p2p1n2/2pPp3/2P1P3/P1N1BN1P/1P3PP1/R2QRBK1 b - - 0 13,144,155
BCLq5OVZ,28,Nh5,Knight,Nh5,7,Good,r1b1rbk1/1pqn1p1p/p2p1np1/2pPp3/2P1P3/P1N1BN1P/1P3PP1/R1Q1RBK1 b - - 1 14,145,152
BCLq5OVZ,30,b6,Pawn,f5,50,Inaccuracy,r1b1rbk1/1pqn1p1p/p2p2p1/2pPp2n/2P1P3/P1N1BNPP/1P3P2/R1Q1RBK1 b - - 0 15,79,129
BCLq5OVZ,32,Ng7,Knight,f5,2,Good,r1b1rbk1/2qn1p1p/pp1p2p1/2pPp2n/2P1P3/P1N1BNPP/1P2BP2/R1Q1R1K1 b - - 1 16,134,136
BCLq5OVZ,34,Be7,Bishop,Be7,10,Good,r1b1rbk1/2qn1pnp/pp1p2p1/2pPp3/2P1P2N/P1N1B1PP/1P2BP2/R1Q1R1K1 b - - 3 17,75,85
BCLq5OVZ,36,Qd8,Queen,Nf6,7,Good,r1b1r1k1/2qnbpnp/pp1p2p1/2pPp1B1/2P1P2N/P1N3PP/1P2BP2/R1Q1R1K1 b - - 5 18,83,90
BCLq5OVZ,38,Qxe7,Queen,Qxe7,-13,Good,r1bqr1k1/3nBpnp/pp1p2p1/2pPp3/2P1P2N/P1N3PP/1P2BP2/R1Q1R1K1 b - - 0 19,77,64
BCLq5OVZ,40,h5,Pawn,Rf8,36,Inaccuracy,r1b1r1k1/3nqpnp/pp1p2p1/2pPp3/2P1P1BN/P1N3PP/1P3P2/R1Q1R1K1 b - - 1 20,38,74
BCLq5OVZ,42,Nf6,Knight,Nf6,-3,Good,r1b1r1k1/3nqpn1/pp1p2p1/2pPp2p/2P1P2N/P1N3PP/1P2BP2/R1Q1R1K1 b - - 1 21,64,61
BCLq5OVZ,44,Nh7,Knight,Nh7,-12,Good,r1b1r1k1/4qpn1/pp1p1np1/2pPp2p/2P1P2N/P1N3PP/1P2BP1K/R1Q1R3 b - - 3 22,55,43
BCLq5OVZ,46,Rf8,Rook,f5,19,Good,r1b1r1k1/4qpnn/pp1p2p1/2pPp2p/2P1P3/P1N2NPP/1P2BP1K/R1Q1R3 b - - 5 23,21,40
BCLq5OVZ,48,Qf6,Queen,f5,74,Inaccuracy,r1b2rk1/4qpnn/pp1p2pQ/2pPp2p/2P1P3/P1N2NPP/1P2BP1K/R3R3 b - - 7 24,13,87
BCLq5OVZ,50,g5,Pawn,Qd8,71,Inaccuracy,r1b2rk1/5pnn/pp1p1qp1/2pPp2p/2P1P3/P1N1QNPP/1P2BP1K/R3R3 b - - 9 25,-17,54
BCLq5OVZ,52,Qg6,Queen,Qh6,27,Good,r1b2rk1/5pnn/pp1p1q2/2pPp1pp/2P1P3/P1N1Q1PP/1P1NBP1K/R3R3 b - - 1 26,27,54
BCLq5OVZ,54,h4,Pawn,Nf6,62,Inaccuracy,r1b2rk1/5pnn/pp1p2q1/2pPp1pp/2P1P1P1/P1N1Q2P/1P1NBP1K/R3R3 b - - 0 27,61,123
BCLq5OVZ,56,Rb8,Rook,Rb8,-5,Good,r1b2rk1/5pnn/pp1p2q1/2pPp1p1/N1P1P1Pp/P3Q2P/1P1NBP1K/R3R3 b - - 1 28,97,92
BCLq5OVZ,58,Bd7,Bishop,Bd7,-2,Good,1rb2rk1/5pnn/pp1p2q1/2pPp1p1/NPP1P1Pp/P3Q2P/3NBP1K/R3R3 b - - 0 29,87,85
BCLq5OVZ,60,Rfc8,Rook,Qf6,-11,Good,1r3rk1/3b1pnn/pp1p2q1/2pPp1p1/1PP1P1Pp/P1N1Q2P/3NBP1K/R3R3 b - - 2 30,94,83
BCLq5OVZ,62,Qf6,Queen,Qf6,4,Good,1rr3k1/3b1pnn/pp1p2q1/2pPp1p1/1PP1P1Pp/P1N1Q2P/3NBP1K/1R2R3 b - - 4 31,95,99
BCLq5OVZ,64,Qd8,Queen,Nf8,6,Good,1rr3k1/3b1pnn/pp1p1q2/2pPp1p1/1PP1P1Pp/P1N1QP1P/3NB2K/1R2R3 b - - 0 32,21,27
BCLq5OVZ,66,Nf8,Knight,Ne8,3,Good,1rrq2k1/3b1pnn/pp1p4/2pPp1p1/1PP1P1Pp/P1N1QP1P/3NB2K/1RR5 b - - 2 33,18,21
BCLq5OVZ,68,Qe8,Queen,Ng6,176,Mistake,1rrq1nk1/3b1pn1/pp1p4/2pPp1p1/1PP1P1Pp/P1N1QP1P/3N3K/1RRB4 b - - 4 34,7,183
BCLq5OVZ,70,f6,Pawn,Qd8,26,Good,1rr1qnk1/3b1pn1/pp1p4/2pPp1p1/1PP1P1Pp/PBN1QP1P/3N3K/1RR5 b - - 6 35,10,36
BCLq5OVZ,72,Ng6,Knight,Ng6,0,Good,1rr1qnk1/3b2n1/pp1p1p2/2pPp1p1/1PP1P1Pp/PBN2P1P/3NQ2K/1RR5 b - - 1 36,10,10
BCLq5OVZ,74,Nf4,Knight,b5,43,Inaccuracy,1rr1q1k1/3b2n1/pp1p1pn1/2pPp1p1/1PP1P1Pp/PBN2P1P/3N3K/1RRQ4 b - - 3 37,-35,8
BCLq5OVZ,76,b5,Pawn,b5,-7,Good,1rr1q1k1/3b2n1/pp1p1p2/2pPp1p1/1PP1PnPp/PBN2P1P/7K/1RRQ1N2 b - - 5 38,-12,-19
BCLq5OVZ,78,axb5,Pawn,axb5,12,Good,1rr1q1k1/3b2n1/p2p1p2/1PpPp1p1/1P2PnPp/PBN2P1P/7K/1RRQ1N2 b - - 0 39,-82,-70
BCLq5OVZ,80,Rxc5,Rook,dxc5,66,Inaccuracy,1rr1q1k1/3b2n1/3p1p2/1pPPp1p1/4PnPp/PBN2P1P/7K/1RRQ1N2 b - - 0 40,-146,-80
BCLq5OVZ,82,Rbc8,Rook,Qc8,58,Inaccuracy,1r2q1k1/3b2n1/3p1p2/1prPp1p1/4PnPp/PB3P1P/4N2K/1RRQ1N2 b - - 1 41,-132,-74
BCLq5OVZ,84,gxf4,Pawn,gxf4,4,Good,2r1q1k1/3b2n1/3p1p2/1prPp1p1/4PNPp/PB3P1P/7K/1RRQ1N2 b - - 0 42,-110,-106
BCLq5OVZ,86,Rxc5,Rook,dxc5,16,Good,2r1q1k1/3b2n1/3p1p2/1pRPp3/4PpPp/PB3P1P/7K/1R1Q1N2 b - - 0 43,-114,-98
BCLq5OVZ,88,Qc8,Queen,Qa8,4,Good,4q1k1/3b2n1/3p1p2/1prPp3/4PpPp/PB3P1P/7K/2RQ1N2 b - - 1 44,-142,-138
BCLq5OVZ,90,Qxc5,Queen,Qxc5,-20,Good,2q3k1/3b2n1/3p1p2/1pRPp3/4PpPp/PB3P1P/7K/3Q1N2 b - - 0 45,-213,-233
BCLq5OVZ,92,bxa4,Pawn,bxa4,-60,Good,6k1/3b2n1/3p1p2/1pqPp3/P3PpPp/1B3P1P/7K/3Q1N2 b - - 0 46,-401,-461
BCLq5OVZ,94,Bxa4,Bishop,Qf2+,141,Mistake,6k1/3b2n1/3p1p2/2qPp3/B3PpPp/5P1P/7K/3Q1N2 b - - 0 47,-572,-431
BCLq5OVZ,96,Qf2+,Queen,Qf2+,-60,Good,6k1/6n1/3p1p2/2qPp3/Q3PpPp/5P1P/7K/5N2 b - - 0 48,-617,-677
l31PpuZ3,2,c5,Pawn,e5,4,Good,rnbqkbnr/pppppppp/8/8/4P3/8/PPPP1PPP/RNBQKBNR b KQkq - 0 1,34,38
l31PpuZ3,4,e6,Pawn,e6,7,Good,rnbqkbnr/pp1ppppp/8/2p5/4P3/5N2/PPPP1PPP/RNBQKB1R b KQkq - 1 2,36,43
l31PpuZ3,6,b6,Pawn,a6,17,Good,rnbqkbnr/pp1p1ppp/4p3/2p5/4P3/1P3N2/P1PP1PPP/RNBQKB1R b KQkq - 0 3,21,38
l31PpuZ3,8,Bb7,Bishop,Bb7,-2,Good,rnbqkbnr/p2p1ppp/1p2p3/2p5/4P3/1P3N2/PBPP1PPP/RN1QKB1R b KQkq - 1 4,45,43
l31PpuZ3,10,Nc6,Knight,Nc6,4,Good,rn1qkbnr/pb1p1ppp/1p2p3/2p5/4P3/1P1B1N2/PBPP1PPP/RN1QK2R b KQkq - 3 5,-30,-26
l31PpuZ3,12,Nh6,Knight,f5,42,Inaccuracy,r2qkbnr/pb1p1ppp/1pn1p3/2p1P3/8/1P1B1N2/PBPP1PPP/RN1QK2R b KQkq - 0 6,-77,-35
l31PpuZ3,14,Be7,Bishop,Be7,-5,Good,r2qkb1r/pb1p1ppp/1pn1p2n/2p1P3/8/1PNB1N2/PBPP1PPP/R2QK2R b KQkq - 2 7,-46,-51
l31PpuZ3,16,O-O,King,f5,27,Good,r2qk2r/pb1pbppp/1pn1p2n/2p1P3/8/1PNB1N2/PBPPQPPP/R3K2R b KQkq - 4 8,-55,-28
l31PpuZ3,18,Nb4,Knight,Nb4,2,Good,r2q1rk1/pb1pbppp/1pn1p2n/2p1P3/4N3/1P1B1N2/PBPPQPPP/R3K2R b KQ - 6 9,-36,-34
l31PpuZ3,20,Nxd3+,Knight,Bxd6,-9,Good,r2q1rk1/pb1pbppp/1p1Np2n/2p1P3/1n6/1P1B1N2/PBPPQPPP/R3K2R b KQ - 8 10,-127,-136
l31PpuZ3,22,Bxd6,Bishop,Bxd6,-2,Good,r2q1rk1/pb1pbppp/1p1Np2n/2p1P3/8/1P1Q1N2/PBPP1PPP/R3K2R b KQ - 0 11,-134,-136
l31PpuZ3,24,f6,Pawn,f6,5,Good,r2q1rk1/pb1p1ppp/1p1Pp2n/2p5/8/1P1Q1N2/PBPP1PPP/R3K2R b KQ - 0 12,-145,-140
l31PpuZ3,26,Qe8,Queen,Qb8,-2,Good,r2q1rk1/pb1p2pp/1p1Ppp1n/2p5/8/1P1Q1N2/PBPP1PPP/2KR3R b - - 1 13,-172,-174
l31PpuZ3,28,Rc8,Rook,Qg6,5,Good,r3qrk1/pb1p2pp/1p1Ppp1n/2p5/8/1P1Q1N2/PBPP1PPP/2K1R2R b - - 3 14,-192,-187
l31PpuZ3,30,Qg6,Queen,Qh5,34,Inaccuracy,2r1qrk1/pb1p2pp/1p1Ppp1n/2p5/8/1P1Q1N2/PBPP1PPP/2K1R1R1 b - - 5 15,-195,-161
l31PpuZ3,32,hxg6,Pawn,hxg6,11,Good,2r2rk1/pb1p2pp/1p1PppQn/2p5/8/1P3N2/PBPP1PPP/2K1R1R1 b - - 0 16,-204,-193
l31PpuZ3,34,c4,Pawn,Bxf3,36,Inaccuracy,2r2rk1/pb1p2p1/1p1Ppppn/2p5/3P4/1P3N2/PBP2PPP/2K1R1R1 b - - 0 17,-289,-253
l31PpuZ3,36,Bxf3,Bishop,Bxf3,34,Inaccuracy,2r2rk1/pb1p2p1/1p1Ppppn/8/2pP4/1PP2N2/PB3PPP/2K1R1R1 b - - 0 18,-284,-250
l31PpuZ3,38,Kf7,King,Nf5,39,Inaccuracy,2r2rk1/p2p2p1/1p1Ppppn/8/2pP4/1PP2P2/PB3P1P/2K1R1R1 b - - 0 19,-261,-222
l31PpuZ3,40,Nf5,Knight,Nf5,2,Good,2r2r2/p2p1kp1/1p1Ppppn/8/2pP4/1PP2P2/PB1K1P1P/4R1R1 b - - 2 20,-340,-338
l31PpuZ3,42,Rh8,Rook,Rh8,0,Good,2r2r2/p2p1kp1/1p1Pppp1/5n2/2pPR3/1PP2P2/PB1K1P1P/6R1 b - - 4 21,-428,-428
l31PpuZ3,44,Rh3,Rook,g5,-19,Good,2r4r/p2p1kp1/1p1Pppp1/5n2/2pPR3/1PP2P2/PB1K1PRP/8 b - - 6 22,-419,-438
l31PpuZ3,46,b5,Pawn,g5,28,Good,2r5/p2p1kp1/1p1Pppp1/5n2/2pPR3/1PP2P1r/PB2KPRP/8 b - - 8 23,-419,-391
l31PpuZ3,48,bxa4,Pawn,Nxd6,33,Inaccuracy,2r5/p2p1kp1/3Pppp1/1p3n2/P1pPR3/1PP2P1r/1B2KPRP/8 b - - 0 24,-467,-434
l31PpuZ3,50,Rb8,Rook,Nxd6,-31,Good,2r5/p2p1kp1/3Pppp1/5n2/P1pPR3/2P2P1r/1B2KPRP/8 b - - 0 25,-434,-465
l31PpuZ3,52,Rb3,Rook,a5,21,Good,1r6/p2p1kp1/3Pppp1/5n2/P1pPR3/B1P2P1r/4KPRP/8 b - - 2 26,-423,-402
l31PpuZ3,54,a6,Pawn,Rxc3,63,Inaccuracy,8/p2p1kp1/3Pppp1/2B2n2/P1pPR3/1rP2P1r/4KPRP/8 b - - 4 27,-466,-403
l31PpuZ3,56,Rxc3,Rook,Rxc3,-3,Good,8/3p1kp1/p2Pppp1/2B2n2/P1pPR3/1rP2P1r/5PRP/5K2 b - - 1 28,-472,-475
l31PpuZ3,58,Rhxf3,Rook,Rhxf3,-35,Good,8/3p1kp1/p2Pppp1/2B2n2/P1pP2R1/2r2P1r/5PRP/5K2 b - - 1 29,-511,-546
l31PpuZ3,60,Ne3+,Knight,Ne3+,-39,Good,8/3p1kp1/p2PppR1/2B2n2/P1pP4/2r2r2/5PRP/5K2 b - - 0 30,-512,-551
l31PpuZ3,62,Nxg2,Knight,Nxg2,0,Good,8/3p1kp1/p2PppR1/2B5/P1pP4/2r1nr2/4KPRP/8 b - - 2 31,-540,-540
l31PpuZ3,64,Rfd3,Rook,Rfd3,16,Good,8/3p1kp1/p2Ppp2/2B5/P1pP4/2r2r2/4KPRP/8 b - - 0 32,-561,-545
l31PpuZ3,66,Rc2+,Rook,Rc2+,10,Good,8/3p1kp1/p2Ppp2/2B5/P1pP3P/2rr4/4KPR1/8 b - - 0 33,-796,-786
l31PpuZ3,68,Rb3,Rook,Rh3,74,Inaccuracy,8/3p1kp1/p2Ppp2/2B5/P1pP3P/3r4/2r2PR1/4K3 b - - 2 34,-815,-741
l31PpuZ3,70,Ra2,Rook,Ra2,-5,Good,8/3p1kp1/p2Ppp2/2B5/P1pP3P/1r6/2r2PR1/3K4 b - - 4 35,-932,-937
l31PpuZ3,72,Rh3,Rook,Ra1+,403,Blunder,8/3p1kp1/p2Ppp2/2B5/P1pP3P/1r6/r4PR1/2K5 b - - 6 36,-961,-558
l31PpuZ3,74,Re2,Rook,Re2,0,Good,8/3p1kp1/p2Ppp2/2B5/P1pP3P/7r/r4PR1/1K6 b - - 8 37,-615,-615
l31PpuZ3,76,Rb3+,Rook,c3,-53,Good,8/3p1kp1/p2Ppp2/2B5/P1pP3P/7r/4rP2/1K4R1 b - - 10 38,-585,-638
l31PpuZ3,78,Rbb2,Rook,Rbb2,-116,Good,8/3p1kp1/p2Ppp2/2B5/P1pP3P/1r6/4rP2/K5R1 b - - 12 39,-816,-932
l31PpuZ3,80,c3,Pawn,Ra2+,0,Good,8/3p1kp1/p2Ppp2/2B4P/P1pP4/8/1r2rP2/K5R1 b - - 0 40,-9994,-9994
l31PpuZ3,82,Ra2+,Rook,Ra2+,-1,Good,8/3p1kp1/p2Ppp2/2BP3P/P7/2p5/1r2rP2/K5R1 b - - 0 41,-9997,-9998
l31PpuZ3,84,Reb2+,Rook,Reb2+,-1,Good,8/3p1kp1/p2Ppp2/2BP3P/P7/2p5/r3rP2/1K4R1 b - - 2 42,-9998,-9999
l31PpuZ3,86,Ra1#,Rook,Ra1#,-1,Good,8/3p1kp1/p2Ppp2/2BP3P/P7/2p5/rr3P2/2K3R1 b - - 4 43,-9999,-10000
xQgWC0fb,2,c5,Pawn,c5,8,Good,rnbqkbnr/pppppppp/8/8/4P3/8/PPPP1PPP/RNBQKBNR b KQkq - 0 1,34,42
xQgWC0fb,4,e6,Pawn,Nc6,11,Good,rnbqkbnr/pp1ppppp/8/2p5/4P3/5N2/PPPP1PPP/RNBQKB1R b KQkq - 1 2,36,47
xQgWC0fb,6,d5,Pawn,d5,-7,Good,rnbqkbnr/pp1p1ppp/4p3/2p5/4P3/2P2N2/PP1P1PPP/RNBQKB1R b KQkq - 0 3,25,18
xQgWC0fb,8,Qxd5,Queen,exd5,-2,Good,rnbqkbnr/pp3ppp/4p3/2pP4/8/2P2N2/PP1P1PPP/RNBQKB1R b KQkq - 0 4,29,27
xQgWC0fb,10,Nf6,Knight,cxd4,2,Good,rnb1kbnr/pp3ppp/4p3/2pq4/3P4/2P2N2/PP3PPP/RNBQKB1R b KQkq - 0 5,29,31
xQgWC0fb,12,Nc6,Knight,a6,-1,Good,rnb1kb1r/pp3ppp/4pn2/2pq4/3P4/N1P2N2/PP3PPP/R1BQKB1R b KQkq - 2 6,29,28
xQgWC0fb,14,cxd4,Pawn,cxd4,10,Good,r1b1kb1r/pp3ppp/2n1pn2/2pq4/3P4/N1P1BN2/PP3PPP/R2QKB1R b KQkq - 4 7,16,26
xQgWC0fb,16,Qd7,Queen,Qd7,-1,Good,r1b1kb1r/pp3ppp/2n1pn2/1N1q4/3p4/2P1BN2/PP3PPP/R2QKB1R b KQkq - 1 8,31,30
xQgWC0fb,18,Nd5,Knight,Qc7,7,Good,r1b1kb1r/pp1q1ppp/2n1pn2/8/3N4/2P1BN2/PP3PPP/R2QKB1R b KQkq - 0 9,27,34
xQgWC0fb,20,bxc6,Pawn,Nxe3,33,Inaccuracy,r1b1kb1r/pp1q1ppp/2N1p3/3n4/8/2P1BN2/PP3PPP/R2QKB1R b KQkq - 0 10,-1,32
xQgWC0fb,22,Bd6,Bishop,Bb7,48,Inaccuracy,r1b1kb1r/p2q1ppp/2p1p3/3n4/8/2P2N2/PP1B1PPP/R2QKB1R b KQkq - 1 11,33,81
xQgWC0fb,24,Qc7,Queen,c5,11,Good,r1b1k2r/p2q1ppp/2pbp3/3n4/8/2P2N2/PPQB1PPP/R3KB1R b KQkq - 3 12,10,21
xQgWC0fb,26,Nf4,Knight,Rb8,47,Inaccuracy,r1b1k2r/p1q2ppp/2pbp3/3n4/8/2PB1N2/PPQB1PPP/R3K2R b KQkq - 5 13,-5,42
xQgWC0fb,28,Bxf4,Bishop,Bxf4,-9,Good,r1b1k2r/p1q2ppp/2pbp3/8/5B2/2PB1N2/PPQ2PPP/R3K2R b KQkq - 0 14,11,2
xQgWC0fb,30,g6,Pawn,g6,0,Good,r1b1k2r/p1q2ppp/2p1p3/8/5b2/2PB1N2/PPQ2PPP/R4RK1 b kq - 1 15,-26,-26
xQgWC0fb,32,O-O,King,Rb8,2,Good,r1b1k2r/p1q2p1p/2p1p1p1/8/5b2/2PB1N2/PPQ2PPP/R3R1K1 b kq - 1 16,-34,-32
xQgWC0fb,34,Bb7,Bishop,c5,37,Inaccuracy,r1b2rk1/p1q2p1p/2p1p1p1/8/5b2/2PB1N2/PPQ2PPP/3RR1K1 b - - 3 17,-29,8
xQgWC0fb,36,Rad8,Rook,Rab8,-2,Good,r4rk1/pbq2p1p/2p1p1p1/8/4Bb2/2P2N2/PPQ2PPP/3RR1K1 b - - 5 18,11,9
xQgWC0fb,38,Bh6,Bishop,Bh6,0,Good,3r1rk1/pbq2p1p/2p1p1p1/8/4Bb2/2P2NP1/PPQ2P1P/3RR1K1 b - - 0 19,0,0
xQgWC0fb,40,Bg7,Bishop,c5,19,Good,3r1rk1/pbq2p1p/2p1p1pb/8/3NB3/2P3P1/PPQ2P1P/3RR1K1 b - - 2 20,-31,-12
xQgWC0fb,42,Qb6,Queen,c5,1,Good,3r1rk1/pbq2pbp/2p1p1p1/8/3NB3/2P3P1/PP2QP1P/3RR1K1 b - - 4 21,-5,-4
xQgWC0fb,44,Ba6,Bishop,Rxd1,7,Good,3r1rk1/pb3pbp/1qp1p1p1/8/4B3/1NP3P1/PP2QP1P/3RR1K1 b - - 6 22,2,9
xQgWC0fb,46,Bxd3,Bishop,Bxd3,15,Good,3r1rk1/p4pbp/bqp1p1p1/8/8/1NPB2P1/PP2QP1P/3RR1K1 b - - 8 23,-60,-45
xQgWC0fb,48,Rxd3,Rook,Rd5,8,Good,3r1rk1/p4pbp/1qp1p1p1/8/8/1NPR2P1/PP2QP1P/4R1K1 b - - 0 24,-46,-38
xQgWC0fb,50,Rd8,Rook,Rd8,-2,Good,5rk1/p4pbp/1qp1p1p1/8/8/1NPQ2P1/PP3P1P/4R1K1 b - - 0 25,-39,-41
xQgWC0fb,52,Rd5,Rook,c5,-2,Good,3r2k1/p4pbp/1qp1p1p1/8/8/1NP3P1/PP2QP1P/4R1K1 b - - 2 26,-34,-36
xQgWC0fb,54,h5,Pawn,a5,0,Good,6k1/p4pbp/1qp1p1p1/3r4/8/1NP3P1/PP2QP1P/3R2K1 b - - 4 27,-55,-55
xQgWC0fb,56,cxd5,Pawn,cxd5,-4,Good,6k1/p4pb1/1qp1p1p1/3R3p/8/1NP3P1/PP2QP1P/6K1 b - - 0 28,-62,-66
xQgWC0fb,58,Bf8,Bishop,d4,31,Inaccuracy,6k1/p4pb1/1q2p1p1/3p3p/8/2P3P1/PP2QP1P/2N3K1 b - - 1 29,-79,-48
xQgWC0fb,60,Bd6,Bishop,Bg7,1,Good,5bk1/p4p2/1q2p1p1/3p3p/8/2PN2P1/PP2QP1P/6K1 b - - 3 30,-30,-29
xQgWC0fb,62,Qa6,Queen,Qc6,10,Good,6k1/p4p2/1q1bp1p1/3p3p/8/2PN2P1/PPQ2P1P/6K1 b - - 5 31,-41,-31
xQgWC0fb,64,Qc6,Queen,Qc6,-11,Good,6k1/p4p2/q2bp1p1/3p3p/8/1PPN2P1/P1Q2P1P/6K1 b - - 0 32,-29,-40
xQgWC0fb,66,dxc4,Pawn,e5,20,Good,6k1/p4p2/2qbp1p1/3p3p/2P5/1P1N2P1/P1Q2P1P/6K1 b - - 0 33,-20,0
xQgWC0fb,68,Qe4,Queen,h4,69,Inaccuracy,6k1/p4p2/2qbp1p1/7p/2P5/3N2P1/P1Q2P1P/6K1 b - - 0 34,-94,-25
xQgWC0fb,70,Bxc5,Bishop,Bc7,22,Good,6k1/p4p2/3bp1p1/2P4p/4q3/3N2P1/P1Q2P1P/6K1 b - - 0 35,-22,0
xQgWC0fb,72,Qxd3,Queen,Qxd3,0,Good,6k1/p4p2/4p1p1/2Q4p/4q3/3N2P1/P4P1P/6K1 b - - 0 36,0,0
xQgWC0fb,74,Qb1+,Queen,Qd1+,2,Good,6k1/Q4p2/4p1p1/7p/8/3q2P1/P4P1P/6K1 b - - 0 37,0,2
xQgWC0fb,76,Qe4+,Queen,Qe4+,0,Good,6k1/Q4p2/4p1p1/7p/8/6P1/P4PKP/1q6 b - - 2 38,0,0
xQgWC0fb,78,Qc2+,Queen,Qc2+,0,Good,6k1/Q4p2/4p1p1/7p/4q3/5PP1/P5KP/8 b - - 0 39,0,0
xQgWC0fb,80,Qa4,Queen,Qc1,0,Good,6k1/5p2/4p1p1/7p/8/5PP1/P1q2QKP/8 b - - 2 40,0,0
xQgWC0fb,82,h4,Pawn,g5,1,Good,6k1/5p2/4p1p1/7p/q7/5PP1/PQ4KP/8 b - - 4 41,0,1
xQgWC0fb,84,hxg3,Pawn,Qc4,2,Good,6k1/5p2/4p1p1/8/q6p/P4PP1/1Q4KP/8 b - - 0 42,0,2
xQgWC0fb,86,Qa6,Queen,e5,-3,Good,6k1/5p2/4p1p1/8/q7/P4PP1/1Q4K1/8 b - - 0 43,3,0
xQgWC0fb,88,g5,Pawn,e5,1,Good,6k1/5p2/q3p1p1/8/6P1/P4P2/1Q4K1/8 b - - 0 44,0,1
xQgWC0fb,90,f5,Pawn,Qa7+,0,Good,6k1/5p2/q3p3/6p1/6P1/P4P2/1Q3K2/8 b - - 1 45,0,0
xQgWC0fb,92,exf5,Pawn,exf5,0,Good,6k1/8/q3p3/5Pp1/8/P4P2/1Q3K2/8 b - - 0 46,0,0
xQgWC0fb,94,Kf7,King,Qxa3,0,Good,6k1/8/q7/5pp1/8/P4P2/3Q1K2/8 b - - 1 47,0,0
xQgWC0fb,96,Qxa3,Queen,Qxa3,0,Good,8/5k2/q7/5pQ1/8/P4P2/5K2/8 b - - 0 48,0,0
xQgWC0fb,98,Kg7,King,Kg7,0,Good,8/5k2/8/5Q2/8/q4P2/5K2/8 b - - 0 49,0,0
xQgWC0fb,100,Kf6,King,Kf6,0,Good,8/6k1/8/8/6Q1/q4P2/5K2/8 b - - 2 50,0,0
xQgWC0fb,102,Kg6,King,Kg6,0,Good,8/8/5k2/8/5Q2/q4P2/5K2/8 b - - 4 51,0,0
xQgWC0fb,104,Qa1,Queen,Qc5,0,Good,8/8/6k1/8/5Q2/q4PK1/8/8 b - - 6 52,0,0
xQgWC0fb,106,Kf6,King,Kf6,0,Good,8/8/6k1/8/4Q3/5PK1/8/q7 b - - 8 53,0,0
xQgWC0fb,108,Kf5,King,Kf5,-3,Good,8/8/2Q2k2/8/8/5PK1/8/q7 b - - 10 54,15,12
xQgWC0fb,110,Kf6,King,Kg6,-3,Good,8/8/8/2Q2k2/8/5PK1/8/q7 b - - 12 55,14,11
xQgWC0fb,112,Qd1,Queen,Qa4+,0,Good,8/8/5k2/2Q5/6K1/5P2/8/q7 b - - 14 56,7,7
xQgWC0fb,114,Kg7,King,Kg7,6,Good,8/8/5k2/5Q2/6K1/5P2/8/3q4 b - - 16 57,11,17
xQgWC0fb,116,Kf7,King,Kf7,-1,Good,8/6k1/8/4Q3/6K1/5P2/8/3q4 b - - 18 58,9,8
xQgWC0fb,118,Kg6,King,Kg6,3,Good,8/5k2/8/8/5QK1/5P2/8/3q4 b - - 20 59,3,6
xQgWC0fb,120,Kf6,King,Kf7,-2,Good,8/8/6k1/8/4Q1K1/5P2/8/3q4 b - - 22 60,3,1
xQgWC0fb,122,Kg7,King,Kf7,0,Good,8/8/2Q2k2/8/6K1/5P2/8/3q4 b - - 24 61,0,0
xQgWC0fb,124,Qg1+,Queen,Qd8+,4,Good,8/6k1/2Q5/6K1/8/5P2/8/3q4 b - - 26 62,0,4
xQgWC0fb,126,Qb1+,Queen,Qa7,5,Good,8/6k1/2Q5/5K2/8/5P2/8/6q1 b - - 28 63,2,7
xQgWC0fb,128,Qb8,Queen,Qf1,505,Blunder,8/6k1/8/5K2/4Q3/5P2/8/1q6 b - - 30 64,3,508
6Xz9UZUc,2,c5,Pawn,c5,-10,Good,rnbqkbnr/pppppppp/8/8/4P3/8/PPPP1PPP/RNBQKBNR b KQkq - 0 1,41,31
6Xz9UZUc,4,d6,Pawn,Nc6,18,Good,rnbqkbnr/pp1ppppp/8/2p5/4P3/5N2/PPPP1PPP/RNBQKB1R b KQkq - 1 2,22,40
6Xz9UZUc,6,Nd7,Knight,Bd7,-9,Good,rnbqkbnr/pp2pppp/3p4/1Bp5/4P3/5N2/PPPP1PPP/RNBQK2R b KQkq - 1 3,33,24
6Xz9UZUc,8,cxd4,Pawn,cxd4,-10,Good,r1bqkbnr/pp1npppp/3p4/1Bp5/3PP3/5N2/PPP2PPP/RNBQK2R b KQkq - 0 4,13,3
6Xz9UZUc,10,a6,Pawn,a6,2,Good,r1bqkbnr/pp1npppp/3p4/1B6/3QP3/5N2/PPP2PPP/RNB1K2R b KQkq - 0 5,24,26
6Xz9UZUc,12,Ngf6,Knight,e5,0,Good,r1bqkbnr/1p1npppp/p2p4/8/3QP3/5N2/PPP1BPPP/RNB1K2R b KQkq - 1 6,0,0
6Xz9UZUc,14,e5,Pawn,e5,0,Good,r1bqkb1r/1p1npppp/p2p1n2/8/3QP3/5N2/PPP1BPPP/RNB2RK1 b kq - 3 7,0,0
6Xz9UZUc,16,Nc5,Knight,Nc5,0,Good,r1bqkb1r/1p1n1ppp/p2p1n2/4p3/4P3/4QN2/PPP1BPPP/RNB2RK1 b kq - 1 8,0,0
6Xz9UZUc,18,b5,Pawn,Be7,27,Good,r1bqkb1r/1p3ppp/p2p1n2/2n1p3/4P3/4Q3/PPPNBPPP/RNB2RK1 b kq - 3 9,13,40
6Xz9UZUc,20,bxc4,Pawn,Ne6,43,Inaccuracy,r1bqkb1r/5ppp/p2p1n2/1pn1p3/2P1P3/4Q3/PP1NBPPP/RNB2RK1 b kq - 0 10,37,80
6Xz9UZUc,22,Be7,Bishop,Be7,3,Good,r1bqkb1r/5ppp/p2p1n2/2n1p3/2B1P3/4Q3/PP1N1PPP/RNB2RK1 b kq - 0 11,44,47
6Xz9UZUc,24,O-O,King,O-O,7,Good,r1bqk2r/4bppp/p2p1n2/2n1p3/2B1P3/2N1Q3/PP1N1PPP/R1B2RK1 b kq - 2 12,54,61
6Xz9UZUc,26,Ne6,Knight,Ncd7,22,Good,r1bq1rk1/4bppp/p2p1n2/2n1p3/2B1P3/1NN1Q3/PP3PPP/R1B2RK1 b - - 4 13,30,52
6Xz9UZUc,28,Nf4,Knight,a5,38,Inaccuracy,r1bq1rk1/4bppp/p2pnn2/4p3/2B1P3/1NN1Q3/PP3PPP/R1BR2K1 b - - 6 14,18,56
6Xz9UZUc,30,Qc7,Queen,Re8,13,Good,r1bq1rk1/4bppp/p2p1n2/4p3/2B1Pn2/1NN5/PP3PPP/R1BRQ1K1 b - - 8 15,63,76
6Xz9UZUc,32,Ng6,Knight,Bg4,47,Inaccuracy,r1b2rk1/2q1bppp/p2p1n2/4p3/4Pn2/1NN5/PP3PPP/R1BRQBK1 b - - 10 16,70,117
6Xz9UZUc,34,Be6,Bishop,Bd8,0,Good,r1b2rk1/2q1bppp/p2p1nn1/4p3/4P3/1NN1B3/PP3PPP/R2RQBK1 b - - 12 17,112,112
6Xz9UZUc,36,Qb8,Queen,Qb8,5,Good,r4rk1/2q1bppp/p2pbnn1/4p3/4P3/1NN1B3/PP3PPP/2RRQBK1 b - - 14 18,108,113
6Xz9UZUc,38,Rc8,Rook,Rc8,-9,Good,rq3rk1/4bppp/p2pbnn1/N3p3/4P3/2N1B3/PP3PPP/2RRQBK1 b - - 16 19,112,103
6Xz9UZUc,40,Ng4,Knight,Bd8,12,Good,rqr3k1/4bppp/p2pbnn1/N3p3/4P3/1PN1B3/P4PPP/2RRQBK1 b - - 0 20,106,118
6Xz9UZUc,42,Bd8,Bishop,Nf6,-2,Good,rqr3k1/4bppp/p2pb1n1/N3p3/4P1n1/1PN5/P2B1PPP/2RRQBK1 b - - 2 21,120,118
6Xz9UZUc,44,Ne7,Knight,Rxc1,101,Mistake,rqrb2k1/5ppp/p2pb1n1/N3p3/N3P1n1/1P6/P2B1PPP/2RRQBK1 b - - 4 22,108,209
6Xz9UZUc,46,a5,Pawn,Rc6,4,Good,rqrb2k1/4nppp/p2pb3/4p3/N1N1P1n1/1P6/P2B1PPP/2RRQBK1 b - - 6 23,143,147
6Xz9UZUc,48,Nf6,Knight,Nf6,-23,Good,rqrb2k1/4nppp/3pb3/p3p3/N1N1P1n1/1P5P/P2B1PP1/2RRQBK1 b - - 0 24,175,152
6Xz9UZUc,50,d5,Pawn,Rc6,3,Good,rqrb2k1/4nppp/3pbn2/p3p1B1/N1N1P3/1P5P/P4PP1/2RRQBK1 b - - 2 25,192,195
6Xz9UZUc,52,Nexd5,Knight,Nexd5,-16,Good,rqrb2k1/4nppp/4bn2/p2Pp1B1/N1N5/1P5P/P4PP1/2RRQBK1 b - - 0 26,215,199
6Xz9UZUc,54,Bc7,Bishop,Qxe5,58,Inaccuracy,rqrb2k1/5ppp/4bn2/p2nQ1B1/N1N5/1P5P/P4PP1/2RR1BK1 b - - 0 27,78,136
6Xz9UZUc,56,h6,Pawn,h6,7,Good,rqr3k1/2b2ppp/4bn2/p2n2B1/N1NQ4/1P5P/P4PP1/2RR1BK1 b - - 2 28,98,105
6Xz9UZUc,58,Rd8,Rook,Rd8,-12,Good,rqr3k1/2b2pp1/4bn1p/p2n4/N1NQ4/1P5P/P2B1PP1/2RR1BK1 b - - 1 29,112,100
6Xz9UZUc,60,Bf5,Bishop,Ne7,226,Blunder,rq1r2k1/2b2pp1/4bn1p/p2n4/N1N4Q/1P5P/P2B1PP1/2RR1BK1 b - - 3 30,-132,94
6Xz9UZUc,62,Bg6,Bishop,Nxe3,12,Good,rq1r2k1/2b2pp1/5n1p/p2n1b2/N6Q/1P2N2P/P2B1PP1/2RR1BK1 b - - 5 31,95,107
6Xz9UZUc,64,Nxd5,Knight,Rxd5,30,Inaccuracy,rq1r2k1/2b2pp1/5nbp/p2N4/N6Q/1P5P/P2B1PP1/2RR1BK1 b - - 0 32,125,155
6Xz9UZUc,66,Nb4,Knight,Nb4,-12,Good,rq1r2k1/2b2pp1/6bp/p2n4/N1B4Q/1P5P/P2B1PP1/2RR2K1 b - - 1 33,129,117
6Xz9UZUc,68,gxh6,Pawn,gxh6,-16,Good,rq1r2k1/2b2pp1/6bB/p7/NnB4Q/1P5P/P4PP1/2RR2K1 b - - 0 34,-49,-65
6Xz9UZUc,70,Rxd1+,Rook,Bh2+,561,Blunder,rq1r2k1/2b2p2/6bQ/p7/NnB5/1P5P/P4PP1/2RR2K1 b - - 0 35,-53,508
6Xz9UZUc,72,Bc2,Bishop,Ra6,9792,Blunder,rq4k1/2b2p2/6bQ/p7/NnB5/1P5P/P4PP1/3R2K1 b - - 0 36,204,9996
6Xz9UZUc,74,Qc8,Queen,Ra6,63,Inaccuracy,rq4k1/2b2p2/7Q/p7/NnBR4/1P5P/P1b2PP1/6K1 b - - 2 37,573,636
6Xz9UZUc,76,Qxg4,Queen,Qxg4,-1,Good,r1q3k1/2b2p2/7Q/p7/NnB3R1/1P5P/P1b2PP1/6K1 b - - 4 38,487,486
6Xz9UZUc,78,Rd8,Rook,Re8,12,Good,r5k1/2b2p2/7Q/p7/NnB3P1/1P6/P1b2PP1/6K1 b - - 0 39,522,534
6Xz9UZUc,80,Rd6,Rook,Rd7,16,Good,3r2k1/2b2p2/7Q/p7/1nB3P1/1PN5/P1b2PP1/6K1 b - - 2 40,458,474
6Xz9UZUc,82,Bg6,Bishop,Bg6,52,Inaccuracy,6k1/2b2p2/3r4/p5Q1/1nB3P1/1PN5/P1b2PP1/6K1 b - - 4 41,527,579
6Xz9UZUc,84,Rc6,Rook,Rc6,16,Good,6k1/2b1Qp2/3r2b1/p7/1nB3P1/1PN5/P4PP1/6K1 b - - 6 42,589,605
6Xz9UZUc,86,Kg7,King,Kg7,1,Good,6k1/2b1Qp2/2r3b1/p7/1nB3P1/1PN3P1/P4P2/6K1 b - - 0 43,491,492
6Xz9UZUc,88,Bb6+,Bishop,Bb6+,-2,Good,8/2b1Qpk1/2r3b1/p7/1nB2PP1/1PN3P1/P7/6K1 b - - 0 44,455,453
6Xz9UZUc,90,Bc5,Bishop,Bd4,118,Mistake,8/4Qpk1/1br3b1/p7/1nB2PP1/1PN3P1/P6K/8 b - - 2 45,474,592
6Xz9UZUc,92,f6,Pawn,f6,40,Inaccuracy,8/5pk1/2r3b1/p1b1Q3/1nB2PP1/1PN3P1/P6K/8 b - - 4 46,544,584
6Xz9UZUc,94,Rc7,Rook,Nxa2,83,Inaccuracy,8/6k1/2r2pb1/p1b5/1nB2PP1/1PN3P1/P3Q2K/8 b - - 1 47,469,552
6Xz9UZUc,96,Re7,Rook,Rc6,37,Inaccuracy,8/2r3k1/5pb1/p1b3P1/1nB2P2/1PN3P1/P3Q2K/8 b - - 0 48,566,603
6Xz9UZUc,98,Kxf6,King,Kxf6,4,Good,8/4r1k1/5Pb1/p1b5/1nB2P2/1PN3P1/P3Q2K/8 b - - 0 49,680,684
6Xz9UZUc,100,Rh7+,Rook,Rh7+,54,Inaccuracy,8/4r3/5kb1/p1b5/1nB2PQ1/1PN3P1/P6K/8 b - - 1 50,637,691
6Xz9UZUc,102,Rh5,Rook,Rf7,78,Inaccuracy,8/7r/5kb1/p1b5/1nB2PQ1/1PN3P1/P5K1/8 b - - 3 51,682,760
6Xz9UZUc,104,Kg7,King,Kg7,-11,Good,8/8/4Qkb1/p1b4r/1nB2P2/1PN3P1/P5K1/8 b - - 5 52,753,742
6Xz9UZUc,106,Kf6,King,Kf6,0,Good,6Q1/6k1/6b1/p1b4r/1nB2P2/1PN3P1/P5K1/8 b - - 7 53,779,779
6Xz9UZUc,108,Kg7,King,Kg7,17,Good,8/8/4Qkb1/p1b4r/1nB2P2/1PN3P1/P5K1/8 b - - 9 54,795,812
6Xz9UZUc,110,Kf6,King,Kf6,6,Good,6Q1/6k1/6b1/p1b4r/1nB2P2/1PN3P1/P5K1/8 b - - 11 55,791,797
ro846C6K,2,g6,Pawn,d5,45,Inaccuracy,rnbqkbnr/pppppppp/8/8/3P4/8/PPP1PPPP/RNBQKBNR b KQkq - 0 1,28,73
ro846C6K,4,Bg7,Bishop,Nf6,32,Inaccuracy,rnbqkbnr/pppppp1p/6p1/8/3P4/5N2/PPP1PPPP/RNBQKB1R b KQkq - 1 2,29,61
ro846C6K,6,d6,Pawn,Nf6,21,Good,rnbqk1nr/ppppppbp/6p1/8/2PP4/5N2/PP2PPPP/RNBQKB1R b KQkq - 0 3,31,52
ro846C6K,8,Nc6,Knight,Nf6,-8,Good,rnbqk1nr/ppp1ppbp/3p2p1/8/2PP4/2N2N2/PP2PPPP/R1BQKB1R b KQkq - 1 4,59,51
ro846C6K,10,Bg4,Bishop,Bg4,-2,Good,r1bqk1nr/ppp1ppbp/2np2p1/8/2PPP3/2N2N2/PP3PPP/R1BQKB1R b KQkq - 0 5,34,32
ro846C6K,12,Nd4,Knight,Nd4,10,Good,r2qk1nr/ppp1ppbp/2np2p1/3P4/2P1P1b1/2N2N2/PP3PPP/R1BQKB1R b KQkq - 0 6,12,22
ro846C6K,14,Bd7,Bishop,Bd7,11,Good,r2qk1nr/ppp1ppbp/3p2p1/3P4/Q1PnP1b1/2N2N2/PP3PPP/R1B1KB1R b KQkq - 2 7,14,25
ro846C6K,16,c5,Pawn,Bg4,-2,Good,r2qk1nr/pppbppbp/3p2p1/3P4/2PnP3/2N2N2/PP3PPP/R1BQKB1R b KQkq - 4 8,32,30
ro846C6K,18,Bg4,Bishop,Qb6,9,Good,r2qk1nr/pp1bppbp/3p2p1/2pP4/2PnP3/2N1BN2/PP3PPP/R2QKB1R b KQkq - 1 9,20,29
ro846C6K,20,Qd7,Queen,Qd7,-4,Good,r2qk1nr/pp2ppbp/3p2p1/2pP4/Q1PnP1b1/2N1BN2/PP3PPP/R3KB1R b KQkq - 3 10,6,2
ro846C6K,22,Bxd7,Bishop,Kxd7,35,Inaccuracy,r3k1nr/pp1Qppbp/3p2p1/2pP4/2PnP1b1/2N1BN2/PP3PPP/R3KB1R b KQkq - 0 11,-30,5
ro846C6K,24,Nxf3,Knight,Nxf3,-10,Good,r3k1nr/pp1bppbp/3p2p1/2pP4/2PnP3/2N1BN2/PP3PPP/2KR1B1R b kq - 1 12,20,10
ro846C6K,26,Nf6,Knight,f5,25,Good,r3k1nr/pp1bppbp/3p2p1/2pP4/2P1P3/2N1BP2/PP3P1P/2KR1B1R b kq - 0 13,3,28
ro846C6K,28,Nh5,Knight,Nh5,-6,Good,r3k2r/pp1bppbp/3p1np1/2pP4/2P1P2P/2N1BP2/PP3P2/2KR1B1R b kq - 0 14,-28,-34
ro846C6K,30,f5,Pawn,Bxc3,166,Mistake,r3k2r/pp1bppbp/3p2p1/2pP3n/2P1PP1P/2N1B3/PP3P2/2KR1B1R b kq - 0 15,-126,40
ro846C6K,32,dxe5,Pawn,dxe5,-2,Good,r3k2r/pp1bp1bp/3p2p1/2pPPp1n/2P2P1P/2N1B3/PP3P2/2KR1B1R b kq - 0 16,47,45
ro846C6K,34,Bxe5,Bishop,Bxe5,-6,Good,r3k2r/pp1bp1bp/6p1/2pPPp1n/2P4P/2N1B3/PP3P2/2KR1B1R b kq - 0 17,48,42
ro846C6K,36,b6,Pawn,Kf7,9,Good,r3k2r/pp1bp2p/6p1/2BPbp1n/2P4P/2N5/PP3P2/2KR1B1R b kq - 0 18,43,52
ro846C6K,38,Bxd4,Bishop,Bxd4,8,Good,r3k2r/p2bp2p/1p4p1/3Pbp1n/2PB3P/2N5/PP3P2/2KR1B1R b kq - 1 19,38,46
ro846C6K,40,Kf7,King,Kf7,2,Good,r3k2r/p2bp2p/1p4p1/3P1p1n/2PR3P/2N5/PP3P2/2K2B1R b kq - 0 20,38,40
ro846C6K,42,Rac8,Rook,e6,17,Good,r6r/p2bpk1p/1p4p1/3P1p1n/2PR3P/2NB4/PP3P2/2K4R b - - 2 21,24,41
ro846C6K,44,Rhe8,Rook,e6,14,Good,2r4r/p2bpk1p/1p4p1/3P1p1n/2PR3P/2NB4/PP3P2/2K1R3 b - - 4 22,18,32
ro846C6K,46,Red8,Rook,e6,23,Good,2r1r3/p2bpk1p/1p4p1/3P1p1n/2PR1P1P/2NB4/PP6/2K1R3 b - - 0 23,15,38
ro846C6K,48,Nf6,Knight,e6,4,Good,2rr4/p2bpk1p/1p4p1/3P1p1n/2PR1P1P/1PNB4/P7/2K1R3 b - - 0 24,26,30
ro846C6K,50,e6,Pawn,e6,0,Good,2rr4/p2bpk1p/1p3np1/3P1p2/2PR1P1P/1PNB4/PK6/4R3 b - - 2 25,35,35
ro846C6K,52,Bxe6,Bishop,Bxe6,-9,Good,2rr4/p2b1k1p/1p2Pnp1/5p2/2PR1P1P/1PNB4/PK6/4R3 b - - 0 26,20,11
ro846C6K,54,Rxd4,Rook,Rxd4,-13,Good,2rr4/p4k1p/1p2bnp1/1N3p2/2PR1P1P/1P1B4/PK6/4R3 b - - 1 27,27,14
ro846C6K,56,Bd7,Bishop,Re8,4,Good,2r5/p4k1p/1p2bnp1/5p2/2PN1P1P/1P1B4/PK6/4R3 b - - 0 28,18,22
ro846C6K,58,Kf8,King,Kg7,24,Good,2r5/p2b1k1p/1p3np1/5p2/2P2P1P/1P1B1N2/PK6/4R3 b - - 2 29,0,24
ro846C6K,60,Be8,Bishop,Rd8,20,Good,2r2k2/p2b3p/1p3np1/4Np2/2P2P1P/1P1B4/PK6/4R3 b - - 4 30,6,26
ro846C6K,62,Nd5+,Knight,Nd5+,-4,Good,2r1bk2/p6p/1p3np1/4Np2/2P2P1P/1PKB4/P7/4R3 b - - 6 31,-229,-233
ro846C6K,64,Nxf4,Knight,Nxf4,15,Good,2r1bk2/p6p/1p4p1/3nNp2/2P2P1P/1P1B4/PK6/4R3 b - - 8 32,-241,-226
ro846C6K,66,a5,Pawn,Ng2,80,Inaccuracy,2r1bk2/p6p/1p4p1/4Np2/2P2n1P/1P6/PKB5/4R3 b - - 1 33,-279,-199
ro846C6K,68,Ne6,Knight,Ng2,98,Mistake,2r1bk2/7p/1p4p1/p3Np2/2P2n1P/1P6/PKB5/5R2 b - - 1 34,-264,-166
ro846C6K,70,Kg7,King,Ke7,28,Good,2r1bk2/7p/1p2n1p1/p3Np1P/2P5/1P6/PKB5/5R2 b - - 0 35,-235,-207
ro846C6K,72,hxg6,Pawn,hxg6,6,Good,2r1b3/6kp/1p2n1P1/p3Np2/2P5/1P6/PKB5/5R2 b - - 0 36,-208,-202
ro846C6K,74,Kf6,King,Kf6,-12,Good,2r1b3/6k1/1p2n1p1/p3Np2/2P5/1P6/PKB5/6R1 b - - 1 37,-324,-336
ro846C6K,76,g5,Pawn,Rd8,-15,Good,2r1b3/8/1p2nkp1/p4p2/2P5/1P3N2/PKB5/6R1 b - - 3 38,-329,-344
ro846C6K,78,Bg6,Bishop,Bg6,17,Good,2r1b3/8/1p2nk2/p4pp1/2P5/1P3N2/PKB5/5R2 b - - 1 39,-353,-336
ro846C6K,80,Rd8,Rook,g4,-14,Good,2r5/8/1p2nkb1/p4pp1/2P5/1P3N2/PKB5/3R4 b - - 3 40,-359,-373
ro846C6K,82,Rxd5,Rook,Rxd5,38,Inaccuracy,3r4/8/1p2nkb1/p2R1pp1/2P5/1P3N2/PKB5/8 b - - 5 41,-423,-385
ro846C6K,84,Nc5,Knight,g4,93,Mistake,8/8/1p2nkb1/p2P1pp1/8/1P3N2/PKB5/8 b - - 0 42,-429,-336
ro846C6K,86,Be8,Bishop,Be8,-24,Good,8/8/1p1P1kb1/p1n2pp1/8/1P3N2/PKB5/8 b - - 0 43,-399,-423
ro846C6K,88,Bd7,Bishop,Bd7,-2,Good,4b3/8/1p1P1k2/p1n2pp1/3N4/1P6/PKB5/8 b - - 2 44,-438,-440
ro846C6K,90,Nb7,Knight,g4,74,Inaccuracy,8/3b4/1p1P1k2/p1n2pp1/3N4/1PK5/P1B5/8 b - - 4 45,-457,-383
ro846C6K,92,Nxd6+,Knight,Ke5,20,Good,8/1n1b4/1p1P1k2/p4pp1/2KN4/1P6/P1B5/8 b - - 6 46,-424,-404
ro846C6K,94,Nf7,Knight,Nf7,10,Good,8/3b4/1p1n1k2/p2K1pp1/3N4/1P6/P1B5/8 b - - 1 47,-405,-395
ro846C6K,96,g4,Pawn,g4,4,Good,8/3b1n2/1p3k2/p2K1pp1/3N4/PP6/2B5/8 b - - 0 48,-391,-387
ro846C6K,98,axb4,Pawn,axb4,-3,Good,8/3b1n2/1p3k2/p2K1p2/1P1N2p1/P7/2B5/8 b - - 0 49,-404,-407
ro846C6K,100,f4,Pawn,g3,33,Inaccuracy,8/3b1n2/1p3k2/3K1p2/1P1N2p1/8/2B5/8 b - - 0 50,-417,-384
ro846C6K,102,Kg5,King,Bc8,39,Inaccuracy,8/3b1n2/1p3k2/3K4/1P1NBpp1/8/8/8 b - - 1 51,-431,-392
ro846C6K,104,Kh4,King,Kh4,3,Good,8/3b1n2/1p6/3K2k1/1P1N1pp1/8/6B1/8 b - - 3 52,-424,-421
ro846C6K,106,f3,Pawn,Kg3,66,Inaccuracy,8/3b1n2/1p6/8/1P1NKppk/8/6B1/8 b - - 5 53,-461,-395
ro846C6K,108,Ng5+,Knight,Ng5+,-5,Good,8/3b1n2/1p6/8/1P1NK1pk/5B2/8/8 b - - 0 54,-457,-462
ro846C6K,110,gxf3,Pawn,gxf3,18,Good,8/3b4/1p6/6n1/1P1N1Kpk/5B2/8/8 b - - 2 55,-499,-481
ro846C6K,112,f2,Pawn,f2,25,Good,8/3b4/1p6/6n1/1P3K1k/5p2/2N5/8 b - - 1 56,-643,-618
ro846C6K,114,Bh3,Bishop,Nh3+,110,Mistake,8/3b4/1p6/6n1/1P3K1k/4N3/5p2/8 b - - 1 57,-674,-564
0y9UDo69,2,c5,Pawn,e5,-1,Good,rnbqkbnr/pppppppp/8/8/4P3/8/PPPP1PPP/RNBQKBNR b KQkq - 0 1,38,37
0y9UDo69,4,d6,Pawn,d6,7,Good,rnbqkbnr/pp1ppppp/8/2p5/4P3/5N2/PPPP1PPP/RNBQKB1R b KQkq - 1 2,33,40
0y9UDo69,6,Nd7,Knight,Bd7,9,Good,rnbqkbnr/pp2pppp/3p4/1Bp5/4P3/5N2/PPPP1PPP/RNBQK2R b KQkq - 1 3,15,24
0y9UDo69,8,Nf6,Knight,Nf6,5,Good,r1bqkbnr/pp1npppp/3p4/1Bp5/P3P3/5N2/1PPP1PPP/RNBQK2R b KQkq - 0 4,16,21
0y9UDo69,10,g6,Pawn,a6,12,Good,r1bqkb1r/pp1npppp/3p1n2/1Bp5/P3P3/2N2N2/1PPP1PPP/R1BQK2R b KQkq - 2 5,6,18
0y9UDo69,12,Bg7,Bishop,Bg7,-3,Good,r1bqkb1r/pp1npp1p/3p1np1/PBp5/4P3/2N2N2/1PPP1PPP/R1BQK2R b KQkq - 0 6,4,1
0y9UDo69,14,O-O,King,a6,8,Good,r1bqk2r/pp1nppbp/3p1np1/PBp5/4P3/2N2N2/1PPP1PPP/R1BQ1RK1 b kq - 2 7,11,19
0y9UDo69,16,a6,Pawn,a6,-1,Good,r1bq1rk1/pp1nppbp/3p1np1/PBp5/4P3/2N2N2/1PPP1PPP/R1BQR1K1 b - - 4 8,19,18
0y9UDo69,18,b5,Pawn,b5,-4,Good,r1bq1rk1/1p1nppbp/p2p1np1/P1p5/4P3/2N2N2/1PPP1PPP/R1BQRBK1 b - - 1 9,23,19
0y9UDo69,20,Qxb6,Queen,Qxb6,6,Good,r1bq1rk1/3nppbp/pP1p1np1/2p5/4P3/2N2N2/1PPP1PPP/R1BQRBK1 b - - 0 10,15,21
0y9UDo69,22,a5,Pawn,Bb7,-3,Good,r1b2rk1/3nppbp/pq1p1np1/2p5/4P3/2NP1N2/1PP2PPP/R1BQRBK1 b - - 0 11,27,24
0y9UDo69,24,Ba6,Bishop,Bb7,6,Good,r1b2rk1/3nppbp/1q1p1np1/p1p5/4P3/2NP1N1P/1PP2PP1/R1BQRBK1 b - - 0 12,16,22
0y9UDo69,26,Bb7,Bishop,Bb7,-2,Good,r4rk1/3nppbp/bq1p1np1/p1p5/4P3/2NP1N1P/RPP2PP1/2BQRBK1 b - - 2 13,24,22
0y9UDo69,28,Nb8,Knight,Nb8,5,Good,r4rk1/1b1nppbp/1q1p1np1/p1p5/4P3/1PNP1N1P/R1P2PP1/2BQRBK1 b - - 0 14,15,20
0y9UDo69,30,Nc6,Knight,Qc7,1,Good,rn3rk1/1b2ppbp/1q1p1np1/p1p5/4P3/1PNP3P/R1PN1PP1/2BQRBK1 b - - 2 15,18,19
0y9UDo69,32,Qd8,Queen,Qd8,4,Good,r4rk1/1b2ppbp/1qnp1np1/p1p5/2N1P3/1PNP3P/R1P2PP1/2BQRBK1 b - - 4 16,22,26
0y9UDo69,34,Nd7,Knight,Nd7,3,Good,r2q1rk1/1b2ppbp/2np1np1/p1p5/2N1P3/1PNP3P/R1PB1PP1/3QRBK1 b - - 6 17,8,11
0y9UDo69,36,Nb4,Knight,Nb4,4,Good,r2q1rk1/1b1nppbp/2np2p1/p1pN4/2N1P3/1P1P3P/R1PB1PP1/3QRBK1 b - - 8 18,-51,-47
0y9UDo69,38,axb4,Pawn,axb4,-10,Good,r2q1rk1/1b1nppbp/3p2p1/p1p5/1NN1P3/1P1P3P/R1PB1PP1/3QRBK1 b - - 0 19,-59,-69
0y9UDo69,40,Qxa8,Queen,Qxa8,-6,Good,R2q1rk1/1b1nppbp/3p2p1/2p5/1pN1P3/1P1P3P/2PB1PP1/3QRBK1 b - - 0 20,-62,-68
0y9UDo69,42,Re8,Rook,Re8,18,Good,q4rk1/1b1nppbp/3p2p1/2p3B1/1pN1P3/1P1P3P/2P2PP1/3QRBK1 b - - 1 21,-81,-63
0y9UDo69,44,Ne5,Knight,Ne5,1,Good,q3r1k1/1b1nppbp/3p2p1/2p3B1/1pN1P1Q1/1P1P3P/2P2PP1/4RBK1 b - - 3 22,-97,-96
0y9UDo69,46,Bxe5,Bishop,Bxe5,12,Good,q3r1k1/1b2ppbp/3p2p1/2p1N1B1/1p2P1Q1/1P1P3P/2P2PP1/4RBK1 b - - 0 23,-96,-84
0y9UDo69,48,Qd8,Queen,Qa2,111,Mistake,q3r1k1/1b2pp1p/3p2p1/2p1b1B1/1p2P2Q/1P1P3P/2P2PP1/4RBK1 b - - 1 24,-111,0
0y9UDo69,50,Bc3,Bishop,Bd4,-2,Good,3qr1k1/1b2pp1p/3p2p1/2p1b1B1/1p2P2Q/1P1P3P/2P1BPP1/4R1K1 b - - 3 25,-37,-39
0y9UDo69,52,d5,Pawn,Bc6,26,Good,3qr1k1/1b2pp1p/3p2p1/2p3B1/1p2P2Q/1PbP3P/2P1BPP1/5RK1 b - - 5 26,-45,-19
0y9UDo69,54,dxe4,Pawn,h5,22,Good,3qr1k1/1b2pp1p/6p1/2pp2B1/1p2P2Q/1PbP1B1P/2P2PP1/5RK1 b - - 1 27,-22,0
0y9UDo69,56,Bxe4,Bishop,Qa8,5,Good,3qr1k1/1b2pp1p/6p1/2p3B1/1p2B2Q/1PbP3P/2P2PP1/5RK1 b - - 0 28,-18,-13
0y9UDo69,58,Qd4,Queen,Qd7,44,Inaccuracy,3qr1k1/4pp1p/6p1/2p3B1/1p2Q3/1PbP3P/2P2PP1/5RK1 b - - 0 29,-11,33
0y9UDo69,60,Qd8,Queen,Qd8,11,Good,4r1k1/4pp1p/2Q3p1/2p3B1/1p1q4/1PbP3P/2P2PP1/5RK1 b - - 2 30,32,43
0y9UDo69,62,f6,Pawn,Qd6,4,Good,3qr1k1/4pp1p/6p1/2Q3B1/1p6/1PbP3P/2P2PP1/5RK1 b - - 0 31,27,31
0y9UDo69,64,Qc8,Queen,Qd4,40,Inaccuracy,3qr1k1/4p2p/5ppB/2Q5/1p6/1PbP3P/2P2PP1/5RK1 b - - 1 32,31,71
0y9UDo69,66,e6,Pawn,e6,-3,Good,2q1r1k1/4p2p/5ppB/3Q4/1p6/1PbP3P/2P2PP1/5RK1 b - - 3 33,64,61
0y9UDo69,68,Re7,Rook,Rd8,34,Inaccuracy,2q1r1k1/7p/4pppB/1Q6/1p6/1PbP3P/2P2PP1/5RK1 b - - 1 34,39,73
0y9UDo69,70,Rb7,Rook,Rb7,-4,Good,2q3k1/4r2p/4pppB/1Q6/1p6/1PbP3P/2P2PP1/3R2K1 b - - 3 35,80,76
0y9UDo69,72,Rc7,Rook,Rc7,-5,Good,2q3k1/1r5p/Q3pppB/8/1p6/1PbP3P/2P2PP1/3R2K1 b - - 5 36,75,70
0y9UDo69,74,Rc6,Rook,Rc6,-2,Good,2q3k1/2r4p/1Q2pppB/8/1p6/1PbP3P/2P2PP1/3R2K1 b - - 7 37,46,44
0y9UDo69,76,Rc7,Rook,Rc7,7,Good,2q3k1/Q6p/2r1pppB/8/1p6/1PbP3P/2P2PP1/3R2K1 b - - 9 38,39,46
0y9UDo69,78,e5,Pawn,e5,-2,Good,2q3k1/2r4p/4pppB/8/1p6/1PbPQ2P/2P2PP1/3R2K1 b - - 11 39,31,29
0y9UDo69,80,Qe6,Queen,Kf7,148,Mistake,2q3k1/2r4p/5ppB/4p3/1p6/1PbP1Q1P/2P2PP1/3R2K1 b - - 1 40,28,176
0y9UDo69,82,Qc6,Queen,Qc6,0,Good,6k1/2r4p/4qpp1/4p3/1p6/1PbPBQ1P/2P2PP1/3R2K1 b - - 3 41,37,37
0y9UDo69,84,Kg7,King,Kg7,10,Good,6k1/2r4p/2q2pp1/4p3/1p4Q1/1PbPB2P/2P2PP1/3R2K1 b - - 5 42,20,30
0y9UDo69,86,h5,Pawn,f5,13,Good,8/2r3kp/2q2pp1/4p3/1p4QP/1PbPB3/2P2PP1/3R2K1 b - - 0 43,0,13
0y9UDo69,88,Bb2,Bishop,Kf7,29,Good,8/2r3k1/2q2pp1/4p2p/1p2Q2P/1PbPB3/2P2PP1/3R2K1 b - - 1 44,4,33
0y9UDo69,90,Qxc2,Queen,Qxc2,-9,Good,8/2r3k1/2q2pp1/4p2p/1Q5P/1P1PB3/1bP2PP1/3R2K1 b - - 0 45,47,38
0y9UDo69,92,Qc1+,Queen,Qc1+,-14,Good,8/2r3k1/5pp1/4p2p/1Q5P/1P1PB3/1bqR1PP1/6K1 b - - 1 46,-185,-199
0y9UDo69,94,Bc3,Bishop,Bc3,-6,Good,8/2r3k1/5pp1/4p2p/1Q5P/1P1PB3/1b1R1PPK/2q5 b - - 3 47,-164,-170
0y9UDo69,96,Bxd2,Bishop,Bxd2,-39,Good,8/2r3k1/3Q1pp1/4p2p/7P/1PbPB3/3R1PPK/2q5 b - - 5 48,-280,-319
0y9UDo69,98,Qc6,Queen,Qc6,-13,Good,8/2r3k1/3Q1pp1/4p2p/7P/1P1P4/3B1PPK/2q5 b - - 0 49,-320,-333
0y9UDo69,100,Rd7,Rook,Qd7,52,Inaccuracy,3Q4/2r3k1/2q2pp1/4p2p/7P/1P1P4/3B1PPK/8 b - - 2 50,-357,-305
0y9UDo69,102,Kxh6,King,Kh7,384,Blunder,3Q4/3r2k1/2q2ppB/4p2p/7P/1P1P4/5PPK/8 b - - 4 51,-384,0
0y9UDo69,104,Rh7,Rook,Rh7,0,Good,7Q/3r4/2q2ppk/4p2p/7P/1P1P4/5PPK/8 b - - 1 52,0,0
0y9UDo69,106,Rg7,Rook,Rg7,0,Good,5Q2/7r/2q2ppk/4p2p/7P/1P1P4/5PPK/8 b - - 3 53,0,0
0y9UDo69,108,Rh7,Rook,Rh7,0,Good,7Q/6r1/2q2ppk/4p2p/7P/1P1P4/5PPK/8 b - - 5 54,0,0
0y9UDo69,110,Rg7,Rook,Rg7,0,Good,5Q2/7r/2q2ppk/4p2p/7P/1P1P4/5PPK/8 b - - 7 55,0,0
0y9UDo69,112,Rh7,Rook,Rh7,0,Good,7Q/6r1/2q2ppk/4p2p/7P/1P1P4/5PPK/8 b - - 9 56,0,0
pHY6HQZl,2,d5,Pawn,Nf6,7,Good,rnbqkbnr/pppppppp/8/8/3P4/8/PPP1PPPP/RNBQKBNR b KQkq - 0 1,20,27
pHY6HQZl,4,e6,Pawn,e6,-1,Good,rnbqkbnr/ppp1pppp/8/3p4/2PP4/8/PP2PPPP/RNBQKBNR b KQkq - 0 2,30,29
pHY6HQZl,6,c6,Pawn,Nf6,12,Good,rnbqkbnr/ppp2ppp/4p3/3p4/2PP4/5N2/PP2PPPP/RNBQKB1R b KQkq - 1 3,22,34
pHY6HQZl,8,Nf6,Knight,Nf6,1,Good,rnbqkbnr/pp3ppp/2p1p3/3p4/2PP4/5N2/PPQ1PPPP/RNB1KB1R b KQkq - 1 4,30,31
pHY6HQZl,10,Be7,Bishop,b6,8,Good,rnbqkb1r/pp3ppp/2p1pn2/3p4/2PP4/5NP1/PPQ1PP1P/RNB1KB1R b KQkq - 0 5,33,41
pHY6HQZl,12,O-O,King,b6,3,Good,rnbqk2r/pp2bppp/2p1pn2/3p4/2PP4/5NP1/PPQ1PPBP/RNB1K2R b KQkq - 2 6,37,40
pHY6HQZl,14,Nbd7,Knight,b6,16,Good,rnbq1rk1/pp2bppp/2p1pn2/3p4/2PP4/5NP1/PPQ1PPBP/RNB2RK1 b - - 4 7,32,48
pHY6HQZl,16,b6,Pawn,c5,8,Good,r1bq1rk1/pp1nbppp/2p1pn2/3p4/2PP4/5NP1/PPQNPPBP/R1B2RK1 b - - 6 8,44,52
pHY6HQZl,18,dxc4,Pawn,h6,14,Good,r1bq1rk1/p2nbppp/1pp1pn2/3p4/2PPP3/5NP1/PPQN1PBP/R1B2RK1 b - - 0 9,54,68
pHY6HQZl,20,Bb7,Bishop,Bb7,2,Good,r1bq1rk1/p2nbppp/1pp1pn2/8/2NPP3/5NP1/PPQ2PBP/R1B2RK1 b - - 0 10,55,57
pHY6HQZl,22,Nd5,Knight,Nd5,-2,Good,r2q1rk1/pb1nbppp/1pp1pn2/4P3/2NP4/5NP1/PPQ2PBP/R1B2RK1 b - - 0 11,32,30
pHY6HQZl,24,h6,Pawn,h6,-12,Good,r2q1rk1/pb1nbppp/1pp1p3/3nP3/2NP3P/5NP1/PPQ2PB1/R1B2RK1 b - - 0 12,47,35
pHY6HQZl,26,c5,Pawn,c5,6,Good,r2q1rk1/pb1nbpp1/1pp1p2p/3nP3/2NP3P/6P1/PPQN1PB1/R1B2RK1 b - - 1 13,-58,-52
pHY6HQZl,28,cxd4,Pawn,cxd4,-14,Good,r2q1rk1/pb1nbpp1/1p2p2p/2pnP3/2NPN2P/6P1/PPQ2PB1/R1B2RK1 b - - 1 14,-110,-124
pHY6HQZl,30,Nb4,Knight,Qc7,100,Mistake,r2q1rk1/pb1nbpp1/1p2p2p/3nP3/2NpN2P/6P1/PPQ2PB1/R1BR2K1 b - - 1 15,-224,-124
pHY6HQZl,32,d3,Pawn,b5,-1,Good,r2q1rk1/pb1nbpp1/1p2p2p/4P3/1nNpN2P/6P1/PP2QPB1/R1BR2K1 b - - 3 16,-97,-98
pHY6HQZl,34,Kh8,King,Kh8,2,Good,r2q1rk1/pb1nbpp1/1p2p2p/4P3/1nN1N1QP/3p2P1/PP3PB1/R1BR2K1 b - - 1 17,-90,-88
pHY6HQZl,36,Nc6,Knight,b5,94,Mistake,r2q1r1k/pb1nbpp1/1p2p2p/4P3/1nN1N1QP/P2p2P1/1P3PB1/R1BR2K1 b - - 0 18,-97,-3
pHY6HQZl,38,Ndxe5,Knight,Ncxe5,83,Inaccuracy,r2q1r1k/pb1nbpp1/1pn1p2p/4P3/2N1N1QP/P2R2P1/1P3PB1/R1B3K1 b - - 0 19,-89,-6
pHY6HQZl,40,Nxe5,Knight,Nxe5,22,Good,r2q1r1k/pb2bpp1/1pn1p2p/4N3/4N1QP/P2R2P1/1P3PB1/R1B3K1 b - - 0 20,-87,-65
pHY6HQZl,42,Nxg4,Knight,Nxg4,-5,Good,r2R1r1k/pb2bpp1/1p2p2p/4n3/4N1QP/P5P1/1P3PB1/R1B3K1 b - - 0 21,-45,-50
pHY6HQZl,44,Bxe4,Bishop,Bxe4,-31,Good,r4r1k/pb1Rbpp1/1p2p2p/8/4N1nP/P5P1/1P3PB1/R1B3K1 b - - 1 22,-44,-75
pHY6HQZl,46,Rae8,Rook,Rae8,6,Good,r4r1k/p2Rbpp1/1p2p2p/8/4B1nP/P5P1/1P3P2/R1B3K1 b - - 0 23,-60,-54
pHY6HQZl,48,Nf6,Knight,Nf6,-8,Good,4rr1k/p2Rbpp1/1p2p2p/8/1P2B1nP/P5P1/5P2/R1B3K1 b - - 0 24,-398,-406
pHY6HQZl,50,e5,Pawn,e5,-7,Good,4rr1k/p3bpp1/1p2pn1p/8/1P1RB2P/P5P1/5P2/R1B3K1 b - - 2 25,-404,-411
pHY6HQZl,52,b5,Pawn,b5,14,Good,4rr1k/p3bpp1/1p3n1p/4p3/1PR1B2P/P5P1/5P2/R1B3K1 b - - 1 26,-416,-402
EQlGHsCz,2,c5,Pawn,c5,5,Good,rnbqkbnr/pppppppp/8/8/4P3/8/PPPP1PPP/RNBQKBNR b KQkq - 0 1,39,44
EQlGHsCz,4,d6,Pawn,Nc6,15,Good,rnbqkbnr/pp1ppppp/8/2p5/4P3/5N2/PPPP1PPP/RNBQKB1R b KQkq - 1 2,29,44
EQlGHsCz,6,cxd4,Pawn,cxd4,1,Good,rnbqkbnr/pp2pppp/3p4/2p5/3PP3/5N2/PPP2PPP/RNBQKB1R b KQkq - 0 3,45,46
EQlGHsCz,8,Nf6,Knight,Nf6,5,Good,rnbqkbnr/pp2pppp/3p4/8/3NP3/8/PPP2PPP/RNBQKB1R b KQkq - 0 4,43,48
EQlGHsCz,10,a6,Pawn,a6,-2,Good,rnbqkb1r/pp2pppp/3p1n2/8/3NP3/2N5/PPP2PPP/R1BQKB1R b KQkq - 2 5,36,34
EQlGHsCz,12,e5,Pawn,e5,-6,Good,rnbqkb1r/1p2pppp/p2p1n2/8/3NP3/2N2P2/PPP3PP/R1BQKB1R b KQkq - 0 6,30,24
EQlGHsCz,14,Be7,Bishop,Be6,1,Good,rnbqkb1r/1p3ppp/p2p1n2/4p3/4P3/1NN2P2/PPP3PP/R1BQKB1R b KQkq - 1 7,32,33
EQlGHsCz,16,Be6,Bishop,Be6,9,Good,rnbqk2r/1p2bppp/p2p1n2/4p3/4P3/1NN1BP2/PPP3PP/R2QKB1R b KQkq - 3 8,33,42
EQlGHsCz,18,h5,Pawn,h5,-10,Good,rn1qk2r/1p2bppp/p2pbn2/4p3/4P3/1NN1BP2/PPPQ2PP/R3KB1R b KQkq - 5 9,40,30
EQlGHsCz,20,Nbd7,Knight,Nbd7,-3,Good,rn1qk2r/1p2bpp1/p2pbn2/4p2p/4P3/1NN1BP2/PPPQ2PP/2KR1B1R b kq - 1 10,14,11
EQlGHsCz,22,Rc8,Rook,Rc8,14,Good,r2qk2r/1p1nbpp1/p2pbn2/4p2p/4P3/1NN1BP2/PPPQ2PP/1K1R1B1R b kq - 3 11,22,36
EQlGHsCz,24,b5,Pawn,b5,11,Good,2rqk2r/1p1nbpp1/p2pbn2/4p2p/4P3/1NN1BP2/PPPQ2PP/1K1R1BR1 b k - 5 12,11,22
EQlGHsCz,26,Bxd5,Bishop,Bxd5,-8,Good,2rqk2r/3nbpp1/p2pbn2/1p1Np2p/4P3/1N2BP2/PPPQ2PP/1K1R1BR1 b k - 1 13,-16,-24
EQlGHsCz,28,Nb6,Knight,Nb6,-15,Good,2rqk2r/3nbpp1/p2p1n2/1p1Pp2p/8/1N2BP2/PPPQ2PP/1K1R1BR1 b k - 0 14,-19,-34
EQlGHsCz,30,Nbxd5,Knight,Nbxd5,-3,Good,2rqk2r/4bpp1/pn1p1n2/Qp1Pp2p/8/1N2BP2/PPP3PP/1K1R1BR1 b k - 2 15,-62,-65
EQlGHsCz,32,Qxa5,Queen,O-O,-12,Good,2rqk2r/4bpp1/p2p1n2/Qp1np2p/8/1N3P2/PPP2BPP/1K1R1BR1 b k - 1 16,-65,-77
EQlGHsCz,34,Nb6,Knight,O-O,568,Blunder,2r1k2r/4bpp1/p2p1n2/Np1np2p/8/5P2/PPP2BPP/1K1R1BR1 b k - 0 17,-81,487
hxESWfCT,2,Nf6,Knight,Nf6,-6,Good,rnbqkbnr/pppppppp/8/8/3P4/8/PPP1PPPP/RNBQKBNR b KQkq - 0 1,27,21
hxESWfCT,4,e6,Pawn,e6,13,Good,rnbqkb1r/pppppppp/5n2/8/2PP4/8/PP2PPPP/RNBQKBNR b KQkq - 0 2,20,33
hxESWfCT,6,b6,Pawn,d5,8,Good,rnbqkb1r/pppp1ppp/4pn2/8/2PP4/5N2/PP2PPPP/RNBQKB1R b KQkq - 1 3,30,38
hxESWfCT,8,Bb4+,Bishop,Be7,7,Good,rnbqkb1r/p1pp1ppp/1p2pn2/8/2PP4/5NP1/PP2PP1P/RNBQKB1R b KQkq - 0 4,41,48
hxESWfCT,10,c5,Pawn,Bxd2+,3,Good,rnbqk2r/p1pp1ppp/1p2pn2/8/1bPP4/5NP1/PP1BPP1P/RN1QKB1R b KQkq - 2 5,41,44
hxESWfCT,12,cxb4,Pawn,cxb4,2,Good,rnbqk2r/p2p1ppp/1p2pn2/2p5/1BPP4/5NP1/PP2PP1P/RN1QKB1R b KQkq - 0 6,37,39
hxESWfCT,14,Bb7,Bishop,Bb7,-3,Good,rnbqk2r/p2p1ppp/1p2pn2/8/1pPP4/5NP1/PP2PPBP/RN1QK2R b KQkq - 1 7,39,36
hxESWfCT,16,O-O,King,a5,-5,Good,rn1qk2r/pb1p1ppp/1p2pn2/8/1pPP4/5NP1/PP2PPBP/RN1Q1RK1 b kq - 3 8,30,25
hxESWfCT,18,bxa3,Pawn,bxa3,-2,Good,rn1q1rk1/pb1p1ppp/1p2pn2/8/1pPP4/P4NP1/1P2PPBP/RN1Q1RK1 b - - 0 9,23,21
hxESWfCT,20,a5,Pawn,a5,2,Good,rn1q1rk1/pb1p1ppp/1p2pn2/8/2PP4/R4NP1/1P2PPBP/1N1Q1RK1 b - - 0 10,19,21
hxESWfCT,22,Na6,Knight,Na6,-3,Good,rn1q1rk1/1b1p1ppp/1p2pn2/p7/2PP4/R1N2NP1/1P2PPBP/3Q1RK1 b - - 1 11,17,14
hxESWfCT,24,d6,Pawn,Nb4,6,Good,r2q1rk1/1b1p1ppp/np2pn2/pN6/2PP4/R4NP1/1P2PPBP/3Q1RK1 b - - 3 12,-6,0
hxESWfCT,26,Nc7,Knight,Qd7,29,Good,r2q1rk1/1b3ppp/np1ppn2/pN6/2PP4/R4NP1/1P1QPPBP/5RK1 b - - 1 13,0,29
hxESWfCT,28,Qe7,Queen,h6,12,Good,r2q1rk1/1bn2ppp/1p1ppn2/p7/2PP4/R1N2NP1/1P1QPPBP/5RK1 b - - 3 14,22,34
hxESWfCT,30,Na6,Knight,Ne4,22,Good,r4rk1/1bn1qppp/1p1ppn2/p7/2PP4/R1N2NP1/1P1QPPBP/4R1K1 b - - 5 15,35,57
hxESWfCT,32,e5,Pawn,Rac8,88,Inaccuracy,r4rk1/1b2qppp/np1ppn2/p7/2PPP3/R1N2NP1/1P1Q1PBP/4R1K1 b - - 0 16,41,129
hxESWfCT,34,Bxd5,Bishop,Nxd5,100,Mistake,r4rk1/1b2qppp/np1p1n2/p2Np3/2PPP3/R4NP1/1P1Q1PBP/4R1K1 b - - 1 17,107,207
hxESWfCT,36,Nd7,Knight,e4,51,Inaccuracy,r4rk1/4qppp/np1p1n2/p2Pp3/2PP4/R4NP1/1P1Q1PBP/4R1K1 b - - 0 18,168,219
hxESWfCT,38,dxe5,Pawn,dxe5,-8,Good,r4rk1/3nqppp/np1p4/p2PP3/2P5/R4NP1/1P1Q1PBP/4R1K1 b - - 0 19,234,226
hxESWfCT,40,Qf6,Queen,Qf6,7,Good,r4rk1/3nqppp/np1P4/p3p3/2P5/R4NP1/1P1Q1PBP/4R1K1 b - - 0 20,194,201
hxESWfCT,42,Rad8,Rook,Rad8,0,Good,r4rk1/3n1ppp/np1P1q2/p3p3/2P5/4RNP1/1P1Q1PBP/4R1K1 b - - 2 21,56,56
hxESWfCT,44,Nb4,Knight,Nb4,-5,Good,3r1rk1/3n1ppp/np1P1q2/p2Qp3/2P5/4RNP1/1P3PBP/4R1K1 b - - 4 22,-19,-24
hxESWfCT,46,Nc6,Knight,e4,68,Inaccuracy,3r1rk1/3n1ppp/1p1P1q2/p3p3/1nP5/4RNP1/1P1Q1PBP/4R1K1 b - - 6 23,-20,48
hxESWfCT,48,Nc5,Knight,Nc5,31,Inaccuracy,3r1rk1/3n1ppp/1pnP1q2/p3p3/2P5/4RNPB/1P1Q1P1P/4R1K1 b - - 8 24,-78,-47
hxESWfCT,50,Rxd6,Rook,Rxd6,0,Good,3r1rk1/5ppp/1pnP1q2/p1n1N3/2P5/4R1PB/1P1Q1P1P/4R1K1 b - - 0 25,-61,-61
hxESWfCT,52,Nxe5,Knight,Nxe5,20,Good,5rk1/5ppp/1pnr1q2/p1n1N3/2P5/4R1PB/1P2QP1P/4R1K1 b - - 1 26,-127,-107
hxESWfCT,54,Nd3,Knight,Nd3,-5,Good,5rk1/5ppp/1p1r1q2/p1n1R3/2P5/6PB/1P2QP1P/4R1K1 b - - 0 27,-87,-92
hxESWfCT,56,Qxb2,Queen,Qd8,66,Inaccuracy,5rk1/5ppp/1p1r1q2/p4R2/2P5/3n2PB/1P2QP1P/4R1K1 b - - 2 28,-91,-25
hxESWfCT,58,Nxb2,Knight,Nxb2,-1,Good,5rk1/5ppp/1p1r4/p4R2/2P5/3n2PB/1Q3P1P/4R1K1 b - - 0 29,-26,-27
hxESWfCT,60,bxc5,Pawn,bxc5,0,Good,5rk1/5ppp/1p1r4/p1P2R2/8/6PB/1n3P1P/4R1K1 b - - 0 30,-23,-23
hxESWfCT,62,a4,Pawn,Nd3,22,Good,5rk1/5ppp/3r4/p1R5/8/6PB/1n3P1P/4R1K1 b - - 0 31,-32,-10
hxESWfCT,64,g6,Pawn,h5,-1,Good,5rk1/5ppp/3r4/R7/p7/6PB/1n3P1P/4R1K1 b - - 1 32,-11,-12
hxESWfCT,66,Rd2,Rook,Rd2,5,Good,5rk1/5p1p/3r2p1/R7/p7/6PB/1n3P1P/1R4K1 b - - 1 33,-47,-42
hxESWfCT,68,Rfd8,Rook,Rc8,36,Inaccuracy,5rk1/5p1p/6p1/R7/p7/6P1/1n1r1P1P/1R3BK1 b - - 3 34,-62,-26
hxESWfCT,70,Nd1,Knight,Nd1,-1,Good,3r2k1/5p1p/6p1/1R6/p7/6P1/1n1r1P1P/1R3BK1 b - - 5 35,-88,-89
hxESWfCT,72,Kg7,King,Re8,100,Mistake,3r2k1/5p1p/6p1/1R6/p7/6P1/3r1P1P/R2n1BK1 b - - 7 36,-130,-30
hxESWfCT,74,Nxf2,Knight,h5,-4,Good,3r4/5pkp/6p1/8/pR6/6P1/3r1P1P/R2n1BK1 b - - 9 37,-27,-31
hxESWfCT,76,h5,Pawn,f5,5,Good,3r4/5pkp/6p1/8/R7/6P1/3r1n1P/R4BK1 b - - 0 38,-32,-27
hxESWfCT,78,Ng4,Knight,Ne4,5,Good,3r4/5pk1/6p1/7p/8/6P1/R2r1n1P/R4BK1 b - - 1 39,-34,-29
hxESWfCT,80,Ne3,Knight,Ne5,10,Good,3r4/5pk1/6p1/7p/6n1/6PP/R2r4/R4BK1 b - - 0 40,-35,-25
hxESWfCT,82,Rxd2,Rook,Rxd2,1,Good,3r4/5pk1/6p1/7p/8/4n1PP/3R4/R4BK1 b - - 0 41,-34,-33
hxESWfCT,84,Nf5,Knight,Nf5,1,Good,8/5pk1/6p1/7p/8/4n1PP/3r4/4RBK1 b - - 1 42,-158,-157
hxESWfCT,86,hxg4,Pawn,Nd4,19,Good,8/5pk1/6p1/5n1p/6P1/7P/3r4/4RBK1 b - - 0 43,-165,-146
hxESWfCT,88,Nh6,Knight,Nd4,-44,Good,8/5pk1/6p1/5n2/6P1/8/3r4/4RBK1 b - - 0 44,-133,-177
hxESWfCT,90,Nf5,Knight,Nf5,27,Good,8/5pk1/6pn/6P1/8/8/3r4/4RBK1 b - - 0 45,-266,-239
hxESWfCT,92,Nh4,Knight,Nh4,-4,Good,8/5pk1/6p1/5nP1/8/7B/3r4/4R1K1 b - - 2 46,-337,-341
hxESWfCT,94,Rd5,Rook,Rd3,16,Good,8/5pk1/6p1/6P1/7n/7B/3r4/5RK1 b - - 4 47,-345,-329
hxESWfCT,96,Rxg5,Rook,Rxg5,-12,Good,8/5pk1/6p1/3r2P1/7n/7B/7K/5R2 b - - 6 48,-333,-345
hxESWfCT,98,Nf5,Knight,Nf5,10,Good,8/5pk1/6p1/6r1/5R1n/7B/7K/8 b - - 1 49,-350,-340
hxESWfCT,100,Rxf5,Rook,Rxf5,-3,Good,8/5pk1/6p1/5Br1/5R2/8/7K/8 b - - 0 50,-469,-472
hxESWfCT,102,gxf5,Pawn,gxf5,-19,Good,8/5pk1/6p1/5R2/8/8/7K/8 b - - 0 51,-833,-852
hxESWfCT,104,Kg6,King,Kg6,-1,Good,8/5pk1/8/5p2/8/6K1/8/8 b - - 1 52,-886,-887
hxESWfCT,106,Kg5,King,Kg5,-13,Good,8/5p2/6k1/5p2/8/5K2/8/8 b - - 3 53,-947,-960
hxESWfCT,108,f4+,Pawn,f4+,-71,Good,8/5p2/8/5pk1/8/6K1/8/8 b - - 5 54,-998,-1069
hxESWfCT,110,Kf5,King,Kf5,-1,Good,8/5p2/8/6k1/5p2/5K2/8/8 b - - 1 55,-1071,-1072
hxESWfCT,112,Kg4,King,Ke4,145,Mistake,8/5p2/8/5k2/5p2/8/5K2/8 b - - 3 56,-1160,-1015
hxESWfCT,114,f3+,Pawn,Kg5,-8789,Good,8/5p2/8/8/5pk1/8/6K1/8 b - - 5 57,-1191,-9980
hxESWfCT,116,Kf4,King,Kf4,-1,Good,8/5p2/8/8/6k1/5p2/5K2/8 b - - 1 58,-9981,-9982
hxESWfCT,118,Kg3,King,Ke3,8885,Blunder,8/5p2/8/8/5k2/5p2/8/5K2 b - - 3 59,-9985,-1100
hxESWfCT,120,f2+,Pawn,Kf4,8763,Blunder,8/5p2/8/8/8/5pk1/8/6K1 b - - 5 60,-9981,-1218
hxESWfCT,122,f6,Pawn,f6,87,Inaccuracy,8/5p2/8/8/8/6k1/5p2/5K2 b - - 1 61,-1148,-1061
hxESWfCT,124,Kg2,King,Kg2,-1,Good,8/8/5p2/8/8/6k1/4Kp2/8 b - - 1 62,-9980,-9981
hxESWfCT,126,f1=Q,Pawn,f1=Q,-1,Good,8/8/5p2/8/8/4K3/5pk1/8 b - - 3 63,-9981,-9982
hxESWfCT,128,Qf3+,Queen,Qf3+,-1,Good,8/8/5p2/8/4K3/8/6k1/5q2 b - - 1 64,-9982,-9983
UMN93Flx,2,d6,Pawn,e5,18,Good,rnbqkbnr/pppppppp/8/8/4P3/8/PPPP1PPP/RNBQKBNR b KQkq - 0 1,31,49
UMN93Flx,4,Nf6,Knight,e5,-8,Good,rnbqkbnr/ppp1pppp/3p4/8/3PP3/8/PPP2PPP/RNBQKBNR b KQkq - 0 2,58,50
UMN93Flx,6,e5,Pawn,e5,1,Good,rnbqkb1r/ppp1pppp/3p1n2/8/3PP3/2N5/PPP2PPP/R1BQKBNR b KQkq - 2 3,57,58
UMN93Flx,8,Nbd7,Knight,exd4,-2,Good,rnbqkb1r/ppp2ppp/3p1n2/4p3/3PP3/2N2N2/PPP2PPP/R1BQKB1R b KQkq - 1 4,60,58
UMN93Flx,10,g6,Pawn,d5,27,Good,r1bqkb1r/pppn1ppp/3p1n2/4p3/3PP3/2N2N2/PPP2PPP/R1BQKBR1 b Qkq - 3 5,44,71
UMN93Flx,12,c6,Pawn,Bg7,21,Good,r1bqkb1r/pppn1p1p/3p1np1/4p3/3PP3/2N1BN2/PPP2PPP/R2QKBR1 b Qkq - 1 6,52,73
UMN93Flx,14,Bg7,Bishop,Qa5,63,Inaccuracy,r1bqkb1r/pp1n1p1p/2pp1np1/4p3/P2PP3/2N1BN2/1PP2PPP/R2QKBR1 b Qkq - 0 7,0,63
UMN93Flx,16,dxe5,Pawn,Nxe5,-2,Good,r1bqk2r/pp1n1pbp/2pp1np1/4P3/P3P3/2N1BN2/1PP2PPP/R2QKBR1 b Qkq - 0 8,61,59
UMN93Flx,18,Qe7,Queen,Bf8,162,Mistake,r1bqk2r/pp1n1pbp/2pQ1np1/4p3/P3P3/2N1BN2/1PP2PPP/R3KBR1 b Qkq - 1 9,-64,98
UMN93Flx,20,Kxe7,King,Kxe7,3,Good,r1b1k2r/pp1nQpbp/2p2np1/4p3/P3P3/2N1BN2/1PP2PPP/R3KBR1 b Qkq - 0 10,90,93
UMN93Flx,22,b6,Pawn,Ng4,23,Good,r1b4r/pp1nkpbp/2p2np1/4p3/P1B1P3/2N1BN2/1PP2PPP/R3K1R1 b Q - 1 11,67,90
UMN93Flx,24,Bb7,Bishop,Ng4,83,Inaccuracy,r1b4r/p2nkpbp/1pp2np1/4p3/P1B1P3/2N1BN2/1PP2PPP/2KR2R1 b - - 1 12,59,142
UMN93Flx,26,Rhd8,Rook,h6,28,Good,r6r/pb1nkpbp/1pp2np1/4p3/P1B1P3/2N1BN1P/1PP2PP1/2KR2R1 b - - 0 13,144,172
UMN93Flx,28,Rf8,Rook,Rf8,-21,Good,r2r4/pb1nkpbp/1pp2np1/4p1N1/P1B1P3/2N1B2P/1PP2PP1/2KR2R1 b - - 2 14,152,131
UMN93Flx,30,h6,Pawn,h6,21,Good,r4r2/pb1nkpbp/1pp2np1/4p1N1/P1B1P3/2N1B2P/1PPR1PP1/2K3R1 b - - 4 15,99,120
UMN93Flx,32,Rfd8,Rook,Rfd8,3,Good,r4r2/pb1nkpb1/1pp2npp/4p3/P1B1P3/2N1BN1P/1PPR1PP1/2K3R1 b - - 1 16,100,103
UMN93Flx,34,Ke8,King,a6,54,Inaccuracy,r2r4/pb1nkpb1/1pp2npp/4p3/P1B1P3/2N1BN1P/1PPR1PP1/2KR4 b - - 3 17,109,163
UMN93Flx,36,g5,Pawn,g5,-34,Good,r2rk3/pb1n1pb1/1pp2npp/4p3/P1B1P1P1/2N1BN1P/1PPR1P2/2KR4 b - - 0 18,165,131
UMN93Flx,38,Nxg4,Knight,Nxg4,-18,Good,r2rk3/pb1n1pb1/1pp2n1p/4p1p1/P1B1P1PP/2N1BN2/1PPR1P2/2KR4 b - - 0 19,155,137
UMN93Flx,40,Ke7,King,Ke7,4,Good,r2rk3/pb1n1Bb1/1pp4p/4p1p1/P3P1nP/2N1BN2/1PPR1P2/2KR4 b - - 0 20,21,25
UMN93Flx,42,Nxe3,Knight,Nxe3,-6,Good,r2r4/pb1nkBb1/1pp4p/4p1P1/P3P1n1/2N1BN2/1PPR1P2/2KR4 b - - 0 21,27,21
UMN93Flx,44,Nc5,Knight,hxg5,73,Inaccuracy,r2r4/pb1nkBb1/1pp4p/4p1P1/P3P3/2N1PN2/1PPR4/2KR4 b - - 0 22,31,104
UMN93Flx,46,Rxd8,Rook,Rxd8,18,Good,r2R4/pb2kBb1/1pp4p/2n1p1P1/P3P3/2N1PN2/1PP5/2KR4 b - - 0 23,45,63
UMN93Flx,48,Kxd8,King,Kxd8,28,Good,3R4/pb2kBb1/1pp4p/2n1p1P1/P3P3/2N1PN2/1PP5/2K5 b - - 0 24,17,45
UMN93Flx,50,hxg5,Pawn,hxg5,2,Good,3k4/pb4b1/1pp4p/2n1p1PB/P3P3/2N1PN2/1PP5/2K5 b - - 1 25,5,7
UMN93Flx,52,Ke7,King,Ke7,0,Good,3k4/pb4b1/1pp5/2n1p1NB/P3P3/2N1P3/1PP5/2K5 b - - 0 26,0,0
UMN93Flx,54,Bh6,Bishop,Bc8,8,Good,8/pb2k1b1/1pp5/2n1p1NB/P3P3/2N1P3/1PPK4/8 b - - 2 27,-5,3
UMN93Flx,56,Bg7,Bishop,Kf6,11,Good,8/pb2k3/1pp4b/2n1p2B/P3P3/2N1PN2/1PPK4/8 b - - 4 28,0,11
UMN93Flx,58,a5,Pawn,b5,3,Good,8/pb2k1b1/1pp5/2n1p3/P3P1B1/2N1PN2/1PPK4/8 b - - 6 29,-4,-1
UMN93Flx,60,Bf6,Bishop,Kd6,0,Good,8/1b2k1b1/1pp5/p1n1p3/P3P1B1/1PN1PN2/2PK4/8 b - - 0 30,1,1
UMN93Flx,62,Kd6,King,Kd6,6,Good,8/1b2k3/1pp2b2/p1n1pB2/P3P3/1PN1PN2/2PK4/8 b - - 2 31,0,6
UMN93Flx,64,Ba6,Bishop,Ba6,-4,Good,8/1b6/1ppk1b2/p1n1pB2/P3P3/1PN1P3/2PK4/4N3 b - - 4 32,4,0
UMN93Flx,66,Bb7,Bishop,b5,7,Good,8/8/bppk1b2/p1n1pB2/P3P3/1PN1PN2/2PK4/8 b - - 6 33,0,7
UMN93Flx,68,b5,Pawn,b5,-1,Good,8/1b6/1ppk1b2/p1n1pB2/P3P3/1P2PN2/2PK4/1N6 b - - 8 34,-6,-7
UMN93Flx,70,cxb5,Pawn,cxb5,-2,Good,8/1b6/2pk1b2/pPn1pB2/4P3/1P2PN2/2PK4/1N6 b - - 0 35,-8,-10
UMN93Flx,72,b4,Pawn,Bc6,4,Good,8/1b6/3k1b2/ppn1pB2/4P3/1PN1PN2/2PK4/8 b - - 1 36,-7,-3
UMN93Flx,74,Bxd5,Bishop,Bxd5,0,Good,8/1b6/3k1b2/p1nNpB2/1p2P3/1P2PN2/2PK4/8 b - - 1 37,0,0
UMN93Flx,76,e4,Pawn,Kxd5,1,Good,8/8/3k1b2/p1nPpB2/1p6/1P2PN2/2PK4/8 b - - 0 38,-1,0
UMN93Flx,78,Kxd5,King,Kxd5,3,Good,8/8/3k1b2/p1nP1B2/1p1Np3/1P2P3/2PK4/8 b - - 1 39,-7,-4
UMN93Flx,80,a4,Pawn,a4,-2,Good,8/8/5b2/p1nk1B2/1p2p3/1P2P3/2PKN3/8 b - - 1 40,-6,-8
UMN93Flx,82,Nxa4,Knight,Nxa4,1,Good,8/8/5b2/2nk1B2/Pp2p3/4P3/2PKN3/8 b - - 0 41,-5,-4
UMN93Flx,84,Nc3,Knight,Nc3,0,Good,8/8/5b2/3k1B2/np2p3/4P1N1/2PK4/8 b - - 1 42,-8,-8
UMN93Flx,86,Be5,Bishop,Ke5,5,Good,8/8/5bB1/3k4/1p2p3/2n1P1N1/2PK4/8 b - - 3 43,-8,-3
UMN93Flx,88,Nxe2,Knight,Nb5,2,Good,8/8/6B1/3kb3/1p2p3/2n1P3/2PKN3/8 b - - 5 44,-2,0
UMN93Flx,90,Bc3,Bishop,Bd6,0,Good,8/8/6B1/3kb3/1p2p3/4P3/2P1K3/8 b - - 0 45,0,0
UMN93Flx,92,Ke5,King,Ba1,0,Good,8/8/8/3k1B2/1p2p3/2b1P3/2P1K3/8 b - - 2 46,0,0
UMN93Flx,94,Bb2,Bishop,Kd5,0,Good,8/8/6B1/4k3/1p2p3/2b1P3/2P1K3/8 b - - 4 47,0,0
UMN93Flx,96,Bc3,Bishop,Bc1,0,Good,8/7B/8/4k3/1p2p3/4P3/1bP1K3/8 b - - 6 48,0,0
UMN93Flx,98,Bb2,Bishop,Kd5,0,Good,8/8/6B1/4k3/1p2p3/2b1P3/2P1K3/8 b - - 8 49,0,0
UMN93Flx,100,Bc3,Bishop,Bc1,0,Good,8/7B/8/4k3/1p2p3/4P3/1bP1K3/8 b - - 10 50,0,0
lBktPops,2,Nf6,Knight,d5,6,Good,rnbqkbnr/pppppppp/8/8/3P4/8/PPP1PPPP/RNBQKBNR b KQkq - 0 1,14,20
lBktPops,4,g6,Pawn,e6,2,Good,rnbqkb1r/pppppppp/5n2/8/2PP4/8/PP2PPPP/RNBQKBNR b KQkq - 0 2,23,25
lBktPops,6,Bg7,Bishop,d5,26,Good,rnbqkb1r/pppppp1p/5np1/8/2PP4/2N5/PP2PPPP/R1BQKBNR b KQkq - 1 3,29,55
lBktPops,8,d6,Pawn,d6,-3,Good,rnbqk2r/ppppppbp/5np1/8/2PPP3/2N5/PP3PPP/R1BQKBNR b KQkq - 0 4,52,49
lBktPops,10,O-O,King,O-O,4,Good,rnbqk2r/ppp1ppbp/3p1np1/8/2PPP3/2N2N2/PP3PPP/R1BQKB1R b KQkq - 1 5,57,61
lBktPops,12,e5,Pawn,e5,-1,Good,rnbq1rk1/ppp1ppbp/3p1np1/8/2PPP3/2N2N2/PP2BPPP/R1BQK2R b KQ - 3 6,47,46
lBktPops,14,Nc6,Knight,exd4,10,Good,rnbq1rk1/ppp2pbp/3p1np1/4p3/2PPP3/2N2N2/PP2BPPP/R1BQ1RK1 b - - 1 7,51,61
lBktPops,16,Ne7,Knight,Ne7,12,Good,r1bq1rk1/ppp2pbp/2np1np1/3Pp3/2P1P3/2N2N2/PP2BPPP/R1BQ1RK1 b - - 0 8,55,67
lBktPops,18,a5,Pawn,a5,-3,Good,r1bq1rk1/ppp1npbp/3p1np1/3Pp3/1PP1P3/2N2N2/P3BPPP/R1BQ1RK1 b - - 0 9,64,61
lBktPops,20,Rxa5,Rook,Rxa5,-1,Good,r1bq1rk1/1pp1npbp/3p1np1/P2Pp3/2P1P3/2N2N2/P3BPPP/R1BQ1RK1 b - - 0 10,63,62
lBktPops,22,Ra8,Rook,Ne8,5,Good,2bq1rk1/1pp1npbp/3p1np1/r2Pp3/P1P1P3/2N2N2/4BPPP/R1BQ1RK1 b - - 0 11,57,62
lBktPops,24,b6,Pawn,b6,-11,Good,r1bq1rk1/1pp1npbp/3p1np1/3Pp3/P1P1P3/B1N2N2/4BPPP/R2Q1RK1 b - - 2 12,56,45
lBktPops,26,Ne8,Knight,Ne8,10,Good,r1bq1rk1/2p1npbp/1p1p1np1/3Pp3/PBP1P3/2N2N2/4BPPP/R2Q1RK1 b - - 1 13,40,50
lBktPops,28,c5,Pawn,f5,27,Good,r1bqnrk1/2p1npbp/1p1p2p1/3Pp3/PBP1P3/2N2N2/4BPPP/R2QR1K1 b - - 3 14,32,59
lBktPops,30,Nxc6,Knight,Nxc6,-4,Good,r1bqnrk1/4npbp/1pPp2p1/4p3/PBP1P3/2N2N2/4BPPP/R2QR1K1 b - - 0 15,67,63
lBktPops,32,f5,Pawn,Nd4,302,Blunder,r1bqnrk1/5pbp/1pnp2p1/4p3/P1P1P3/B1N2N2/4BPPP/R2QR1K1 b - - 1 16,53,355
lBktPops,34,Rf7,Rook,Rf7,10,Good,r1bqnrk1/6bp/1pnp2p1/3Qpp2/P1P1P3/B1N2N2/4BPPP/R3R1K1 b - - 1 17,372,382
lBktPops,36,Bb7,Bishop,Bb7,7,Good,r1bqn1k1/5rbp/1pQp2p1/4pp2/P1P1P3/B1N2N2/4BPPP/R3R1K1 b - - 0 18,301,308
lBktPops,38,fxe4,Pawn,fxe4,0,Good,r2qn1k1/1b3rbp/1p1p2p1/1Q2pp2/P1P1P3/B1N2N2/4BPPP/R3R1K1 b - - 2 19,323,323
lBktPops,40,Ra5,Rook,e3,65,Inaccuracy,r2qn1k1/1b3rbp/1p1p2p1/1Q2p3/P1P1p3/B1N5/3NBPPP/R3R1K1 b - - 1 20,296,361
lBktPops,42,e3,Pawn,e3,-4,Good,3qn1k1/1b3rbp/1p1p2p1/r3p3/P1P1p3/B1N5/1Q1NBPPP/R3R1K1 b - - 3 21,275,271
lBktPops,44,Bxg2,Bishop,e4,48,Inaccuracy,3qn1k1/1b3rbp/1p1p2p1/r3p3/P1P5/B1N1P3/1Q1NB1PP/R3R1K1 b - - 0 22,279,327
lBktPops,46,e4,Pawn,e4,-14,Good,3qn1k1/5rbp/1p1p2p1/r3p3/P1P5/B1N1P3/1Q1NB1KP/R3R3 b - - 0 23,359,345
lBktPops,48,Qh4,Queen,Qh4,32,Inaccuracy,3qn1k1/5rbp/1p1p2p1/r7/P1P1p3/B1N1P3/1Q1NB2P/R3R2K b - - 1 24,237,269
lBktPops,50,Rf2,Rook,Rf2,20,Good,4n1k1/5rbp/1p1p2p1/r7/P1P1p2q/B1N1P3/1Q1NB2P/R5RK b - - 3 25,98,118
lBktPops,52,Rg5,Rook,Raf5,115,Mistake,4n1k1/6bp/1p1p2p1/r7/P1P1p2q/B1N1P3/1Q2Br1P/R4NRK b - - 5 26,65,180
lBktPops,54,Qxg5,Queen,Qxg5,-31,Good,4n1k1/6bp/1p1p2p1/6R1/P1P1p2q/B1N1P3/1Q2Br1P/R4N1K b - - 0 27,-192,-223
lBktPops,56,Qh4,Queen,Qh4,-31,Good,4n1k1/6bp/1p1p2p1/6q1/P1P1p3/B1N1P1N1/1Q2Br1P/R6K b - - 1 28,-353,-384
lBktPops,58,Qh3,Queen,Be5,-9586,Good,4n1k1/6bp/1p1p2p1/8/P1P1p2q/B1N1P3/1Q2Br1P/R4N1K b - - 3 29,-412,-9998
lBktPops,60,Qxf3+,Queen,Rxf1+,-1,Good,4n1k1/6bp/1p1p2p1/8/P1P1p3/B1N1PB1q/1Q3r1P/R4N1K b - - 5 30,-9998,-9999
1kAbdI3H,2,Nf6,Knight,Nf6,1,Good,rnbqkbnr/pppppppp/8/8/3P4/8/PPP1PPPP/RNBQKBNR b KQkq - 0 1,17,18
1kAbdI3H,4,g6,Pawn,e6,14,Good,rnbqkb1r/pppppppp/5n2/8/2PP4/8/PP2PPPP/RNBQKBNR b KQkq - 0 2,18,32
1kAbdI3H,6,Bg7,Bishop,d5,20,Good,rnbqkb1r/pppppp1p/5np1/8/2PP4/2N5/PP2PPPP/R1BQKBNR b KQkq - 1 3,29,49
1kAbdI3H,8,d6,Pawn,d6,9,Good,rnbqk2r/ppppppbp/5np1/8/2PPP3/2N5/PP3PPP/R1BQKBNR b KQkq - 0 4,46,55
1kAbdI3H,10,O-O,King,O-O,6,Good,rnbqk2r/ppp1ppbp/3p1np1/8/2PPP3/2N5/PP2BPPP/R1BQK1NR b KQkq - 1 5,46,52
1kAbdI3H,12,a5,Pawn,c5,11,Good,rnbq1rk1/ppp1ppbp/3p1np1/8/2PPP3/2N1B3/PP2BPPP/R2QK1NR b KQ - 3 6,46,57
1kAbdI3H,14,Qe8,Queen,Na6,35,Inaccuracy,rnbq1rk1/1pp1ppbp/3p1np1/p7/2PPP3/2N1BN2/PP2BPPP/R2QK2R b KQ - 1 7,69,104
1kAbdI3H,16,Na6,Knight,Na6,-9,Good,rnb1qrk1/1pp1ppbp/3p1np1/p7/2PPP3/2N1BN2/PP2BPPP/R2Q1RK1 b - - 3 8,94,85
1kAbdI3H,18,dxe5,Pawn,Nd7,21,Good,r1b1qrk1/1pp1ppbp/n2p1np1/p3P3/2PP4/2N1BN2/PP2BPPP/R2Q1RK1 b - - 0 9,109,130
1kAbdI3H,20,Ng4,Knight,Nd7,22,Good,r1b1qrk1/1pp1ppbp/n4np1/p3P3/2P5/2N1BN2/PP2BPPP/R2Q1RK1 b - - 0 10,119,141
1kAbdI3H,22,Nc5,Knight,f6,59,Inaccuracy,r1b1qrk1/1pp1ppbp/n5p1/p3P3/2P2Bn1/2N2N2/PP2BPPP/R2Q1RK1 b - - 2 11,130,189
1kAbdI3H,24,Ne6,Knight,Ne6,19,Good,r1b1qrk1/1pp1ppbp/6p1/p1n1P3/2P2Bn1/2N2N1P/PP2BPP1/R2Q1RK1 b - - 0 12,198,217
1kAbdI3H,26,Nh6,Knight,Nh6,0,Good,r1b1qrk1/1pp1ppbp/4n1p1/p3P3/2P3n1/2N2NBP/PP2BPP1/R2Q1RK1 b - - 2 13,104,104
1kAbdI3H,28,c6,Pawn,Qd8,75,Inaccuracy,r1b1qrk1/1pp1ppbp/4n1pn/p2NP3/2P5/5NBP/PP2BPP1/R2Q1RK1 b - - 4 14,54,129
1kAbdI3H,30,Rb8,Rook,Ra7,43,Inaccuracy,r1b1qrk1/1p2ppbp/1Np1n1pn/p3P3/2P5/5NBP/PP2BPP1/R2Q1RK1 b - - 1 15,154,197
1kAbdI3H,32,Nc5,Knight,c5,56,Inaccuracy,1rb1qrk1/1p2ppbp/1Np1n1pn/p3P3/2P5/5N1P/PP2BPPB/R2Q1RK1 b - - 3 16,188,244
1kAbdI3H,34,Nd7,Knight,Ne6,24,Good,1rb1qrk1/1p2ppbp/1Np3pn/p1n1P3/2PQ4/5N1P/PP2BPPB/R4RK1 b - - 5 17,215,239
1kAbdI3H,36,Rxc8,Rook,Qxc8,7,Good,1rN1qrk1/1p1nppbp/2p3pn/p3P3/2PQ4/5N1P/PP2BPPB/R4RK1 b - - 0 18,233,240
1kAbdI3H,38,Rd8,Rook,Nb8,59,Inaccuracy,2r1qrk1/1p1nppbp/2p3pn/p3P3/2PQ4/5N1P/PP2BPPB/3R1RK1 b - - 1 19,222,281
1kAbdI3H,40,Nc5,Knight,Nc5,6,Good,3rqrk1/1p1nppbp/2p3pn/p3P3/2P1Q3/5N1P/PP2BPPB/3R1RK1 b - - 3 20,135,141
1kAbdI3H,42,Ne6,Knight,b6,35,Inaccuracy,3rqrk1/1p2ppbp/2p3pn/p1n1P3/2P5/4QN1P/PP2BPPB/3R1RK1 b - - 5 21,139,174
1kAbdI3H,44,c5,Pawn,Rxd1,16,Good,3rqrk1/1p2ppbp/2p1n1pn/p3P3/2P3P1/4QN1P/PP2BP1B/3R1RK1 b - - 0 22,185,201
1kAbdI3H,46,Qc6,Queen,Qa4,30,Inaccuracy,3rqrk1/1p2ppbp/4n1pn/p1p1P3/2P1Q1P1/5N1P/PP2BP1B/3R1RK1 b - - 1 23,110,140
1kAbdI3H,48,bxc6,Pawn,bxc6,23,Good,3r1rk1/1p2ppbp/2Q1n1pn/p1p1P3/2P3P1/5N1P/PP2BP1B/3R1RK1 b - - 0 24,122,145
1kAbdI3H,50,Rxd8,Rook,Rxd8,-1,Good,3R1rk1/4ppbp/2p1n1pn/p1p1P3/2P3P1/5N1P/PP2BP1B/5RK1 b - - 0 25,152,151
1kAbdI3H,52,Rxd1+,Rook,Rb8,56,Inaccuracy,3r2k1/4ppbp/2p1n1pn/p1p1P3/2P3P1/5N1P/PP2BP1B/3R2K1 b - - 1 26,141,197
1kAbdI3H,54,f6,Pawn,f5,11,Good,6k1/4ppbp/2p1n1pn/p1p1P3/2P3P1/5N1P/PP3P1B/3B2K1 b - - 0 27,204,215
1kAbdI3H,56,fxe5,Pawn,Nf7,69,Inaccuracy,6k1/4p1bp/2p1nppn/p1p1P3/B1P3P1/5N1P/PP3P1B/6K1 b - - 1 28,143,212
1kAbdI3H,58,Nf7,Knight,Nd4,54,Inaccuracy,6k1/4p1bp/2p1n1pn/p1p1N3/B1P3P1/7P/PP3P1B/6K1 b - - 0 29,196,250
1kAbdI3H,60,Bxb2,Bishop,Bxb2,1,Good,6k1/4pnbp/2N1n1p1/p1p5/B1P3P1/7P/PP3P1B/6K1 b - - 0 30,238,239
1kAbdI3H,62,Nfg5,Knight,Kf8,37,Inaccuracy,6k1/4pn1p/4n1p1/N1p5/B1P3P1/7P/Pb3P1B/6K1 b - - 0 31,242,279
1kAbdI3H,64,Ne4,Knight,Kf7,60,Inaccuracy,6k1/4p2p/4n1p1/N1p3n1/B1P3P1/7P/Pb3PKB/8 b - - 2 32,274,334
1kAbdI3H,66,Nd2,Knight,Nc3,104,Mistake,6k1/4p2p/2B1n1p1/N1p5/2P1n1P1/7P/Pb3PKB/8 b - - 4 33,374,478
1kAbdI3H,68,Kf7,King,Kf7,-2,Good,6k1/4p2p/4n1p1/N1pB4/2P3P1/7P/Pb1n1PKB/8 b - - 6 34,517,515
1kAbdI3H,70,Nb1,Knight,Nb1,15,Good,8/4pk1p/4n1p1/N1pB2P1/2P5/7P/Pb1n1PKB/8 b - - 0 35,551,566
1kAbdI3H,72,Nc3,Knight,Bc1,20,Good,8/4pk1p/2N1n1p1/2pB2P1/2P5/7P/Pb3PKB/1n6 b - - 2 36,572,592
1kAbdI3H,74,Ke8,King,Kg8,-5,Good,3N4/4pk1p/4n1p1/2pB2P1/2P5/2n4P/Pb3PKB/8 b - - 4 37,570,565
1kAbdI3H,76,Nxd5,Knight,Nxd5,0,Good,4k3/4p2p/4N1p1/2pB2P1/2P5/2n4P/Pb3PKB/8 b - - 0 38,580,580
1kAbdI3H,78,c4,Pawn,c4,-1,Good,4k3/4p2p/4N1p1/2pP2P1/8/7P/Pb3PKB/8 b - - 0 39,576,575
1kAbdI3H,80,c3,Pawn,e6,14,Good,4k3/4p2p/6p1/2NP2P1/2p5/7P/Pb3PKB/8 b - - 1 40,507,521
1kAbdI3H,82,Ba1,Bishop,Ba3,80,Inaccuracy,4k3/4p2p/6p1/2NPB1P1/8/2p4P/Pb3PK1/8 b - - 1 41,548,628
1kAbdI3H,84,Bb2,Bishop,Bb2,-6,Good,4k3/4p2p/6p1/3PB1P1/8/1Np4P/P4PK1/b7 b - - 3 42,647,641
1kAbdI3H,86,Kd7,King,Kd7,28,Good,4k3/4p2p/6p1/3PB1P1/P7/1Np4P/1b3PK1/8 b - - 0 43,648,676
1kAbdI3H,88,Kc8,King,Ba3,8,Good,8/3kp2p/6p1/P2PB1P1/8/1Np4P/1b3PK1/8 b - - 0 44,722,730
XdsUM2qw,2,Nf6,Knight,d5,-5,Good,rnbqkbnr/pppppppp/8/8/3P4/8/PPP1PPPP/RNBQKBNR b KQkq - 0 1,29,24
XdsUM2qw,4,c5,Pawn,e6,56,Inaccuracy,rnbqkb1r/pppppppp/5n2/8/2PP4/8/PP2PPPP/RNBQKBNR b KQkq - 0 2,30,86
XdsUM2qw,6,g6,Pawn,b5,43,Inaccuracy,rnbqkb1r/pp1ppppp/5n2/2pP4/2P5/8/PP2PPPP/RNBQKBNR b KQkq - 0 3,56,99
XdsUM2qw,8,Bg7,Bishop,Bg7,5,Good,rnbqkb1r/pp1ppp1p/5np1/2pP4/2P5/2N5/PP2PPPP/R1BQKBNR b KQkq - 1 4,68,73
XdsUM2qw,10,O-O,King,O-O,-3,Good,rnbqk2r/pp1pppbp/5np1/2pP4/2P1P3/2N5/PP3PPP/R1BQKBNR b KQkq - 0 5,73,70
XdsUM2qw,12,e6,Pawn,d6,1,Good,rnbq1rk1/pp1pppbp/5np1/2pP4/2P1P3/2N2N2/PP3PPP/R1BQKB1R b KQ - 2 6,67,68
XdsUM2qw,14,d6,Pawn,exd5,-2,Good,rnbq1rk1/pp1p1pbp/4pnp1/2pP4/2P1P3/2N2N2/PP2BPPP/R1BQK2R b KQ - 1 7,78,76
XdsUM2qw,16,Re8,Rook,Re8,-18,Good,rnbq1rk1/pp3pbp/3ppnp1/2pP4/2P1P3/2N2N1P/PP2BPP1/R1BQK2R b KQ - 0 8,86,68
XdsUM2qw,18,Na6,Knight,exd5,38,Inaccuracy,rnbqr1k1/pp3pbp/3ppnp1/2pP4/2P1P3/2N2N1P/PP2BPP1/R1BQ1RK1 b - - 2 9,80,118
XdsUM2qw,20,e5,Pawn,exd5,75,Inaccuracy,r1bqr1k1/pp3pbp/n2ppnp1/2pP4/2P1PB2/2N2N1P/PP2BPP1/R2Q1RK1 b - - 4 10,63,138
XdsUM2qw,22,Nh5,Knight,Nc7,11,Good,r1bqr1k1/pp3pbp/n2p1np1/2pPp3/2P1P3/2N1BN1P/PP2BPP1/R2Q1RK1 b - - 1 11,141,152
XdsUM2qw,24,Nf4,Knight,Nf4,5,Good,r1bqr1k1/pp3pbp/n2p2p1/2pPp2n/2P1P3/2N1BN1P/PP2BPP1/R2QR1K1 b - - 3 12,127,132
XdsUM2qw,26,f5,Pawn,Nh5,71,Inaccuracy,r1bqr1k1/pp3pbp/n2p2p1/2pPp3/2P1Pn2/2N1BN1P/PP3PP1/R2QRBK1 b - - 5 13,131,202
XdsUM2qw,28,exf4,Pawn,exf4,-18,Good,r1bqr1k1/pp4bp/n2p2p1/2pPpp2/2P1PB2/2N2N1P/PP3PP1/R2QRBK1 b - - 0 14,146,128
XdsUM2qw,30,Bxc3,Bishop,Bxc3,34,Inaccuracy,r1bqr1k1/pp4bp/n2p2p1/2pP1p2/2P1Pp2/2N2N1P/PP1Q1PP1/R3RBK1 b - - 1 15,-67,-33
XdsUM2qw,32,fxe4,Pawn,fxe4,8,Good,r1bqr1k1/pp5p/n2p2p1/2pP1p2/2P1Pp2/2Q2N1P/PP3PP1/R3RBK1 b - - 0 16,-41,-33
XdsUM2qw,34,Bf5,Bishop,Bf5,21,Good,r1bqr1k1/pp5p/n2p2p1/2pP4/2P1pp2/2Q4P/PP1N1PP1/R3RBK1 b - - 1 17,-33,-12
XdsUM2qw,36,fxg3,Pawn,fxg3,8,Good,r2qr1k1/pp5p/n2p2p1/2pP1b2/2P1ppP1/2Q4P/PP1N1P2/R3RBK1 b - g3 0 18,-18,-10
XdsUM2qw,38,Qg5,Queen,Nb4,5,Good,r2qr1k1/pp5p/n2p2p1/2pP1b2/2P1p3/2Q3PP/PP1N4/R3RBK1 b - - 0 19,-20,-15
XdsUM2qw,40,Re5,Rook,Nb4,-16,Good,r3r1k1/pp5p/n2p2p1/2pP1bq1/2P1p3/2Q1R1PP/PP1N4/R4BK1 b - - 2 20,-20,-36
XdsUM2qw,42,Rae8,Rook,Rae8,-1,Good,r5k1/pp5p/n2p2p1/2pPrbq1/2P1p3/2Q1R1PP/PP1N4/4RBK1 b - - 4 21,-59,-60
XdsUM2qw,44,Nb8,Knight,Nb8,0,Good,4r1k1/pp5p/n2p2p1/2pPrbq1/2P1p3/P1Q1R1PP/1P1N4/4RBK1 b - - 0 22,-49,-49
XdsUM2qw,46,Nd7,Knight,h5,184,Mistake,1n2r1k1/pp5p/3p2p1/2pPrbq1/2P1p3/P1Q1R1PP/1P1N2B1/4R1K1 b - - 2 23,-65,119
XdsUM2qw,48,Nf6,Knight,Qh6,212,Blunder,4r1k1/pp1n3p/3p2p1/2pPrbq1/2P1p1P1/P1Q1R2P/1P1N2B1/4R1K1 b - - 0 24,127,339
XdsUM2qw,50,gxf5,Pawn,Qxf5,116,Mistake,4r1k1/pp5p/3p1np1/2pPrPq1/2P1p3/P1Q1R2P/1P1N2B1/4R1K1 b - - 0 25,275,391
XdsUM2qw,52,Ng4,Knight,h6,14,Good,4r1k1/pp5p/3p1n2/2pPrpq1/2P1p3/P1Q3RP/1P1N2B1/4R1K1 b - - 1 26,379,393
XdsUM2qw,54,e3,Pawn,f4,44,Inaccuracy,4r1k1/pp5p/3p4/2pPrpq1/2P1p1P1/P1Q3R1/1P1N2B1/4R1K1 b - - 0 27,453,497
XdsUM2qw,56,Qf4,Queen,Qf4,-13,Good,4r1k1/pp5p/3p4/2pPrpq1/2P3P1/P1Q1pNR1/1P4B1/4R1K1 b - - 1 28,472,459
XdsUM2qw,58,Qxg3,Queen,Qxg3,4,Good,4r1k1/pp5p/3p4/2pPNp2/2P2qP1/P1Q1p1R1/1P4B1/4R1K1 b - - 0 29,458,462
XdsUM2qw,60,Qf4,Queen,Qf4,8,Good,4r1k1/pp5p/3p4/2pPNp2/2P3P1/P1Q1R1q1/1P4B1/6K1 b - - 0 30,466,474
3bSyygRr,2,d6,Pawn,e5,9,Good,rnbqkbnr/pppppppp/8/8/4P3/8/PPPP1PPP/RNBQKBNR b KQkq - 0 1,42,51
3bSyygRr,4,Nf6,Knight,Nf6,8,Good,rnbqkbnr/ppp1pppp/3p4/8/3PP3/8/PPP2PPP/RNBQKBNR b KQkq - 0 2,59,67
3bSyygRr,6,e5,Pawn,e5,-4,Good,rnbqkb1r/ppp1pppp/3p1n2/8/3PP3/2N5/PPP2PPP/R1BQKBNR b KQkq - 2 3,55,51
3bSyygRr,8,dxe5,Pawn,dxe5,8,Good,rnbqkb1r/ppp2ppp/3p1n2/4P3/4P3/2N5/PPP2PPP/R1BQKBNR b KQkq - 0 4,38,46
3bSyygRr,10,Kxd8,King,Kxd8,-2,Good,rnbQkb1r/ppp2ppp/5n2/4p3/4P3/2N5/PPP2PPP/R1B1KBNR b KQkq - 0 5,39,37
3bSyygRr,12,Be6,Bishop,Ke8,19,Good,rnbk1b1r/ppp2ppp/5n2/4p3/2B1P3/2N5/PPP2PPP/R1B1K1NR b KQ - 1 6,35,54
3bSyygRr,14,fxe6,Pawn,fxe6,12,Good,rn1k1b1r/ppp2ppp/4Bn2/4p3/4P3/2N5/PPP2PPP/R1B1K1NR b KQ - 0 7,55,67
3bSyygRr,16,Bd6,Bishop,Bb4,15,Good,rn1k1b1r/ppp3pp/4pn2/4p3/4P3/2N2P2/PPP3PP/R1B1K1NR b KQ - 0 8,56,71
3bSyygRr,18,Ke7,King,Ke7,-2,Good,rn1k3r/ppp3pp/3bpn2/4p3/4P3/2N2P1N/PPP3PP/R1B1K2R b KQ - 2 9,59,57
3bSyygRr,20,Nbd7,Knight,a6,24,Good,rn5r/ppp1k1pp/3bpn2/4p3/4P3/2N2P2/PPP2NPP/R1B1K2R b KQ - 4 10,55,79
3bSyygRr,22,a6,Pawn,Rag8,0,Good,r6r/pppnk1pp/3bpn2/4p3/4P3/2N2P2/PPP1KNPP/R1B4R b - - 6 11,84,84
3bSyygRr,24,b5,Pawn,Rag8,83,Inaccuracy,r6r/1ppnk1pp/p2bpn2/4p3/4P3/2N1BP2/PPP1KNPP/R6R b - - 1 12,71,154
3bSyygRr,26,c6,Pawn,c6,-5,Good,r6r/2pnk1pp/p2bpn2/1p2p3/P3P3/2N1BP2/1PP1KNPP/R6R b - - 0 13,157,152
3bSyygRr,28,Bc5,Bishop,Bc5,-5,Good,r6r/3nk1pp/p1pbpn2/1p2p3/P3P3/4BP2/1PP1KNPP/RN5R b - - 1 14,117,112
3bSyygRr,30,Bxe3,Bishop,Bxe3,15,Good,r6r/3nk1pp/p1p1pn2/1pb1p3/P3P3/4BP2/1PPNKNPP/R6R b - - 3 15,94,109
3bSyygRr,32,Nc5,Knight,Ne8,11,Good,r6r/3nk1pp/p1p1pn2/1p2p3/P3P3/4KP2/1PPN1NPP/R6R b - - 0 16,112,123
3bSyygRr,34,axb5,Pawn,axb5,-11,Good,r6r/4k1pp/p1p1pn2/1Pn1p3/4P3/4KP2/1PPN1NPP/R6R b - - 0 17,122,111
3bSyygRr,36,Na4,Knight,Na4,1,Good,r6r/4k1pp/2p1pn2/1pn1p3/1P2P3/4KP2/2PN1NPP/R6R b - - 0 18,113,114
3bSyygRr,38,Nd7,Knight,Nd7,6,Good,r6r/4k1pp/2p1pn2/1p2p3/nP2P3/3NKP2/2PN2PP/R6R b - - 2 19,112,118
3bSyygRr,40,Nab6,Knight,Nab6,-17,Good,r6r/3nk1pp/2p1p3/1p2p3/nPP1P3/3NKP2/3N2PP/R6R b - - 0 20,110,93
3bSyygRr,42,cxb5,Pawn,cxb5,27,Good,r6r/3nk1pp/1np1p3/1P2p3/1P2P3/3NKP2/3N2PP/R6R b - - 0 21,52,79
3bSyygRr,44,Nc4+,Knight,Nc4+,16,Good,r6r/3nk1pp/1n2p3/Rp2p3/1P2P3/3NKP2/3N2PP/7R b - - 1 22,62,78
3bSyygRr,46,bxc4,Pawn,bxc4,-1,Good,r6r/3nk1pp/4p3/Rp2p3/1PN1P3/3NKP2/6PP/7R b - - 0 23,59,58
3bSyygRr,48,Nxe5,Knight,Nxe5,4,Good,r6r/3nk1pp/4p3/R3N3/1Pp1P3/4KP2/6PP/7R b - - 0 24,56,60
3bSyygRr,50,Rab8,Rook,Ra2,39,Inaccuracy,r6r/4k1pp/4p3/4R3/1Pp1P3/4KP2/6PP/7R b - - 0 25,63,102
3bSyygRr,52,Rhd8,Rook,Rhd8,-1,Good,1r5r/4k1pp/4p3/1P2R3/2p1P3/4KP2/6PP/7R b - - 0 26,116,115
3bSyygRr,54,Rdc8,Rook,Rd3+,132,Mistake,1r1r4/4k1pp/4p3/1P2R3/2p1P3/4KP2/6PP/2R5 b - - 2 27,41,173
3bSyygRr,56,Rb6,Rook,Rb6,-10,Good,1rr5/4k1pp/4p3/1P2R3/2p1P3/2R1KP2/6PP/8 b - - 4 28,118,108
3bSyygRr,58,Kf6,King,Kf6,-9,Good,2r5/4k1pp/1r2p3/1P2R3/2p1P2P/2R1KP2/6P1/8 b - - 0 29,95,86
3bSyygRr,60,h6,Pawn,h6,-10,Good,2r5/6pp/1r2pk2/1P2R3/2p1PK1P/2R2P2/6P1/8 b - - 2 30,67,57
3bSyygRr,62,Rcb8,Rook,g6,209,Blunder,2r5/6p1/1r2pk1p/1P2R3/2p1PKPP/2R2P2/8/8 b - - 0 31,68,277
3bSyygRr,64,hxg5+,Pawn,hxg5+,31,Inaccuracy,1r6/6p1/1r2pk1p/1P2R1P1/2p1PK1P/2R2P2/8/8 b - - 0 32,288,319
3bSyygRr,66,Kf7,King,Kg6,103,Mistake,1r6/6p1/1r2pk2/1P2R1P1/2p1PK2/2R2P2/8/8 b - - 0 33,328,431
3bSyygRr,68,Rxb5,Rook,Kg6,24,Good,1r6/5kp1/1r2p3/1P2R1P1/2R1PK2/5P2/8/8 b - - 0 34,400,424
3bSyygRr,70,Kg8,King,Kg6,83,Inaccuracy,1r6/2R2kp1/4p3/1r2R1P1/4PK2/5P2/8/8 b - - 1 35,393,476
3bSyygRr,72,Rf8+,Rook,Kh7,28,Good,1r4k1/2R3p1/4R3/1r4P1/4PK2/5P2/8/8 b - - 0 36,389,417
3bSyygRr,74,Rb1,Rook,Kh8,117,Mistake,5rk1/2R3p1/4R3/1r4P1/4P1K1/5P2/8/8 b - - 2 37,421,538
3bSyygRr,76,Rxf3,Rook,Kh7,111,Mistake,5rk1/2R3p1/4R3/6PK/4P3/5P2/8/1r6 b - - 4 38,386,497
3bSyygRr,78,Rb8,Rook,Rf8,30,Inaccuracy,6k1/2R3p1/4R1K1/6P1/4P3/5r2/8/1r6 b - - 1 39,497,527
3bSyygRr,80,Kf8,King,Kh8,64,Inaccuracy,1r4k1/6R1/4R1K1/6P1/4P3/5r2/8/8 b - - 0 40,603,667
3bSyygRr,82,Kg8,King,Kg8,45,Inaccuracy,1r3k2/7R/4R1K1/6P1/4P3/5r2/8/8 b - - 2 41,612,657
3bSyygRr,84,Kh8,King,Ra8,125,Mistake,1r4k1/4R3/4R1K1/6P1/4P3/5r2/8/8 b - - 4 42,634,759
3bSyygRr,86,Rf8,Rook,Rf8,-55,Good,1r2R2k/8/4R1K1/6P1/4P3/5r2/8/8 b - - 6 43,1029,974
3bSyygRr,88,Rxb8,Rook,Rxb8,155,Mistake,1R3r1k/8/4R1K1/6P1/4P3/8/8/8 b - - 0 44,1077,1232
3bSyygRr,90,Rb7+,Rook,Rb7+,34,Inaccuracy,1r5k/5K2/4R3/6P1/4P3/8/8/8 b - - 1 45,552,586
3bSyygRr,92,Rb5,Rook,Rxe7+,266,Blunder,7k/1r2RK2/8/6P1/4P3/8/8/8 b - - 3 46,534,800
3bSyygRr,94,Kh7,King,Kh7,16,Good,4R2k/5K2/8/1r4P1/4P3/8/8/8 b - - 5 47,533,549
3bSyygRr,96,Kh6,King,Kh6,3,Good,4R3/5K1k/6P1/1r6/4P3/8/8/8 b - - 0 48,540,543
3bSyygRr,98,Rb7+,Rook,Rb7+,0,Good,4R3/5KP1/7k/1r6/4P3/8/8/8 b - - 0 49,562,562
3bSyygRr,100,Rxe7+,Rook,Rxe7+,0,Good,8/1r2RKP1/7k/8/4P3/8/8/8 b - - 2 50,562,562
3bSyygRr,102,Kxg7,King,Kxg7,4,Good,8/4K1P1/7k/8/4P3/8/8/8 b - - 0 51,567,571
TguMugCk,2,Nf6,Knight,d5,2,Good,rnbqkbnr/pppppppp/8/8/3P4/8/PPP1PPPP/RNBQKBNR b KQkq - 0 1,32,34
TguMugCk,4,e6,Pawn,e6,0,Good,rnbqkb1r/pppppppp/5n2/8/2PP4/8/PP2PPPP/RNBQKBNR b KQkq - 0 2,32,32
TguMugCk,6,c5,Pawn,d5,59,Inaccuracy,rnbqkb1r/pppp1ppp/4pn2/8/2PP4/5N2/PP2PPPP/RNBQKB1R b KQkq - 1 3,29,88
TguMugCk,8,d5,Pawn,d5,1,Good,rnbqkb1r/pp1p1ppp/4pn2/2p5/2PP4/4PN2/PP3PPP/RNBQKB1R b KQkq - 0 4,17,18
TguMugCk,10,exd5,Pawn,exd5,2,Good,rnbqkb1r/pp3ppp/4pn2/2pP4/3P4/4PN2/PP3PPP/RNBQKB1R b KQkq - 0 5,15,17
TguMugCk,12,Nc6,Knight,c4,19,Good,rnbqkb1r/pp3ppp/5n2/2pp4/3P4/4PN2/PP1N1PPP/R1BQKB1R b KQkq - 1 6,-44,-25
TguMugCk,14,Bxc5,Bishop,Bxc5,6,Good,r1bqkb1r/pp3ppp/2n2n2/2Pp4/8/4PN2/PP1N1PPP/R1BQKB1R b KQkq - 0 7,-30,-24
TguMugCk,16,O-O,King,d4,13,Good,r1bqk2r/pp3ppp/2n2n2/2bp4/8/1P2PN2/P2N1PPP/R1BQKB1R b KQkq - 0 8,-153,-140
TguMugCk,18,Qe7,Queen,d4,169,Mistake,r1bq1rk1/pp3ppp/2n2n2/2bp4/8/1P2PN2/PB1N1PPP/R2QKB1R b KQ - 2 9,-226,-57
TguMugCk,20,Bg4,Bishop,d4,185,Mistake,r1b2rk1/pp2qppp/2n2n2/1Bbp4/8/1P2PN2/PB1N1PPP/R2QK2R b KQ - 4 10,-197,-12
TguMugCk,22,Rfd8,Rook,Rac8,32,Inaccuracy,r4rk1/pp2qppp/2n2n2/1Bbp4/6b1/1P2PN2/PB1N1PPP/R2Q1RK1 b - - 6 11,-16,16
TguMugCk,24,Bh5,Bishop,Bh5,-3,Good,r2r2k1/pp2qppp/2n2n2/1Bbp4/6b1/1P2PN1P/PB1N1PP1/R2Q1RK1 b - - 0 12,-21,-24
TguMugCk,26,Rac8,Rook,Rac8,12,Good,r2r2k1/pp2qppp/2n2n2/2bp3b/8/1P2PN1P/PB1NBPP1/R2Q1RK1 b - - 2 13,-41,-29
TguMugCk,28,Bb6,Bishop,Bg6,43,Inaccuracy,2rr2k1/pp2qppp/2n2n2/2bp3b/8/1P2PN1P/PB1NBPP1/2RQ1RK1 b - - 4 14,-68,-25
TguMugCk,30,a6,Pawn,Ne4,22,Good,2rr2k1/pp2qppp/1bn2n2/3p3b/8/PP2PN1P/1B1NBPP1/2RQ1RK1 b - - 0 15,-31,-9
TguMugCk,32,Bg6,Bishop,Ne4,46,Inaccuracy,2rr2k1/1p2qppp/pbn2n2/3p3b/1P6/P3PN1P/1B1NBPP1/2RQ1RK1 b - - 0 16,-19,27
TguMugCk,34,Ne4,Knight,Ne4,-6,Good,2rr2k1/1p2qppp/pbn2nb1/3p4/1P6/PN2PN1P/1B2BPP1/2RQ1RK1 b - - 2 17,34,28
TguMugCk,36,Nxd4,Knight,Ne5,58,Inaccuracy,2rr2k1/1p2qppp/pbn3b1/3p4/1P1Nn3/PN2P2P/1B2BPP1/2RQ1RK1 b - - 4 18,-24,34
TguMugCk,38,Bc7,Bishop,Rxc1,9,Good,2rr2k1/1p2qppp/pb4b1/3p4/1P1Bn3/PN2P2P/4BPP1/2RQ1RK1 b - - 0 19,38,47
TguMugCk,40,f5,Pawn,f5,6,Good,2rr2k1/1pb1qppp/p5b1/3p4/1P1Bn1B1/PN2P2P/5PP1/2RQ1RK1 b - - 2 20,37,43
TguMugCk,42,Qd6,Queen,Bxh5,9,Good,2rr2k1/1pb1q1pp/p5b1/3p1p1B/1P1Bn3/PN2P2P/5PP1/2RQ1RK1 b - - 1 21,36,45
TguMugCk,44,Qe6,Queen,Qe7,31,Inaccuracy,2rr2k1/1pb3pp/p2q2b1/3p1p1B/1P1BnP2/PN2P2P/6P1/2RQ1RK1 b - - 0 22,50,81
TguMugCk,46,hxg6,Pawn,hxg6,5,Good,2rr2k1/1pb3pp/p3q1B1/3p1p2/1P1BnP2/PN2P2P/6P1/2RQ1RK1 b - - 0 23,38,43
TguMugCk,48,Bd6,Bishop,Ng3,187,Mistake,2rr2k1/1pb3p1/p3q1p1/3p1p2/1P1BnP2/PN2P2P/4Q1P1/2R2RK1 b - - 1 24,-201,-14
TguMugCk,50,g5,Pawn,g5,3,Good,2rr2k1/1p4p1/p2bq1p1/3p1p2/1P1BnP2/PN2P2P/4Q1PK/2R2R2 b - - 3 25,-83,-80
TguMugCk,52,Qg6,Queen,Rc4,39,Inaccuracy,2rr2k1/1p4p1/p2bq3/3p1pp1/1P1BnP2/PN2P1PP/4Q2K/2R2R2 b - - 0 26,-87,-48
TguMugCk,54,Rc4,Rook,Rc4,-10,Good,2rr2k1/1p4p1/p2b2q1/3p1pp1/1P1BnP2/PN2P1PP/6QK/2R2R2 b - - 2 27,-64,-74
TguMugCk,56,Rxd4,Rook,Rxd4,1,Good,3r2k1/1p4p1/p2b2q1/N2p1pp1/1PrBnP2/P3P1PP/6QK/2R2R2 b - - 4 28,-103,-102
TguMugCk,58,gxf4,Pawn,gxf4,27,Good,3r2k1/1p4p1/p2b2q1/N2p1pp1/1P1PnP2/P5PP/6QK/2R2R2 b - - 0 29,-107,-80
TguMugCk,60,Qh6,Queen,Qh6,28,Good,3r2k1/1p4p1/p2b2q1/N2p1p2/1P1PnP2/P6P/6QK/2R2R2 b - - 0 30,-161,-133
TguMugCk,62,Nd2,Knight,Rd7,99,Mistake,3r2k1/1p4p1/p2b3q/N2p1p2/1P1PnP2/P4Q1P/7K/2R2R2 b - - 2 31,-131,-32
TguMugCk,64,Kh8,King,Kh8,15,Good,3r2k1/1p4p1/p2b3q/N2Q1p2/1P1P1P2/P6P/3n3K/2R2R2 b - - 0 32,-15,0
TguMugCk,66,Qg6+,Queen,Qg6+,6,Good,3r3k/1p4p1/p2b3q/N2Q1p2/1P1P1P2/P6P/3n2K1/2R2R2 b - - 2 33,-77,-71
TguMugCk,68,Ne4,Knight,Nxf1,60,Inaccuracy,3r3k/1p4p1/p2b2q1/N2Q1p2/1P1P1P2/P6P/3n4/2R2R1K b - - 4 34,-60,0
TguMugCk,70,Ng3+,Knight,Ng3+,-5,Good,3r3k/1p4p1/p2b2q1/N2Q1p2/1P1PnP2/P4R1P/8/2R4K b - - 6 35,-114,-119
TguMugCk,72,Qxg3,Queen,Qxg3,34,Inaccuracy,3r3k/1p4p1/p2b2q1/N2Q1p2/1P1P1P2/P5RP/8/2R4K b - - 0 36,-103,-69
TguMugCk,74,Qxg2+,Queen,Qxa3,130,Mistake,3r3k/1p4p1/p2b4/N4p2/1P1P1P2/P5qP/6Q1/2R4K b - - 1 37,-122,8
TguMugCk,76,Bxf4,Bishop,Bxf4,-1,Good,3r3k/1p4p1/p2b4/N4p2/1P1P1P2/P6P/6K1/2R5 b - - 0 38,3,2
TguMugCk,78,Rxd4,Rook,Rxd4,1,Good,3r3k/1p4p1/p7/N4p2/1P1P1b2/P6P/6K1/5R2 b - - 1 39,0,1
TguMugCk,80,g5,Pawn,Kh7,10,Good,7k/1N4p1/p7/5p2/1P1r1b2/P6P/6K1/5R2 b - - 0 40,5,15
TguMugCk,82,Rc4,Rook,Rd2+,0,Good,7k/8/p7/2N2pp1/1P1r1b2/P6P/6K1/5R2 b - - 1 41,15,15
TguMugCk,84,Rc3,Rook,Bc1,7,Good,7k/8/p3N3/5pp1/1Pr2b2/P6P/6K1/5R2 b - - 3 42,14,21
TguMugCk,86,gxf4,Pawn,gxf4,2,Good,7k/8/p7/5pp1/1P3N2/P1r4P/6K1/5R2 b - - 0 43,32,34
TguMugCk,88,Rxa3,Rook,Rxa3,0,Good,7k/8/p7/5p2/1P3R2/P1r4P/6K1/8 b - - 0 44,0,0
TguMugCk,90,Rb3,Rook,Ra4,0,Good,7k/8/p7/5R2/1P6/r6P/6K1/8 b - - 0 45,26,26
TguMugCk,92,Rxb4,Rook,Rb2+,-8,Good,7k/8/p7/R7/1P6/1r5P/6K1/8 b - - 2 46,8,0
TguMugCk,94,Rb7,Rook,Kg7,0,Good,7k/8/R7/8/1r6/7P/6K1/8 b - - 0 47,0,0
TguMugCk,96,Rg7,Rook,Rb1,5,Good,7k/1r6/6R1/8/8/7P/6K1/8 b - - 2 48,0,5
TguMugCk,98,Kxg7,King,Kxg7,0,Good,7k/6R1/8/8/8/7P/6K1/8 b - - 0 49,0,0
TguMugCk,100,Kh7,King,Kg6,0,Good,8/6k1/8/8/7P/8/6K1/8 b - - 0 50,0,0
TguMugCk,102,Kg7,King,Kh6,17,Good,8/7k/8/7P/8/8/6K1/8 b - - 0 51,-17,0
TguMugCk,104,Kxh6,King,Kxh6,2,Good,8/6k1/7P/8/8/8/6K1/8 b - - 0 52,-2,0
9ge5pkbw,2,c5,Pawn,e5,-1,Good,rnbqkbnr/pppppppp/8/8/4P3/8/PPPP1PPP/RNBQKBNR b KQkq - 0 1,38,37
9ge5pkbw,4,d6,Pawn,d6,-4,Good,rnbqkbnr/pp1ppppp/8/2p5/4P3/5N2/PPPP1PPP/RNBQKB1R b KQkq - 1 2,54,50
9ge5pkbw,6,cxd4,Pawn,cxd4,5,Good,rnbqkbnr/pp2pppp/3p4/2p5/3PP3/5N2/PPP2PPP/RNBQKB1R b KQkq - 0 3,50,55
9ge5pkbw,8,Nf6,Knight,Nf6,2,Good,rnbqkbnr/pp2pppp/3p4/8/3NP3/8/PPP2PPP/RNBQKB1R b KQkq - 0 4,47,49
9ge5pkbw,10,a6,Pawn,a6,-1,Good,rnbqkb1r/pp2pppp/3p1n2/8/3NP3/2N5/PPP2PPP/R1BQKB1R b KQkq - 2 5,58,57
9ge5pkbw,12,e5,Pawn,e5,-13,Good,rnbqkb1r/1p2pppp/p2p1n2/8/3NP3/2N1B3/PPP2PPP/R2QKB1R b KQkq - 1 6,40,27
9ge5pkbw,14,Be7,Bishop,Be7,-2,Good,rnbqkb1r/1p3ppp/p2p1n2/4p3/4P3/2N1BN2/PPP2PPP/R2QKB1R b KQkq - 1 7,32,30
9ge5pkbw,16,Be6,Bishop,Be6,4,Good,rnbqk2r/1p2bppp/p2p1n2/4p3/2B1P3/2N1BN2/PPP2PPP/R2QK2R b KQkq - 3 8,10,14
9ge5pkbw,18,Nc6,Knight,Nc6,11,Good,rn1qk2r/1p2bppp/p2pbn2/4p3/4P3/1BN1BN2/PPP2PPP/R2QK2R b KQkq - 5 9,21,32
9ge5pkbw,20,O-O,King,Na5,12,Good,r2qk2r/1p2bppp/p1npbn2/4p3/4P3/1BN1BN2/PPP2PPP/R2Q1RK1 b kq - 7 10,6,18
9ge5pkbw,22,Rc8,Rook,Nd7,23,Good,r2q1rk1/1p2bppp/p1npbn2/4p1B1/4P3/1BN2N2/PPP2PPP/R2Q1RK1 b - - 9 11,10,33
9ge5pkbw,24,Bxf6,Bishop,Bxf6,2,Good,2rq1rk1/1p2bppp/p1npbB2/4p3/4P3/1BN2N2/PPP2PPP/R2Q1RK1 b - - 0 12,21,23
9ge5pkbw,26,Be7,Bishop,h6,-11,Good,2rq1rk1/1p3ppp/p1npbb2/3Np3/4P3/1B3N2/PPP2PPP/R2Q1RK1 b - - 1 13,34,23
9ge5pkbw,28,Kh8,King,Na5,19,Good,2rq1rk1/1p2bppp/p1npb3/3Np3/4P3/1B3N2/PPP1QPPP/R4RK1 b - - 3 14,26,45
9ge5pkbw,30,Na5,Knight,Na5,3,Good,2rq1r1k/1p2bppp/p1npb3/3Np3/4P3/1B3N2/PPP1QPPP/3R1RK1 b - - 5 15,45,48
9ge5pkbw,32,b5,Pawn,Nxb3,8,Good,2rq1r1k/1p2bppp/p2pb3/n2Np3/4P3/1B3N1P/PPP1QPP1/3R1RK1 b - - 0 16,32,40
9ge5pkbw,34,Nxb3,Knight,Nxb3,9,Good,2rq1r1k/4bppp/p2pb3/np1Np3/4P3/1BP2N1P/PP2QPP1/3R1RK1 b - - 0 17,22,31
9ge5pkbw,36,f5,Pawn,Qe8,22,Good,2rq1r1k/4bppp/p2pb3/1p1Np3/4P3/1PP2N1P/1P2QPP1/3R1RK1 b - - 0 18,35,57
9ge5pkbw,38,Rxf5,Rook,Rxf5,4,Good,2rq1r1k/4b1pp/p2pb3/1p1NpP2/8/1PP2N1P/1P2QPP1/3R1RK1 b - - 0 19,75,79
9ge5pkbw,40,Rh5,Rook,Rh5,-4,Good,2rq3k/4b1pp/p2pb3/1p2pr2/8/1PP1NN1P/1P2QPP1/3R1RK1 b - - 1 20,41,37
9ge5pkbw,42,Qf8,Queen,Qd7,61,Inaccuracy,2rq3k/4b1pp/p2pb3/1p2p2r/2P5/1P2NN1P/1P2QPP1/3R1RK1 b - - 0 21,0,61
9ge5pkbw,44,bxc4,Pawn,bxc4,-8,Good,2r2q1k/4b1pp/p2pb3/1p1Np2r/2P5/1P3N1P/1P2QPP1/3R1RK1 b - - 2 22,79,71
9ge5pkbw,46,Rh6,Rook,Qf7,56,Inaccuracy,2r2q1k/4b1pp/p2pb3/3Np2r/2P5/5N1P/1P2QPP1/3R1RK1 b - - 0 23,66,122
9ge5pkbw,48,Rg6,Rook,Bd8,9,Good,2r2q1k/4b1pp/p2pb2r/3Np3/2P5/7P/1P2QPPN/3R1RK1 b - - 2 24,59,68
9ge5pkbw,50,Bg5,Bishop,Qf7,7,Good,2r2q1k/4b1pp/p2pb1r1/3Np3/2P5/7P/1P2QPPN/3R1R1K b - - 4 25,39,46
9ge5pkbw,52,Bh6,Bishop,Rb8,43,Inaccuracy,2r2q1k/6pp/p2pb1r1/3Np1b1/2P5/1P5P/4QPPN/3R1R1K b - - 0 26,53,96
9ge5pkbw,54,Bf5,Bishop,Bf4,130,Mistake,2r2q1k/6pp/p2pb1rb/3Np3/2P5/1P1R3P/4QPPN/5R1K b - - 2 27,96,226
9ge5pkbw,56,e4,Pawn,e4,-19,Good,2r2q1k/6pp/p2p2rb/3Npb2/2P5/1P3R1P/4QPPN/5R1K b - - 4 28,230,211
9ge5pkbw,58,Qxf5,Queen,Qxf5,1,Good,2r2q1k/6pp/p2p2rb/3N1R2/2P1p3/1P5P/4QPPN/5R1K b - - 0 29,220,221
9ge5pkbw,60,Qe6,Queen,Qe6,-9,Good,2r4k/4N1pp/p2p2rb/5q2/2P1p3/1P5P/4QPPN/5R1K b - - 1 30,220,211
9ge5pkbw,62,Qxc8,Queen,Qxc8,-4,Good,2N4k/6pp/p2pq1rb/8/2P1p3/1P5P/4QPPN/5R1K b - - 0 31,216,212
9ge5pkbw,64,Re6,Rook,Bd2,86,Inaccuracy,2q4k/6pp/p2p2rb/8/2P1Q3/1P5P/5PPN/5R1K b - - 0 32,211,297
9ge5pkbw,66,Qf8,Queen,Bg5,71,Inaccuracy,2q4k/6pp/p2pr2b/8/2P5/1P1Q3P/5PPN/5R1K b - - 2 33,238,309
9ge5pkbw,68,Bf4,Bishop,g6,35,Inaccuracy,5q1k/6pp/p2pr2b/8/2P5/1P1Q1N1P/5PP1/5R1K b - - 4 34,296,331
9ge5pkbw,70,Bh6,Bishop,Bh6,0,Good,5q1k/6pp/p2pr3/8/2P2b2/1P1Q1NPP/5P2/5R1K b - - 0 35,327,327
9ge5pkbw,72,g6,Pawn,Qa8,-19,Good,5q1k/6pp/p2pr2b/8/2P5/1P1Q1NPP/5PK1/5R2 b - - 2 36,351,332
9ge5pkbw,74,Re7,Rook,Qa8,129,Mistake,5q1k/7p/p2pr1pb/8/2P4P/1P1Q1NP1/5PK1/5R2 b - - 0 37,323,452
9ge5pkbw,76,Rf7,Rook,Re6,14,Good,5q1k/4r2p/p2p2pb/8/2P4P/1P1Q1NP1/5PK1/3R4 b - - 2 38,377,391
9ge5pkbw,78,Bg7,Bishop,Qa8,100,Mistake,5q1k/5r1p/p2p2pb/8/2P4P/1P1Q1NP1/5PK1/4R3 b - - 4 39,310,410
9ge5pkbw,80,Qa8,Queen,Qa8,4,Good,5q1k/5rbp/p2p2p1/8/1PP4P/3Q1NP1/5PK1/4R3 b - - 0 40,304,308
9ge5pkbw,82,a5,Pawn,Bf8,-27,Good,q6k/5rbp/p2p2p1/1P6/2P4P/3Q1NP1/5PK1/4R3 b - - 0 41,310,283
9ge5pkbw,84,a4,Pawn,Bf8,127,Mistake,q6k/5rbp/1P1p2p1/p7/2P4P/3Q1NP1/5PK1/4R3 b - - 0 42,306,433
9ge5pkbw,86,Qxd5,Queen,Qg8,112,Mistake,q6k/5rbp/1P1p2p1/3Q4/p1P4P/5NP1/5PK1/4R3 b - - 1 43,395,507
9ge5pkbw,88,h6,Pawn,h6,-2,Good,7k/5rbp/1P1p2p1/3P4/p6P/5NP1/5PK1/4R3 b - - 0 44,183,181
9ge5pkbw,90,Kh7,King,Kh7,8,Good,4R2k/5rb1/1P1p2pp/3P4/p6P/5NP1/5PK1/8 b - - 1 45,163,171
9ge5pkbw,92,Rb7,Rook,Rb7,-5,Good,R7/5rbk/1P1p2pp/3P4/p6P/5NP1/5PK1/8 b - - 3 46,166,161
9ge5pkbw,94,a3,Pawn,a3,2,Good,8/1r4bk/RP1p2pp/3P4/p6P/5NP1/5PK1/8 b - - 5 47,166,168
9ge5pkbw,96,a2,Pawn,a2,-14,Good,8/1r4bk/RP1p2pp/3P4/7P/p5P1/3N1PK1/8 b - - 1 48,164,150
9ge5pkbw,98,Rxb6,Rook,Rxb6,33,Inaccuracy,8/1r4bk/1P1p2pp/3P4/7P/6P1/R2N1PK1/8 b - - 0 49,202,235
9ge5pkbw,100,Rb5,Rook,Rb5,-15,Good,8/6bk/1r1p2pp/3P4/2N4P/6P1/R4PK1/8 b - - 1 50,250,235
9ge5pkbw,102,Rxd5,Rook,Rxd5,0,Good,8/6bk/3N2pp/1r1P4/7P/6P1/R4PK1/8 b - - 0 51,48,48
9ge5pkbw,104,Rd7,Rook,Re5,-1,Good,8/6bk/6pp/3r4/4N2P/6P1/R4PK1/8 b - - 1 52,49,48
9ge5pkbw,106,Rf7,Rook,Rd4,3,Good,8/3r2bk/6pp/8/R3N2P/6P1/5PK1/8 b - - 3 53,41,44
9ge5pkbw,108,Bf8,Bishop,Rd7,2,Good,8/5rbk/6pp/8/2R1N2P/6P1/5PK1/8 b - - 5 54,42,44
9ge5pkbw,110,Rd7,Rook,Rd7,-5,Good,5b2/5r1k/6pp/8/2R4P/6P1/3N1PK1/8 b - - 7 55,34,29
9ge5pkbw,112,Bg7,Bishop,Rd5,12,Good,5b2/3r3k/6pp/8/2R4P/5NP1/5PK1/8 b - - 9 56,35,47
9ge5pkbw,114,Re7,Rook,h5,22,Good,8/3r2bk/6pp/8/5R1P/5NP1/5PK1/8 b - - 11 57,31,53
9ge5pkbw,116,Kg8,King,Rd7,340,Blunder,8/4r1bk/6pp/8/6RP/5NP1/5PK1/8 b - - 13 58,34,374
9ge5pkbw,118,Rf7,Rook,Bf6,14,Good,6k1/4r1b1/6pp/8/2R4P/5NP1/5PK1/8 b - - 15 59,28,42
9ge5pkbw,120,Kh7,King,Rf6,1,Good,6k1/5rb1/6pp/8/7P/5NP1/2R2PK1/8 b - - 17 60,30,31
9ge5pkbw,122,Bf6,Bishop,Bf6,-2,Good,8/5rbk/6pp/8/7P/5NP1/4RPK1/8 b - - 19 61,22,20
9ge5pkbw,124,g5,Pawn,Kg7,156,Mistake,8/5r1k/5bpp/8/7P/6P1/4RPKN/8 b - - 21 62,13,169
9ge5pkbw,126,Bg7,Bishop,Ra7,9,Good,8/5r1k/5b1p/6pP/8/6P1/4RPKN/8 b - - 0 63,163,172
9ge5pkbw,128,Kg8,King,Ra7,-2,Good,8/5rbk/7p/6pP/6N1/6P1/4RPK1/8 b - - 2 64,148,146
9ge5pkbw,130,Rf8,Rook,Kh7,31,Inaccuracy,6k1/5rb1/7p/6pP/4R1N1/6P1/5PK1/8 b - - 4 65,136,167
9ge5pkbw,132,Kh7,King,Kh7,15,Good,5rk1/6b1/4R2p/6pP/6N1/6P1/5PK1/8 b - - 6 66,149,164
9ge5pkbw,134,Kh8,King,Kg8,32,Inaccuracy,5r2/4R1bk/7p/6pP/6N1/6P1/5PK1/8 b - - 8 67,225,257
9ge5pkbw,136,Re8,Rook,Kh7,132,Mistake,5r1k/3R2b1/7p/6pP/6N1/6P1/5PK1/8 b - - 10 68,219,351
9ge5pkbw,138,Kh7,King,Kh7,2,Good,4r2k/6b1/3R3p/6pP/6N1/6P1/5PK1/8 b - - 12 69,385,387
9ge5pkbw,140,Kg8,King,Bxh6,44,Inaccuracy,4r3/6bk/7R/6pP/6N1/6P1/5PK1/8 b - - 0 70,445,489
9ge5pkbw,142,Kf7,King,Kh7,15,Good,4r1k1/6b1/6R1/6pP/6N1/6P1/5PK1/8 b - - 2 71,485,500
9ge5pkbw,144,Rh8,Rook,Re2,10,Good,4r3/5kb1/8/6RP/6N1/6P1/5PK1/8 b - - 0 72,507,517
9ge5pkbw,146,Bf8,Bishop,Ke6,36,Inaccuracy,7r/5kb1/8/6RP/5PN1/6P1/6K1/8 b - - 0 73,529,565
9ge5pkbw,148,Ke7,King,Be7,4,Good,5b1r/5k2/8/6RP/5PN1/6PK/8/8 b - - 2 74,523,527
9ge5pkbw,150,Ke8,King,Bxh6,67,Inaccuracy,5b1r/4k3/7P/6R1/5PN1/6PK/8/8 b - - 0 75,473,540
9ge5pkbw,152,Be7,Bishop,Kf7,44,Inaccuracy,4kb1r/8/7P/7R/5PN1/6PK/8/8 b - - 2 76,490,534
9ge5pkbw,154,Kf7,King,Kf8,3,Good,4k2r/4b2P/8/7R/5PN1/6PK/8/8 b - - 0 77,515,518
9ge5pkbw,156,Kg7,King,Bb4,190,Mistake,7r/4bk1P/8/5P1R/6N1/6PK/8/8 b - - 0 78,425,615
9ge5pkbw,158,Rxh7,Rook,Bd6,73,Inaccuracy,7r/4b1kP/8/4NP1R/8/6PK/8/8 b - - 2 79,432,505
9ge5pkbw,160,Kxh7,King,Kxh7,11,Good,8/4b1kR/8/4NP2/8/6PK/8/8 b - - 0 80,531,542
9ge5pkbw,162,Kg7,King,Kh6,16,Good,8/4b2k/8/4NP2/6K1/6P1/8/8 b - - 1 81,539,555
9ge5pkbw,164,Bf6,Bishop,Kf6,474,Blunder,8/4b1k1/8/5P2/6K1/5NP1/8/8 b - - 3 82,87,561
9ge5pkbw,166,Be7,Bishop,Kh6,-4,Good,8/6k1/5b2/5P2/5K2/5NP1/8/8 b - - 5 83,574,570
9ge5pkbw,168,Bd6+,Bishop,Bd6+,-12,Good,8/4b1k1/8/5P2/5KP1/5N2/8/8 b - - 0 84,583,571
9ge5pkbw,170,Be7,Bishop,Be7,22,Good,8/6k1/3b4/5P2/4K1P1/5N2/8/8 b - - 2 85,628,650
9ge5pkbw,172,Bf6,Bishop,Kf7,10,Good,8/4b1k1/8/5PP1/4K3/5N2/8/8 b - - 0 86,657,667
9ge5pkbw,174,Kxf6,King,Kf8,1,Good,8/6k1/5P2/5P2/4K3/5N2/8/8 b - - 0 87,9981,9982
9ge5pkbw,176,Kf7,King,Kf7,0,Good,8/8/5k2/5P2/5K2/5N2/8/8 b - - 1 88,9983,9983
9ge5pkbw,178,Kg7,King,Ke8,1,Good,8/5k2/8/4KP2/8/5N2/8/8 b - - 3 89,9984,9985
9ge5pkbw,180,Kh6,King,Kf8,3,Good,8/6k1/8/4KPN1/8/8/8/8 b - - 5 90,9983,9986
9ge5pkbw,182,Kh7,King,Kh5,5,Good,8/8/4N2k/4KP2/8/8/8/8 b - - 7 91,9980,9985
9ge5pkbw,184,Kg8,King,Kg8,0,Good,8/7k/4NP2/4K3/8/8/8/8 b - - 0 92,9986,9986
9ge5pkbw,186,Kf8,King,Kf7,1,Good,6k1/8/5P2/4K3/5N2/8/8/8 b - - 2 93,9986,9987
9ge5pkbw,188,Kf7,King,Kf7,1,Good,5k2/8/5P2/5K2/5N2/8/8/8 b - - 4 94,9986,9987
9ge5pkbw,190,Kg8,King,Ke8,1,Good,8/5k2/4NP2/5K2/8/8/8/8 b - - 6 95,9985,9986
9ge5pkbw,192,Kh8,King,Kh8,0,Good,6k1/8/4NPK1/8/8/8/8/8 b - - 8 96,9985,9985
9ge5pkbw,194,Kg8,King,Kg8,0,Good,7k/8/5PK1/6N1/8/8/8/8 b - - 10 97,9988,9988
9ge5pkbw,196,Kf8,King,Kh8,0,Good,6k1/8/5P2/5KN1/8/8/8/8 b - - 12 98,9987,9987
9ge5pkbw,198,Ke8,King,Kg8,5,Good,5k2/8/4KP2/6N1/8/8/8/8 b - - 14 99,9988,9993
9ge5pkbw,200,Kf8,King,Kf8,5,Good,4k3/5P2/4K3/6N1/8/8/8/8 b - - 0 100,9989,9994
9ge5pkbw,202,Kg7,King,Kg7,0,Good,5k2/5P1N/4K3/8/8/8/8/8 b - - 2 101,9995,9995
9ge5pkbw,204,Kxh7,King,Kxh7,0,Good,5Q2/6kN/4K3/8/8/8/8/8 b - - 0 102,9996,9996
1748ca10,2,Nf6,Knight,Nf6,2,Good,rnbqkbnr/pppppppp/8/8/3P4/8/PPP1PPPP/RNBQKBNR b KQkq - 0 1,29,31
1748ca10,4,e6,Pawn,e6,-6,Good,rnbqkb1r/pppppppp/5n2/8/2PP4/8/PP2PPPP/RNBQKBNR b KQkq - 0 2,34,28
1748ca10,6,Bb4+,Bishop,d5,11,Good,rnbqkb1r/pppp1ppp/4pn2/8/2PP4/5N2/PP2PPPP/RNBQKB1R b KQkq - 1 3,24,35
1748ca10,8,c5,Pawn,Be7,4,Good,rnbqk2r/pppp1ppp/4pn2/8/1bPP4/5N2/PP1BPPPP/RN1QKB1R b KQkq - 3 4,40,44
1748ca10,10,Bxd2+,Bishop,Qb6,10,Good,rnbqk2r/pp1p1ppp/4pn2/2p5/1bPP4/5NP1/PP1BPP1P/RN1QKB1R b KQkq - 0 5,35,45
1748ca10,12,cxd4,Pawn,cxd4,2,Good,rnbqk2r/pp1p1ppp/4pn2/2p5/2PP4/5NP1/PP1QPP1P/RN2KB1R b KQkq - 0 6,40,42
1748ca10,14,Nc6,Knight,d5,-1,Good,rnbqk2r/pp1p1ppp/4pn2/8/2PQ4/5NP1/PP2PP1P/RN2KB1R b KQkq - 0 7,-3,-4
1748ca10,16,b6,Pawn,Qb6,26,Good,r1bqk2r/pp1p1ppp/2n1pn2/8/2P5/5NP1/PP1QPP1P/RN2KB1R b KQkq - 2 8,0,26
1748ca10,18,Bb7,Bishop,O-O,10,Good,r1bqk2r/p2p1ppp/1pn1pn2/8/2P5/2N2NP1/PP1QPP1P/R3KB1R b KQkq - 1 9,23,33
1748ca10,20,O-O,King,Ne7,-4,Good,r2qk2r/pb1p1ppp/1pn1pn2/8/2P5/2N2NP1/PP1QPPBP/R3K2R b KQkq - 3 10,31,27
1748ca10,22,Qe7,Queen,Ne7,23,Good,r2q1rk1/pb1p1ppp/1pn1pn2/8/2P5/2N2NP1/PP1QPPBP/R4RK1 b - - 5 11,28,51
1748ca10,24,Rfd8,Rook,Rfd8,-2,Good,r4rk1/pb1pqppp/1pn1pn2/8/2P5/2N2NP1/PP1QPPBP/R2R2K1 b - - 7 12,54,52
1748ca10,26,Qxd6,Queen,Qxd6,7,Good,r2r2k1/pb1pqppp/1pnQpn2/8/2P5/2N2NP1/PP2PPBP/R2R2K1 b - - 9 13,31,38
1748ca10,28,Rac8,Rook,Kf8,11,Good,r2r2k1/pb1p1ppp/1pnRpn2/8/2P5/2N2NP1/PP2PPBP/R5K1 b - - 0 14,29,40
1748ca10,30,Kf8,King,Kf8,9,Good,2rr2k1/pb1p1ppp/1pnRpn2/8/2P5/1PN2NP1/P3PPBP/R5K1 b - - 0 15,29,38
1748ca10,32,Ke7,King,Ke7,6,Good,2rr1k2/pb1p1ppp/1pnRpn2/8/2P5/1PN2NP1/P3PPBP/3R2K1 b - - 2 16,27,33
1748ca10,34,Nxe5,Knight,Nxe5,-2,Good,2rr4/pb1pkppp/1pnRpn2/4N3/2P5/1PN3P1/P3PPBP/3R2K1 b - - 4 17,13,11
1748ca10,36,Rb8,Rook,Rb8,-2,Good,2rr4/pB1pkppp/1p1Rpn2/4n3/2P5/1PN3P1/P3PP1P/3R2K1 b - - 0 18,12,10
1748ca10,38,g5,Pawn,g5,2,Good,1r1r4/p2pkppp/1p1Rpn2/4n3/2P5/1PN3P1/P3PPBP/3R2K1 b - - 2 19,5,7
1748ca10,40,a5,Pawn,Ne8,30,Inaccuracy,1r1r4/p2pkp1p/1p1Rpn2/1N2n1p1/2P5/1P4P1/P3PPBP/3R2K1 b - - 1 20,-2,28
1748ca10,42,h5,Pawn,Ne8,4,Good,1r1r4/3pkp1p/1p1Rpn2/pN2n1p1/P1P5/1P4P1/4PPBP/3R2K1 b - - 0 21,-4,0
1748ca10,44,g4,Pawn,Ne8,34,Inaccuracy,1r1r4/3pkp2/1p1Rpn2/pN2n1pp/P1P5/1P4PP/4PPB1/3R2K1 b - - 0 22,-22,12
1748ca10,46,Ne8,Knight,Ne8,6,Good,1r1r4/3pkp2/1p1Rpn2/pN2n2p/P1P3pP/1P4P1/4PPB1/3R2K1 b - - 0 23,-8,-2
1748ca10,48,f5,Pawn,Rbc8,0,Good,1r1rn3/3pkp2/1p2p3/pN2n2p/P1P3pP/1P4P1/3RPPB1/3R2K1 b - - 2 24,0,0
1748ca10,50,f4,Pawn,fxe4,80,Inaccuracy,1r1rn3/3pk3/1p2p3/pN2np1p/P1P1P1pP/1P4P1/3R1PB1/3R2K1 b - - 0 25,0,80
1748ca10,52,Ng6,Knight,Ng6,-13,Good,1r1rn3/3pk3/1p2p3/pN2n2p/P1P1PPpP/1P6/3R1PB1/3R2K1 b - - 0 26,123,110
1748ca10,54,Nxh4,Knight,Nxh4,-3,Good,1r1rn3/3pk3/1p2p1n1/pN3P1p/P1P1P1pP/1P6/3R1PB1/3R2K1 b - - 0 27,44,41
1748ca10,56,dxe6,Pawn,dxe6,2,Good,1r1rn3/3pk3/1p2P3/pN5p/P1P1P1pn/1P6/3R1PB1/3R2K1 b - - 0 28,18,20
1748ca10,58,Rxd2,Rook,Rxd2,4,Good,1r1rn3/N3k3/1p2p3/p6p/P1P1P1pn/1P6/3R1PB1/3R2K1 b - - 1 29,-23,-19
1748ca10,60,Kf6,King,Kf6,2,Good,1r2n3/N3k3/1p2p3/p6p/P1P1P1pn/1P6/3R1PB1/6K1 b - - 0 30,-12,-10
1748ca10,62,Kg5,King,Kg5,0,Good,1r2n3/N7/1p2pk2/p3P2p/P1P3pn/1P6/3R1PB1/6K1 b - - 0 31,-1,-1
1748ca10,64,Ng7,Knight,Ng7,-15,Good,1r2n3/N7/1pB1p3/p3P1kp/P1P3pn/1P6/3R1P2/6K1 b - - 2 32,-113,-128
1748ca10,66,Ngf5,Knight,Ngf5,0,Good,1r6/N2R2n1/1pB1p3/p3P1kp/P1P3pn/1P6/5P2/6K1 b - - 4 33,-201,-201
1748ca10,68,Kf4,King,Ng6,83,Inaccuracy,1r6/3R4/1pB1p3/pN2Pnkp/P1P3pn/1P6/5P2/6K1 b - - 6 34,-308,-225
1748ca10,70,Rd8,Rook,Kxe5,-5,Good,1r6/7R/1pB1p3/pN2Pn1p/P1P2kpn/1P6/5P2/6K1 b - - 8 35,-296,-301
1748ca10,72,Nf3+,Knight,Nf3+,28,Good,3r4/3B3R/1p2p3/pN2Pn1p/P1P2kpn/1P6/5P2/6K1 b - - 10 36,-450,-422
1748ca10,74,Ng5,Knight,Ng5,-5,Good,3r4/3B3R/1p2p3/pN2Pn1p/P1P2kp1/1P3n2/5P2/5K2 b - - 12 37,-479,-484
tozZbkVe,2,Nf6,Knight,Nf6,-5,Good,rnbqkbnr/pppppppp/8/8/3P4/8/PPP1PPPP/RNBQKBNR b KQkq - 0 1,22,17
tozZbkVe,4,g6,Pawn,c6,5,Good,rnbqkb1r/pppppppp/5n2/8/2PP4/8/PP2PPPP/RNBQKBNR b KQkq - 0 2,35,40
tozZbkVe,6,Bg7,Bishop,d5,14,Good,rnbqkb1r/pppppp1p/5np1/8/2PP4/2N5/PP2PPPP/R1BQKBNR b KQkq - 1 3,43,57
tozZbkVe,8,d6,Pawn,d6,-5,Good,rnbqk2r/ppppppbp/5np1/8/2PPP3/2N5/PP3PPP/R1BQKBNR b KQkq - 0 4,55,50
tozZbkVe,10,O-O,King,O-O,0,Good,rnbqk2r/ppp1ppbp/3p1np1/8/2PPP3/2N2N2/PP3PPP/R1BQKB1R b KQkq - 1 5,57,57
tozZbkVe,12,e5,Pawn,e5,1,Good,rnbq1rk1/ppp1ppbp/3p1np1/8/2PPP3/2N2N2/PP2BPPP/R1BQK2R b KQ - 3 6,57,58
tozZbkVe,14,exd4,Pawn,exd4,0,Good,rnbq1rk1/ppp2pbp/3p1np1/4p3/2PPP3/2N2N2/PP2BPPP/R1BQ1RK1 b - - 1 7,58,58
tozZbkVe,16,Re8,Rook,Nc6,-11,Good,rnbq1rk1/ppp2pbp/3p1np1/8/2PNP3/2N5/PP2BPPP/R1BQ1RK1 b - - 0 8,75,64
tozZbkVe,18,Nc6,Knight,c6,21,Good,rnbqr1k1/ppp2pbp/3p1np1/8/2PNP3/2N2P2/PP2B1PP/R1BQ1RK1 b - - 0 9,53,74
tozZbkVe,20,Nh5,Knight,Nxd4,12,Good,r1bqr1k1/ppp2pbp/2np1np1/8/2PNP3/2N1BP2/PP2B1PP/R2Q1RK1 b - - 2 10,77,89
tozZbkVe,22,Nf4,Knight,Nxd4,-5,Good,r1bqr1k1/ppp2pbp/2np2p1/7n/2PNP3/2N1BP2/PP1QB1PP/R4RK1 b - - 4 11,59,54
tozZbkVe,24,Nxd4,Knight,Nxd4,6,Good,r1bqr1k1/ppp2pbp/2np2p1/8/2PNPn2/2N1BP2/PP1QBRPP/R5K1 b - - 6 12,48,54
tozZbkVe,26,Bxd4,Bishop,Bxd4,-2,Good,r1bqr1k1/ppp2pbp/3p2p1/8/2PBPn2/2N2P2/PP1QBRPP/R5K1 b - - 0 13,54,52
tozZbkVe,28,Qg5,Queen,Bd7,8,Good,r1bqr1k1/ppp2p1p/3p2p1/8/2PQPn2/2N2P2/PP2BRPP/R5K1 b - - 0 14,54,62
tozZbkVe,30,Qc5,Queen,a5,-8,Good,r1b1r1k1/ppp2p1p/3p2p1/6q1/2PQPn2/2N2P2/PP2BRPP/R6K b - - 2 15,46,38
tozZbkVe,32,dxc5,Pawn,dxc5,9,Good,r1b1r1k1/ppp2p1p/3p2p1/2Q5/2P1Pn2/2N2P2/PP2BRPP/R6K b - - 0 16,29,38
tozZbkVe,34,Nxd5,Knight,Nxd5,1,Good,r1b1r1k1/ppp2p1p/6p1/2pN4/2P1Pn2/5P2/PP2BRPP/R6K b - - 1 17,38,39
tozZbkVe,36,a5,Pawn,b6,7,Good,r1b1r1k1/ppp2p1p/6p1/2pP4/4P3/5P2/PP2BRPP/R6K b - - 0 18,31,38
tozZbkVe,38,Re7,Rook,Re7,-12,Good,r1b1r1k1/1pp2p1p/6p1/pBpP4/4P3/5P2/PP3RPP/R6K b - - 1 19,45,33
tozZbkVe,40,Bd7,Bishop,Bd7,1,Good,r1b3k1/1pp1rp1p/6p1/pBpP4/4P3/5P2/PP3RPP/4R2K b - - 3 20,22,23
tozZbkVe,42,Rxd7,Rook,Rxd7,0,Good,r5k1/1ppBrp1p/6p1/p1pP4/4P3/5P2/PP3RPP/4R2K b - - 0 21,-6,-6
tozZbkVe,44,b6,Pawn,b6,3,Good,r5k1/1ppr1p1p/6p1/p1pP4/4P3/5P2/PPR3PP/4R2K b - - 1 22,-20,-17
tozZbkVe,46,Re8,Rook,Rc8,0,Good,r5k1/2pr1p1p/1p4p1/p1pP4/4P3/5P2/PPR3PP/4R1K1 b - - 1 23,0,0
tozZbkVe,48,Kg7,King,f5,15,Good,4r1k1/2pr1p1p/1p4p1/p1pP4/4P3/5P2/PPR2KPP/4R3 b - - 3 24,5,20
tozZbkVe,50,g5,Pawn,f5,74,Inaccuracy,4r3/2pr1pkp/1p4p1/p1pP4/4P1P1/5P2/PPR2K1P/4R3 b - - 0 25,6,80
tozZbkVe,52,h6,Pawn,gxh4,41,Inaccuracy,4r3/2pr1pkp/1p6/p1pP2p1/4P1PP/5P2/PPR2K2/4R3 b - - 0 26,31,72
tozZbkVe,54,Kf6,King,Red8,18,Good,4r3/2pr1pk1/1p5p/p1pP2pP/4P1P1/5P2/PPR2K2/4R3 b - - 0 27,1,19
tozZbkVe,56,Ke5,King,a4,61,Inaccuracy,4r3/2pr1p2/1p3k1p/p1pP2pP/4P1P1/P4P2/1PR2K2/4R3 b - - 0 28,28,89
tozZbkVe,58,Red8,Rook,Rd6,1,Good,4r3/2pr1p2/1p5p/p1pPk1pP/4P1P1/P3KP2/1PR5/4R3 b - - 2 29,33,34
tozZbkVe,60,Rd6,Rook,c6,-3,Good,3r4/2pr1p2/1p5p/p1pPk1pP/4P1P1/P1R1KP2/1P6/4R3 b - - 4 30,7,4
tozZbkVe,62,axb4,Pawn,axb4,1,Good,3r4/2p2p2/1p1r3p/p1pPk1pP/1P2P1P1/P1R1KP2/8/4R3 b - - 0 31,0,1
tozZbkVe,64,c6,Pawn,c6,0,Good,3r4/2p2p2/1p1r3p/2pPk1pP/1P2P1P1/2R1KP2/8/4R3 b - - 0 32,0,0
tozZbkVe,66,bxc5,Pawn,cxd5,33,Inaccuracy,3r4/5p2/1ppr3p/2PPk1pP/4P1P1/2R1KP2/8/4R3 b - - 0 33,0,33
tozZbkVe,68,Rxc6,Rook,Rxc6,-12,Good,3r4/5p2/2Pr3p/2p1k1pP/4P1P1/2R1KP2/8/4R3 b - - 0 34,12,0
tozZbkVe,70,Rdc8,Rook,Rdc8,0,Good,3r4/5p2/2r4p/2p1k1pP/4P1P1/2R1KP2/8/2R5 b - - 1 35,0,0
tozZbkVe,72,Ke6,King,Rd6,22,Good,2r5/5p2/2r4p/2p1k1pP/4P1P1/2R1KP2/8/3R4 b - - 3 36,0,22
tozZbkVe,74,c4,Pawn,c4,1,Good,2r5/5p2/2r1k2p/2pR2pP/4P1P1/2R1KP2/8/8 b - - 5 37,1,2
tozZbkVe,76,f6,Pawn,f6,0,Good,2r5/5p2/2r1k2p/3R2pP/2pKP1P1/2R2P2/8/8 b - - 1 38,0,0
tozZbkVe,78,f5,Pawn,R8c7,1,Good,2r5/8/2r1kp1p/3RP1pP/2pK2P1/2R2P2/8/8 b - - 0 39,-1,0
tozZbkVe,80,Kxf5,King,Kxf5,0,Good,2r5/8/2r1k2p/3RPPpP/2pK4/2R2P2/8/8 b - - 0 40,0,0
tozZbkVe,82,Rxd6+,Rook,Rxd6+,0,Good,2r5/8/2rR3p/4PkpP/2pK4/2R2P2/8/8 b - - 1 41,0,0
tozZbkVe,84,Ke6,King,Ke6,0,Good,2r5/8/3P3p/5kpP/2pK4/2R2P2/8/8 b - - 0 42,0,0
tozZbkVe,86,Rxc4+,Rook,Rxc4+,0,Good,2r5/8/3Pk2p/6pP/2RK4/5P2/8/8 b - - 0 43,0,0
tozZbkVe,88,Kxd6,King,Kxd6,0,Good,8/8/3Pk2p/6pP/2K5/5P2/8/8 b - - 0 44,0,0
tozZbkVe,90,Ke6,King,Ke6,0,Good,8/8/3k3p/6pP/3K4/5P2/8/8 b - - 1 45,0,0
tozZbkVe,92,Kf6,King,Kf6,0,Good,8/8/4k2p/6pP/4K3/5P2/8/8 b - - 3 46,0,0
tozZbkVe,94,g4,Pawn,g4,6,Good,8/8/5k1p/6pP/4KP2/8/8/8 b - - 0 47,-9,-3
tozZbkVe,96,Kf5,King,Kf5,-1,Good,8/8/5k1p/7P/5Pp1/3K4/8/8 b - - 1 48,-9,-10
tozZbkVe,98,g3,Pawn,g3,-1,Good,8/8/7p/5k1P/5Pp1/4K3/8/8 b - - 3 49,-17,-18
tozZbkVe,100,g2,Pawn,g2,-3,Good,8/8/7p/5k1P/5P2/5Kp1/8/8 b - - 1 50,-19,-22
tozZbkVe,102,Kxf4,King,Kxf4,5,Good,8/8/7p/5k1P/5P2/8/6K1/8 b - - 0 51,-22,-17
tozZbkVe,104,Kg4,King,Kg4,0,Good,8/8/7p/7P/5k2/8/7K/8 b - - 1 52,-17,-17
tozZbkVe,106,Kxh5,King,Kxh5,2,Good,8/8/7p/7P/6k1/8/6K1/8 b - - 3 53,-13,-11
tozZbkVe,108,Kg4,King,Kh4,2,Good,8/8/7p/7k/8/8/7K/8 b - - 1 54,-4,-2
tozZbkVe,110,h5,Pawn,h5,0,Good,8/8/7p/8/6k1/8/6K1/8 b - - 3 55,0,0
tozZbkVe,112,h4,Pawn,Kh4,0,Good,8/8/8/7p/6k1/8/7K/8 b - - 1 56,0,0
tozZbkVe,114,h3+,Pawn,Kg5,0,Good,8/8/8/8/6kp/8/6K1/8 b - - 1 57,0,0
tozZbkVe,116,Kg5,King,Kh4,0,Good,8/8/8/8/6k1/7p/7K/8 b - - 1 58,0,0
tozZbkVe,118,h2,Pawn,Kf4,0,Good,8/8/8/6k1/8/7p/8/7K b - - 3 59,0,0
xzJpYcPm,2,Nf6,Knight,d5,1,Good,rnbqkbnr/pppppppp/8/8/3P4/8/PPP1PPPP/RNBQKBNR b KQkq - 0 1,35,36
xzJpYcPm,4,g6,Pawn,e6,2,Good,rnbqkb1r/pppppppp/5n2/8/2PP4/8/PP2PPPP/RNBQKBNR b KQkq - 0 2,39,41
xzJpYcPm,6,Bg7,Bishop,d5,39,Inaccuracy,rnbqkb1r/pppppp1p/5np1/8/2PP4/2N5/PP2PPPP/R1BQKBNR b KQkq - 1 3,47,86
xzJpYcPm,8,O-O,King,d6,1,Good,rnbqk2r/ppppppbp/5np1/8/2PPP3/2N5/PP3PPP/R1BQKBNR b KQkq - 0 4,60,61
xzJpYcPm,10,d6,Pawn,Nc6,-3,Good,rnbq1rk1/ppppppbp/5np1/8/2PPP3/2N5/PPQ2PPP/R1B1KBNR b KQ - 2 5,7,4
xzJpYcPm,12,Nc6,Knight,Nc6,6,Good,rnbq1rk1/ppp1ppbp/3p1np1/8/2PPP3/2N2P2/PPQ3PP/R1B1KBNR b KQ - 0 6,-42,-36
xzJpYcPm,14,e5,Pawn,e5,-5,Good,r1bq1rk1/ppp1ppbp/2np1np1/8/2PPP3/2N1BP2/PPQ3PP/R3KBNR b KQ - 2 7,-43,-48
xzJpYcPm,16,Ne7,Knight,Nd4,147,Mistake,r1bq1rk1/ppp2pbp/2np1np1/3Pp3/2P1P3/2N1BP2/PPQ3PP/R3KBNR b KQ - 0 8,-57,90
xzJpYcPm,18,c6,Pawn,Ne8,1,Good,r1bq1rk1/ppp1npbp/3p1np1/3Pp3/2P1P3/2N1BP2/PP1Q2PP/R3KBNR b KQ - 2 9,94,95
xzJpYcPm,20,cxd5,Pawn,b5,40,Inaccuracy,r1bq1rk1/pp2npbp/2pp1np1/3Pp3/2P1P3/2NBBP2/PP1Q2PP/R3K1NR b KQ - 1 10,59,99
xzJpYcPm,22,Bd7,Bishop,Nh5,16,Good,r1bq1rk1/pp2npbp/3p1np1/3Pp3/4P3/2NBBP2/PP1Q2PP/R3K1NR b KQ - 0 11,99,115
xzJpYcPm,24,Nh5,Knight,Ne8,99,Mistake,r2q1rk1/pp1bnpbp/3p1np1/3Pp3/4P3/2NBBP2/PP1QN1PP/R3K2R b KQ - 2 12,89,188
xzJpYcPm,26,f5,Pawn,f5,-26,Good,r2q1rk1/pp1bnpbp/3p2p1/3Pp2n/4P3/2NBBP2/PP1QN1PP/R4RK1 b - - 4 13,103,77
xzJpYcPm,28,f4,Pawn,Bxh6,0,Good,r2q1rk1/pp1bn1bp/3p2pB/3Ppp1n/4P3/2NB1P2/PP1QN1PP/R4RK1 b - - 1 14,-41,-41
xzJpYcPm,30,Kxg7,King,Kxg7,4,Good,r2q1rk1/pp1bn1Bp/3p2p1/3Pp2n/4Pp2/2NB1P2/PP1QN1PP/R4RK1 b - - 0 15,-58,-54
xzJpYcPm,32,g5,Pawn,g5,-11,Good,r2q1r2/pp1bn1kp/3p2p1/3Pp2n/4Pp2/2NB1P2/PP1Q2PP/R1N2RK1 b - - 1 16,-103,-114
xzJpYcPm,34,Nf6,Knight,Ng6,-3,Good,r2q1r2/pp1bn1kp/3p4/3Pp1pn/4Pp2/2NB1P2/PP3QPP/R1N2RK1 b - - 1 17,-152,-155
xzJpYcPm,36,h5,Pawn,Ng6,22,Good,r2q1r2/pp1bn1kp/3p1n2/3Pp1p1/4Pp2/2NB1P1P/PP3QP1/R1N2RK1 b - - 0 18,-200,-178
xzJpYcPm,38,Ng6,Knight,g4,27,Good,r2q1r2/pp1bn1k1/3p1n2/3Pp1pp/4Pp2/2N2P1P/PP2BQP1/R1N2RK1 b - - 1 19,-262,-235
xzJpYcPm,40,fxg3,Pawn,hxg4,80,Inaccuracy,r2q1r2/pp1b2k1/3p1nn1/3Pp1pp/4PpP1/2N2P1P/PP2BQ2/R1N2RK1 b - g3 0 20,-399,-319
xzJpYcPm,42,Nf4,Knight,Kh6,12,Good,r2q1r2/pp1b2k1/3p1nn1/3Pp1pp/4P3/2N2PQP/PP2B3/R1N2RK1 b - - 0 21,-290,-278
xzJpYcPm,44,Rg8,Rook,g4,-7,Good,r2q1r2/pp1b2k1/3p1n2/3Pp1pp/4Pn1P/2N2PQ1/PP2B3/R1N2RK1 b - - 0 22,-288,-295
xzJpYcPm,46,Kf7,King,h4,44,Inaccuracy,r2q2r1/pp1b2k1/3p1n2/3Pp1Pp/4Pn2/2N2PQ1/PP2B3/R1N2RK1 b - - 0 23,-385,-341
xzJpYcPm,48,Rxg5,Rook,Rxg5,-3,Good,r2q2r1/pp1b1k2/3p1n2/3Pp1Pp/4Pn2/2N2PQ1/PP2B2K/R1N2R2 b - - 2 24,-404,-407
xzJpYcPm,50,Nxe4,Knight,Rg2+,-24,Good,r2q4/pp1b1k2/3p1n2/3Pp1rp/4Pn1Q/2N2P2/PP2B2K/R1N2R2 b - - 1 25,-710,-734
xzJpYcPm,52,exf4,Pawn,exf4,12,Good,r2q4/pp1b1k2/3p4/3Pp1rp/4nQ2/2N2P2/PP2B2K/R1N2R2 b - - 0 26,-749,-737
xzJpYcPm,54,Rg3,Rook,Rg8,0,Good,r2q4/pp1b1k2/3p4/3P2rp/4Np2/5P2/PP2B2K/R1N2R2 b - - 0 27,-9996,-9996
xzJpYcPm,56,Qh4+,Queen,Qh4+,-1,Good,r2q4/pp1b1k2/3p4/3P3p/5p2/5PN1/PP2B2K/R1N2R2 b - - 0 28,-9996,-9997
xzJpYcPm,58,Qxg3+,Queen,Qxg3+,-1,Good,r7/pp1b1k2/3p4/3P3p/5p1q/5PN1/PP2B1K1/R1N2R2 b - - 2 29,-9997,-9998
xzJpYcPm,60,Qh3+,Queen,Rg8,0,Good,r7/pp1b1k2/3p4/3P3p/5p2/5Pq1/PP2B3/R1N2R1K b - - 1 30,-9998,-9998
xzJpYcPm,62,Rg8+,Rook,Rg8+,-1,Good,r7/pp1b1k2/3p4/3P3p/5p2/5P1q/PP2B3/R1N2RK1 b - - 3 31,-9998,-9999
xzJpYcPm,64,Qg3#,Queen,Qg3#,-1,Good,6r1/pp1b1k2/3p4/3P3p/5p2/5P1q/PP2BK2/R1N2R2 b - - 5 32,-9999,-10000
RHRyr3Tu,2,c5,Pawn,c5,2,Good,rnbqkbnr/pppppppp/8/8/4P3/8/PPPP1PPP/RNBQKBNR b KQkq - 0 1,34,36
RHRyr3Tu,4,d6,Pawn,d6,7,Good,rnbqkbnr/pp1ppppp/8/2p5/4P3/5N2/PPPP1PPP/RNBQKB1R b KQkq - 1 2,39,46
RHRyr3Tu,6,cxd4,Pawn,Nf6,8,Good,rnbqkbnr/pp2pppp/3p4/2p5/3PP3/5N2/PPP2PPP/RNBQKB1R b KQkq - 0 3,50,58
RHRyr3Tu,8,Nf6,Knight,Nf6,16,Good,rnbqkbnr/pp2pppp/3p4/8/3NP3/8/PPP2PPP/RNBQKB1R b KQkq - 0 4,39,55
RHRyr3Tu,10,a6,Pawn,a6,-5,Good,rnbqkb1r/pp2pppp/3p1n2/8/3NP3/2N5/PPP2PPP/R1BQKB1R b KQkq - 2 5,44,39
RHRyr3Tu,12,Nbd7,Knight,e6,-8,Good,rnbqkb1r/1p2pppp/p2p1n2/6B1/3NP3/2N5/PPP2PPP/R2QKB1R b KQkq - 1 6,51,43
RHRyr3Tu,14,Qc7,Queen,Qc7,-12,Good,r1bqkb1r/1p1npppp/p2p1n2/6B1/3NPP2/2N5/PPP3PP/R2QKB1R b KQkq - 0 7,61,49
RHRyr3Tu,16,b5,Pawn,b5,-4,Good,r1b1kb1r/1pqnpppp/p2p1n2/6B1/3NPP2/2N2Q2/PPP3PP/R3KB1R b KQkq - 2 8,21,17
RHRyr3Tu,18,Bb7,Bishop,e6,27,Good,r1b1kb1r/2qnpppp/p2p1n2/1p4B1/3NPP2/2N2Q2/PPP3PP/2KR1B1R b kq - 1 9,29,56
RHRyr3Tu,20,e6,Pawn,e6,0,Good,r3kb1r/1bqnpppp/p2p1n2/1p4B1/3NPPP1/2N2Q2/PPP4P/2KR1B1R b kq - 0 10,0,0
RHRyr3Tu,22,Nxf6,Knight,b4,120,Mistake,r3kb1r/1bqn1ppp/p2ppB2/1p6/3NPPP1/2N2Q2/PPP4P/2KR1B1R b kq - 0 11,-42,78
RHRyr3Tu,24,Nd7,Knight,b4,-7,Good,r3kb1r/1bq2ppp/p2ppn2/1p4P1/3NPP2/2N2Q2/PPP4P/2KR1B1R b kq - 0 12,73,66
RHRyr3Tu,26,b4,Pawn,b4,15,Good,r3kb1r/1bqn1ppp/p2pp3/1p4P1/3NPP2/2N2Q1B/PPP4P/2KR3R b kq - 2 13,32,47
RHRyr3Tu,28,exd5,Pawn,exd5,-25,Good,r3kb1r/1bqn1ppp/p2pp3/3N2P1/1p1NPP2/5Q1B/PPP4P/2KR3R b kq - 1 14,45,20
RHRyr3Tu,30,Nc5,Knight,Be7,160,Mistake,r3kb1r/1bqn1ppp/p2p4/3P2P1/1p1N1P2/5Q1B/PPP4P/2KR3R b kq - 0 15,11,171
RHRyr3Tu,32,Kd8,King,Kd8,-6,Good,r3kb1r/1bq2ppp/p2p4/2nP2P1/1p1N1P2/5Q1B/PPP4P/2KRR3 b kq - 2 16,122,116
RHRyr3Tu,34,Bxc6,Bishop,Bxc6,11,Good,r2k1b1r/1bq2ppp/p1Np4/2nP2P1/1p3P2/5Q1B/PPP4P/2KRR3 b - - 4 17,123,134
RHRyr3Tu,36,Ra7,Rook,Rb8,110,Mistake,r2k1b1r/2q2ppp/p1Pp4/2n3P1/1p3P2/5Q1B/PPP4P/2KRR3 b - - 0 18,113,223
RHRyr3Tu,38,Qb6,Queen,Qb6,-36,Good,3k1b1r/r1q2ppp/p1Pp4/2nQ2P1/1p3P2/7B/PPP4P/2KRR3 b - - 2 19,228,192
RHRyr3Tu,40,Ne6,Knight,Be7,52,Inaccuracy,3k1b1r/r4ppp/pqPp4/2nQ2P1/1p3P2/7B/PPP1R2P/2KR4 b - - 4 20,125,177
RHRyr3Tu,42,Nf4,Knight,Nf4,-7,Good,3k1b1r/r4ppp/pqPpn3/3Q1PP1/1p6/7B/PPP1R2P/2KR4 b - - 0 21,-246,-253
RHRyr3Tu,44,Nxe2+,Knight,Nxe2+,-18,Good,3k1b1r/r4ppp/pqPp4/5PP1/1p2Qn2/7B/PPP1R2P/2KR4 b - - 2 22,-240,-258
RHRyr3Tu,46,Qxc6,Queen,Qxc6,0,Good,3k1b1r/r4ppp/pqPp4/5PP1/1p6/7B/PPP1Q2P/2KR4 b - - 0 23,-267,-267
RHRyr3Tu,48,Qb6,Queen,Qc5,21,Good,3k1b1r/r4ppp/p1qp4/5PP1/1p6/8/PPP1Q1BP/2KR4 b - - 1 24,-296,-275
RHRyr3Tu,50,gxf6,Pawn,gxf6,-4,Good,3k1b1r/r4ppp/pq1p1P2/6P1/1p6/8/PPP1Q1BP/2KR4 b - - 0 25,-317,-321
RHRyr3Tu,52,Rg8,Rook,Bh6+,-4,Good,3k1b1r/r4p1p/pq1p1P2/8/1p6/8/PPP1Q1BP/2KR4 b - - 0 26,-327,-331
RHRyr3Tu,54,Qb7,Queen,Qc5,308,Blunder,3k1br1/r4p1p/pq1p1P2/8/1p2Q3/8/PPP3BP/2KR4 b - - 2 27,-311,-3
RHRyr3Tu,56,Rxb7,Rook,Bh6+,1,Good,3k1br1/rQ3p1p/p2p1P2/8/1p6/8/PPP3BP/2KR4 b - - 0 28,-7,-6
RHRyr3Tu,58,Bh6+,Bishop,a5,3,Good,3k1br1/1B3p1p/p2p1P2/8/1p6/8/PPP4P/2KR4 b - - 0 29,-10,-7
RHRyr3Tu,60,Rg6,Rook,a5,7,Good,3k2r1/1B3p1p/p2p1P1b/8/1p6/8/PPP4P/1K1R4 b - - 2 30,-12,-5
RHRyr3Tu,62,Rxf6,Rook,Rxf6,0,Good,3k4/5p1p/p2p1Prb/3B4/1p6/8/PPP4P/1K1R4 b - - 4 31,-32,-32
RHRyr3Tu,64,bxa3,Pawn,bxa3,7,Good,3k4/5p1p/p2p1r1b/3B4/1p6/P7/1PP4P/1K1R4 b - - 0 32,-27,-20
RHRyr3Tu,66,Be3,Bishop,Be3,-27,Good,3k4/5p1p/p2p1r1b/3B4/8/pP6/2P4P/1K1R4 b - - 0 33,-85,-112
RHRyr3Tu,68,Bc5,Bishop,Bc5,-6,Good,3k4/5p1p/p2p1r2/3B4/8/pP2b3/K1P4P/3R4 b - - 2 34,-248,-254
RHRyr3Tu,70,a5,Pawn,Rf2+,-17,Good,3k4/5p1p/p2p1r2/2bB4/8/pPP5/K6P/3R4 b - - 0 35,-317,-334
RHRyr3Tu,72,Rf1,Rook,Rf5,24,Good,3k4/5p1p/3p1r2/p1bB4/8/pPP5/K2R3P/8 b - - 1 36,-356,-332
RHRyr3Tu,74,Rc1,Rook,f5,188,Mistake,3k4/5p1p/3p4/p1b5/4B3/pPP5/K2R3P/5r2 b - - 3 37,-401,-213
RHRyr3Tu,76,h6,Pawn,h6,1,Good,3k4/5p1p/3p4/p1b5/2P1B3/pP6/K2R3P/2r5 b - - 0 38,-446,-445
RHRyr3Tu,78,Rc3,Rook,f5,223,Blunder,3k4/5p2/3p3p/p1bB4/2P5/pP6/K2R3P/2r5 b - - 1 39,-457,-234
RHRyr3Tu,80,Ke7,King,Rh3,4,Good,3k4/5B2/3p3p/p1b5/2P5/pPr5/K2R3P/8 b - - 0 40,-232,-228
RHRyr3Tu,82,Kf6,King,Kf6,0,Good,8/4k3/3p3p/p1bB4/2P5/pPr5/K2R3P/8 b - - 2 41,-222,-222
RHRyr3Tu,84,Bd4,Bishop,Kg5,184,Mistake,8/8/3p1k1p/p1bB4/2P5/pPr5/K3R2P/8 b - - 4 42,-183,1
RHRyr3Tu,86,Bc5,Bishop,Bc5,5,Good,8/8/3p1k1p/p2B4/2Pb4/pPr5/K5RP/8 b - - 6 43,-162,-157
RHRyr3Tu,88,Kf5,King,Rc1,48,Inaccuracy,8/8/3p1k1p/p1bB4/2P5/pPr5/K3R2P/8 b - - 8 44,-202,-154
RHRyr3Tu,90,Kf4,King,Ke5,105,Mistake,8/8/3p3p/p1bB1k2/2P5/pPr5/K2R3P/8 b - - 10 45,-257,-152
RHRyr3Tu,92,Rxd3,Rook,Rxd3,-8760,Good,8/8/3p3p/p1bB4/2P2k2/pPrR4/K6P/8 b - - 12 46,-1231,-9991
VNa3B0zN,2,d5,Pawn,d5,-5,Good,rnbqkbnr/pppppppp/8/8/8/5N2/PPPPPPPP/RNBQKB1R b KQkq - 1 1,22,17
VNa3B0zN,4,d4,Pawn,d4,1,Good,rnbqkbnr/ppp1pppp/8/3p4/2P5/5N2/PP1PPPPP/RNBQKB1R b KQkq - 0 2,-11,-10
VNa3B0zN,6,c5,Pawn,Nc6,8,Good,rnbqkbnr/ppp1pppp/8/8/2Pp4/5NP1/PP1PPP1P/RNBQKB1R b KQkq - 0 3,-24,-16
VNa3B0zN,8,Nc6,Knight,Nc6,-10,Good,rnbqkbnr/pp2pppp/8/2p5/2Pp4/5NP1/PP1PPPBP/RNBQK2R b KQkq - 1 4,-20,-30
VNa3B0zN,10,e5,Pawn,e5,4,Good,r1bqkbnr/pp2pppp/2n5/2p5/2Pp4/5NP1/PP1PPPBP/RNBQ1RK1 b kq - 3 5,-24,-20
VNa3B0zN,12,Nf6,Knight,Be7,2,Good,r1bqkbnr/pp3ppp/2n5/2p1p3/2Pp4/3P1NP1/PP2PPBP/RNBQ1RK1 b kq - 0 6,-25,-23
VNa3B0zN,14,a5,Pawn,a5,7,Good,r1bqkb1r/pp3ppp/2n2n2/2p1p3/2Pp4/P2P1NP1/1P2PPBP/RNBQ1RK1 b kq - 0 7,-50,-43
VNa3B0zN,16,Be7,Bishop,Be7,11,Good,r1bqkb1r/1p3ppp/2n2n2/p1p1p1B1/2Pp4/P2P1NP1/1P2PPBP/RN1Q1RK1 b kq - 1 8,-70,-59
VNa3B0zN,18,O-O,King,O-O,0,Good,r1bqk2r/1p2bppp/2n2n2/p1p1p1B1/2Pp4/P2P1NP1/1P1NPPBP/R2Q1RK1 b kq - 3 9,-83,-83
VNa3B0zN,20,Bg4,Bishop,Bf5,15,Good,r1bq1rk1/1p2bppp/2n2n2/p1p1p1B1/2Pp4/P2P1NP1/1P1NPPBP/R2QR1K1 b - - 5 10,-69,-54
VNa3B0zN,22,Be6,Bishop,Be6,-8,Good,r2q1rk1/1p2bppp/2n2n2/p1p1p1B1/2Pp2b1/P2P1NPP/1P1NPPB1/R2QR1K1 b - - 0 11,-51,-59
VNa3B0zN,24,h6,Pawn,dxe3,82,Inaccuracy,r2q1rk1/1p2bppp/2n1bn2/p1p1p1B1/2Pp4/P2PPNPP/1P1N1PB1/R2QR1K1 b - - 0 12,-69,13
VNa3B0zN,26,Bxf6,Bishop,Bxf6,-5,Good,r2q1rk1/1p2bpp1/2n1bB1p/p1p1p3/2Pp4/P2PPNPP/1P1N1PB1/R2QR1K1 b - - 0 13,-5,-10
VNa3B0zN,28,exd4,Pawn,cxd4,10,Good,r2q1rk1/1p3pp1/2n1bb1p/p1p1p3/2PP4/P2P1NPP/1P1N1PB1/R2QR1K1 b - - 0 14,6,16
VNa3B0zN,30,fxe6,Pawn,fxe6,-16,Good,r2q1rk1/1p3pp1/2n1Rb1p/p1p5/2Pp4/P2P1NPP/1P1N1PB1/R2Q2K1 b - - 0 15,-23,-39
VNa3B0zN,32,Qd7,Queen,Qe7,3,Good,r2q1rk1/1p4p1/2n1pb1p/p1p5/2Pp4/P2P1NPP/1P1NQPB1/R5K1 b - - 1 16,-31,-28
VNa3B0zN,34,e5,Pawn,Ra6,75,Inaccuracy,r4rk1/1p1q2p1/2n1pb1p/p1p5/2Pp3P/P2P1NP1/1P1NQPB1/R5K1 b - - 0 17,-27,48
VNa3B0zN,36,Kh8,King,Qc7,54,Inaccuracy,r4rk1/1p1q2p1/2n2b1p/p1p1p3/2Pp3P/P2P1NP1/1P1NQPBK/R7 b - - 1 18,-20,34
VNa3B0zN,38,Qf7,Queen,Qe7,65,Inaccuracy,r4r1k/1p1q2p1/2n2b1p/p1p1p3/2Pp3P/P2P1NPB/1P1NQP1K/R7 b - - 3 19,-33,32
VNa3B0zN,40,Be7,Bishop,Bd8,-10,Good,r4r1k/1p3qp1/2n2b1p/p1p1p3/2PpN2P/P2P1NPB/1P2QP1K/R7 b - - 5 20,33,23
VNa3B0zN,42,Qg6,Queen,Ra6,14,Good,r4r1k/1p2bqp1/2n4p/p1p1p3/2PpN2P/P2P1NPB/1P2QPK1/R7 b - - 7 21,39,53
VNa3B0zN,44,Rf7,Rook,Ra6,73,Inaccuracy,r4r1k/1p2b1p1/2n3qp/p1p1p3/2PpN2P/P2P1NPB/1P2QPK1/4R3 b - - 9 22,27,100
VNa3B0zN,46,h5,Pawn,Bxh4,63,Inaccuracy,r6k/1p2brp1/2n3qp/p1p1p3/2PpN2P/P2P2PB/1P1NQPK1/4R3 b - - 11 23,-46,17
VNa3B0zN,48,Bxg5,Bishop,Bxg5,3,Good,r6k/1p2brp1/2n3q1/p1p1p1Np/2Pp3P/P2P2PB/1P1NQPK1/4R3 b - - 1 24,-25,-22
VNa3B0zN,50,Qxg5,Queen,Raf8,54,Inaccuracy,r6k/1p3rp1/2n3q1/p1p1p1Pp/2Pp4/P2P2PB/1P1NQPK1/4R3 b - - 0 25,-17,37
VNa3B0zN,52,Qg6,Queen,Qh6,64,Inaccuracy,r6k/1p3rp1/2n5/p1p1p1qp/2PpN3/P2P2PB/1P2QPK1/4R3 b - - 1 26,23,87
VNa3B0zN,54,Kg8,King,Rf4,167,Mistake,r6k/1p3rp1/2n3q1/p1p1p2p/2PpN3/P2P2PB/1P2QPK1/7R b - - 3 27,37,204
VNa3B0zN,56,Re8,Rook,b6,46,Inaccuracy,r5k1/1p3rp1/2n3q1/p1N1p2p/2Pp4/P2P2PB/1P2QPK1/7R b - - 0 28,-47,-1
VNa3B0zN,58,e4,Pawn,e4,13,Good,4r1k1/1p3rp1/2n3q1/p1N1p2p/2Pp4/P2P2PB/1P2QP2/6KR b - - 2 29,-51,-38
VNa3B0zN,60,Ne5,Knight,Ne5,7,Good,4r1k1/1p3rp1/2n3q1/p6p/2PpN3/P2P2PB/1P2QP2/6KR b - - 0 30,-45,-38
VNa3B0zN,62,Ng4,Knight,Ng4,4,Good,4r1k1/1p3rp1/6q1/p3n2p/2PpN3/P2P2P1/1P2QPB1/6KR b - - 2 31,-50,-46
VNa3B0zN,64,Nf6,Knight,Ref8,158,Mistake,4r1k1/1p3rp1/6q1/p6p/2PpN1n1/P2P1BP1/1P2QP2/6KR b - - 4 32,-50,108
VNa3B0zN,66,Re5,Rook,Re5,-12,Good,4r1k1/1p3rp1/5nq1/p6p/2PpN2R/P2P1BP1/1P2QP2/6K1 b - - 6 33,71,59
VNa3B0zN,68,b6,Pawn,Qh6,50,Inaccuracy,6k1/1p3rp1/5nq1/p3r2p/2PpN2R/P2P1BP1/1P2QPK1/8 b - - 8 34,15,65
VNa3B0zN,70,Nxe4,Knight,Rf8,64,Inaccuracy,6k1/5rp1/1p3nq1/p3r2p/2PpN2R/P2P1BP1/1P3PK1/3Q4 b - - 1 35,23,87
VNa3B0zN,72,Qe6,Queen,Qf6,148,Mistake,6k1/5rp1/1p4q1/p3r2p/2PpB2R/P2P2P1/1P3PK1/3Q4 b - - 0 36,90,238
VNa3B0zN,74,Rxe4,Rook,Rxe4,-35,Good,6k1/5rp1/1p2q3/p3r2R/2PpB3/P2P2P1/1P3PK1/3Q4 b - - 0 37,253,218
VNa3B0zN,76,Qxe4+,Queen,Qxe4+,33,Inaccuracy,6k1/5rp1/1p2q3/p6R/2PpP3/P5P1/1P3PK1/3Q4 b - - 0 38,258,291
VNa3B0zN,78,Rd7,Rook,Re7,212,Blunder,6k1/5rp1/1p6/p6R/2Ppq3/P5P1/1P3P2/3Q2K1 b - - 1 39,34,246
VNa3B0zN,80,Rxd5,Rook,Rxd5,22,Good,6k1/3r2p1/1p6/p2R4/2Ppq3/P5P1/1P3P2/3Q2K1 b - - 3 40,-26,-4
VNa3B0zN,82,Qxd5,Queen,d3,0,Good,6k1/6p1/1p6/p2P4/3pq3/P5P1/1P3P2/3Q2K1 b - - 0 41,0,0
VNa3B0zN,84,b5,Pawn,a4,0,Good,6k1/6p1/1p6/p2q4/3p4/P2Q2P1/1P3P2/6K1 b - - 1 42,0,0
VNa3B0zN,86,a4,Pawn,axb4,5,Good,6k1/6p1/8/pp1q4/1P1p4/P2Q2P1/5P2/6K1 b - - 0 43,-5,0
VNa3B0zN,88,Kf7,King,g5,0,Good,6k1/6p1/8/1p1q4/pP1p4/P2Q2P1/5P2/5K2 b - - 1 44,0,0
VNa3B0zN,90,Kf6,King,g5,11,Good,8/5kp1/8/1p1q4/pP1p4/P2Q2P1/4KP2/8 b - - 3 45,0,11
VNa3B0zN,92,Qxf3+,Queen,Qxf3+,3,Good,8/6p1/5k2/1p1q4/pP1p4/P4QP1/4KP2/8 b - - 5 46,5,8
VNa3B0zN,94,Kf5,King,Kf5,0,Good,8/6p1/5k2/1p6/pP1p4/P4KP1/5P2/8 b - - 0 47,15,15
VNa3B0zN,96,Kg4,King,Kg4,4,Good,8/6p1/8/1p3k2/pP1p4/P5P1/4KP2/8 b - - 2 48,12,16
VNa3B0zN,98,Kf3,King,Kf3,3,Good,8/6p1/8/1p6/pP1p2k1/P2K2P1/5P2/8 b - - 4 49,16,19
VNa3B0zN,100,Kxf2,King,Kxf2,18,Good,8/6p1/8/1p6/pP1K4/P4kP1/5P2/8 b - - 0 50,0,18
VNa3B0zN,102,Kxg3,King,Kxg3,2,Good,8/6p1/8/1pK5/pP6/P5P1/5k2/8 b - - 1 51,21,23
VNa3B0zN,104,g5,Pawn,Kf3,2,Good,8/6p1/8/1K6/pP6/P5k1/8/8 b - - 0 52,22,24
VNa3B0zN,106,g4,Pawn,Kf3,-3,Good,8/8/8/6p1/KP6/P5k1/8/8 b - - 0 53,23,20
VNa3B0zN,108,Kf3,King,Kf3,1,Good,8/8/8/1P6/K5p1/P5k1/8/8 b - - 0 54,19,20
VNa3B0zN,110,g3,Pawn,g3,-4,Good,8/8/1P6/8/K5p1/P4k2/8/8 b - - 0 55,24,20
VNa3B0zN,112,g2,Pawn,g2,4,Good,8/1P6/8/8/K7/P4kp1/8/8 b - - 0 56,24,28
VNa3B0zN,114,g1=Q,Pawn,g1=Q,0,Good,1Q6/8/8/8/K7/P4k2/6p1/8 b - - 0 57,21,21
VNa3B0zN,116,Kf4,King,Ke2,-2,Good,8/1Q6/8/8/K7/P4k2/8/6q1 b - - 1 58,28,26
VNa3B0zN,118,Ke4,King,Ke5,0,Good,8/5Q2/8/8/K4k2/P7/8/6q1 b - - 3 59,21,21
VNa3B0zN,120,Kf4,King,Kd3,1,Good,8/8/4Q3/8/K3k3/P7/8/6q1 b - - 5 60,23,24
VNa3B0zN,122,Ke4,King,Kf5,7,Good,8/8/3Q4/8/K4k2/P7/8/6q1 b - - 7 61,13,20
VNa3B0zN,124,Kf4,King,Kf5,2,Good,8/8/2Q5/8/K3k3/P7/8/6q1 b - - 9 62,21,23
VNa3B0zN,126,Ke4,King,Kf5,6,Good,8/2Q5/8/8/K4k2/P7/8/6q1 b - - 11 63,19,25
VNa3B0zN,128,Kf5,King,Ke5,23,Good,8/8/8/8/K1Q1k3/P7/8/6q1 b - - 13 64,6,29
VNa3B0zN,130,Qb1+,Queen,Kf6,15,Good,8/8/8/5k2/1KQ5/P7/8/6q1 b - - 15 65,15,30
VNa3B0zN,132,Qg1+,Queen,Qg1+,-1,Good,8/8/8/2K2k2/2Q5/P7/8/1q6 b - - 17 66,27,26
VNa3B0zN,134,Qxd4+,Queen,Qxd4+,0,Good,8/8/8/2K2k2/3Q4/P7/8/6q1 b - - 19 67,0,0
VNa3B0zN,136,Ke6,King,Ke6,0,Good,8/8/8/5k2/3K4/P7/8/8 b - - 0 68,0,0
VNa3B0zN,138,Kd7,King,Kd7,0,Good,8/8/4k3/2K5/8/P7/8/8 b - - 2 69,0,0
VNa3B0zN,140,Kc8,King,Kc8,0,Good,8/3k4/1K6/8/8/P7/8/8 b - - 4 70,0,0
VNa3B0zN,142,Kc7,King,Kc7,0,Good,2k5/K7/8/8/8/P7/8/8 b - - 6 71,0,0
VNa3B0zN,144,Kc8,King,Kc6,0,Good,8/2k5/K7/8/8/P7/8/8 b - - 8 72,0,0
VNa3B0zN,146,Kc7,King,Kc7,0,Good,2k5/K7/8/8/8/P7/8/8 b - - 10 73,0,0
VNa3B0zN,148,Kc8,King,Kb8,0,Good,8/2k5/K7/8/8/P7/8/8 b - - 12 74,0,0
VNa3B0zN,150,Kb8,King,Kb8,0,Good,2k5/8/1K6/8/8/P7/8/8 b - - 14 75,0,0
VNa3B0zN,152,Ka8,King,Ka8,0,Good,1k6/8/1K6/8/P7/8/8/8 b - - 0 76,0,0
VNa3B0zN,154,Kb8,King,Kb8,0,Good,k7/8/K7/8/P7/8/8/8 b - - 2 77,0,0
VNa3B0zN,156,Ka8,King,Ka8,0,Good,1k6/8/1K6/8/P7/8/8/8 b - - 4 78,0,0
VNa3B0zN,158,Kb8,King,Kb8,0,Good,k7/8/K7/8/P7/8/8/8 b - - 6 79,0,0
VNa3B0zN,160,Ka8,King,Kb7,0,Good,1k6/8/8/K7/P7/8/8/8 b - - 8 80,0,0
VNa3B0zN,162,Kb8,King,Ka7,0,Good,k7/8/8/1K6/P7/8/8/8 b - - 10 81,0,0
F8Gcbngo,2,c6,Pawn,c5,4,Good,rnbqkbnr/pppppppp/8/8/4P3/8/PPPP1PPP/RNBQKBNR b KQkq - 0 1,35,39
F8Gcbngo,4,d5,Pawn,d5,8,Good,rnbqkbnr/pp1ppppp/2p5/8/4P3/5N2/PPPP1PPP/RNBQKB1R b KQkq - 1 2,26,34
F8Gcbngo,6,cxd5,Pawn,cxd5,12,Good,rnbqkbnr/pp2pppp/2p5/3P4/8/5N2/PPPP1PPP/RNBQKB1R b KQkq - 0 3,14,26
F8Gcbngo,8,Bg4,Bishop,Nf6,11,Good,rnbqkbnr/pp2pppp/8/3p4/3P4/5N2/PPP2PPP/RNBQKB1R b KQkq - 0 4,20,31
F8Gcbngo,10,Bh5,Bishop,Bxf3,90,Mistake,rn1qkbnr/pp2pppp/8/3p4/3P2b1/5N1P/PPP2PP1/RNBQKB1R b KQkq - 0 5,42,132
F8Gcbngo,12,Bg6,Bishop,Bg6,14,Good,rn1qkbnr/pp2pppp/8/3p3b/3P2P1/5N1P/PPP2P2/RNBQKB1R b KQkq - 0 6,101,115
F8Gcbngo,14,Nf6,Knight,a6,92,Mistake,rn1qkbnr/pp2pppp/6b1/3pN3/3P2P1/7P/PPP2P2/RNBQKB1R b KQkq - 2 7,111,203
F8Gcbngo,16,Nbd7,Knight,Nfd7,10,Good,rn1qkb1r/pp2pppp/5nb1/1B1pN3/3P2P1/7P/PPP2P2/RNBQK2R b KQkq - 4 8,192,202
F8Gcbngo,18,a6,Pawn,Rc8,74,Inaccuracy,r2qkb1r/pp1npppp/5nb1/1B1pN3/3P2PP/8/PPP2P2/RNBQK2R b KQkq - 0 9,194,268
F8Gcbngo,20,Nxd7,Knight,Nxd7,11,Good,r2qkb1r/1p1Bpppp/p4nb1/3pN3/3P2PP/8/PPP2P2/RNBQK2R b KQkq - 0 10,286,297
F8Gcbngo,22,Nxe5,Knight,Nxe5,8,Good,r2qkb1r/1p1npppp/p5b1/3pN2P/3P2P1/8/PPP2P2/RNBQK2R b KQkq - 0 11,287,295
F8Gcbngo,24,Be4,Bishop,Qa5+,15,Good,r2qkb1r/1p2pppp/p5b1/3pP2P/6P1/8/PPP2P2/RNBQK2R b KQkq - 0 12,303,318
F8Gcbngo,26,Bf5,Bishop,Qa5+,127,Mistake,r2qkb1r/1p2pppp/p7/3pP2P/4b1P1/5P2/PPP5/RNBQK2R b KQkq - 0 13,313,440
F8Gcbngo,28,e6,Pawn,Qc7,32,Inaccuracy,r2qkb1r/1p2pppp/p7/3pPP1P/8/5P2/PPP5/RNBQK2R b KQkq - 0 14,411,443
F8Gcbngo,30,fxe6,Pawn,fxe6,-21,Good,r2qkb1r/1p3ppp/p3P3/3pP2P/8/5P2/PPP5/RNBQK2R b KQkq - 0 15,385,364
F8Gcbngo,32,Bb4+,Bishop,Rc8,43,Inaccuracy,r2qkb1r/1p4pp/p3p3/3pP2P/5P2/8/PPP5/RNBQK2R b KQkq - 0 16,330,373
F8Gcbngo,34,Bc5,Bishop,Bc5,8,Good,r2qk2r/1p4pp/p3p3/3pP2P/1b3P2/2P5/PP6/RNBQK2R b KQkq - 0 17,357,365
F8Gcbngo,36,O-O,King,O-O,37,Inaccuracy,r2qk2r/1p4pp/p3p3/2bpP2P/5P2/2P5/PP1N4/R1BQK2R b KQkq - 2 18,353,390
F8Gcbngo,38,Be3,Bishop,d4,49,Inaccuracy,r2q1rk1/1p4pp/p3p3/2bpP2P/5PQ1/2P5/PP1N4/R1B1K2R b KQ - 4 19,346,395
F8Gcbngo,40,Rxf4,Rook,Qb6,218,Blunder,r2q1rk1/1p4pp/p3p3/3pP2P/5PQ1/2P1bN2/PP6/R1B1K2R b KQ - 6 20,264,482
F8Gcbngo,42,Kh8,King,Kh8,10,Good,r2q2k1/1p4pp/p3Q3/3pP2P/5r2/2P1bN2/PP6/R1B1K2R b KQ - 0 21,496,506
F8Gcbngo,44,Rxf3,Rook,Rxf3,-50,Good,r2q3k/1p4pp/p3Q3/3pP2P/5r2/2P1BN2/PP6/R3K2R b KQ - 0 22,541,491
F8Gcbngo,46,Qg5,Queen,Qg5,29,Good,r2q3k/1p4pp/p3Q3/3pP2P/3B4/2P2r2/PP6/R3K2R b KQ - 1 23,529,558
F8Gcbngo,48,Qg3+,Queen,Rg3,16,Good,r6k/1p4pp/p3Q2P/3pP1q1/3B4/2P2r2/PP6/R3K2R b KQ - 0 24,584,600
F8Gcbngo,50,g6,Pawn,a5,129,Mistake,r6k/1p4pp/p3Q2P/3pP3/3B4/2P2rq1/PP6/R2K3R b - - 2 25,604,733
F8Gcbngo,52,Rd3+,Rook,Qf4,84,Inaccuracy,r6k/1p5p/p5pP/3QP3/3B4/2P2rq1/PP6/R2K3R b - - 0 26,576,660
F8Gcbngo,54,Rf8,Rook,Qf3,9353,Blunder,r6k/1p5p/p5pP/3QP3/3B4/2Pr2q1/PPK5/R6R b - - 2 27,642,9995
F8Gcbngo,56,Rxd4,Rook,Rxd4,0,Good,5r1k/1p5p/p3P1pP/3Q4/3B4/2Pr2q1/PPK5/R6R b - - 0 28,9996,9996
F8Gcbngo,58,Kg8,King,Qe5,2,Good,5r1k/1p5p/p3P1pP/8/3Q4/2P3q1/PPK5/R6R b - - 0 29,9997,9999
PrEFxbGV,2,d5,Pawn,c5,25,Good,rnbqkbnr/pppppppp/8/8/4P3/8/PPPP1PPP/RNBQKBNR b KQkq - 0 1,40,65
PrEFxbGV,4,c5,Pawn,c5,4,Good,rnbqkbnr/ppp1pppp/8/3pP3/8/8/PPPP1PPP/RNBQKBNR b KQkq - 0 2,-22,-18
PrEFxbGV,6,Nc6,Knight,Nc6,-7,Good,rnbqkbnr/pp2pppp/8/2ppP3/8/3P4/PPP2PPP/RNBQKBNR b KQkq - 0 3,-78,-85
PrEFxbGV,8,Bg4,Bishop,Bg4,5,Good,r1bqkbnr/pp2pppp/2n5/2ppP3/8/3P1N2/PPP2PPP/RNBQKB1R b KQkq - 2 4,-102,-97
PrEFxbGV,10,Bxf3,Bishop,Bxf3,4,Good,r2qkbnr/pp2pppp/2n5/2ppP3/6b1/3P1N1P/PPP2PP1/RNBQKB1R b KQkq - 0 5,-159,-155
PrEFxbGV,12,Nxe5,Knight,Nxe5,-11,Good,r2qkbnr/pp2pppp/2n5/2ppP3/8/3P1Q1P/PPP2PP1/RNB1KB1R b KQkq - 0 6,-142,-153
PrEFxbGV,14,Nc6,Knight,Nc6,-12,Good,r2qkbnr/pp2pppp/8/2ppn3/8/3P3P/PPP1QPP1/RNB1KB1R b KQkq - 1 7,-147,-159
PrEFxbGV,16,e6,Pawn,g6,-6,Good,r2qkbnr/pp2pppp/2n5/2pp4/8/3PB2P/PPP1QPP1/RN2KB1R b KQkq - 3 8,-191,-197
PrEFxbGV,18,Nf6,Knight,Bd6,43,Inaccuracy,r2qkbnr/pp3ppp/2n1p3/2pp4/8/3PBP1P/PPP1Q1P1/RN2KB1R b KQkq - 0 9,-308,-265
PrEFxbGV,20,Bd6,Bishop,Nd4,37,Inaccuracy,r2qkb1r/pp3ppp/2n1pn2/2pp4/8/3PBPPP/PPP1Q3/RN2KB1R b KQkq - 0 10,-297,-260
PrEFxbGV,22,O-O,King,O-O,17,Good,r2qk2r/pp3ppp/2nbpn2/2pp4/8/3P1PPP/PPP1QB2/RN2KB1R b KQkq - 2 11,-335,-318
PrEFxbGV,24,b5,Pawn,Re8,52,Inaccuracy,r2q1rk1/pp3ppp/2nbpn2/2pp4/8/3P1PPP/PPPNQB2/R3KB1R b KQ - 4 12,-348,-296
PrEFxbGV,26,a5,Pawn,Qc7,70,Inaccuracy,r2q1rk1/p4ppp/2nbpn2/1ppp4/8/3P1PPP/PPPNQBB1/R3K2R b KQ - 1 13,-304,-234
PrEFxbGV,28,Qc7,Queen,a4,14,Good,r2q1rk1/5ppp/2nbpn2/pppp4/8/3P1PPP/PPPNQBB1/R4RK1 b - - 1 14,-257,-243
PrEFxbGV,30,bxc4,Pawn,bxc4,10,Good,r4rk1/2q2ppp/2nbpn2/pppp4/2P5/3P1PPP/PP1NQBB1/R4RK1 b - - 0 15,-372,-362
PrEFxbGV,32,Bxg3,Bishop,Bxg3,-5,Good,r4rk1/2q2ppp/2nbpn2/p1pp4/2P5/5PPP/PP1NQBB1/R4RK1 b - - 0 16,-356,-361
PrEFxbGV,34,Qxg3,Queen,Qxg3,2,Good,r4rk1/2q2ppp/2n1pn2/p1pp4/2P5/5PBP/PP1NQ1B1/R4RK1 b - - 0 17,-371,-369
PrEFxbGV,36,Qd6,Queen,Qf4,40,Inaccuracy,r4rk1/5ppp/2n1pn2/p1pp4/2P5/5PqP/PP1N1QB1/R4RK1 b - - 1 18,-433,-393
PrEFxbGV,38,Nd4,Knight,Nd4,-14,Good,r4rk1/5ppp/2nqpn2/p1pp4/2P5/5P1P/PP1N1QB1/3R1RK1 b - - 3 19,-401,-415
PrEFxbGV,40,Nxb3,Knight,Nxb3,-11,Good,r4rk1/5ppp/3qpn2/p1pp4/2Pn4/1N3P1P/PP3QB1/3R1RK1 b - - 5 20,-441,-452
PrEFxbGV,42,Rab8,Rook,Rab8,2,Good,r4rk1/5ppp/3qpn2/p1pp4/2P5/1P3P1P/1P3QB1/3R1RK1 b - - 0 21,-435,-433
PrEFxbGV,44,exd5,Pawn,exd5,18,Good,1r3rk1/5ppp/3qpn2/p1pP4/8/1P3P1P/1P3QB1/3R1RK1 b - - 0 22,-455,-437
PrEFxbGV,46,Rxb3,Rook,Rxb3,28,Good,1r3rk1/5ppp/3q1n2/p1pp4/5P2/1P5P/1P3QB1/3R1RK1 b - - 0 23,-475,-447
PrEFxbGV,48,Rfb8,Rook,Rb4,36,Inaccuracy,5rk1/5ppp/3q1n2/p1pp4/5P2/1r5P/1P1R1QB1/5RK1 b - - 1 24,-498,-462
PrEFxbGV,50,d4,Pawn,d4,22,Good,1r4k1/5ppp/3q1n2/p1pp4/5P2/1r5P/1P1R1QB1/3R2K1 b - - 3 25,-531,-509
PrEFxbGV,52,Rxf3,Rook,Rxf3,4,Good,1r4k1/5ppp/3q1n2/p1p5/3p1P2/1r3Q1P/1P1R2B1/3R2K1 b - - 1 26,-715,-711
PrEFxbGV,54,Qxf4,Queen,Qxf4,15,Good,1r4k1/5ppp/3q1n2/p1p5/3p1P2/5B1P/1P1R4/3R2K1 b - - 0 27,-734,-719
PrEFxbGV,56,Qxd2,Queen,Qg3+,-8,Good,1r4k1/5ppp/5n2/p1p5/3p1q2/5B1P/1P1R4/4R1K1 b - - 1 28,-853,-861
nAurGbiB,2,d5,Pawn,Nf6,1,Good,rnbqkbnr/pppppppp/8/8/5P2/8/PPPPP1PP/RNBQKBNR b KQkq - 0 1,-26,-25
GIvHUpsO,2,e5,Pawn,e5,8,Good,rnbqkbnr/pppppppp/8/8/4P3/8/PPPP1PPP/RNBQKBNR b KQkq - 0 1,30,38
IMZRvk9S,2,Nc6,Knight,Nf6,39,Inaccuracy,rnbqkbnr/pppppppp/8/8/5P2/8/PPPPP1PP/RNBQKBNR b KQkq - 0 1,-22,17
IMZRvk9S,4,f5,Pawn,e5,64,Inaccuracy,r1bqkbnr/pppppppp/2n5/8/2P2P2/8/PP1PP1PP/RNBQKBNR b KQkq - 0 2,-25,39
XmlaRFiD,2,d5,Pawn,d5,0,Good,rnbqkbnr/pppppppp/8/8/3P4/8/PPP1PPPP/RNBQKBNR b KQkq - 0 1,29,29
IrDyHWqV,2,e5,Pawn,e5,2,Good,rnbqkbnr/pppppppp/8/8/4P3/8/PPPP1PPP/RNBQKBNR b KQkq - 0 1,37,39
IrDyHWqV,4,c6,Pawn,d5,79,Inaccuracy,rnbqkbnr/pppp1ppp/8/4p3/4P3/2P5/PP1P1PPP/RNBQKBNR b KQkq - 0 2,-33,46
IrDyHWqV,6,g6,Pawn,d5,84,Inaccuracy,rnbqkbnr/pp1p1ppp/2p5/4p3/4P3/2P3P1/PP1P1P1P/RNBQKBNR b KQkq - 0 3,-37,47
IrDyHWqV,8,f6,Pawn,d6,48,Inaccuracy,rnbqkbnr/pp1p1p1p/2p3p1/4p3/3PP3/2P3P1/PP3P1P/RNBQKBNR b KQkq - 0 4,37,85
nVj5bE4F,2,f5,Pawn,Nf6,40,Inaccuracy,rnbqkbnr/pppppppp/8/8/3P4/8/PPP1PPPP/RNBQKBNR b KQkq - 0 1,20,60
nVj5bE4F,4,g6,Pawn,e6,56,Inaccuracy,rnbqkbnr/ppppp1pp/8/5p2/3P4/2P5/PP2PPPP/RNBQKBNR b KQkq - 0 2,26,82
nVj5bE4F,6,Nf6,Knight,Nf6,-2,Good,rnbqkbnr/ppppp2p/6p1/5p2/3P4/2P3P1/PP2PP1P/RNBQKBNR b KQkq - 0 3,42,40
nVj5bE4F,8,d5,Pawn,Nc6,-1,Good,rnbqkb1r/ppppp2p/5np1/5p2/3P4/2P3P1/PP1NPP1P/R1BQKBNR b KQkq - 2 4,39,38
PBizIEbt,2,e6,Pawn,c5,18,Good,rnbqkbnr/pppppppp/8/8/4P3/8/PPPP1PPP/RNBQKBNR b KQkq - 0 1,25,43
E2LBqy9E,2,e6,Pawn,e5,9,Good,rnbqkbnr/pppppppp/8/8/4P3/8/PPPP1PPP/RNBQKBNR b KQkq - 0 1,33,42
E2LBqy9E,4,d5,Pawn,d5,0,Good,rnbqkbnr/pppp1ppp/4p3/8/4P3/5P2/PPPP2PP/RNBQKBNR b KQkq - 0 2,-64,-64
WZtLeb0T,2,e5,Pawn,c5,2,Good,rnbqkbnr/pppppppp/8/8/4P3/8/PPPP1PPP/RNBQKBNR b KQkq - 0 1,39,41
eI3tWoDB,2,d5,Pawn,Nf6,5,Good,rnbqkbnr/pppppppp/8/8/3P4/8/PPP1PPPP/RNBQKBNR b KQkq - 0 1,25,30
eI3tWoDB,4,e6,Pawn,e6,2,Good,rnbqkbnr/ppp1pppp/8/3p4/2PP4/8/PP2PPPP/RNBQKBNR b KQkq - 0 2,25,27
eI3tWoDB,6,Nf6,Knight,Nf6,3,Good,rnbqkbnr/ppp2ppp/4p3/3p4/2PP4/5N2/PP2PPPP/RNBQKB1R b KQkq - 1 3,24,27
JFQ1t1Ql,2,e5,Pawn,c5,11,Good,rnbqkbnr/pppppppp/8/8/4P3/8/PPPP1PPP/RNBQKBNR b KQkq - 0 1,38,49
JFQ1t1Ql,4,g6,Pawn,d5,137,Mistake,rnbqkbnr/pppp1ppp/8/4p3/4P3/6P1/PPPP1P1P/RNBQKBNR b KQkq - 0 2,-70,67
JFQ1t1Ql,6,d6,Pawn,exf4,54,Inaccuracy,rnbqkbnr/pppp1p1p/6p1/4p3/4PP2/6P1/PPPP3P/RNBQKBNR b KQkq - 0 3,-52,2
P6bUNrmE,2,e5,Pawn,e5,1,Good,rnbqkbnr/pppppppp/8/8/4P3/8/PPPP1PPP/RNBQKBNR b KQkq - 0 1,35,36
u7qQLIp9,2,d5,Pawn,c5,28,Good,rnbqkbnr/pppppppp/8/8/4P3/8/PPPP1PPP/RNBQKBNR b KQkq - 0 1,40,68
u7qQLIp9,4,e6,Pawn,c5,46,Inaccuracy,rnbqkbnr/ppp1pppp/8/3pP3/8/8/PPPP1PPP/RNBQKBNR b KQkq - 0 2,-15,31
u7qQLIp9,6,c5,Pawn,c5,1,Good,rnbqkbnr/ppp2ppp/4p3/3pP3/3P4/8/PPP2PPP/RNBQKBNR b KQkq - 0 3,33,34
u7qQLIp9,8,Ne7,Knight,Nc6,-2,Good,rnbqkbnr/pp3ppp/4p3/2ppP3/3P4/2P5/PP3PPP/RNBQKBNR b KQkq - 0 4,41,39
W4mxk4uV,2,c5,Pawn,e5,15,Good,rnbqkbnr/pppppppp/8/8/2P5/8/PP1PPPPP/RNBQKBNR b KQkq - 0 1,7,22
W4mxk4uV,4,cxd4,Pawn,cxd4,2,Good,rnbqkbnr/pp1ppppp/8/2p5/2PP4/8/PP2PPPP/RNBQKBNR b KQkq - 0 2,-17,-15
ohrSIopx,2,c5,Pawn,e6,4,Good,rnbqkbnr/pppppppp/8/8/4P3/8/PPPP1PPP/RNBQKBNR b KQkq - 0 1,40,44
ohrSIopx,4,d6,Pawn,d6,11,Good,rnbqkbnr/pp1ppppp/8/2p5/4P3/5N2/PPPP1PPP/RNBQKB1R b KQkq - 1 2,43,54
ohrSIopx,6,cxd4,Pawn,cxd4,-5,Good,rnbqkbnr/pp2pppp/3p4/2p5/3PP3/5N2/PPP2PPP/RNBQKB1R b KQkq - 0 3,43,38
ohrSIopx,8,Nf6,Knight,Nf6,-8,Good,rnbqkbnr/pp2pppp/3p4/8/3NP3/8/PPP2PPP/RNBQKB1R b KQkq - 0 4,42,34
ohrSIopx,10,a6,Pawn,a6,-5,Good,rnbqkb1r/pp2pppp/3p1n2/8/3NP3/2N5/PPP2PPP/R1BQKB1R b KQkq - 2 5,34,29
ohrSIopx,12,e5,Pawn,e5,-14,Good,rnbqkb1r/1p2pppp/p2p1n2/8/3NP3/2N5/PPP2PPP/R1BQKBR1 b Qkq - 1 6,36,22
ohrSIopx,14,Be6,Bishop,Be6,18,Good,rnbqkb1r/1p3ppp/p2p1n2/4p3/4P3/1NN5/PPP2PPP/R1BQKBR1 b Qkq - 1 7,23,41
ohrSIopx,16,d5,Pawn,d5,2,Good,rn1qkb1r/1p3ppp/p2pbn2/4p3/4P1P1/1NN5/PPP2P1P/R1BQKBR1 b Qkq - 0 8,28,30
ohrSIopx,18,Nxd5,Knight,Nxd5,8,Good,rn1qkb1r/1p3ppp/p3bn2/3Pp3/6P1/1NN5/PPP2P1P/R1BQKBR1 b Qkq - 0 9,18,26
ohrSIopx,20,Qxd5,Queen,Qxd5,4,Good,rn1qkb1r/1p3ppp/p3b3/3Np3/6P1/1N6/PPP2P1P/R1BQKBR1 b Qkq - 0 10,14,18
ohrSIopx,22,Nc6,Knight,Nc6,-6,Good,rn2kb1r/1p3ppp/p3b3/3qp3/6P1/1N2B3/PPP2P1P/R2QKBR1 b Qkq - 1 11,18,12
ohrSIopx,24,Bxd5,Bishop,Bxd5,-6,Good,r3kb1r/1p3ppp/p1n1b3/3Qp3/6P1/1N2B3/PPP2P1P/R3KBR1 b Qkq - 0 12,19,13
ohrSIopx,26,O-O-O,King,O-O-O,8,Good,r3kb1r/1p3ppp/p1n5/3bp3/6P1/1N2B3/PPP2P1P/2KR1BR1 b kq - 1 13,12,20
ohrSIopx,28,Be7,Bishop,Kc7,12,Good,2kr1b1r/1p3ppp/p1n5/3bp3/6P1/1NP1B3/PP3P1P/2KR1BR1 b - - 0 14,0,12
ohrSIopx,30,Be6,Bishop,Kc7,8,Good,2kr3r/1p2bppp/p1n5/3bp1P1/8/1NP1B3/PP3P1P/2KR1BR1 b - - 0 15,16,24
ohrSIopx,32,Kc7,King,Rxd1+,15,Good,2kr3r/1p2bppp/p1n1b3/4p1P1/8/1NP1B3/PP3PBP/2KR2R1 b - - 2 16,-11,4
ohrSIopx,34,exf4,Pawn,Rxd1+,62,Inaccuracy,3r3r/1pk1bppp/p1n1b3/4p1P1/5P2/1NP1B3/PP4BP/2KR2R1 b - - 0 17,-36,26
ohrSIopx,36,Kc8,King,Kb6,2,Good,3r3r/1pk1bppp/p1n1b3/6P1/5B2/1NP5/PP4BP/2KR2R1 b - - 0 18,27,29
ohrSIopx,38,Rxd1+,Rook,Rxd1+,2,Good,2kr3r/1p2bppp/p1n1b3/6P1/4BB2/1NP5/PP5P/2KR2R1 b - - 2 19,4,6
ohrSIopx,40,Rd8,Rook,h6,64,Inaccuracy,2k4r/1p2bppp/p1n1b3/6P1/4BB2/1NP5/PP5P/2KR4 b - - 0 20,-33,31
ohrSIopx,42,g6,Pawn,Kd7,-5,Good,2kr4/1p2bppp/p1n1b3/6P1/4BB2/1NP5/PP5P/2K1R3 b - - 2 21,31,26
ohrSIopx,44,Bd6,Bishop,Bf8,34,Inaccuracy,2kr4/1p2bp1p/p1n1b1p1/6P1/4BB1P/1NP5/PP6/2K1R3 b - - 0 22,25,59
ohrSIopx,46,Rxd6,Rook,Rxd6,-14,Good,2kr4/1p3p1p/p1nBb1p1/6P1/4B2P/1NP5/PP6/2K1R3 b - - 0 23,40,26
ohrSIopx,48,bxc6,Pawn,Rxc6,60,Inaccuracy,2k5/1p3p1p/p1Brb1p1/6P1/7P/1NP5/PP6/2K1R3 b - - 0 24,23,83
ohrSIopx,50,Bxa2,Bishop,Bxa2,-9,Good,2k5/5p1p/p1prb1p1/2N3P1/7P/2P5/PP6/2K1R3 b - - 1 25,53,44
ohrSIopx,52,Rd5,Rook,Rd5,-6,Good,2k5/5p1p/p1pr2p1/2N3P1/7P/1PP5/b7/2K1R3 b - - 0 26,38,32
ohrSIopx,54,Kc7,King,Kc7,5,Good,2k1R3/5p1p/p1p3p1/2Nr2P1/7P/1PP5/b7/2K5 b - - 2 27,33,38
ohrSIopx,56,Kd7,King,Kd7,3,Good,4R3/2k2p1p/N1p3p1/3r2P1/7P/1PP5/b7/2K5 b - - 0 28,23,26
ohrSIopx,58,Rf5,Rook,Ra5,14,Good,1R6/3k1p1p/N1p3p1/3r2P1/7P/1PP5/b7/2K5 b - - 2 29,29,43
ohrSIopx,60,Rf2+,Rook,Rf2+,12,Good,1R6/3k1p1p/N1p3p1/5rP1/7P/1PP5/bK6/8 b - - 4 30,7,19
ohrSIopx,62,Rh2,Rook,Kd6,27,Good,1R6/3k1p1p/N1p3p1/6P1/7P/1PP5/b4r2/K7 b - - 6 31,16,43
ohrSIopx,64,Kd6,King,Kd6,9,Good,8/3k1p1p/N1p3p1/6P1/1R5P/1PP5/b6r/K7 b - - 8 32,26,35
ohrSIopx,66,Ke5,King,Ke5,-9,Good,8/5p1p/N1pk2p1/6P1/3R3P/1PP5/b6r/K7 b - - 10 33,25,16
ohrSIopx,68,Rc2,Rook,Rc2,-4,Good,8/5p1p/2p3p1/2N1k1P1/3R3P/1PP5/b6r/K7 b - - 12 34,15,11
ohrSIopx,70,Kf5,King,Ke6,329,Blunder,8/5p1p/2p3p1/4k1P1/3R3P/1PPN4/b1r5/K7 b - - 14 35,7,336
ohrSIopx,72,Ke6,King,Ke6,-4,Good,8/5p1p/2p3p1/5kP1/5R1P/1PPN4/b1r5/K7 b - - 16 36,341,337
ohrSIopx,74,Bxb3,Bishop,Rxc3,15,Good,8/5p1p/2p1k1p1/6P1/1N3R1P/1PP5/b1r5/K7 b - - 18 37,385,400
ohrSIopx,76,Bxc2,Bishop,Bxc2,-23,Good,8/5p1p/2p1k1p1/6P1/5R1P/1bP5/2N5/K7 b - - 0 38,394,371
ohrSIopx,78,Ke7,King,Ke5,26,Good,8/5p1p/2p1kRp1/6P1/7P/2P5/2b5/K7 b - - 1 39,415,441
ohrSIopx,80,Be4,Bishop,Kd7,24,Good,8/4kp1p/2R3p1/6P1/7P/2P5/2b5/K7 b - - 0 40,424,448
ohrSIopx,82,Bd5,Bishop,Bd5,-31,Good,8/4kp1p/5Rp1/6P1/4b2P/2P5/8/K7 b - - 2 41,461,430
ohrSIopx,84,Be6,Bishop,Be6,43,Inaccuracy,8/4kp1p/5Rp1/3b2P1/7P/2P5/1K6/8 b - - 4 42,405,448
ohrSIopx,86,h6,Pawn,Kd6,18,Good,8/4kp1p/4bRp1/6P1/7P/2P5/2K5/8 b - - 6 43,442,460
ohrSIopx,88,hxg5,Pawn,hxg5,40,Inaccuracy,8/4kp2/4bRpp/6P1/7P/2PK4/8/8 b - - 1 44,496,536
ohrSIopx,90,Kd6,King,Kd6,2,Good,8/4kp2/4bRp1/6P1/8/2PK4/8/8 b - - 0 45,543,545
ohrSIopx,92,Kd7,King,Kd7,2,Good,8/5p2/3kbRp1/6P1/3K4/2P5/8/8 b - - 2 46,571,573
ohrSIopx,94,Kd6,King,Ke7,-38,Good,8/3k1p2/4bRp1/6P1/2PK4/8/8/8 b - - 0 47,569,531
ohrSIopx,96,Ke7,King,Kd7,114,Mistake,8/5p2/3kbRp1/2P3P1/3K4/8/8/8 b - - 0 48,514,628
ohrSIopx,98,Kd7,King,Kd7,6,Good,8/4kp2/4bRp1/2P1K1P1/8/8/8/8 b - - 2 49,508,514
ohrSIopx,100,fxe6,Pawn,fxe6,-4,Good,8/3k1p2/4R1p1/2P1K1P1/8/8/8/8 b - - 0 50,519,515
ohrSIopx,102,Kxc6,King,Kc7,-1,Good,8/3k4/2P1p1p1/4K1P1/8/8/8/8 b - - 0 51,511,510
0FYFkqbf,2,c5,Pawn,e5,1,Good,rnbqkbnr/pppppppp/8/8/4P3/8/PPPP1PPP/RNBQKBNR b KQkq - 0 1,40,41
0FYFkqbf,4,d6,Pawn,d6,-1,Good,rnbqkbnr/pp1ppppp/8/2p5/4P3/5N2/PPPP1PPP/RNBQKB1R b KQkq - 1 2,39,38
0FYFkqbf,6,cxd4,Pawn,cxd4,-1,Good,rnbqkbnr/pp2pppp/3p4/2p5/3PP3/5N2/PPP2PPP/RNBQKB1R b KQkq - 0 3,33,32
0FYFkqbf,8,Nf6,Knight,Nf6,14,Good,rnbqkbnr/pp2pppp/3p4/8/3NP3/8/PPP2PPP/RNBQKB1R b KQkq - 0 4,27,41
0FYFkqbf,10,a6,Pawn,a6,-11,Good,rnbqkb1r/pp2pppp/3p1n2/8/3NP3/2N5/PPP2PPP/R1BQKB1R b KQkq - 2 5,43,32
0FYFkqbf,12,e6,Pawn,e6,-6,Good,rnbqkb1r/1p2pppp/p2p1n2/6B1/3NP3/2N5/PPP2PPP/R2QKB1R b KQkq - 1 6,41,35
0FYFkqbf,14,Nbd7,Knight,h6,16,Good,rnbqkb1r/1p3ppp/p2ppn2/6B1/3NPP2/2N5/PPP3PP/R2QKB1R b KQkq - 0 7,26,42
0FYFkqbf,16,Qc7,Queen,Qc7,-3,Good,r1bqkb1r/1p1n1ppp/p2ppn2/6B1/3NPP2/2N5/PPP1Q1PP/R3KB1R b KQkq - 2 8,56,53
0FYFkqbf,18,b5,Pawn,b5,6,Good,r1b1kb1r/1pqn1ppp/p2ppn2/6B1/3NPP2/2N5/PPP1Q1PP/2KR1B1R b kq - 4 9,55,61
0FYFkqbf,20,b4,Pawn,b4,25,Good,r1b1kb1r/2qn1ppp/p2ppn2/1p4B1/3NPPP1/2N5/PPP1Q2P/2KR1B1R b kq - 0 10,-18,7
0FYFkqbf,22,exd5,Pawn,exd5,-38,Good,r1b1kb1r/2qn1ppp/p2ppn2/3N2B1/1p1NPPP1/8/PPP1Q2P/2KR1B1R b kq - 1 11,-45,-83
0FYFkqbf,24,Be7,Bishop,Be7,14,Good,r1b1kb1r/2qn1ppp/p2p1n2/3P2B1/1p1N1PP1/8/PPP1Q2P/2KR1B1R b kq - 0 12,-113,-99
0FYFkqbf,26,O-O,King,O-O,-15,Good,r1b1k2r/2qnbppp/p2p1n2/3P2B1/1p1N1PP1/8/PPP1Q1BP/2KR3R b kq - 2 13,-188,-203
0FYFkqbf,28,Re8,Rook,Re8,0,Good,r1b2rk1/2qnQppp/p2p1n2/3P2B1/1p1N1PP1/8/PPP3BP/2KR3R b - - 0 14,-217,-217
0FYFkqbf,30,Rxe7,Rook,Rxe7,13,Good,r1b1r1k1/2qnQppp/p2p1B2/3P4/1p1N1PP1/8/PPP3BP/2KR3R b - - 0 15,-236,-223
0FYFkqbf,32,Nc5,Knight,Nb6,35,Inaccuracy,r1b3k1/2qnBppp/p2p4/3P4/1p1N1PP1/8/PPP3BP/2KR3R b - - 0 16,-221,-186
0FYFkqbf,34,Bxg4,Bishop,Bxg4,-4,Good,r1b3k1/2q1Bppp/p2p4/2nP4/1p1N1PP1/8/PPP3BP/2KRR3 b - - 2 17,-268,-272
0FYFkqbf,36,b3,Pawn,Qa5,99,Mistake,r5k1/2q1Bppp/p2p4/2nP4/1p1N1Pb1/8/PPPR2BP/2K1R3 b - - 1 18,-397,-298
0FYFkqbf,38,Qa5,Queen,Qa5,-70,Good,r5k1/2q1Bppp/p2p4/2nP4/3N1Pb1/1p6/PPPR2BP/1K2R3 b - - 1 19,-489,-559
0FYFkqbf,40,Nxb3,Knight,Nxb3,57,Inaccuracy,r5k1/4Bppp/p2p4/q1nP4/5Pb1/1N6/PPPR2BP/1K2R3 b - - 0 20,-626,-569
jEJXF6yB,2,c5,Pawn,c5,5,Good,rnbqkbnr/pppppppp/8/8/4P3/8/PPPP1PPP/RNBQKBNR b KQkq - 0 1,34,39
jEJXF6yB,4,d6,Pawn,d6,-4,Good,rnbqkbnr/pp1ppppp/8/2p5/4P3/5N2/PPPP1PPP/RNBQKB1R b KQkq - 1 2,31,27
jEJXF6yB,6,cxd4,Pawn,cxd4,8,Good,rnbqkbnr/pp2pppp/3p4/2p5/3PP3/5N2/PPP2PPP/RNBQKB1R b KQkq - 0 3,27,35
jEJXF6yB,8,Nf6,Knight,Nf6,9,Good,rnbqkbnr/pp2pppp/3p4/8/3NP3/8/PPP2PPP/RNBQKB1R b KQkq - 0 4,26,35
jEJXF6yB,10,Nc6,Knight,a6,5,Good,rnbqkb1r/pp2pppp/3p1n2/8/3NP3/2N5/PPP2PPP/R1BQKB1R b KQkq - 2 5,32,37
jEJXF6yB,12,e6,Pawn,Bd7,12,Good,r1bqkb1r/pp2pppp/2np1n2/6B1/3NP3/2N5/PPP2PPP/R2QKB1R b KQkq - 4 6,39,51
jEJXF6yB,14,Be7,Bishop,a6,6,Good,r1bqkb1r/pp3ppp/2nppn2/6B1/3NP3/2N5/PPPQ1PPP/R3KB1R b KQkq - 1 7,52,58
jEJXF6yB,16,O-O,King,O-O,-2,Good,r1bqk2r/pp2bppp/2nppn2/6B1/3NP3/2N5/PPPQ1PPP/2KR1B1R b kq - 3 8,50,48
jEJXF6yB,18,h6,Pawn,Nxd4,-4,Good,r1bq1rk1/pp2bppp/2nppn2/6B1/3NPP2/2N5/PPPQ2PP/2KR1B1R b - - 0 9,51,47
jEJXF6yB,20,Nxd4,Knight,Nxd4,-15,Good,r1bq1rk1/pp2bpp1/2nppn1p/8/3NPP1B/2N5/PPPQ2PP/2KR1B1R b - - 1 10,53,38
jEJXF6yB,22,Qa5,Queen,Bd7,5,Good,r1bq1rk1/pp2bpp1/3ppn1p/8/3QPP1B/2N5/PPP3PP/2KR1B1R b - - 0 11,45,50
jEJXF6yB,24,dxe5,Pawn,dxe5,9,Good,r1b2rk1/pp2bpp1/3ppn1p/q3P3/3Q1P1B/2N5/PPP3PP/2KR1B1R b - - 0 12,21,30
jEJXF6yB,26,b5,Pawn,Qxe5,38,Inaccuracy,r1b2rk1/pp2bpp1/4pn1p/q3Q3/5P1B/2N5/PPP3PP/2KR1B1R b - - 0 13,21,59
jEJXF6yB,28,Qc7,Queen,Qc7,-20,Good,r1b2rk1/p3bpp1/4pn1p/qQ6/5P1B/2N5/PPP3PP/2KR1B1R b - - 0 14,79,59
jEJXF6yB,30,Qb7,Queen,Qb6,13,Good,r1b2rk1/p1q1bpp1/4pn1p/4Q3/5P1B/2N5/PPP3PP/2KR1B1R b - - 2 15,70,83
jEJXF6yB,32,Qc7,Queen,a6,6,Good,r1b2rk1/pq2bpp1/4pn1p/1Q6/5P1B/2N5/PPP3PP/2KR1B1R b - - 4 16,36,42
jEJXF6yB,34,Qb7,Queen,Qb6,13,Good,r1b2rk1/p1q1bpp1/4pn1p/4Q3/5P1B/2N5/PPP3PP/2KR1B1R b - - 6 17,78,91
jEJXF6yB,36,Ng4,Knight,Ng4,1,Good,r1b2rk1/pq2bpp1/4pn1p/4Q3/2B2P1B/2N5/PPP3PP/2KR3R b - - 8 18,0,1
jEJXF6yB,38,Bxh4,Bishop,Bxh4,14,Good,r1b2rk1/pq2bpp1/4p2p/8/2B2PnB/2N5/PPP3PP/2KRQ2R b - - 10 19,-115,-101
jEJXF6yB,40,Ne3,Knight,Ne3,14,Good,r1b2rk1/pq3pp1/4p2p/8/2B2PnQ/2N5/PPP3PP/2KR3R b - - 0 20,-119,-105
jEJXF6yB,42,Bd7,Bishop,Bd7,-9,Good,r1bR1rk1/pq3pp1/4p2p/8/2B2P1Q/2N1n3/PPP3PP/2K4R b - - 2 21,-125,-134
jEJXF6yB,44,Rxf8,Rook,Rxf8,34,Inaccuracy,r4Rk1/pq1b1pp1/4p2p/8/2B2P1Q/2N1n3/PPP3PP/2K4R b - - 0 22,-172,-138
jEJXF6yB,46,Qxg2,Queen,Qxg2,-37,Good,5rk1/pq1b1pp1/4p2p/8/5P1Q/1BN1n3/PPP3PP/2K4R b - - 1 23,-131,-168
jEJXF6yB,48,Nf5,Knight,Qf3,79,Inaccuracy,5rk1/p2b1pp1/4p2p/8/5P2/1BN1n3/PPP3qP/2K1Q2R b - - 1 24,-150,-71
jEJXF6yB,50,Bc6,Bishop,Qb7,95,Mistake,5rk1/p2b1pp1/4p2p/5n2/5P2/1BN5/PPP3qP/2K2Q1R b - - 3 25,-113,-18
jEJXF6yB,52,Bxg2,Bishop,Bxg2,3,Good,5rk1/p4pp1/2b1p2p/5n2/5P2/1BN5/PPP3QP/2K4R b - - 0 26,-26,-23
jEJXF6yB,54,Bc6,Bishop,Bc6,-6,Good,5rk1/p4pp1/4p2p/5n2/5P2/1BN5/PPP3bP/2K3R1 b - - 1 27,-20,-26
jEJXF6yB,56,Rd8,Rook,Rd8,2,Good,5rk1/p4pp1/2b1p2p/5n2/2B2P2/2N5/PPP4P/2K3R1 b - - 3 28,-39,-37
jEJXF6yB,58,Nd4,Knight,Nd4,0,Good,3r2k1/p4pp1/2b1p2p/5n2/5P2/2NB4/PPP4P/2K3R1 b - - 5 29,-61,-61
jEJXF6yB,60,Nf3,Knight,g5,56,Inaccuracy,3r2k1/p4pp1/2b1p2p/8/3n1P2/2NB4/PPP4P/2K2R2 b - - 7 30,-114,-58
jEJXF6yB,62,g6,Pawn,f5,41,Inaccuracy,3r2k1/p4pp1/2b1p2p/8/5P2/2NB1n2/PPP2R1P/2K5 b - - 9 31,-61,-20
jEJXF6yB,64,Bxe4,Bishop,Nd4,47,Inaccuracy,3r2k1/p4p2/2b1p1pp/8/4BP2/2N2n2/PPP2R1P/2K5 b - - 1 32,-29,18
jEJXF6yB,66,Nh4,Knight,Nh4,-10,Good,3r2k1/p4p2/4p1pp/8/4NP2/5n2/PPP2R1P/2K5 b - - 0 33,13,3
jEJXF6yB,68,Nf5,Knight,f5,114,Mistake,3r2k1/p4p2/4p1pp/8/4NP1n/2P5/PP3R1P/2K5 b - - 0 34,-47,67
jEJXF6yB,70,Rxd2,Rook,Rxd2,20,Good,3r2k1/p4p2/4p1pp/5n2/4NP2/2P5/PP1R3P/2K5 b - - 2 35,36,56
jEJXF6yB,72,Kf8,King,Kf8,8,Good,6k1/p4p2/4p1pp/5n2/4NP2/2P5/PP1K3P/8 b - - 0 36,34,42
jEJXF6yB,74,Ke7,King,Ke7,17,Good,5k2/p4p2/4p1pp/5n2/1P2NP2/2P5/P2K3P/8 b - - 0 37,25,42
jEJXF6yB,76,Nd6,Knight,Nd6,8,Good,8/p3kp2/4p1pp/5n2/PP2NP2/2P5/3K3P/8 b - - 0 38,25,33
jEJXF6yB,78,g5,Pawn,g5,11,Good,8/p3kp2/3np1pp/2N5/PP3P2/2P5/3K3P/8 b - - 2 39,-1,10
jEJXF6yB,80,hxg5,Pawn,hxg5,9,Good,8/p3kp2/3np2p/2N3P1/PP6/2P5/3K3P/8 b - - 0 40,2,11
jEJXF6yB,82,e5,Pawn,f5,-1,Good,8/p3kp2/3np3/2N3p1/PP6/2PK4/7P/8 b - - 1 41,1,0
jEJXF6yB,84,f5,Pawn,f5,0,Good,8/p3kp2/3n4/1PN1p1p1/P7/2PK4/7P/8 b - - 0 42,0,0
jEJXF6yB,86,g4,Pawn,f4,6,Good,8/p3k3/3n4/1PN1ppp1/P1P5/3K4/7P/8 b - - 0 43,0,6
jEJXF6yB,88,e4+,Pawn,f4,92,Mistake,8/p3k3/3n4/PPN1pp2/2P3p1/3K4/7P/8 b - - 0 44,0,92
jEJXF6yB,90,e3,Pawn,e3,12,Good,8/p3k3/3n4/PPN2p2/2PKp1p1/8/7P/8 b - - 1 45,-3,9
jEJXF6yB,92,Nxc4+,Knight,Nxc4+,3,Good,8/p3k3/3n4/PPN2p2/2P3p1/4K3/7P/8 b - - 0 46,7,10
jEJXF6yB,94,Nxa5,Knight,Nxa5,-1,Good,8/p3k3/8/PPN2p2/2n2Kp1/8/7P/8 b - - 1 47,2,1
jEJXF6yB,96,Nc4,Knight,Nc4,-1,Good,8/p3k3/8/nPN2K2/6p1/8/7P/8 b - - 0 48,0,-1
jEJXF6yB,98,Nd6,Knight,Nd6,-1,Good,8/p3k3/8/1PN5/2n3K1/8/7P/8 b - - 0 49,-1,-2
jEJXF6yB,100,Nxb5,Knight,Nxb5,2,Good,8/p3k3/3n4/1PN5/6KP/8/8/8 b - - 0 50,-2,0
jEJXF6yB,102,Nd6,Knight,a5,2,Good,8/p3k3/8/1nN4P/6K1/8/8/8 b - - 0 51,-7,-5
jEJXF6yB,104,Kf6,King,Kf6,-2,Good,8/p3k3/3n4/2N4P/5K2/8/8/8 b - - 2 52,-14,-16
jEJXF6yB,106,Nxe4,Knight,Nxe4,13,Good,8/p7/3n1k2/7P/4NK2/8/8/8 b - - 4 53,-32,-19
jEJXF6yB,108,Kg5,King,Kg5,11,Good,8/p7/5k2/7P/4K3/8/8/8 b - - 0 54,-13,-2
jEJXF6yB,110,Kxh5,King,a6,0,Good,8/p7/8/3K2kP/8/8/8/8 b - - 2 55,0,0
jEJXF6yB,112,a5,Pawn,Kg4,0,Good,8/p7/8/7k/2K5/8/8/8 b - - 1 56,0,0
jEJXF6yB,114,Kg4,King,Kh4,0,Good,8/8/8/pK5k/8/8/8/8 b - - 1 57,0,0
jEJXF6yB,116,Kf4,King,Kf3,0,Good,8/8/8/p7/K5k1/8/8/8 b - - 3 58,0,0
7565lipg,2,e5,Pawn,c5,4,Good,rnbqkbnr/pppppppp/8/8/4P3/8/PPPP1PPP/RNBQKBNR b KQkq - 0 1,36,40
7565lipg,4,Nc6,Knight,Nf6,5,Good,rnbqkbnr/pppp1ppp/8/4p3/4P3/5N2/PPPP1PPP/RNBQKB1R b KQkq - 1 2,36,41
7565lipg,6,Nf6,Knight,Nf6,-5,Good,r1bqkbnr/pppp1ppp/2n5/4p3/2B1P3/5N2/PPPP1PPP/RNBQK2R b KQkq - 3 3,15,10
7565lipg,8,h6,Pawn,Bc5,15,Good,r1bqkb1r/pppp1ppp/2n2n2/4p3/2B1P3/3P1N2/PPP2PPP/RNBQK2R b KQkq - 0 4,3,18
7565lipg,10,d6,Pawn,Bc5,12,Good,r1bqkb1r/pppp1pp1/2n2n1p/4p3/2B1P3/3P1N2/PPP2PPP/RNBQ1RK1 b kq - 1 5,29,41
7565lipg,12,g5,Pawn,Be6,12,Good,r1bqkb1r/ppp2pp1/2np1n1p/4p3/P1B1P3/3P1N2/1PP2PPP/RNBQ1RK1 b kq - 0 6,29,41
7565lipg,14,Bg7,Bishop,Bg7,-2,Good,r1bqkb1r/ppp2p2/2np1n1p/4p1p1/P1B1P3/2NP1N2/1PP2PPP/R1BQ1RK1 b kq - 1 7,40,38
7565lipg,16,a6,Pawn,a6,2,Good,r1bqk2r/ppp2pb1/2np1n1p/P3p1p1/2B1P3/2NP1N2/1PP2PPP/R1BQ1RK1 b kq - 0 8,37,39
7565lipg,18,O-O,King,Be6,1,Good,r1bqk2r/1pp2pb1/p1np1n1p/P3p1p1/2B1P3/2NPBN2/1PP2PPP/R2Q1RK1 b kq - 1 9,36,37
7565lipg,20,Nb4,Knight,Kh7,55,Inaccuracy,r1bq1rk1/1pp2pb1/p1np1n1p/P3p1p1/2B1P3/2NPBN1P/1PP2PP1/R2Q1RK1 b - - 0 10,28,83
7565lipg,22,exd4,Pawn,exd4,5,Good,r1bq1rk1/1pp2pb1/p2p1n1p/P3p1p1/1nBPP3/2N1BN1P/1PP2PP1/R2Q1RK1 b - - 0 11,56,61
7565lipg,24,Re8,Rook,Nc6,7,Good,r1bq1rk1/1pp2pb1/p2p1n1p/P5p1/1nBBP3/2N2N1P/1PP2PP1/R2Q1RK1 b - - 0 12,28,35
7565lipg,26,Be6,Bishop,Nc6,24,Good,r1bqr1k1/1pp2pb1/p2p1n1p/P5p1/1nBBP3/2N2N1P/1PP2PP1/R2QR1K1 b - - 2 13,30,54
7565lipg,28,Nbxd5,Knight,Nbxd5,9,Good,r2qr1k1/1pp2pb1/p2pbn1p/P2N2p1/1nBBP3/5N1P/1PP2PP1/R2QR1K1 b - - 4 14,61,70
7565lipg,30,Bf5,Bishop,Bf5,-1,Good,r2qr1k1/1pp2pb1/p2pbn1p/P2P2p1/2BB4/5N1P/1PP2PP1/R2QR1K1 b - - 0 15,71,70
7565lipg,32,Qd7,Queen,Rxe1+,47,Inaccuracy,r2qr1k1/1pp2pb1/p2p1n1p/P2P1bp1/2BB4/2P2N1P/1P3PP1/R2QR1K1 b - - 0 16,31,78
7565lipg,34,Be4,Bishop,Reb8,107,Mistake,r3r1k1/1ppq1pb1/p2p1n1p/P2P1bp1/2BB4/1QP2N1P/1P3PP1/R3R1K1 b - - 2 17,99,206
7565lipg,36,Bg6,Bishop,Bf5,4,Good,r3r1k1/1ppq1pb1/p2p1n1p/P2P2p1/2BBb3/1QP4P/1P1N1PP1/R3R1K1 b - - 4 18,222,226
7565lipg,38,Qxe8,Queen,Rxe8,37,Inaccuracy,r3R1k1/1ppq1pb1/p2p1nbp/P2P2p1/2BB4/1QP4P/1P1N1PP1/R5K1 b - - 0 19,210,247
7565lipg,40,Rb8,Rook,Qd8,42,Inaccuracy,r3q1k1/1Qp2pb1/p2p1nbp/P2P2p1/2BB4/2P4P/1P1N1PP1/R5K1 b - - 0 20,240,282
7565lipg,42,Qxc6,Queen,Qxc6,24,Good,1r2q1k1/2p2pb1/p1Qp1nbp/P2P2p1/2BB4/2P4P/1P1N1PP1/R5K1 b - - 2 21,78,102
7565lipg,44,Rxb2,Rook,Rxb2,-3,Good,1r4k1/2p2pb1/p1Pp1nbp/P5p1/2BB4/2P4P/1P1N1PP1/R5K1 b - - 0 22,105,102
7565lipg,46,Be4,Bishop,Be4,8,Good,6k1/2p2pb1/p1Pp1nbp/P5p1/2BB4/2P4P/1r3PP1/R4NK1 b - - 1 23,114,122
7565lipg,48,Bxc6,Bishop,Bxc6,3,Good,6k1/2p2pb1/B1Pp1n1p/P5p1/3Bb3/2P4P/1r3PP1/R4NK1 b - - 0 24,109,112
7565lipg,50,Rc2,Rook,Rb4,137,Mistake,6k1/2p2pb1/B1bp1n1p/P5p1/2PB4/7P/1r3PP1/R4NK1 b - - 0 25,73,210
7565lipg,52,Ne4,Knight,Ne8,8,Good,6k1/2p2pb1/B1bp1n1p/P1P3p1/3B4/7P/2r2PP1/R4NK1 b - - 0 26,95,103
7565lipg,54,Kxg7,King,Kxg7,-2,Good,6k1/2p2pB1/B1bp3p/P1P3p1/4n3/7P/2r2PP1/R4NK1 b - - 0 27,97,95
7565lipg,56,cxd6,Pawn,Nxd6,39,Inaccuracy,8/2p2pk1/B1bP3p/P5p1/4n3/7P/2r2PP1/R4NK1 b - - 0 28,91,130
7565lipg,58,Rc5,Rook,Rc3,54,Inaccuracy,8/5pk1/2bp3p/P5p1/4n3/3B3P/2r2PP1/R4NK1 b - - 1 29,100,154
7565lipg,60,d5,Pawn,d5,-19,Good,8/5pk1/P1bp3p/2r3p1/4n3/3B3P/5PP1/R4NK1 b - - 0 30,123,104
7565lipg,62,Ba8,Bishop,Ba8,10,Good,8/P4pk1/2b4p/2rp2p1/4n3/3B3P/5PP1/R4NK1 b - - 0 31,108,118
7565lipg,64,Kf6,King,Nd6,63,Inaccuracy,b7/P4pk1/7p/2rp2p1/4n3/3BN2P/5PP1/R5K1 b - - 2 32,95,158
7565lipg,66,Ke5,King,Ke5,-8,Good,b7/P4p2/R4k1p/2rp2p1/4n3/3BN2P/5PP1/6K1 b - - 4 33,175,167
7565lipg,68,Rc1+,Rook,Rc7,-12,Good,b7/P4p2/7R/2rpk1p1/4n3/3BN2P/5PP1/6K1 b - - 0 34,113,101
7565lipg,70,Ra1,Rook,Rc7,5,Good,b7/P4p2/7R/3pk1p1/4n3/3B3P/5PP1/2r2NK1 b - - 2 35,76,81
7565lipg,72,Rxa6,Rook,Rc1,113,Mistake,b7/P4p2/R7/3pk1p1/4n3/3B3P/5PP1/r4NK1 b - - 4 36,81,194
7565lipg,74,Nd6,Knight,d4,74,Inaccuracy,b7/P4p2/B7/3pk1p1/4n3/7P/5PP1/5NK1 b - - 0 37,194,268
7565lipg,76,d4,Pawn,Nc4,53,Inaccuracy,b7/P4p2/B2n4/3pk1p1/8/6PP/5P2/5NK1 b - - 0 38,253,306
7565lipg,78,Kd5,King,d3,60,Inaccuracy,b7/P4p2/B2n4/4k1p1/3p4/6PP/3N1P2/6K1 b - - 1 39,311,371
7565lipg,80,gxh4,Pawn,gxh4,-4,Good,b7/P4p2/B2n4/3k2p1/3p3P/6P1/3N1P2/6K1 b - - 0 40,392,388
7565lipg,82,Kc5,King,Kc6,48,Inaccuracy,b7/P4p2/B2n4/3k4/3p3P/8/3N1P2/6K1 b - - 0 41,349,397
7565lipg,84,Nf5,Knight,Ne8,74,Inaccuracy,b7/P4p2/B2n4/2k4P/3p4/8/3N1P2/6K1 b - - 0 42,421,495
7565lipg,86,Nh6,Knight,Nh6,3,Good,b7/P4p2/8/2k2n1P/3p4/3B4/3N1P2/6K1 b - - 2 43,451,454
4DVDjWwY,2,Nc6,Knight,c5,18,Good,rnbqkbnr/pppppppp/8/8/4P3/8/PPPP1PPP/RNBQKBNR b KQkq - 0 1,32,50
4DVDjWwY,4,d6,Pawn,e5,27,Good,r1bqkbnr/pppppppp/2n5/8/4P3/5N2/PPPP1PPP/RNBQKB1R b KQkq - 2 2,35,62
4DVDjWwY,6,Nf6,Knight,Nf6,2,Good,r1bqkbnr/ppp1pppp/2np4/8/3PP3/5N2/PPP2PPP/RNBQKB1R b KQkq - 0 3,62,64
4DVDjWwY,8,g6,Pawn,e5,38,Inaccuracy,r1bqkb1r/ppp1pppp/2np1n2/8/3PP3/2N2N2/PPP2PPP/R1BQKB1R b KQkq - 2 4,59,97
4DVDjWwY,10,Bg7,Bishop,Bg7,16,Good,r1bqkb1r/ppp1pp1p/2np1np1/8/3PP3/2N1BN2/PPP2PPP/R2QKB1R b KQkq - 1 5,88,104
4DVDjWwY,12,Ng4,Knight,Ng4,-6,Good,r1bqk2r/ppp1ppbp/2np1np1/8/3PP3/2N1BN2/PPPQ1PPP/R3KB1R b KQkq - 3 6,99,93
4DVDjWwY,14,h6,Pawn,h6,-7,Good,r1bqk2r/ppp1ppbp/2np2p1/6B1/3PP1n1/2N2N2/PPPQ1PPP/R3KB1R b KQkq - 5 7,93,86
4DVDjWwY,16,g5,Pawn,a6,41,Inaccuracy,r1bqk2r/ppp1ppb1/2np2pp/8/3PP1nB/2N2N2/PPPQ1PPP/R3KB1R b KQkq - 1 8,77,118
4DVDjWwY,18,Nf6,Knight,e5,-3,Good,r1bqk2r/ppp1ppb1/2np3p/6p1/3PP1n1/2N2NB1/PPPQ1PPP/R3KB1R b KQkq - 1 9,121,118
4DVDjWwY,20,Nb8,Knight,Nb8,-5,Good,r1bqk2r/ppp1ppb1/2np1n1p/3P2p1/4P3/2N2NB1/PPPQ1PPP/R3KB1R b KQkq - 0 10,131,126
4DVDjWwY,22,Nh5,Knight,c5,4,Good,rnbqk2r/ppp1ppb1/3p1n1p/3P2p1/3NP3/2N3B1/PPPQ1PPP/R3KB1R b KQkq - 2 11,95,99
4DVDjWwY,24,Nxg3,Knight,Nxg3,9,Good,rnbqk2r/ppp1ppb1/3p3p/3P2pn/3NP3/2N3B1/PPPQBPPP/R3K2R b KQkq - 4 12,87,96
4DVDjWwY,26,c5,Pawn,c5,21,Good,rnbqk2r/ppp1ppb1/3p3p/3P2p1/3NP3/2N3P1/PPPQBPP1/R3K2R b KQkq - 0 13,88,109
4DVDjWwY,28,a6,Pawn,a6,-2,Good,rnbqk2r/pp2ppb1/3p3p/2pP2p1/4P3/1NN3P1/PPPQBPP1/R3K2R b KQkq - 1 14,110,108
4DVDjWwY,30,Nd7,Knight,Nd7,7,Good,rnbqk2r/1p2ppb1/p2p3p/2pP2p1/P3P3/1NN3P1/1PPQBPP1/R3K2R b KQkq - 0 15,97,104
4DVDjWwY,32,gxf4,Pawn,Rb8,37,Inaccuracy,r1bqk2r/1p1nppb1/p2p3p/2pP2p1/P3PP2/1NN3P1/1PPQB1P1/R3K2R b KQkq - 0 16,90,127
4DVDjWwY,34,Nf8,Knight,Rb8,25,Good,r1bqk2r/1p1nppb1/p2p3p/2pP4/P3PP2/1NN5/1PPQB1P1/R3K2R b KQkq - 0 17,121,146
4DVDjWwY,36,Bd7,Bishop,Qc7,17,Good,r1bqkn1r/1p2ppb1/p2p3p/P1pP4/4PP2/1NN5/1PPQB1P1/R3K2R b KQkq - 0 18,117,134
4DVDjWwY,38,Qc7,Queen,Qc7,9,Good,r2qkn1r/1p1bppb1/p2p3p/P1pP3B/4PP2/1NN5/1PPQ2P1/R3K2R b KQkq - 2 19,106,115
4DVDjWwY,40,Ng6,Knight,Ng6,0,Good,r3kn1r/1pqbppb1/p2p3p/P1pP3B/4PP2/1NN5/1PP1Q1P1/R3K2R b KQkq - 4 20,94,94
4DVDjWwY,42,O-O-O,King,c4,27,Good,r3k2r/1pqbppb1/p2p2np/P1pP3B/4PP2/1NN3P1/1PP1Q3/R3K2R b KQkq - 0 21,81,108
4DVDjWwY,44,Kb8,King,Kb8,-23,Good,2kr3r/1pqbppb1/p2p2np/P1pP3B/4PP2/2N3P1/1PPNQ3/R3K2R b KQ - 2 22,127,104
4DVDjWwY,46,Rhf8,Rook,c4,9,Good,1k1r3r/1pqbppb1/p2p2np/P1pP3B/4PP2/2N2QP1/1PPN4/R3K2R b KQ - 4 23,85,94
4DVDjWwY,48,e6,Pawn,e6,-6,Good,1k1r1r2/1pqbppb1/p2p2np/P1pP3B/2N1PP2/2N2QP1/1PP5/R3K2R b KQ - 6 24,104,98
4DVDjWwY,50,Bxe6,Bishop,Bxc3+,22,Good,1k1r1r2/1pqb1pb1/p2pP1np/P1p4B/2N1PP2/2N2QP1/1PP5/R3K2R b KQ - 0 25,97,119
4DVDjWwY,52,Bxd5,Bishop,Qc6,43,Inaccuracy,1k1r1r2/1pq2pb1/p2pb1np/P1pN3B/2N1PP2/5QP1/1PP5/R3K2R b KQ - 1 26,127,170
4DVDjWwY,54,Rfe8+,Rook,Ne7,17,Good,1k1r1r2/1pq2pb1/p2p2np/P1pP3B/2N2P2/5QP1/1PP5/R3K2R b KQ - 0 27,169,186
4DVDjWwY,56,Re7,Rook,Rf8,18,Good,1k1rr3/1pq2pb1/p2p2np/P1pP3B/2N2P2/5QP1/1PPK4/R6R b - - 2 28,163,181
4DVDjWwY,58,Rde8,Rook,Rde8,-8,Good,1k1r4/1pq1rpb1/p2p2np/P1pP3B/2N2P2/5QP1/1PPK4/R3R3 b - - 4 29,184,176
4DVDjWwY,60,Bf6,Bishop,Qd7,58,Inaccuracy,1k2r3/1pq1rpb1/p2p2np/P1pP3B/2N2P2/2P2QP1/1P1K4/R3R3 b - - 0 30,160,218
4DVDjWwY,62,Qd8,Queen,Qd8,-3,Good,1k2r3/1pq1rp2/p2p1bnp/P1pP4/2N2PB1/2P2QP1/1P1K4/R3R3 b - - 2 31,181,178
4DVDjWwY,64,Bg7,Bishop,Kc7,40,Inaccuracy,1k1qr3/1p2rp2/p2p1bnp/P1pP4/2N2PB1/2P3P1/1P1K4/R3R2Q b - - 4 32,156,196
4DVDjWwY,66,Nf8,Knight,Nf8,9,Good,1k1qr3/1p2rpb1/pN1p2np/P1pP4/5PB1/2P3P1/1P1K4/R3R2Q b - - 6 33,137,146
4DVDjWwY,68,Rxe7,Rook,Qxe7,-14,Good,1k1qrn2/1p2Rpb1/pN1p3p/P1pP4/5PB1/2P3P1/1P1K4/R6Q b - - 0 34,202,188
4DVDjWwY,70,Nh7,Knight,Nh7,14,Good,1k1q1n2/1p2rpb1/pN1p3p/P1pP4/5PB1/2P3P1/1P1K4/4R2Q b - - 1 35,202,216
4DVDjWwY,72,Qxe7,Queen,Qxe7,-30,Good,1k1q4/1p2Rpbn/pN1p3p/P1pP4/5PB1/2P3P1/1P1K4/7Q b - - 0 36,314,284
4DVDjWwY,74,Nf6,Knight,Nf6,-10,Good,1k6/1p2qpbn/pN1p3p/P1pP4/5PB1/2P3P1/1P1K4/1Q6 b - - 1 37,124,114
4DVDjWwY,76,Ne4+,Knight,Qe8,73,Inaccuracy,1k6/1p2qpb1/pN1p1n1p/P1pP1Q2/5PB1/2P3P1/1P1K4/8 b - - 3 38,116,189
4DVDjWwY,78,Nf2+,Knight,c4+,59,Inaccuracy,1k6/1p2qpb1/pN1p3p/P1pP1Q2/4nPB1/2PK2P1/1P6/8 b - - 5 39,90,149
4DVDjWwY,80,Ne4+,Knight,Qe8,18,Good,1k6/1p2qpb1/pN1p3p/P1pP1Q2/5PB1/2P3P1/1P1K1n2/8 b - - 7 40,194,212
4DVDjWwY,82,Nf2+,Knight,c4+,-1,Good,1k6/1p2qpb1/pN1p3p/P1pP1Q2/4nPB1/2PK2P1/1P6/8 b - - 9 41,106,105
4DVDjWwY,84,Qe4+,Queen,Qe4+,-4,Good,1k6/1p2qpb1/pN1p3p/P1pP1Q2/5PB1/2P3P1/1PK2n2/8 b - - 11 42,74,70
4DVDjWwY,86,Qxf5,Queen,Qxf5,27,Good,1k6/1p3pb1/pN1p3p/P1pP1Q2/4qPB1/2P3P1/1P1K1n2/8 b - - 13 43,52,79
4DVDjWwY,88,Nh1,Knight,Nh1,-7,Good,1k6/1p3pb1/pN1p3p/P1pP1B2/5P2/2P3P1/1P1K1n2/8 b - - 0 44,89,82
4DVDjWwY,90,Ng3,Knight,Ng3,9,Good,1k6/1p3pb1/pN1p3p/P1pP1B2/5PP1/2P5/1P1K4/7n b - - 0 45,50,59
4DVDjWwY,92,h5,Pawn,Ne4+,254,Blunder,1k6/1p1B1pb1/pN1p3p/P1pP4/5PP1/2P3n1/1P1K4/8 b - - 2 46,39,293
4DVDjWwY,94,h4,Pawn,hxg4,96,Mistake,1k6/1p1B1pb1/pN1p4/P1pP3p/5PP1/2P1K1n1/1P6/8 b - - 1 47,151,247
4DVDjWwY,96,Kc7,King,Kc7,9,Good,1k6/1p1B1pb1/pN1p4/P1pP4/5PPp/2P2Kn1/1P6/8 b - - 1 48,308,317
4DVDjWwY,98,Nf1,Knight,f6,98,Mistake,8/1pkB1pb1/pN1p4/P1pP2P1/5P1p/2P2Kn1/1P6/8 b - - 0 49,310,408
4DVDjWwY,100,Nd2+,Knight,Nd2+,25,Good,8/1pk2pb1/pN1p4/P1pP2P1/5P1p/2P2K1B/1P6/5n2 b - - 2 50,392,417
4DVDjWwY,102,Nb3,Knight,Nb3,-3,Good,8/1pk2pb1/pN1p4/P1pP2P1/5P1p/2P1K2B/1P1n4/8 b - - 4 51,408,405
4DVDjWwY,104,Bf8,Bishop,f6,35,Inaccuracy,8/1pk2pb1/p2p4/P1pP2P1/2N2P1p/1nP1K2B/1P6/8 b - - 6 52,403,438
4DVDjWwY,106,Be7,Bishop,f6,122,Mistake,5b2/1pk2p2/p2p4/P1pP1PP1/2N4p/1nP1K2B/1P6/8 b - - 0 53,340,462
4DVDjWwY,108,Bf8,Bishop,Bf8,18,Good,8/1pk1bp2/p2p1P2/P1pP2P1/2N4p/1nP1K2B/1P6/8 b - - 0 54,469,487
4DVDjWwY,110,b5,Pawn,Nc1,69,Inaccuracy,5b2/1pk2p2/p2p1P2/P1pP2P1/2N2K1p/1nP4B/1P6/8 b - - 2 55,476,545
4DVDjWwY,112,Kb7,King,Kb7,16,Good,5b2/2k2p2/pP1p1P2/2pP2P1/2N2K1p/1nP4B/1P6/8 b - - 0 56,542,558
8yMaC8XF,2,e5,Pawn,c5,11,Good,rnbqkbnr/pppppppp/8/8/4P3/8/PPPP1PPP/RNBQKBNR b KQkq - 0 1,26,37
8yMaC8XF,4,Nc6,Knight,Nc6,2,Good,rnbqkbnr/pppp1ppp/8/4p3/4P3/5N2/PPPP1PPP/RNBQKB1R b KQkq - 1 2,40,42
8yMaC8XF,6,a6,Pawn,a6,-1,Good,r1bqkbnr/pppp1ppp/2n5/1B2p3/4P3/5N2/PPPP1PPP/RNBQK2R b KQkq - 3 3,39,38
8yMaC8XF,8,Nf6,Knight,Nf6,-2,Good,r1bqkbnr/1ppp1ppp/p1n5/4p3/B3P3/5N2/PPPP1PPP/RNBQK2R b KQkq - 1 4,35,33
8yMaC8XF,10,Bc5,Bishop,b5,26,Good,r1bqkb1r/1ppp1ppp/p1n2n2/4p3/B3P3/2N2N2/PPPP1PPP/R1BQK2R b KQkq - 3 5,7,33
8yMaC8XF,12,d6,Pawn,O-O,34,Inaccuracy,r1bqk2r/1ppp1ppp/p1n2n2/2b1p3/B3P3/2N2N2/PPPP1PPP/R1BQ1RK1 b kq - 5 6,0,34
8yMaC8XF,14,bxc6,Pawn,bxc6,6,Good,r1bqk2r/1pp2ppp/p1Bp1n2/2b1p3/4P3/2N2N2/PPPP1PPP/R1BQ1RK1 b kq - 0 7,43,49
8yMaC8XF,16,O-O,King,Bg4,5,Good,r1bqk2r/2p2ppp/p1pp1n2/2b1p3/4P3/2NP1N2/PPP2PPP/R1BQ1RK1 b kq - 0 8,-9,-4
8yMaC8XF,18,Re8,Rook,Bg4,23,Good,r1bq1rk1/2p2ppp/p1pp1n2/2b1p3/4P3/3P1N2/PPP1NPPP/R1BQ1RK1 b - - 2 9,-25,-2
8yMaC8XF,20,Bg4,Bishop,a5,36,Inaccuracy,r1bqr1k1/2p2ppp/p1pp1n2/2b1p3/4P3/3P1NN1/PPP2PPP/R1BQ1RK1 b - - 4 10,-2,34
8yMaC8XF,22,Be6,Bishop,Bd7,23,Good,r2qr1k1/2p2ppp/p1pp1n2/2b1p3/4P1b1/3P1NNP/PPP2PP1/R1BQ1RK1 b - - 0 11,35,58
8yMaC8XF,24,Qd7,Queen,Nd7,167,Mistake,r2qr1k1/2p2ppp/p1ppbn2/2b1p3/4P3/1P1P1NNP/P1P2PP1/R1BQ1RK1 b - - 0 12,31,198
8yMaC8XF,26,Kh8,King,Kh8,11,Good,r3r1k1/2pq1ppp/p1ppbn2/2b1p1B1/4P3/1P1P1NNP/P1P2PP1/R2Q1RK1 b - - 2 13,189,200
8yMaC8XF,28,gxf6,Pawn,gxf6,6,Good,r3r2k/2pq1ppp/p1ppbB2/2b1p3/4P3/1P1P1NNP/P1P2PP1/R2Q1RK1 b - - 0 14,196,202
8yMaC8XF,30,Rg8,Rook,d5,13,Good,r3r2k/2pq1p1p/p1ppbp2/2b1p3/4P2N/1P1P2NP/P1P2PP1/R2Q1RK1 b - - 1 15,195,208
8yMaC8XF,32,Rxg3,Rook,Qd8,99,Mistake,r5rk/2pq1p1p/p1ppbp2/2b1p3/4P2N/1P1P1QNP/P1P2PP1/R4RK1 b - - 3 16,202,301
8yMaC8XF,34,Rg8,Rook,Rg8,-17,Good,r6k/2pq1p1p/p1ppbp2/2b1p3/4P2N/1P1P2QP/P1P2PP1/R4RK1 b - - 0 17,317,300
8yMaC8XF,36,Qd8,Queen,Bxh3,20,Good,6rk/2pq1p1p/p1ppbp2/2b1p3/4P2N/1P1P1Q1P/P1P2PP1/R4RK1 b - - 2 18,311,331
8yMaC8XF,38,Rg6,Rook,Bb4,64,Inaccuracy,3q2rk/2p2p1p/p1ppbp2/2b1pN2/4P3/1P1P1Q1P/P1P2PP1/R4RK1 b - - 4 19,312,376
8yMaC8XF,40,Bb6,Bishop,Bxf5,24,Good,3q3k/2p2p1p/p1ppbpr1/2b1pN2/4P3/1P1P1Q1P/P1P2PP1/3R1RK1 b - - 6 20,323,347
8yMaC8XF,42,Qe8,Queen,Bxf5,69,Inaccuracy,3q3k/2p2p1p/pbppbpr1/4pN2/4P3/1P1P1Q1P/P1P2PP1/3R1R1K b - - 8 21,337,406
8yMaC8XF,44,c5,Pawn,Bxf5,50,Inaccuracy,4q2k/2p2p1p/pbppbpr1/4pN2/4P3/1P1P1Q1P/P1P2PP1/3RR2K b - - 10 22,318,368
8yMaC8XF,46,Bc8,Bishop,Ba5,8,Good,4q2k/2p2p1p/pb1pbpr1/2p1pN2/4P3/1P1P1Q1P/P1P2PP1/3R2RK b - - 1 23,351,359
8yMaC8XF,48,Ba5,Bishop,Ba5,-4,Good,2b1q2k/2p2p1p/pb1p1pr1/2p1pN2/4P3/1P1P1Q1P/P1P2PP1/4R1RK b - - 3 24,327,323
8yMaC8XF,50,Bb7,Bishop,Bc3,30,Inaccuracy,2b1q2k/2p2p1p/p2p1pr1/b1p1pN2/4P3/1P1P1Q1P/P1P1RPP1/6RK b - - 5 25,330,360
8yMaC8XF,52,Bc3,Bishop,Bc3,-1,Good,4q2k/1bp2p1p/p2p1pr1/b1p1pN2/2P1P3/1P1P1Q1P/P3RPP1/6RK b - - 0 26,331,330
8yMaC8XF,54,Ba5,Bishop,Bd4,33,Inaccuracy,4q2k/1bp2p1p/p2p1pr1/2p1pN2/2P1P3/1PbP1Q1P/P1R2PP1/6RK b - - 2 27,336,369
8yMaC8XF,56,Qd8,Queen,Bc8,4,Good,4q2k/1bp2p1p/p2p1pr1/b1p1pN2/2P1P3/1P1P1Q1P/P1R2PPK/6R1 b - - 4 28,365,369
8yMaC8XF,58,c6,Pawn,Bc8,42,Inaccuracy,3q3k/1bp2p1p/p2p1pr1/b1p1pN2/2P1P3/PP1P1Q1P/2R2PPK/6R1 b - - 0 29,367,409
8yMaC8XF,60,Bc7,Bishop,Bc8,-1,Good,3q3k/1b3p1p/p1pp1pr1/b1p1pN2/2P1P3/PP1P1Q1P/2R2PPK/1R6 b - - 1 30,412,411
8yMaC8XF,62,cxb4,Pawn,Bc8,-4,Good,3q3k/1bb2p1p/p1pp1pr1/2p1pN2/1PP1P3/P2P1Q1P/2R2PPK/1R6 b - - 0 31,433,429
8yMaC8XF,64,d5,Pawn,Bc8,9,Good,3q3k/1bb2p1p/p1pp1pr1/4pN2/1PP1P3/3P1Q1P/2R2PPK/1R6 b - - 0 32,444,453
8yMaC8XF,66,cxd5,Pawn,cxd5,14,Good,3q3k/1bb2p1p/p1p2pr1/3PpN2/1P2P3/3P1Q1P/2R2PPK/1R6 b - - 0 33,450,464
8yMaC8XF,68,dxe4,Pawn,Qd7,76,Inaccuracy,3q3k/1bb2p1p/p4pr1/3pp3/1P2P3/3PNQ1P/2R2PPK/1R6 b - - 1 34,407,483
8yMaC8XF,70,Qe7,Queen,Bb6,81,Inaccuracy,3q3k/1bb2p1p/p4pr1/4p3/1P2P3/4NQ1P/2R2PPK/1R6 b - - 0 35,436,517
8yMaC8XF,72,Bb8,Bishop,Bb6,0,Good,7k/1bb1qp1p/p4pr1/4p3/1P2P3/4NQ1P/2R2PPK/3R4 b - - 2 36,506,506
8yMaC8XF,74,Qe8,Queen,Qf8,17,Good,1b5k/1b2qp1p/p4pr1/4pN2/1P2P3/5Q1P/2R2PPK/3R4 b - - 4 37,564,581
8yMaC8XF,76,Rg8,Rook,Bc7,148,Mistake,1b2q2k/1b3p1p/p4pr1/4pN2/1P2P3/5Q1P/3R1PPK/3R4 b - - 6 38,631,779
8yMaC8XF,78,Qe6,Queen,Qe6,-6,Good,1b2q1rk/1b3p1p/p2N1p2/4p3/1P2P3/5Q1P/3R1PPK/3R4 b - - 8 39,618,612
8yMaC8XF,80,f5,Pawn,h6,3,Good,1b4rk/1N3p1p/p3qp2/4p3/1P2P3/5Q1P/3R1PPK/3R4 b - - 0 40,622,625
8yMaC8XF,82,Qxf5,Queen,Qxf5,10,Good,1b4rk/1N3p1p/p3q3/4pQ2/1P2P3/7P/3R1PPK/3R4 b - - 0 41,629,639
8yMaC8XF,84,e4+,Pawn,e4+,-1,Good,1b4rk/1N3p1p/p7/4pP2/1P6/7P/3R1PPK/3R4 b - - 0 42,623,622
8yMaC8XF,86,Rxg2+,Rook,e3,147,Mistake,1b4rk/5p1p/p2N4/5P2/1P2p3/7P/3R1PPK/3R4 b - - 1 43,587,734
Xib9Wu9A,2,e5,Pawn,c5,3,Good,rnbqkbnr/pppppppp/8/8/4P3/8/PPPP1PPP/RNBQKBNR b KQkq - 0 1,34,37
Xib9Wu9A,4,Nc6,Knight,Nc6,-3,Good,rnbqkbnr/pppp1ppp/8/4p3/4P3/5N2/PPPP1PPP/RNBQKB1R b KQkq - 1 2,33,30
Xib9Wu9A,6,a6,Pawn,a6,1,Good,r1bqkbnr/pppp1ppp/2n5/1B2p3/4P3/5N2/PPPP1PPP/RNBQK2R b KQkq - 3 3,36,37
Xib9Wu9A,8,Nf6,Knight,Nf6,4,Good,r1bqkbnr/1ppp1ppp/p1n5/4p3/B3P3/5N2/PPPP1PPP/RNBQK2R b KQkq - 1 4,30,34
Xib9Wu9A,10,Be7,Bishop,Nxe4,3,Good,r1bqkb1r/1ppp1ppp/p1n2n2/4p3/B3P3/5N2/PPPP1PPP/RNBQ1RK1 b kq - 3 5,38,41
Xib9Wu9A,12,b5,Pawn,b5,1,Good,r1bqk2r/1pppbppp/p1n2n2/4p3/B3P3/3P1N2/PPP2PPP/RNBQ1RK1 b kq - 0 6,31,32
Xib9Wu9A,14,d6,Pawn,O-O,2,Good,r1bqk2r/2ppbppp/p1n2n2/1p2p3/4P3/1B1P1N2/PPP2PPP/RNBQ1RK1 b kq - 1 7,29,31
Xib9Wu9A,16,O-O,King,O-O,1,Good,r1bqk2r/2p1bppp/p1np1n2/1p2p3/4P3/PB1P1N2/1PP2PPP/RNBQ1RK1 b kq - 0 8,27,28
Xib9Wu9A,18,Bg4,Bishop,Na5,7,Good,r1bq1rk1/2p1bppp/p1np1n2/1p2p3/4P3/PBNP1N2/1PP2PPP/R1BQ1RK1 b - - 2 9,31,38
Xib9Wu9A,20,Nd4,Knight,Nd4,32,Inaccuracy,r2q1rk1/2p1bppp/p1np1n2/1p2p3/4P1b1/PBNPBN2/1PP2PPP/R2Q1RK1 b - - 4 10,7,39
Xib9Wu9A,22,exd4,Pawn,exd4,10,Good,r2q1rk1/2p1bppp/p2p1n2/1p2p3/3BP1b1/PBNP1N2/1PP2PPP/R2Q1RK1 b - - 0 11,33,43
Xib9Wu9A,24,c6,Pawn,c5,17,Good,r2q1rk1/2p1bppp/p2p1n2/1p1N4/3pP1b1/PB1P1N2/1PP2PPP/R2Q1RK1 b - - 1 12,35,52
Xib9Wu9A,26,Nh5,Knight,d5,58,Inaccuracy,r2q1rk1/4bppp/p1pp1n2/1p6/3pPNb1/PB1P1N2/1PP2PPP/R2Q1RK1 b - - 1 13,-22,36
Xib9Wu9A,28,Nxf4,Knight,Bxf3,74,Inaccuracy,r2q1rk1/4bppp/p1pp4/1p5n/3pPNb1/PB1P1N1P/1PP2PP1/R2Q1RK1 b - - 0 14,29,103
Xib9Wu9A,30,c5,Pawn,Ne6,11,Good,r2q1rk1/4bppp/p1pp4/1p6/3pPnP1/PB1P1N2/1PP2PP1/R2Q1RK1 b - - 0 15,90,101
Xib9Wu9A,32,Ng6,Knight,Ne6,1,Good,r2q1rk1/4bppp/p2p4/1pp5/3pPnP1/PB1P1NP1/1PP2P2/R2Q1RK1 b - - 0 16,112,113
Xib9Wu9A,34,Qd7,Queen,Rc8,-21,Good,r2q1rk1/4bppp/p2p2n1/1pp5/3pP1P1/PB1P1NP1/1PP2PK1/R2Q1R2 b - - 2 17,122,101
Xib9Wu9A,36,Rac8,Rook,Rac8,-2,Good,r4rk1/3qbppp/p2p2n1/1pp5/3pP1P1/PB1P2P1/1PP2PKN/R2Q1R2 b - - 4 18,75,73
Xib9Wu9A,38,Rfe8,Rook,Bd8,67,Inaccuracy,2r2rk1/3qbppp/p2p2n1/1ppB4/3pP1P1/P2P2P1/1PP2PKN/R2Q1R2 b - - 6 19,69,136
Xib9Wu9A,40,Bf8,Bishop,Bd8,93,Mistake,2r1r1k1/3qbppp/p2p2n1/1ppB4/3pP1P1/P2P2P1/1PP2PKN/R2Q3R b - - 8 20,115,208
Xib9Wu9A,42,Ne7,Knight,Ne7,0,Good,2r1rbk1/3q1ppp/p2p2n1/1ppB2P1/3pP3/P2P2P1/1PP2PKN/R2Q3R b - - 0 21,218,218
Xib9Wu9A,44,g6,Pawn,Nxd5,295,Blunder,2r1rbk1/3qnppp/p2p4/1ppB2PQ/3pP3/P2P2P1/1PP2PKN/R6R b - - 2 22,115,410
Xib9Wu9A,46,Kxh7,King,Kxh7,-34,Good,2r1rbk1/3qnp1Q/p2p2p1/1ppB2P1/3pP3/P2P2P1/1PP2PKN/R6R b - - 0 23,433,399
Xib9Wu9A,48,Kg7,King,Bh6,9544,Blunder,2r1rb2/3qnp1k/p2p2p1/1ppB2P1/3pP1N1/P2P2P1/1PP2PK1/R6R b - - 1 24,453,9997
Xib9Wu9A,50,Qh3+,Queen,Qh3+,0,Good,2r1rb2/3qnpk1/p2p1Np1/1ppB2P1/3pP3/P2P2P1/1PP2PK1/R6R b - - 3 25,9998,9998
Xib9Wu9A,52,Nf5,Knight,b4,0,Good,2r1rb2/4npk1/p2p1Np1/1ppB2P1/3pP3/P2P2PR/1PP2PK1/R7 b - - 0 26,9999,9999
V4QdFz8h,2,e5,Pawn,c5,-4,Good,rnbqkbnr/pppppppp/8/8/4P3/8/PPPP1PPP/RNBQKBNR b KQkq - 0 1,31,27
V4QdFz8h,4,Nc6,Knight,Nf6,11,Good,rnbqkbnr/pppp1ppp/8/4p3/4P3/5N2/PPPP1PPP/RNBQKB1R b KQkq - 1 2,25,36
V4QdFz8h,6,a6,Pawn,a6,2,Good,r1bqkbnr/pppp1ppp/2n5/1B2p3/4P3/5N2/PPPP1PPP/RNBQK2R b KQkq - 3 3,38,40
V4QdFz8h,8,Nf6,Knight,Nf6,0,Good,r1bqkbnr/1ppp1ppp/p1n5/4p3/B3P3/5N2/PPPP1PPP/RNBQK2R b KQkq - 1 4,34,34
V4QdFz8h,10,Bc5,Bishop,b5,7,Good,r1bqkb1r/1ppp1ppp/p1n2n2/4p3/B3P3/2N2N2/PPPP1PPP/R1BQK2R b KQkq - 3 5,19,26
V4QdFz8h,12,b5,Pawn,O-O,43,Inaccuracy,r1bqk2r/1ppp1ppp/p1n2n2/2b1p3/B3P3/2N2N2/PPPP1PPP/R1BQ1RK1 b kq - 5 6,-2,41
V4QdFz8h,14,O-O,King,O-O,-12,Good,r1bqk2r/2pp1ppp/p1n2n2/1pb1p3/4P3/1BN2N2/PPPP1PPP/R1BQ1RK1 b kq - 1 7,36,24
V4QdFz8h,16,d6,Pawn,Nd4,4,Good,r1bq1rk1/2pp1ppp/p1n2n2/1pb1p3/4P3/PBN2N2/1PPP1PPP/R1BQ1RK1 b - - 0 8,-7,-3
V4QdFz8h,18,Be6,Bishop,Ne7,5,Good,r1bq1rk1/2p2ppp/p1np1n2/1pb1p3/4P3/PBN2N1P/1PPP1PP1/R1BQ1RK1 b - - 0 9,5,10
V4QdFz8h,20,Bxb3,Bishop,Nd4,30,Inaccuracy,r2q1rk1/2p2ppp/p1npbn2/1pb1p3/4P3/PBNP1N1P/1PP2PP1/R1BQ1RK1 b - - 0 10,-3,27
V4QdFz8h,22,h6,Pawn,b4,0,Good,r2q1rk1/2p2ppp/p1np1n2/1pb1p3/4P3/PPNP1N1P/1P3PP1/R1BQ1RK1 b - - 0 11,35,35
V4QdFz8h,24,Qd7,Queen,d5,36,Inaccuracy,r2q1rk1/2p2pp1/p1np1n1p/1pb1p3/4P3/PPNP1N1P/1P3PP1/R1BQR1K1 b - - 1 12,-10,26
V4QdFz8h,26,Rac8,Rook,d5,10,Good,r4rk1/2pq1pp1/p1np1n1p/1pb1p3/4P3/PP1P1N1P/1P2NPP1/R1BQR1K1 b - - 3 13,15,25
V4QdFz8h,28,Nd4,Knight,Rfe8,46,Inaccuracy,2r2rk1/2pq1pp1/p1np1n1p/1pb1p3/4P3/PP1P1NNP/1P3PP1/R1BQR1K1 b - - 5 14,4,50
V4QdFz8h,30,Bxd4,Bishop,Bxd4,-3,Good,2r2rk1/2pq1pp1/p2p1n1p/1pb1p3/3NP3/PP1P2NP/1P3PP1/R1BQR1K1 b - - 0 15,10,7
V4QdFz8h,32,Bb6,Bishop,Kh7,57,Inaccuracy,2r2rk1/2pq1pp1/p2p1n1p/1p2pN2/3bP3/PP1P3P/1P3PP1/R1BQR1K1 b - - 1 16,15,72
V4QdFz8h,34,Qe6,Queen,Kh8,146,Mistake,2r2rk1/2pq1pp1/pb1p1n1p/1p2pN2/4P3/PP1P1Q1P/1P3PP1/R1B1R1K1 b - - 3 17,79,225
V4QdFz8h,36,gxh6,Pawn,g6,278,Blunder,2r2rk1/2p2pp1/pb1pqn1B/1p2pN2/4P3/PP1P1Q1P/1P3PP1/R3R1K1 b - - 0 18,235,513
jNMq1Nt4,2,e5,Pawn,c5,3,Good,rnbqkbnr/pppppppp/8/8/4P3/8/PPPP1PPP/RNBQKBNR b KQkq - 0 1,35,38
jNMq1Nt4,4,Nc6,Knight,Nc6,-6,Good,rnbqkbnr/pppp1ppp/8/4p3/4P3/5N2/PPPP1PPP/RNBQKB1R b KQkq - 1 2,44,38
jNMq1Nt4,6,a6,Pawn,a6,-3,Good,r1bqkbnr/pppp1ppp/2n5/1B2p3/4P3/5N2/PPPP1PPP/RNBQK2R b KQkq - 3 3,45,42
jNMq1Nt4,8,Nf6,Knight,Nf6,-4,Good,r1bqkbnr/1ppp1ppp/p1n5/4p3/B3P3/5N2/PPPP1PPP/RNBQK2R b KQkq - 1 4,40,36
jNMq1Nt4,10,b5,Pawn,b5,-5,Good,r1bqkb1r/1ppp1ppp/p1n2n2/4p3/B3P3/2N2N2/PPPP1PPP/R1BQK2R b KQkq - 3 5,17,12
jNMq1Nt4,12,Bc5,Bishop,Be7,5,Good,r1bqkb1r/2pp1ppp/p1n2n2/1p2p3/4P3/1BN2N2/PPPP1PPP/R1BQK2R b KQkq - 1 6,24,29
jNMq1Nt4,14,d6,Pawn,d6,27,Good,r1bqk2r/2pp1ppp/p1n2n2/1pb1p3/4P3/1BN2N2/PPPP1PPP/R1BQ1RK1 b kq - 3 7,8,35
jNMq1Nt4,16,Nxe4,Knight,h6,-8,Good,r1bqk2r/2p2ppp/p1np1n2/1pbNp3/4P3/1B3N2/PPPP1PPP/R1BQ1RK1 b kq - 1 8,51,43
jNMq1Nt4,18,Nxd4,Knight,Bxd4,15,Good,r1bqk2r/2p2ppp/p1np4/1pbNp3/3Pn3/1B3N2/PPP2PPP/R1BQ1RK1 b kq - 0 9,-97,-82
jNMq1Nt4,20,Bxd4,Bishop,Bxd4,-12,Good,r1bqk2r/2p2ppp/p2p4/1pbNp3/3Nn3/1B6/PPP2PPP/R1BQ1RK1 b kq - 0 10,-80,-92
jNMq1Nt4,22,f5,Pawn,Nc5,15,Good,r1bqk2r/2p2ppp/p2p4/1p1Np3/3bn3/1B3Q2/PPP2PPP/R1B2RK1 b kq - 1 11,-98,-83
jNMq1Nt4,24,Bc5,Bishop,Bc5,6,Good,r1bqk2r/2p3pp/p2p4/1p1Npp2/3bn3/1BP2Q2/PP3PPP/R1B2RK1 b kq - 0 12,-113,-107
jNMq1Nt4,26,g6,Pawn,g6,-17,Good,r1bqk2r/2p3pp/p2p4/1pbNpp1Q/4n3/1BP5/PP3PPP/R1B2RK1 b kq - 2 13,-126,-143
jNMq1Nt4,28,Qd7,Queen,Qd7,9,Good,r1bqk2r/2p4p/p2p2pQ/1pbNpp2/4n3/1BP5/PP3PPP/R1B2RK1 b kq - 1 14,-155,-146
jNMq1Nt4,30,c6,Pawn,Rf8,210,Blunder,r1b1k2r/2pq3p/p2p2pQ/1pbNpp2/4n3/1BP1B3/PP3PPP/R4RK1 b kq - 3 15,-174,36
jNMq1Nt4,32,cxd5,Pawn,cxd5,-1,Good,r1b1k2r/3q3p/p1pp2pQ/1pBNpp2/4n3/1BP5/PP3PPP/R4RK1 b kq - 0 16,30,29
jNMq1Nt4,34,Bb7,Bishop,Bb7,-1,Good,r1b1k2r/3q3p/p2p2pQ/1pBBpp2/4n3/2P5/PP3PPP/R4RK1 b kq - 0 17,36,35
jNMq1Nt4,36,Bxe4,Bishop,Bxe4,9,Good,r3k2r/1b1q3p/p2p2pQ/1pB1pp2/4B3/2P5/PP3PPP/R4RK1 b kq - 0 18,29,38
jNMq1Nt4,38,d5,Pawn,O-O-O,311,Blunder,r3k2r/3q3p/p2p2pQ/1pB1pp2/4b3/2P5/PP3PPP/3R1RK1 b kq - 1 19,-4,307
jNMq1Nt4,40,Rc8,Rook,O-O-O,136,Mistake,r3k2r/3q3p/p5pQ/1pBppp2/4b3/2P5/PP1R1PPP/5RK1 b kq - 1 20,230,366
jNMq1Nt4,42,a5,Pawn,Rxc5,16,Good,2r1k2r/3q3p/p5pQ/1pBppp2/1P2b3/2P5/P2R1PPP/5RK1 b k - 0 21,390,406
jNMq1Nt4,44,axb4,Pawn,axb4,39,Inaccuracy,2r1k2r/3q3p/6pQ/ppBppp2/1P2b3/2P2P2/P2R2PP/5RK1 b k - 0 22,384,423
jNMq1Nt4,46,Bxf3,Bishop,d4,41,Inaccuracy,2r1k2r/3q3p/6pQ/1pBppp2/1P2b3/5P2/P2R2PP/5RK1 b k - 0 23,410,451
jNMq1Nt4,48,Kf7,King,Kf7,0,Good,2r1k2r/3q3p/6pQ/1pBppp2/1P6/5P2/P2R3P/5RK1 b k - 0 24,457,457
jNMq1Nt4,50,d4,Pawn,Rcd8,33,Inaccuracy,2r4r/3q1k1p/6pQ/1pBppp2/1P6/5P2/P2R3P/3R2K1 b - - 2 25,465,498
jNMq1Nt4,52,Rxc5,Rook,Rcd8,8,Good,2r4r/3q1k1p/6pQ/1pB1pp2/1P1p1P2/8/P2R3P/3R2K1 b - - 0 26,494,502
jNMq1Nt4,54,Qd5,Queen,Qe7,20,Good,7r/3q1k1p/6pQ/1pP1pp2/3p1P2/8/P2R3P/3R2K1 b - - 0 27,520,540
jNMq1Nt4,56,Qxe5,Queen,d3,68,Inaccuracy,7r/5k1p/6pQ/1pPqPp2/3p4/8/P2R3P/3R2K1 b - - 0 28,492,560
jNMq1Nt4,58,Qxc5,Queen,Ke6,-14,Good,7r/5k1p/6pQ/1pP1qp2/3R4/8/P6P/3R2K1 b - - 0 29,586,572
jNMq1Nt4,60,Re8,Rook,Rc8,229,Blunder,7r/5k1p/6p1/1pq2p2/3R4/4Q3/P6P/3R2K1 b - - 1 30,581,810
cXvk9fqE,2,e6,Pawn,c5,9,Good,rnbqkbnr/pppppppp/8/8/4P3/8/PPPP1PPP/RNBQKBNR b KQkq - 0 1,38,47
cXvk9fqE,4,d5,Pawn,d5,0,Good,rnbqkbnr/pppp1ppp/4p3/8/3PP3/8/PPP2PPP/RNBQKBNR b KQkq - 0 2,41,41
cXvk9fqE,6,Bb4,Bishop,Nf6,24,Good,rnbqkbnr/ppp2ppp/4p3/3p4/3PP3/2N5/PPP2PPP/R1BQKBNR b KQkq - 1 3,42,66
cXvk9fqE,8,c5,Pawn,c5,4,Good,rnbqk1nr/ppp2ppp/4p3/3pP3/1b1P4/2N5/PPP2PPP/R1BQKBNR b KQkq - 0 4,56,60
cXvk9fqE,10,Bxc3+,Bishop,Bxc3+,-3,Good,rnbqk1nr/pp3ppp/4p3/2ppP3/1b1P4/P1N5/1PP2PPP/R1BQKBNR b KQkq - 0 5,65,62
cXvk9fqE,12,Ne7,Knight,Ne7,8,Good,rnbqk1nr/pp3ppp/4p3/2ppP3/3P4/P1P5/2P2PPP/R1BQKBNR b KQkq - 0 6,59,67
cXvk9fqE,14,Qc7,Queen,Qc7,-1,Good,rnbqk2r/pp2nppp/4p3/2ppP3/3P2Q1/P1P5/2P2PPP/R1B1KBNR b KQkq - 2 7,60,59
cXvk9fqE,16,Rg8,Rook,Rg8,-10,Good,rnb1k2r/ppq1npQp/4p3/2ppP3/3P4/P1P5/2P2PPP/R1B1KBNR b KQkq - 0 8,62,52
cXvk9fqE,18,cxd4,Pawn,cxd4,11,Good,rnb1k1r1/ppq1np1Q/4p3/2ppP3/3P4/P1P5/2P2PPP/R1B1KBNR b KQq - 0 9,51,62
cXvk9fqE,20,dxc3,Pawn,Qxe5+,9,Good,rnb1k1r1/ppq1np2/4p3/3pP3/3p4/P1PQ4/2P2PPP/R1B1KBNR b KQq - 1 10,58,67
cXvk9fqE,22,Nbc6,Knight,Qxe5,23,Good,rnb1k1r1/ppq1np2/4p3/3pP3/8/P1pQ4/2P1NPPP/R1B1KB1R b KQq - 1 11,48,71
cXvk9fqE,24,d4,Pawn,Nxe5,81,Inaccuracy,r1b1k1r1/ppq1np2/2n1p3/3pP3/5B2/P1pQ4/2P1NPPP/R3KB1R b KQq - 3 12,23,104
cXvk9fqE,26,Nxd4,Knight,Nxd4,-38,Good,r1b1k1r1/ppq1np2/2n1p3/4P3/3N1B2/P1pQ4/2P2PPP/R3KB1R b KQq - 0 13,123,85
cXvk9fqE,28,Bd7,Bishop,Bd7,-44,Good,r1b1k1r1/ppq1np2/4p3/4P3/3Q1B2/P1p5/2P2PPP/R3KB1R b KQq - 0 14,121,77
cXvk9fqE,30,Nf5,Knight,Nf5,-5,Good,r3k1r1/ppqbnp2/4p3/4P3/3Q1B1P/P1p5/2P2PP1/R3KB1R b KQq - 0 15,38,33
cXvk9fqE,32,O-O-O,King,O-O-O,12,Good,r3k1r1/ppqb1p2/4p3/4Pn2/5B1P/P1pQ4/2P2PP1/R3KB1R b KQq - 2 16,29,41
cXvk9fqE,34,Bc6,Bishop,Bc6,18,Good,2kr2r1/ppqb1p2/4p3/4Pn2/5B1P/P1pQ3R/2P2PP1/R3KB2 b Q - 4 17,16,34
cXvk9fqE,36,Bxg2,Bishop,Rd4,88,Inaccuracy,2kr2r1/ppq2p2/2b1p3/4Pn2/5B1P/P1Q4R/2P2PP1/R3KB2 b Q - 0 18,34,122
cXvk9fqE,38,Kxc7,King,Kxc7,34,Inaccuracy,2kr2r1/ppQ2p2/4p3/4Pn2/5B1P/P6R/2P2Pb1/R3KB2 b Q - 0 19,110,144
cXvk9fqE,40,Rxg2,Rook,Rxg2,-3,Good,3r2r1/ppk2p2/4p3/4Pn2/5B1P/P6R/2P2PB1/R3K3 b Q - 0 20,129,126
cXvk9fqE,42,Rg4,Rook,Rgg8,27,Good,3r4/ppk2p2/4p3/4Pn2/5B1P/P6R/2P2Pr1/R4K2 b - - 1 21,122,149
cXvk9fqE,44,Rh8,Rook,Rdd4,-10,Good,3r4/ppk2p2/4p3/4PnB1/6rP/P6R/2P2P2/R4K2 b - - 3 22,166,156
cXvk9fqE,46,Rg3,Rook,Nxh4,72,Inaccuracy,7r/ppk2p2/4p3/4PnB1/5PrP/P6R/2P5/R4K2 b - - 0 23,38,110
cXvk9fqE,48,Nxg3+,Knight,Nxg3+,-1,Good,7r/ppk2p2/4p3/4PnB1/5P1P/P5R1/2P5/R4K2 b - - 0 24,122,121
cXvk9fqE,50,Ne4,Knight,Nf5,193,Mistake,7r/ppk2p2/4p3/4P1B1/5P1P/P5n1/2P3K1/R7 b - - 1 25,101,294
cXvk9fqE,52,Kd7,King,Rh7,97,Mistake,7r/ppk2p2/4p3/4P1B1/4nP1P/P7/2P3K1/7R b - - 3 26,241,338
cXvk9fqE,54,Rg8,Rook,Rc8,91,Mistake,7r/pp1k1p2/4p3/4P1BP/4nP2/P7/2P3K1/7R b - - 0 27,284,375
cXvk9fqE,56,Nxg5,Knight,f5,10,Good,6r1/pp1k1p2/4p2P/4P1B1/4nP2/P7/2P3K1/7R b - - 0 28,388,398
cXvk9fqE,58,Rxg5+,Rook,Ke7,83,Inaccuracy,6r1/pp1k1p2/4p2P/4P1P1/8/P7/2P3K1/7R b - - 0 29,393,476
cXvk9fqE,60,Rg8,Rook,Rg8,1,Good,8/pp1k1p2/4p2P/4P1r1/8/P4K2/2P5/7R b - - 1 30,534,535
cXvk9fqE,62,Rh8,Rook,Rh8,-9,Good,6r1/pp1k1p1P/4p3/4P3/8/P4K2/2P5/7R b - - 0 31,524,515
cXvk9fqE,64,f6,Pawn,Kd8,47,Inaccuracy,7r/pp1k1p1P/4p3/4P3/5K2/P7/2P5/7R b - - 2 32,537,584
cXvk9fqE,66,Ke8,King,Ke8,16,Good,7r/pp1k3P/4pP2/8/5K2/P7/2P5/7R b - - 0 33,632,648
cXvk9fqE,68,Kf7,King,Kf7,38,Inaccuracy,4k2r/pp5P/4pP2/4K3/8/P7/2P5/7R b - - 2 34,630,668
cXvk9fqE,70,b5,Pawn,b5,20,Good,7r/pp3k1P/4pP1R/4K3/8/P7/2P5/8 b - - 4 35,578,598
cXvk9fqE,72,a6,Pawn,b4,-1,Good,7r/p4k1P/4pP1R/1p2K3/8/P1P5/8/8 b - - 0 36,696,695
cXvk9fqE,74,a5,Pawn,Ke8,-18,Good,7r/5k1P/p3pP2/1p2K3/8/P1P5/8/7R b - - 1 37,718,700
cXvk9fqE,76,Kg6,King,a4,63,Inaccuracy,7r/5k1P/4pP2/pp2K3/8/P1P5/7R/8 b - - 1 38,712,775
cXvk9fqE,78,Re8+,Rook,Re8+,8,Good,7r/7P/4KPk1/pp6/8/P1P5/7R/8 b - - 0 39,660,668
cXvk9fqE,80,Rh8,Rook,Rh8,34,Inaccuracy,4r3/3K3P/5Pk1/pp6/8/P1P5/7R/8 b - - 2 40,703,737
rFo7GBXk,2,e6,Pawn,e5,19,Good,rnbqkbnr/pppppppp/8/8/4P3/8/PPPP1PPP/RNBQKBNR b KQkq - 0 1,38,57
rFo7GBXk,4,d5,Pawn,d5,6,Good,rnbqkbnr/pppp1ppp/4p3/8/3PP3/8/PPP2PPP/RNBQKBNR b KQkq - 0 2,39,45
rFo7GBXk,6,Bb4,Bishop,Nf6,22,Good,rnbqkbnr/ppp2ppp/4p3/3p4/3PP3/2N5/PPP2PPP/R1BQKBNR b KQkq - 1 3,43,65
rFo7GBXk,8,c5,Pawn,c5,12,Good,rnbqk1nr/ppp2ppp/4p3/3pP3/1b1P4/2N5/PPP2PPP/R1BQKBNR b KQkq - 0 4,58,70
rFo7GBXk,10,Bxc3+,Bishop,Bxc3+,-8,Good,rnbqk1nr/pp3ppp/4p3/2ppP3/1b1P4/P1N5/1PP2PPP/R1BQKBNR b KQkq - 0 5,66,58
rFo7GBXk,12,Ne7,Knight,Ne7,1,Good,rnbqk1nr/pp3ppp/4p3/2ppP3/3P4/P1P5/2P2PPP/R1BQKBNR b KQkq - 0 6,60,61
rFo7GBXk,14,Qa5,Queen,Qc7,54,Inaccuracy,rnbqk2r/pp2nppp/4p3/2ppP3/3P2Q1/P1P5/2P2PPP/R1B1KBNR b KQkq - 2 7,55,109
rFo7GBXk,16,O-O,King,g6,23,Good,rnb1k2r/pp2nppp/4p3/q1ppP3/3P2Q1/P1P5/2PB1PPP/R3KBNR b KQkq - 4 8,102,125
rFo7GBXk,18,Nd7,Knight,Nd7,13,Good,rnb2rk1/pp2nppp/4p3/q1PpP3/6Q1/P1P5/2PB1PPP/R3KBNR b KQ - 0 9,-21,-8
rFo7GBXk,20,Nxc5,Knight,Nxc5,5,Good,r1b2rk1/pp1nnppp/4p3/q1PpP3/6Q1/P1P2N2/2PB1PPP/R3KB1R b KQ - 2 10,-14,-9
rFo7GBXk,22,Ne4,Knight,f5,67,Inaccuracy,r1b2rk1/pp2nppp/4p3/q1npP3/6QP/P1P2N2/2PB1PP1/R3KB1R b KQ - 0 11,-46,21
rFo7GBXk,24,Bd7,Bishop,Bd7,-3,Good,r1b2rk1/pp2nppp/4p3/q2pP3/4n1QP/P1PB1N2/2PB1PP1/R3K2R b KQ - 2 12,13,10
rFo7GBXk,26,Rac8,Rook,h6,33,Inaccuracy,r4rk1/pp1bnppp/4p3/q2pP2P/4n1Q1/P1PB1N2/2PB1PP1/R3K2R b KQ - 0 13,1,34
rFo7GBXk,28,g6,Pawn,g6,-10,Good,2r2rk1/pp1bnppp/4p2P/q2pP3/4n1Q1/P1PB1N2/2PB1PP1/R3K2R b KQ - 0 14,43,33
rFo7GBXk,30,Nxd2,Knight,Bb5,5,Good,2r2rk1/pp1bnp1p/4p1pP/q2pP3/4n1Q1/P1PB1N2/2PB1PP1/R4RK1 b - - 1 15,38,43
rFo7GBXk,32,Qxc3,Queen,Qxc3,9,Good,2r2rk1/pp1bnp1p/4p1pP/q2pP3/6Q1/P1PB4/2PN1PP1/R4RK1 b - - 0 16,40,49
rFo7GBXk,34,f5,Pawn,Nc6,16,Good,2r2rk1/pp1bnp1p/4p1pP/3pP3/6Q1/P1qB1N2/2P2PP1/R4RK1 b - - 1 17,41,57
rFo7GBXk,36,Nc6,Knight,Rc7,20,Good,2r2rk1/pp1bn2p/4p1pP/3pPp2/5Q2/P1qB1N2/2P2PP1/R4RK1 b - - 1 18,-4,16
rFo7GBXk,38,Rc7,Rook,Nd8,-9,Good,2r2rk1/pp1b3p/2n1p1pP/3pPp2/5Q2/P1qB1N2/2P2PP1/1R3RK1 b - - 3 19,-19,-28
rFo7GBXk,40,Qxa3,Queen,Nd8,45,Inaccuracy,5rk1/pprb3p/2n1p1pP/1B1pPp2/5Q2/P1q2N2/2P2PP1/1R3RK1 b - - 5 20,-62,-17
rFo7GBXk,42,Bxc6,Bishop,Bxc6,-13,Good,5rk1/pprb3p/2B1p1pP/3pPp2/5Q2/q4N2/2P2PP1/1R3RK1 b - - 0 21,-63,-76
rFo7GBXk,44,Bd7,Bishop,Bd7,7,Good,5rk1/ppr4p/2b1p1pP/3pPp2/3N1Q2/q7/2P2PP1/1R3RK1 b - - 1 22,-72,-65
rFo7GBXk,46,Rfc8,Rook,b6,90,Mistake,5rk1/pprb3p/4p1pP/3pPpQ1/3N4/q7/2P2PP1/1R3RK1 b - - 3 23,-82,8
rFo7GBXk,48,b6,Pawn,Qf8,134,Mistake,2r3k1/pprb3p/4p1pP/3pPpQ1/3N4/q7/2P2PP1/1R1R2K1 b - - 5 24,-72,62
rFo7GBXk,50,Qc5,Queen,Qc5,15,Good,2r3k1/p1rb3p/1p2p1pP/3pPpQ1/3N4/qR6/2P2PP1/3R2K1 b - - 1 25,-82,-67
rFo7GBXk,52,a5,Pawn,Re8,11,Good,2r3k1/p1rb3p/1p2p1pP/2qpPpQ1/3N4/6R1/2P2PP1/3R2K1 b - - 3 26,-100,-89
rFo7GBXk,54,Qf8,Queen,Qf8,-22,Good,2r3k1/2rb3p/1p2p1pP/p1qpPpQ1/3N4/3R2R1/2P2PP1/6K1 b - - 1 27,-151,-173
rFo7GBXk,56,Rc4,Rook,b5,83,Inaccuracy,2r2qk1/2rb3p/1p2p1pP/p2pPpQ1/3N4/1R4R1/2P2PP1/6K1 b - - 3 28,-205,-122
rFo7GBXk,58,b5,Pawn,b5,-11,Good,2r2qk1/3b3p/1p2p1pP/p2pPp2/2rN4/1R4R1/2PQ1PP1/6K1 b - - 5 29,-215,-226
rFo7GBXk,60,a4,Pawn,b4,41,Inaccuracy,2r2qk1/3b3p/4p1pP/pp1pPp2/2rN4/6R1/2PQ1PP1/1R4K1 b - - 1 30,-274,-233
rFo7GBXk,62,a3,Pawn,Ra8,3,Good,2r2qk1/3b3p/4p1pP/1p1pPp2/p1rN4/2P3R1/3Q1PP1/1R4K1 b - - 0 31,-206,-203
rFo7GBXk,64,Ra8,Rook,f4,31,Inaccuracy,2r2qk1/3b3p/4p1pP/1p1pPp2/2rN4/p1PR4/3Q1PP1/1R4K1 b - - 1 32,-218,-187
rFo7GBXk,66,Ra6,Rook,f4,52,Inaccuracy,r4qk1/3b3p/4p1pP/1p1pPp2/2rN4/p1PR4/3Q1PP1/R5K1 b - - 3 33,-218,-166
rFo7GBXk,68,Rca4,Rook,f4,34,Inaccuracy,5qk1/3b3p/r3p1pP/1p1pPp2/2rN4/p1PR4/R2Q1PP1/6K1 b - - 5 34,-206,-172
rFo7GBXk,70,Rc4,Rook,Ra8,12,Good,5qk1/3b3p/r3p1pP/1p1pPp2/r2N4/p1PR2P1/R2Q1P2/6K1 b - - 0 35,-183,-171
WCUfqGa7,2,e5,Pawn,c5,12,Good,rnbqkbnr/pppppppp/8/8/4P3/8/PPPP1PPP/RNBQKBNR b KQkq - 0 1,24,36
WCUfqGa7,4,Nc6,Knight,Nc6,10,Good,rnbqkbnr/pppp1ppp/8/4p3/4P3/5N2/PPPP1PPP/RNBQKB1R b KQkq - 1 2,31,41
WCUfqGa7,6,d6,Pawn,Nf6,4,Good,r1bqkbnr/pppp1ppp/2n5/4p3/2B1P3/5N2/PPPP1PPP/RNBQK2R b KQkq - 3 3,33,37
WCUfqGa7,8,g6,Pawn,Be7,21,Good,r1bqkbnr/ppp2ppp/2np4/4p3/2B1P3/2P2N2/PP1P1PPP/RNBQK2R b KQkq - 0 4,42,63
WCUfqGa7,10,Qe7,Queen,Bh6,5,Good,r1bqkbnr/ppp2p1p/2np2p1/4p3/2BPP3/2P2N2/PP3PPP/RNBQK2R b KQkq - 0 5,82,87
WCUfqGa7,12,Bg7,Bishop,Bh6,-8,Good,r1b1kbnr/ppp1qp1p/2np2p1/4p3/2BPP3/2P2N2/PP3PPP/RNBQ1RK1 b kq - 2 6,85,77
WCUfqGa7,14,Nf6,Knight,Nf6,-13,Good,r1b1k1nr/ppp1qpbp/2np2p1/4p3/2BPP3/2P2N2/PP3PPP/RNBQR1K1 b kq - 4 7,107,94
WCUfqGa7,16,O-O,King,O-O,3,Good,r1b1k2r/ppp1qpbp/2np1np1/4p3/2BPP3/2P2N1P/PP3PP1/RNBQR1K1 b kq - 0 8,91,94
WCUfqGa7,18,Bd7,Bishop,a5,9,Good,r1b2rk1/ppp1qpbp/2np1np1/4p3/2BPP3/2P2N1P/PP1N1PP1/R1BQR1K1 b - - 2 9,77,86
WCUfqGa7,20,Nxe5,Knight,Nxe5,7,Good,r4rk1/pppbqpbp/2np1np1/4P3/2B1P3/2P2N1P/PP1N1PP1/R1BQR1K1 b - - 0 10,23,30
WCUfqGa7,22,Qxe5,Queen,dxe5,22,Good,r4rk1/pppbqpbp/3p1np1/4N3/2B1P3/2P4P/PP1N1PP1/R1BQR1K1 b - - 0 11,16,38
WCUfqGa7,24,Qc5,Queen,Qc5,0,Good,r4rk1/pppb1pbp/3p1np1/4q3/2B1P3/2P2N1P/PP3PP1/R1BQR1K1 b - - 1 12,38,38
WCUfqGa7,26,Rae8,Rook,Rfe8,-2,Good,r4rk1/pppb1pbp/3p1np1/2q5/4P3/2PB1N1P/PP3PP1/R1BQR1K1 b - - 3 13,45,43
WCUfqGa7,28,Qh5,Queen,Qh5,2,Good,4rrk1/pppb1pbp/3p1np1/2q5/4P3/2PBBN1P/PP3PP1/R2QR1K1 b - - 5 14,26,28
WCUfqGa7,30,Bc6,Bishop,Bc6,20,Good,4rrk1/pppb1pbp/3p1np1/7q/3BP3/2PB1N1P/PP3PP1/R2QR1K1 b - - 7 15,3,23
WCUfqGa7,32,Qh4,Queen,Re7,38,Inaccuracy,4rrk1/ppp2pbp/2bp1np1/7q/3BP3/2PB3P/PP1N1PP1/R2QR1K1 b - - 9 16,-13,25
WCUfqGa7,34,Qh5,Queen,Qh5,-4,Good,4rrk1/ppp2pbp/2bp1np1/8/3BP2q/2PB1N1P/PP3PP1/R2QR1K1 b - - 11 17,29,25
WCUfqGa7,36,Bxf6,Bishop,Bxf6,-3,Good,4rrk1/ppp2pbp/2bp1Bp1/7q/4P3/2PB1N1P/PP3PP1/R2QR1K1 b - - 0 18,-23,-26
WCUfqGa7,38,Qxd1,Queen,Qxd1,-4,Good,4rrk1/ppp2p1p/2bp1bp1/7q/3NP3/2PB3P/PP3PP1/R2QR1K1 b - - 1 19,-29,-33
WCUfqGa7,40,Bd7,Bishop,Ba4,0,Good,4rrk1/ppp2p1p/2bp1bp1/8/3NP3/2PB3P/PP3PP1/3RR1K1 b - - 0 20,-37,-37
WCUfqGa7,42,Bxd4,Bishop,Bxb5,71,Inaccuracy,4rrk1/pppb1p1p/3p1bp1/1B6/3NP3/2P4P/PP3PP1/3RR1K1 b - - 2 21,-41,30
WCUfqGa7,44,Re7,Rook,Re7,0,Good,4rrk1/pppB1p1p/3p2p1/8/3bP3/2P4P/PP3PP1/3RR1K1 b - - 0 22,35,35
WCUfqGa7,46,Rxd7,Rook,Rxd7,14,Good,5rk1/pppBrp1p/3p2p1/8/3PP3/7P/PP3PP1/3RR1K1 b - - 0 23,22,36
WCUfqGa7,48,f6,Pawn,f6,3,Good,5rk1/pppr1p1p/3p2p1/8/3PPP2/7P/PP4P1/3RR1K1 b - - 0 24,33,36
WCUfqGa7,50,Re8,Rook,g5,2,Good,5rk1/pppr3p/3p1pp1/8/3PPP2/6PP/PP6/3RR1K1 b - - 0 25,32,34
WCUfqGa7,52,Rde7,Rook,h5,12,Good,4r1k1/pppr3p/3p1pp1/8/3PPP2/6PP/PP3K2/3RR3 b - - 2 26,27,39
WCUfqGa7,54,d5,Pawn,Kf7,47,Inaccuracy,4r1k1/ppp1r2p/3p1pp1/8/3PPP2/5KPP/PP6/3RR3 b - - 4 27,24,71
WCUfqGa7,56,Re6,Rook,c6,19,Good,4r1k1/ppp1r2p/5pp1/3pP3/3P1P2/5KPP/PP6/3RR3 b - - 0 28,72,91
WCUfqGa7,58,R8e7,Rook,c6,14,Good,4r1k1/ppp4p/4rpp1/3pP3/3P1P2/5KPP/PP6/2R1R3 b - - 2 29,84,98
WCUfqGa7,60,Rb6,Rook,c6,9,Good,6k1/ppp1r2p/4rpp1/2RpP3/3P1P2/5KPP/PP6/4R3 b - - 4 30,100,109
WCUfqGa7,62,Rxb2,Rook,Rxb2,-49,Good,6k1/ppp1r2p/1r3pp1/3RP3/3P1P2/5KPP/PP6/4R3 b - - 0 31,165,116
WCUfqGa7,64,f5,Pawn,Rd2,86,Inaccuracy,6k1/ppp1r2p/5pp1/3RP3/P2P1P2/5KPP/1r6/4R3 b - - 0 32,100,186
WCUfqGa7,66,Kf7,King,Kf7,-38,Good,3R2k1/ppp1r2p/6p1/4Pp2/P2P1P2/5KPP/1r6/4R3 b - - 1 33,163,125
WCUfqGa7,68,Re8,Rook,Re8,-24,Good,3R4/ppp1rk1p/6p1/3PPp2/P4P2/5KPP/1r6/4R3 b - - 0 34,191,167
WCUfqGa7,70,Kf8,King,Kf8,-27,Good,3Rr3/ppp2k1p/4P1p1/3P1p2/P4P2/5KPP/1r6/4R3 b - - 0 35,144,117
WCUfqGa7,72,Re7,Rook,Rb3+,113,Mistake,4rk2/pppR3p/4P1p1/3P1p2/P4P2/5KPP/1r6/4R3 b - - 2 36,113,226
WCUfqGa7,74,cxd6,Pawn,cxd6,0,Good,5k2/pppRr2p/3PP1p1/5p2/P4P2/5KPP/1r6/4R3 b - - 0 37,0,0
WCUfqGa7,76,Rb3+,Rook,h5,12,Good,5k2/pp2r2p/3RP1p1/5p2/P4P2/5KPP/1r6/4R3 b - - 0 38,-3,9
WCUfqGa7,78,Rc7,Rook,h5,27,Good,5k2/pp2r2p/3RP1p1/5p2/P4P2/1r4PP/5K2/4R3 b - - 2 39,-14,13
WCUfqGa7,80,Ke7,King,Ke7,-6,Good,5k2/ppr4p/4P1p1/5p2/P4P2/1r4PP/3R1K2/4R3 b - - 4 40,-25,-31
WCUfqGa7,82,a6,Pawn,Rbc3,10,Good,8/ppr1k2p/4P1p1/5p2/P4P2/1r4PP/3RRK2/8 b - - 6 41,-41,-31
WCUfqGa7,84,b5,Pawn,Rb5,68,Inaccuracy,8/1pr1k2p/p3P1p1/P4p2/5P2/1r4PP/3RRK2/8 b - - 0 42,-68,0
WCUfqGa7,86,Rxb6,Rook,Rxb6,3,Good,8/2r1k2p/pP2P1p1/5p2/5P2/1r4PP/3RRK2/8 b - - 0 43,-4,-1
WCUfqGa7,88,Rxe6,Rook,Ra7,13,Good,8/2r1k2p/pr2P1p1/5p2/5P2/6PP/R3RK2/8 b - - 1 44,0,13
WCUfqGa7,90,Kxe6,King,Kxe6,9,Good,8/2r1k2p/p3R1p1/5p2/5P2/6PP/R4K2/8 b - - 0 45,8,17
WCUfqGa7,92,Ke7,King,Kf7,5,Good,8/2r4p/R3k1p1/5p2/5P2/6PP/5K2/8 b - - 0 46,5,10
DUlek8ln,2,c5,Pawn,e5,-1,Good,rnbqkbnr/pppppppp/8/8/4P3/8/PPPP1PPP/RNBQKBNR b KQkq - 0 1,36,35
DUlek8ln,4,d6,Pawn,Nc6,-4,Good,rnbqkbnr/pp1ppppp/8/2p5/4P3/5N2/PPPP1PPP/RNBQKB1R b KQkq - 1 2,38,34
DUlek8ln,6,cxd4,Pawn,Nf6,7,Good,rnbqkbnr/pp2pppp/3p4/2p5/3PP3/5N2/PPP2PPP/RNBQKB1R b KQkq - 0 3,39,46
DUlek8ln,8,Nf6,Knight,Nf6,-2,Good,rnbqkbnr/pp2pppp/3p4/8/3NP3/8/PPP2PPP/RNBQKB1R b KQkq - 0 4,45,43
DUlek8ln,10,g6,Pawn,a6,19,Good,rnbqkb1r/pp2pppp/3p1n2/8/3NP3/2N5/PPP2PPP/R1BQKB1R b KQkq - 2 5,45,64
DUlek8ln,12,Bg7,Bishop,Bg7,-4,Good,rnbqkb1r/pp2pp1p/3p1np1/8/3NP3/2N1B3/PPP2PPP/R2QKB1R b KQkq - 1 6,69,65
DUlek8ln,14,O-O,King,a6,5,Good,rnbqk2r/pp2ppbp/3p1np1/8/3NP3/2N1BP2/PPP3PP/R2QKB1R b KQkq - 0 7,81,86
DUlek8ln,16,Nc6,Knight,Nc6,-9,Good,rnbq1rk1/pp2ppbp/3p1np1/8/3NP3/2N1BP2/PPPQ2PP/R3KB1R b KQ - 2 8,78,69
DUlek8ln,18,Bd7,Bishop,Nxd4,31,Inaccuracy,r1bq1rk1/pp2ppbp/2np1np1/8/2BNP3/2N1BP2/PPPQ2PP/R3K2R b KQ - 4 9,40,71
DUlek8ln,20,Rb8,Rook,Rc8,19,Good,r2q1rk1/pp1bppbp/2np1np1/8/2BNP3/2N1BP2/PPPQ2PP/2KR3R b - - 6 10,65,84
DUlek8ln,22,Na5,Knight,Na5,-5,Good,1r1q1rk1/pp1bppbp/2np1np1/8/3NP3/1BN1BP2/PPPQ2PP/2KR3R b - - 8 11,96,91
DUlek8ln,24,b5,Pawn,b5,9,Good,1r1q1rk1/pp1bppbp/3p1np1/n7/3NP1P1/1BN1BP2/PPPQ3P/2KR3R b - - 0 12,61,70
DUlek8ln,26,Nc4,Knight,b4,45,Inaccuracy,1r1q1rk1/p2bppbp/3p1np1/np6/3NP1P1/1BN1BP2/PPPQ3P/1K1R3R b - - 1 13,54,99
DUlek8ln,28,bxc4,Pawn,bxc4,-2,Good,1r1q1rk1/p2bppbp/3p1np1/1p6/2BNP1P1/2N1BP2/PPPQ3P/1K1R3R b - - 0 14,114,112
DUlek8ln,30,Qa5,Queen,Qa5,-3,Good,1r1q1rk1/p2bppbp/3p1np1/8/2pNP1P1/2N1BP2/PPPQ3P/K2R3R b - - 1 15,101,98
DUlek8ln,32,Rb4,Rook,Rb6,61,Inaccuracy,1r3rk1/p2bppbp/3p1np1/q7/2pNP1P1/2N1BP2/PPPQ3P/KR5R b - - 3 16,49,110
DUlek8ln,34,Bxh6,Bishop,Bxh6,-34,Good,5rk1/p2bppbp/3p1npB/q7/1rpNP1P1/2N2P2/PPPQ3P/KR5R b - - 5 17,123,89
DUlek8ln,36,Rfb8,Rook,Rfb8,3,Good,5rk1/p2bpp1p/3p1npQ/q7/1rpNP1P1/2N2P2/PPP4P/KR5R b - - 0 18,90,93
DUlek8ln,38,Bxg4,Bishop,R8b6,327,Blunder,1r4k1/p2bpp1p/3p1np1/q7/1rpNP1P1/2N2P2/PPPQ3P/KR5R b - - 2 19,76,403
DUlek8ln,40,Nxe4,Knight,R8b6,99,Mistake,1r4k1/p3pp1p/3p1np1/q7/1rpNP1P1/2N5/PPPQ3P/KR5R b - - 0 20,345,444
DUlek8ln,42,Nxc3,Knight,Nxc3,-4,Good,1r4k1/p3pp1p/3p2p1/q7/1rpNn1P1/2N1Q3/PPP4P/KR5R b - - 1 21,266,262
DUlek8ln,44,Qa6,Queen,R8b6,60,Inaccuracy,1r4k1/p3pp1p/3p2p1/q7/1rpN2P1/2Q5/PPP4P/KR5R b - - 0 22,253,313
DUlek8ln,46,Ra4,Rook,Ra4,-17,Good,1r4k1/p3pp1p/q2p2p1/8/1rpN2P1/P1Q5/1PP4P/KR5R b - - 0 23,295,278
DUlek8ln,48,d5,Pawn,e5,7,Good,1r4k1/p3pp1p/q2p2p1/8/r1pN2P1/P1Q5/KPP4P/1R5R b - - 2 24,289,296
DUlek8ln,50,e6,Pawn,Qd6,55,Inaccuracy,1r4k1/p3pp1p/q5p1/3p4/r1pN2P1/P1Q5/KPP4P/1R2R3 b - - 1 25,283,338
DUlek8ln,52,Qd6,Queen,Qd6,1,Good,1r4k1/p4p1p/q3p1p1/3p2P1/r1pN4/P1Q5/KPP4P/1R2R3 b - - 0 26,326,327
DUlek8ln,54,Rb5,Rook,Rb7,18,Good,1r4k1/p4p1p/3qp1p1/3p2P1/r1p5/P1Q2N2/KPP4P/1R2R3 b - - 2 27,314,332
DUlek8ln,56,Qb6,Queen,Qc5,22,Good,6k1/p4p1p/3qp1p1/1r1p2P1/r1p5/P1Q1RN2/KPP4P/1R6 b - - 4 28,330,352
DUlek8ln,58,Rxa3+,Rook,Rxa3+,2,Good,6k1/p4p1p/1q2p1p1/1r1p2P1/r1pN4/P1Q1R3/KPP4P/1R6 b - - 6 29,137,139
DUlek8ln,60,Ra5,Rook,Ra5,3,Good,6k1/p4p1p/1q2p1p1/1r1p2P1/2pN4/Q3R3/KPP4P/1R6 b - - 0 30,142,145
DUlek8ln,62,Rxa3+,Rook,Qc7,-7,Good,6k1/p4p1p/1q2p1p1/r2p2P1/2pN4/Q1P1R3/KP5P/1R6 b - - 0 31,122,115
DUlek8ln,64,Qd6,Queen,Qc7,-23,Good,6k1/p4p1p/1q2p1p1/3p2P1/2pN4/P1P1R3/K6P/1R6 b - - 0 32,151,128
DUlek8ln,66,Qf4,Queen,Qf4,-8,Good,6k1/p4p1p/3qp1p1/3p2P1/2pN4/P1P5/K3R2P/1R6 b - - 2 33,137,129
i0ceZZoe,2,c5,Pawn,e5,13,Good,rnbqkbnr/pppppppp/8/8/4P3/8/PPPP1PPP/RNBQKBNR b KQkq - 0 1,33,46
i0ceZZoe,4,e6,Pawn,d6,-7,Good,rnbqkbnr/pp1ppppp/8/2p5/4P3/5N2/PPPP1PPP/RNBQKB1R b KQkq - 1 2,48,41
i0ceZZoe,6,cxd4,Pawn,cxd4,5,Good,rnbqkbnr/pp1p1ppp/4p3/2p5/3PP3/5N2/PPP2PPP/RNBQKB1R b KQkq - 0 3,39,44
i0ceZZoe,8,Nf6,Knight,Nc6,9,Good,rnbqkbnr/pp1p1ppp/4p3/8/3NP3/8/PPP2PPP/RNBQKB1R b KQkq - 0 4,40,49
i0ceZZoe,10,d6,Pawn,Nc6,24,Good,rnbqkb1r/pp1p1ppp/4pn2/8/3NP3/2N5/PPP2PPP/R1BQKB1R b KQkq - 2 5,41,65
i0ceZZoe,12,h6,Pawn,e5,19,Good,rnbqkb1r/pp3ppp/3ppn2/8/3NP1P1/2N5/PPP2P1P/R1BQKB1R b KQkq - 0 6,62,81
i0ceZZoe,14,Nc6,Knight,a6,5,Good,rnbqkb1r/pp3pp1/3ppn1p/8/3NP1P1/2N5/PPP2P1P/R1BQKBR1 b Qkq - 1 7,85,90
i0ceZZoe,16,h5,Pawn,d5,58,Inaccuracy,r1bqkb1r/pp3pp1/2nppn1p/8/3NP1PP/2N5/PPP2P2/R1BQKBR1 b Qkq - 0 8,58,116
i0ceZZoe,18,Nxh5,Knight,Nxh5,-16,Good,r1bqkb1r/pp3pp1/2nppn2/7P/3NP2P/2N5/PPP2P2/R1BQKBR1 b Qkq - 0 9,123,107
i0ceZZoe,20,Nf6,Knight,Qb6,-2,Good,r1bqkb1r/pp3pp1/2npp3/6Bn/3NP2P/2N5/PPP2P2/R2QKBR1 b Qkq - 1 10,138,136
i0ceZZoe,22,a6,Pawn,Nxd4,49,Inaccuracy,r1bqkb1r/pp3pp1/2nppn2/6B1/3NP2P/2N5/PPPQ1P2/R3KBR1 b Qkq - 3 11,104,153
i0ceZZoe,24,Qc7,Queen,Bd7,37,Inaccuracy,r1bqkb1r/1p3pp1/p1nppn2/6B1/3NP2P/2N5/PPPQ1P2/2KR1BR1 b kq - 1 12,117,154
i0ceZZoe,26,Be7,Bishop,Nxd4,104,Mistake,r1b1kb1r/1pq2pp1/p1nppn2/6B1/3NPP1P/2N5/PPPQ4/2KR1BR1 b kq - 0 13,72,176
i0ceZZoe,28,Bd7,Bishop,Bd7,-25,Good,r1b1k2r/1pq1bpp1/p1nppn2/6B1/3NPP1P/2N5/PPPQ4/1K1R1BR1 b kq - 2 14,117,92
i0ceZZoe,30,Nxd4,Knight,Nxd4,13,Good,r3k2r/1pqbbpp1/p1nppn2/5PB1/3NP2P/2N5/PPPQ4/1K1R1BR1 b kq - 0 15,101,114
i0ceZZoe,32,e5,Pawn,Qc5,59,Inaccuracy,r3k2r/1pqbbpp1/p2ppn2/5PB1/3QP2P/2N5/PPP5/1K1R1BR1 b kq - 0 16,97,156
i0ceZZoe,34,Bc6,Bishop,O-O-O,31,Inaccuracy,r3k2r/1pqbbpp1/p2p1n2/4pPB1/4P2P/2N1Q3/PPP5/1K1R1BR1 b kq - 1 17,145,176
i0ceZZoe,36,b5,Pawn,b5,-12,Good,r3k2r/1pq1bpp1/p1bp1n2/4pPB1/2B1P2P/2N1Q3/PPP5/1K1R2R1 b kq - 3 18,185,173
i0ceZZoe,38,Bxf6,Bishop,Bxf6,2,Good,r3k2r/2q1bpp1/p1bp1B2/1p2pP2/2B1P2P/2N1Q3/PPP5/1K1R2R1 b kq - 0 19,203,205
i0ceZZoe,40,Rc8,Rook,Rxh4,-14,Good,r3k2r/2q2pp1/p1bp1b2/1p1BpP2/4P2P/2N1Q3/PPP5/1K1R2R1 b kq - 1 20,213,199
i0ceZZoe,42,Qxc6,Queen,Qxc6,14,Good,2r1k2r/2q2pp1/p1Bp1b2/1p2pP2/4P2P/2N1Q3/PPP5/1K1R2R1 b k - 0 21,154,168
i0ceZZoe,44,Qc5,Queen,Rxh4,8,Good,2r1k2r/5pp1/p1qp1b2/1p2pP2/4P2P/2N1Q3/PPP3R1/1K1R4 b k - 1 22,182,190
i0ceZZoe,46,Rxh4,Rook,Rxh4,-13,Good,2r1k2r/5pp1/p2p1b2/1pq1pP2/4P2P/2N2Q2/PPP3R1/1K1R4 b k - 3 23,144,131
i0ceZZoe,48,Kd7,King,b4,35,Inaccuracy,2r1k3/5pp1/p2p1b2/1pqNpP2/4P2r/5Q2/PPP3R1/1K1R4 b - - 1 24,136,171
i0ceZZoe,50,Rch8,Rook,Rch8,-6,Good,2r5/3k1pp1/p2p1b2/1pqNpP2/4P2r/3Q4/PPP3R1/1K1R4 b - - 3 25,89,83
i0ceZZoe,52,Rh1,Rook,Qd4,29,Good,7r/3k1pp1/p2p1b2/1pqNpP2/4P2r/P2Q4/1PP3R1/1K1R4 b - - 0 26,1,30
i0ceZZoe,54,Bg5,Bishop,Qd4,9,Good,7r/3k1pp1/p2p1b2/1pqNpP2/4P3/P2Q4/1PPR4/1K1R3r b - - 2 27,19,28
i0ceZZoe,56,f6,Pawn,Qd4,10,Good,7r/3k1pp1/p2p4/1pqNpPb1/4P3/P2Q4/1PP3R1/1K1R3r b - - 4 28,-29,-19
i0ceZZoe,58,R8h3,Rook,Kc6,-24,Good,7r/3k2p1/p2p1p2/1pqNpPb1/4P3/P1PQ4/1P4R1/1K1R3r b - - 0 29,-37,-61
i0ceZZoe,60,Bh6,Bishop,Kc6,82,Inaccuracy,8/3k2p1/p2p1p2/1pqNpPb1/4P3/P1P4r/1PQ3R1/1K1R3r b - - 2 30,0,82
i0ceZZoe,62,Ke8,King,Kd8,16,Good,8/3k2p1/p2p1p1b/1pqNpP2/4P3/P1P4r/1PQ1R3/1K1R3r b - - 4 31,16,32
i0ceZZoe,64,Rxe1,Rook,R1h2,35,Inaccuracy,4k3/6p1/p2p1p1b/1pqNpP2/4P3/P1P4r/1PQ5/1K1RR2r b - - 6 32,25,60
i0ceZZoe,66,Rf3,Rook,Qc4,160,Mistake,4k3/6p1/p2p1p1b/1pqNpP2/4P3/P1P4r/1PQ5/1K2R3 b - - 0 33,30,190
i0ceZZoe,68,Rf2,Rook,Rh3,109,Mistake,4k3/6p1/p2p1p1b/1pqNpP2/4P3/P1P2r2/1P6/1K1QR3 b - - 2 34,52,161
i0ceZZoe,70,Rxe2,Rook,Rf3,25,Good,4k3/6p1/p2p1p1b/1pqNpP2/4P3/P1P5/1P2Rr2/1K1Q4 b - - 4 35,78,103
i0ceZZoe,72,Bg5,Bishop,Kf7,6,Good,4k3/6p1/p2p1p1b/1pqNpP2/4P3/P1P5/1P2Q3/1K6 b - - 0 36,94,100
i0ceZZoe,74,Kd8,King,Kf8,614,Blunder,4k3/6p1/p2p1p2/1pqNpPbQ/4P3/P1P5/1P6/1K6 b - - 2 37,53,667
BitJaxYf,2,c5,Pawn,e5,11,Good,rnbqkbnr/pppppppp/8/8/4P3/8/PPPP1PPP/RNBQKBNR b KQkq - 0 1,25,36
BitJaxYf,4,d6,Pawn,Nc6,1,Good,rnbqkbnr/pp1ppppp/8/2p5/4P3/5N2/PPPP1PPP/RNBQKB1R b KQkq - 1 2,45,46
BitJaxYf,6,cxd4,Pawn,cxd4,8,Good,rnbqkbnr/pp2pppp/3p4/2p5/3PP3/5N2/PPP2PPP/RNBQKB1R b KQkq - 0 3,35,43
BitJaxYf,8,Nf6,Knight,Nf6,1,Good,rnbqkbnr/pp2pppp/3p4/8/3NP3/8/PPP2PPP/RNBQKB1R b KQkq - 0 4,51,52
BitJaxYf,10,a6,Pawn,a6,-5,Good,rnbqkb1r/pp2pppp/3p1n2/8/3NP3/2N5/PPP2PPP/R1BQKB1R b KQkq - 2 5,39,34
BitJaxYf,12,e6,Pawn,e6,-4,Good,rnbqkb1r/1p2pppp/p2p1n2/6B1/3NP3/2N5/PPP2PPP/R2QKB1R b KQkq - 1 6,29,25
BitJaxYf,14,h6,Pawn,h6,0,Good,rnbqkb1r/1p3ppp/p2ppn2/6B1/3NPP2/2N5/PPP3PP/R2QKB1R b KQkq - 0 7,49,49
BitJaxYf,16,Qb6,Queen,Qb6,19,Good,rnbqkb1r/1p3pp1/p2ppn1p/8/3NPP1B/2N5/PPP3PP/R2QKB1R b KQkq - 1 8,26,45
BitJaxYf,18,Qxb2,Queen,Qxb2,-1,Good,rnb1kb1r/1p3pp1/pq1ppn1p/8/3NPP1B/2N5/PPPQ2PP/R3KB1R b KQkq - 3 9,24,23
BitJaxYf,20,Qa3,Queen,Qa3,12,Good,rnb1kb1r/1p3pp1/p2ppn1p/8/3NPP1B/2N5/PqPQ2PP/1R2KB1R b Kkq - 1 10,18,30
BitJaxYf,22,Be7,Bishop,Be7,-2,Good,rnb1kb1r/1p3pp1/p2ppn1p/8/3NPP1B/q1N5/P1PQB1PP/1R2K2R b Kkq - 3 11,-46,-48
BitJaxYf,24,O-O,King,Nbd7,148,Mistake,rnb1k2r/1p2bpp1/p2ppn1p/8/3NPP1B/q1N5/P1PQB1PP/1R3RK1 b kq - 5 12,-47,101
BitJaxYf,26,dxe5,Pawn,Nd5,17,Good,rnb2rk1/1p2bpp1/p2ppn1p/4P3/3N1P1B/q1N5/P1PQB1PP/1R3RK1 b - - 0 13,129,146
BitJaxYf,28,Nd5,Knight,Nd5,30,Inaccuracy,rnb2rk1/1p2bpp1/p3pn1p/4P3/3N3B/q1N5/P1PQB1PP/1R3RK1 b - - 0 14,101,131
BitJaxYf,30,Bxh4,Bishop,Bxh4,-8,Good,rnb2rk1/1p2bpp1/p3p2p/3NP3/3N3B/q7/P1PQB1PP/1R3RK1 b - - 0 15,53,45
BitJaxYf,32,Qc5,Queen,Qc5,-2,Good,rnb2rk1/1p3pp1/p3p2p/3NP3/3N3b/qR6/P1PQB1PP/5RK1 b - - 1 16,53,51
BitJaxYf,34,Nc6,Knight,Nc6,-13,Good,rnb2rk1/1p3pp1/pN2p2p/2q1P3/3N3b/1R6/P1PQB1PP/5RK1 b - - 3 17,-214,-227
BitJaxYf,36,Rb8,Rook,Bg5,10,Good,r1b2rk1/1p3pp1/pNn1p2p/2q1P3/3N3b/1RP5/P2QB1PP/5RK1 b - - 0 18,-233,-223
BitJaxYf,38,Nxe5,Knight,Nxe5,10,Good,1rb2rk1/1p3pp1/pNn1p2p/2q1P3/3N3b/1RP5/P2QB1PP/5R1K b - - 2 19,-263,-253
BitJaxYf,40,Bf6,Bishop,Bg5,4,Good,1rb2rk1/1p3pp1/pN2p2p/2q1n3/3N1Q1b/1RP5/P3B1PP/5R1K b - - 1 20,-266,-262
BitJaxYf,42,Qc7,Queen,Qe7,41,Inaccuracy,1rb2rk1/1p3pp1/pN2pb1p/2q1n3/3NQ3/1RP5/P3B1PP/5R1K b - - 3 21,-267,-226
BitJaxYf,44,gxf6,Pawn,gxf6,-11,Good,1rb2rk1/1pq2pp1/pN2pR1p/4n3/3NQ3/1RP5/P3B1PP/7K b - - 0 22,-211,-222
BitJaxYf,46,Kg7,King,Rd8,35,Inaccuracy,1rb2rk1/1pq2p2/pN2pp1p/4n3/3N1Q2/1RP5/P3B1PP/7K b - - 1 23,-209,-174
BitJaxYf,48,Qc5,Queen,Qc5,-41,Good,1rb2r2/1pq2pk1/pN2pp1p/4n3/2PN1Q2/1R6/P3B1PP/7K b - - 0 24,-180,-221
BitJaxYf,50,Ng6,Knight,Rd8,80,Inaccuracy,1rb2r2/1p3pk1/pN2pp1p/2q1n2B/2PN1Q2/1R6/P5PP/7K b - - 2 25,-338,-258
BitJaxYf,52,Qxd4,Queen,Qxh5,44,Inaccuracy,1Qb2r2/1p3pk1/pN2ppnp/2q4B/2PN4/1R6/P5PP/7K b - - 0 26,-299,-255
BitJaxYf,54,Nf4,Knight,Qf4,44,Inaccuracy,1Qb2r2/1p3pk1/pN2ppnp/7B/2Pq4/8/P5PP/1R5K b - - 1 27,-249,-205
BitJaxYf,56,Nd3,Knight,Qe5,-66,Good,1Qb2r2/1p3pk1/pN2pp1p/8/2Pq1n2/5B2/P5PP/1R5K b - - 3 28,-191,-257
BitJaxYf,58,Nf2+,Knight,Qe5,118,Mistake,1Qb2r2/1p3pk1/pN2pp1p/8/2Pq4/3n1B1P/P5P1/1R5K b - - 0 29,-279,-161
BitJaxYf,60,e5,Pawn,e5,-114,Good,1Qb2r2/1p3pk1/pN2pp1p/8/2Pq4/5B1P/P4nPK/1R6 b - - 2 30,-130,-244
BitJaxYf,62,Qf4+,Queen,Qf4+,13,Good,1QN2r2/1p3pk1/p4p1p/4p3/2Pq4/5B1P/P4nPK/1R6 b - - 0 31,-341,-328
BitJaxYf,64,Nxh3+,Knight,Nxh3+,-16,Good,1QN2r2/1p3pk1/p4p1p/4p3/2P2q2/5B1P/P4nP1/1R4K1 b - - 2 32,-350,-366
BitJaxYf,66,Ng5,Knight,Qh4,130,Mistake,1QN2r2/1p3pk1/p4p1p/4p3/2P2q2/5B1n/P5P1/1R5K b - - 1 33,-373,-243
BitJaxYf,68,Ne4,Knight,Rd8,70,Inaccuracy,1QN2r2/1B3pk1/p4p1p/4p1n1/2P2q2/8/P5P1/1R5K b - - 0 34,-240,-170
BitJaxYf,70,Qxe4,Queen,Qxe4,7,Good,1QN2r2/5pk1/p4p1p/4p3/2P1Bq2/8/P5P1/1R5K b - - 0 35,-186,-179
BitJaxYf,72,Qg4,Queen,Qf5,36,Inaccuracy,1QN2r2/1R3pk1/p4p1p/4p3/2P1q3/8/P5P1/7K b - - 1 36,-232,-196
BitJaxYf,74,Qh5+,Queen,Qh5+,-54,Good,1QN2r2/2R2pk1/p4p1p/4p3/2P3q1/8/P5P1/7K b - - 3 37,-415,-469
BitJaxYf,76,Rd8,Rook,Rd8,3,Good,1QN2r2/2R2pk1/p4p1p/4p2q/2P5/8/P5P1/6K1 b - - 5 38,-475,-472
BitJaxYf,78,Rd1+,Rook,Rd1+,-1,Good,2Nr4/2R2pk1/p4p1p/4p2q/1QP5/8/P5P1/6K1 b - - 7 39,-9991,-9992
BitJaxYf,80,Qf5+,Queen,Qf5+,-1,Good,2N5/2R2pk1/p4p1p/4p2q/1QP5/8/P4KP1/3r4 b - - 9 40,-9997,-9998
BitJaxYf,82,Qd3+,Queen,Qd3+,-1,Good,2N5/2R2pk1/p4p1p/4pq2/1QP5/4K3/P5P1/3r4 b - - 11 41,-9998,-9999
BitJaxYf,84,Rf1#,Rook,Rf1#,-1,Good,2N5/2R2pk1/p4p1p/4p3/1QP5/3q4/P4KP1/3r4 b - - 13 42,-9999,-10000
m6LUD9M4,2,Nc6,Knight,c5,16,Good,rnbqkbnr/pppppppp/8/8/4P3/8/PPPP1PPP/RNBQKBNR b KQkq - 0 1,18,34
m6LUD9M4,4,d6,Pawn,e5,61,Inaccuracy,r1bqkbnr/pppppppp/2n5/8/4P3/5N2/PPPP1PPP/RNBQKB1R b KQkq - 2 2,20,81
m6LUD9M4,6,Nf6,Knight,Nf6,-2,Good,r1bqkbnr/ppp1pppp/2np4/8/3PP3/5N2/PPP2PPP/RNBQKB1R b KQkq - 0 3,69,67
m6LUD9M4,8,g6,Pawn,e5,37,Inaccuracy,r1bqkb1r/ppp1pppp/2np1n2/8/3PP3/2N2N2/PPP2PPP/R1BQKB1R b KQkq - 2 4,53,90
m6LUD9M4,10,Bg7,Bishop,Ng4,5,Good,r1bqkb1r/ppp1pp1p/2np1np1/8/3PP3/2N1BN2/PPP2PPP/R2QKB1R b KQkq - 1 5,89,94
m6LUD9M4,12,Ng4,Knight,Ng4,-4,Good,r1bqk2r/ppp1ppbp/2np1np1/8/3PP3/2N1BN2/PPPQ1PPP/R3KB1R b KQkq - 3 6,89,85
m6LUD9M4,14,h6,Pawn,h6,-1,Good,r1bqk2r/ppp1ppbp/2np2p1/6B1/3PP1n1/2N2N2/PPPQ1PPP/R3KB1R b KQkq - 5 7,81,80
m6LUD9M4,16,O-O,King,a6,-2,Good,r1bqk2r/ppp1ppb1/2np2pp/8/3PP1nB/2N2N2/PPPQ1PPP/R3KB1R b KQkq - 1 8,91,89
m6LUD9M4,18,Nf6,Knight,Nf6,13,Good,r1bq1rk1/ppp1ppb1/2np2pp/8/3PP1nB/2N2N1P/PPPQ1PP1/R3KB1R b KQ - 0 9,81,94
m6LUD9M4,20,a6,Pawn,d5,17,Good,r1bq1rk1/ppp1ppb1/2np1npp/8/3PP2B/2N2N1P/PPPQ1PP1/2KR1B1R b - - 2 10,92,109
m6LUD9M4,22,b5,Pawn,b5,8,Good,r1bq1rk1/1pp1ppb1/p1np1npp/8/3PP2B/2N2N1P/PPPQ1PP1/1K1R1B1R b - - 1 11,57,65
m6LUD9M4,24,b4,Pawn,Nb4,16,Good,r1bq1rk1/2p1ppb1/p1np1npp/1p6/3PP2B/2NB1N1P/PPPQ1PP1/1K1R3R b - - 1 12,57,73
m6LUD9M4,26,a5,Pawn,a5,-4,Good,r1bq1rk1/2p1ppb1/p1np1npp/3N4/1p1PP2B/3B1N1P/PPPQ1PP1/1K1R3R b - - 1 13,77,73
m6LUD9M4,28,Bd7,Bishop,Na7,29,Good,r1bq1rk1/2p1ppb1/2np1npp/pB1N4/1p1PP2B/5N1P/PPPQ1PP1/1K1R3R b - - 1 14,-29,0
m6LUD9M4,30,Bxc6,Bishop,Bxc6,1,Good,r2q1rk1/2pbppb1/2Bp1npp/p2N4/1p1PP2B/5N1P/PPPQ1PP1/1K1R3R b - - 0 15,-101,-100
m6LUD9M4,32,exf6,Pawn,exf6,8,Good,r2q1rk1/2p1ppb1/2bp1Npp/p7/1p1PP2B/5N1P/PPPQ1PP1/1K1R3R b - - 0 16,-112,-104
m6LUD9M4,34,Bd7,Bishop,Bd7,-3,Good,r2q1rk1/2p2pb1/2bp1ppp/p2P4/1p2P2B/5N1P/PPPQ1PP1/1K1R3R b - - 0 17,-117,-120
m6LUD9M4,36,Re8,Rook,g5,104,Mistake,r2q1rk1/2pb1pb1/3p1ppp/p2P4/1p1NP2B/7P/PPPQ1PP1/1K1R3R b - - 2 18,-107,-3
m6LUD9M4,38,Qb8,Queen,g5,106,Mistake,r2qr1k1/2pb1pb1/3p1ppp/p2P4/1p1NP2B/5P1P/PPPQ2P1/1K1R3R b - - 0 19,-40,66
m6LUD9M4,40,Qb6,Queen,f5,189,Mistake,rq2r1k1/2pb1pb1/3p1ppp/p2P4/1p1NP3/5P1P/PPPQ2P1/1K1RB2R b - - 2 20,-109,80
m6LUD9M4,42,Qb7,Queen,Qb7,-9,Good,r3r1k1/2pb1pb1/1q1p1ppp/p2P4/1p1NP3/5P1P/PPPQ1BP1/1K1R3R b - - 4 21,83,74
m6LUD9M4,44,Kh7,King,f5,75,Inaccuracy,r3r1k1/1qpb1pb1/3p1ppp/p2P4/1p1NP3/4BP1P/PPPQ2P1/1K1R3R b - - 6 22,0,75
m6LUD9M4,46,a4,Pawn,a4,-11,Good,r3r3/1qpb1pbk/3p1ppp/p2P4/1p1NP1P1/4BP1P/PPPQ4/1K1R3R b - - 0 23,86,75
m6LUD9M4,48,Qa6,Queen,c5,22,Good,r3r3/1qpb1pbk/3p1ppp/3P4/pp1NP1P1/3QBP1P/PPP5/1K1R3R b - - 1 24,38,60
m6LUD9M4,50,Rxa6,Rook,Rxa6,-8,Good,r3r3/2pb1pbk/Q2p1ppp/3P4/pp1NP1P1/4BP1P/PPP5/1K1R3R b - - 0 25,0,-8
m6LUD9M4,52,Raa8,Rook,a3,17,Good,4r3/2pb1pbk/r2p1ppp/3P4/pp1NP1P1/4BP1P/PPP5/1K1RR3 b - - 1 26,-13,4
m6LUD9M4,54,bxc3,Pawn,bxc3,-16,Good,r3r3/2pb1pbk/3p1ppp/3P4/pp1NP1P1/2P1BP1P/PP6/1K1RR3 b - - 0 27,-62,-78
m6LUD9M4,56,f5,Pawn,f5,41,Inaccuracy,r3r3/2pb1pbk/3p1ppp/3P4/p2NP1P1/2P1BP1P/P7/1K1RR3 b - - 0 28,-76,-35
m6LUD9M4,58,gxf5,Pawn,a3,47,Inaccuracy,r3r3/2pb1pbk/3p2pp/3P1P2/p2N2P1/2P1BP1P/P7/1K1RR3 b - - 0 29,-73,-26
m6LUD9M4,60,fxg4,Pawn,fxg4,-9,Good,r3r3/2pb1pbk/3p3p/3P1p2/p2N2P1/2P1BP1P/P1K5/3RR3 b - - 1 30,-19,-28
m6LUD9M4,62,Bxd4,Bishop,a3,30,Inaccuracy,r3r3/2pb1pbk/3p3p/3P4/p2N2P1/2P1BP2/P1K5/3RR3 b - - 0 31,-23,7
m6LUD9M4,64,f5,Pawn,Bb5,68,Inaccuracy,r3r3/2pb1p1k/3p3p/3P4/p2B2P1/2P2P2/P1K5/3RR3 b - - 0 32,-70,-2
m6LUD9M4,66,Bxf5+,Bishop,Bxf5+,0,Good,r3r3/2pb3k/3p3p/3P1P2/p2B4/2P2P2/P1K5/3RR3 b - - 0 33,0,0
m6LUD9M4,68,Rab8,Rook,a3,0,Good,r3r3/2p4k/3p3p/3P1b2/p2B4/2P2P2/P2K4/3RR3 b - - 1 34,0,0
m6LUD9M4,70,Rxe8,Rook,Rxe8,13,Good,1r2R3/2p4k/3p3p/3P1b2/p2B4/2P2P2/P2K4/3R4 b - - 0 35,-20,-7
m6LUD9M4,72,Re7,Rook,Bg6,6,Good,4r3/2p4k/3p3p/3P1b2/p2B4/2P2P2/P2K4/6R1 b - - 1 36,-6,0
m6LUD9M4,74,h5,Pawn,Bg6,16,Good,8/2p1r2k/3p3p/3P1b2/p7/2P1BP2/P2K4/6R1 b - - 3 37,1,17
m6LUD9M4,76,Bg6,Bishop,Bg6,5,Good,8/2p1r2k/3p4/3P1b1p/p7/2P1BP2/P2K4/7R b - - 1 38,-16,-11
m6LUD9M4,78,Re8,Rook,Re8,12,Good,8/2p1r2k/3p2b1/3P3p/p1P5/4BP2/P2K4/7R b - - 0 39,-17,-5
m6LUD9M4,80,Kg8,King,Rf8,8,Good,4r3/2p4k/3p2b1/3P3p/p1PB4/5P2/P2K4/7R b - - 2 40,-13,-5
m6LUD9M4,82,Kf7,King,Kh7,4,Good,4r1k1/2p5/3p2b1/3P3p/p1PB3R/5P2/P2K4/8 b - - 4 41,-8,-4
m6LUD9M4,84,Ke7,King,Ke7,1,Good,4r3/2p2k2/3p2b1/3P3p/p1PB1R2/5P2/P2K4/8 b - - 6 42,-7,-6
m6LUD9M4,86,Rg8,Rook,Bb1,5,Good,4r3/2p1k3/3p1Rb1/3P3p/p1PB4/5P2/P2K4/8 b - - 8 43,-24,-19
m6LUD9M4,88,Kd7,King,Kd7,-1,Good,6r1/2p1k3/3pR1b1/3P3p/p1PB4/5P2/P2K4/8 b - - 10 44,-18,-19
m6LUD9M4,90,Bb1,Bishop,Bb1,0,Good,6r1/2pk4/3pR1b1/3P3p/p1P5/5P2/P2K1B2/8 b - - 12 45,-39,-39
m6LUD9M4,92,Rg2,Rook,Rf8,18,Good,6r1/2pk4/3pR3/3P3p/p1P5/P4P2/3K1B2/1b6 b - - 0 46,-44,-26
5lFZtXDQ,2,e5,Pawn,c5,3,Good,rnbqkbnr/pppppppp/8/8/4P3/8/PPPP1PPP/RNBQKBNR b KQkq - 0 1,20,23
5lFZtXDQ,4,Nc6,Knight,Nf6,-2,Good,rnbqkbnr/pppp1ppp/8/4p3/4P3/5N2/PPPP1PPP/RNBQKB1R b KQkq - 1 2,39,37
5lFZtXDQ,6,Bc5,Bishop,Nf6,-6,Good,r1bqkbnr/pppp1ppp/2n5/4p3/2B1P3/5N2/PPPP1PPP/RNBQK2R b KQkq - 3 3,14,8
5lFZtXDQ,8,Nf6,Knight,Nf6,11,Good,r1bqk1nr/pppp1ppp/2n5/2b1p3/2B1P3/2P2N2/PP1P1PPP/RNBQK2R b KQkq - 0 4,-2,9
5lFZtXDQ,10,a6,Pawn,d6,2,Good,r1bqk2r/pppp1ppp/2n2n2/2b1p3/2B1P3/2PP1N2/PP3PPP/RNBQK2R b KQkq - 0 5,10,12
5lFZtXDQ,12,O-O,King,O-O,-1,Good,r1bqk2r/1ppp1ppp/p1n2n2/2b1p3/2B1P3/2PP1N2/PP1N1PPP/R1BQK2R b KQkq - 1 6,22,21
5lFZtXDQ,14,Ba7,Bishop,d6,11,Good,r1bq1rk1/1ppp1ppp/p1n2n2/2b1p3/4P3/1BPP1N2/PP1N1PPP/R1BQK2R b KQ - 3 7,12,23
5lFZtXDQ,16,d6,Pawn,d5,26,Good,r1bq1rk1/bppp1ppp/p1n2n2/4p3/4P3/1BPP1N1P/PP1N1PP1/R1BQK2R b KQ - 0 8,0,26
5lFZtXDQ,18,Be6,Bishop,Ne7,29,Good,r1bq1rk1/bpp2ppp/p1np1n2/4p3/4P3/1BPP1N1P/PP1NQPP1/R1B1K2R b KQ - 1 9,-18,11
5lFZtXDQ,20,Re8,Rook,Ne7,10,Good,r2q1rk1/bpp2ppp/p1npbn2/4p3/4P3/2PP1N1P/PPBNQPP1/R1B1K2R b KQ - 3 10,-25,-15
5lFZtXDQ,22,h6,Pawn,Ne7,95,Mistake,r2qr1k1/bpp2ppp/p1npbn2/4p3/4P3/2PP1N1P/PPB1QPP1/R1B1KN1R b KQ - 5 11,-23,72
5lFZtXDQ,24,Nh7,Knight,Nh7,14,Good,r2qr1k1/bpp2pp1/p1npbn1p/4p3/4P1P1/2PP1N1P/PPB1QP2/R1B1KN1R b KQ - 0 12,57,71
5lFZtXDQ,26,d5,Pawn,d5,5,Good,r2qr1k1/bpp2ppn/p1npb2p/4p3/4P1P1/2PP1NNP/PPB1QP2/R1B1K2R b KQ - 2 13,60,65
5lFZtXDQ,28,h5,Pawn,b5,224,Blunder,r2qr1k1/bpp2ppn/p1n1b2p/3ppN2/4P1P1/2PP1N1P/PPB1QP2/R1B1K2R b KQ - 1 14,-32,192
5lFZtXDQ,30,hxg4,Pawn,Bc5,94,Mistake,r2qr1k1/bpp2ppn/p1n1b3/3ppN1p/4P1P1/2PP1N1P/PPB1QP2/R1B1K1R1 b Q - 1 15,176,270
5lFZtXDQ,32,g6,Pawn,f6,-8,Good,r2qr1k1/bpp2ppn/p1n1b3/3ppN2/4P1P1/2PP1N2/PPB1QP2/R1B1K1R1 b Q - 0 16,304,296
5lFZtXDQ,34,dxe4,Pawn,Qf6,10,Good,r2qr1k1/bpp2p1n/p1n1b1p1/3ppN2/4P1P1/2PP1N2/PPBBQP2/R3K1R1 b Q - 1 17,287,297
5lFZtXDQ,36,Nf6,Knight,Na5,61,Inaccuracy,r2qr1k1/bpp2p1n/p1n1b1p1/4pN2/4P1P1/2P2N2/PPBBQP2/R3K1R1 b Q - 0 18,355,416
5lFZtXDQ,38,Qc8,Queen,Nh7,73,Inaccuracy,r2qr1k1/bpp2p2/p1n1bnp1/4pN2/4P1P1/2P2N2/PPBBQP2/2KR2R1 b - - 2 19,412,485
5lFZtXDQ,40,Nh7,Knight,Nh7,38,Inaccuracy,r1q1r1k1/bpp2p2/p1n1bnp1/4pNB1/4P1P1/2P2N2/PPB1QP2/2KR2R1 b - - 4 20,420,458
5lFZtXDQ,42,Nxg5,Knight,Nxg5,10,Good,r1q1r1k1/bpp2p1n/p1n1b1p1/4pNB1/4P1P1/2P2N2/PPB1QP2/2KR3R b - - 6 21,500,510
5lFZtXDQ,44,Rd8,Rook,Rd8,-5,Good,r1q1r1k1/bpp2p2/p1n1b1p1/4pNN1/4P1P1/2P5/PPB1QP2/2KR3R b - - 0 22,538,533
5lFZtXDQ,46,Rxd3,Rook,Rxd3,25,Good,r1qr2k1/bpp2p2/p1n1b1p1/4pNN1/4P1P1/2PR4/PPB1QP2/2K4R b - - 2 23,506,531
5lFZtXDQ,48,gxf5,Pawn,gxf5,54,Inaccuracy,r1q3k1/bpp2p2/p1n1b1p1/4pNN1/4P1P1/2PQ4/PPB2P2/2K4R b - - 0 24,523,577
5lFZtXDQ,50,Qd8,Queen,Qd8,-4,Good,r1q3k1/bpp2p2/p1n1b3/4pPN1/4P3/2PQ4/PPB2P2/2K4R b - - 0 25,285,281
5lFZtXDQ,52,Bxf2,Bishop,Bxf2,-31,Good,r2q2k1/bpp2p2/p1n1b3/4pPN1/4P3/2P3Q1/PPB2P2/2K4R b - - 2 26,305,274
5lFZtXDQ,54,Qxg5+,Queen,Qxg5+,13,Good,r2q2k1/1pp2p2/p1n1b3/4pPN1/4P3/2P5/PPB2Q2/2K4R b - - 0 27,273,286
5lFZtXDQ,56,Qf6,Queen,Bxf5,42,Inaccuracy,r5k1/1pp2p2/p1n1b3/4pPq1/4P3/2P5/PPB2Q2/1K5R b - - 1 28,307,349
5lFZtXDQ,58,Kf8,King,Qg7,54,Inaccuracy,r5k1/1pp2p2/p1n1bq2/4pP2/4P3/2P5/PPB3Q1/1K5R b - - 3 29,359,413
5lFZtXDQ,60,Qxe6,Queen,Ke7,140,Mistake,r4k2/1pp2p2/p1n1Pq2/4p3/4P3/2P5/PPB3Q1/1K5R b - - 0 30,408,548
5lFZtXDQ,62,Ke7,King,Ke7,-4,Good,r4k1R/1pp2p2/p1n1q3/4p3/4P3/2P5/PPB3Q1/1K6 b - - 1 31,562,558
5lFZtXDQ,64,Qh6,Queen,Qh6,-21,Good,R7/1pp1kp2/p1n1q3/4p3/4P3/2P5/PPB3Q1/1K6 b - - 0 32,558,537
5lFZtXDQ,66,Qe3,Queen,Na5,-6,Good,R7/1pp1kp2/p1n4q/4p3/4P3/P1P5/1PB3Q1/1K6 b - - 0 33,513,507
5lFZtXDQ,68,Qc1,Queen,Nd8,21,Good,R7/1pp1kp2/p1n5/4p3/4P3/P1P1q3/KPB3Q1/8 b - - 2 34,527,548
5lFZtXDQ,70,Na5,Knight,b6,74,Inaccuracy,R7/1pp1kp2/p1n5/4p3/4P3/PBP5/KP4Q1/2q5 b - - 4 35,534,608
5lFZtXDQ,72,Kxf7,King,Qf4,9380,Blunder,R7/1pp1kB2/p7/n3p3/4P3/P1P5/KP4Q1/2q5 b - - 0 36,616,9996
5lFZtXDQ,74,Ke7,King,Kf6,1,Good,R5Q1/1pp2k2/p7/n3p3/4P3/P1P5/KP6/2q5 b - - 1 37,9997,9998
5lFZtXDQ,76,Kd6,King,Kd6,0,Good,4R1Q1/1pp1k3/p7/n3p3/4P3/P1P5/KP6/2q5 b - - 3 38,9999,9999
VfSbVX7k,2,e5,Pawn,e5,-5,Good,rnbqkbnr/pppppppp/8/8/4P3/8/PPPP1PPP/RNBQKBNR b KQkq - 0 1,34,29
VfSbVX7k,4,Nc6,Knight,Nc6,10,Good,rnbqkbnr/pppp1ppp/8/4p3/4P3/5N2/PPPP1PPP/RNBQKB1R b KQkq - 1 2,25,35
VfSbVX7k,6,Nf6,Knight,Nf6,11,Good,r1bqkbnr/pppp1ppp/2n5/4p3/2B1P3/5N2/PPPP1PPP/RNBQK2R b KQkq - 3 3,16,27
VfSbVX7k,8,Bc5,Bishop,Bc5,3,Good,r1bqkb1r/pppp1ppp/2n2n2/4p3/2B1P3/3P1N2/PPP2PPP/RNBQK2R b KQkq - 0 4,20,23
VfSbVX7k,10,d6,Pawn,a5,4,Good,r1bqk2r/pppp1ppp/2n2n2/2b1p3/2B1P3/2PP1N2/PP3PPP/RNBQK2R b KQkq - 0 5,30,34
VfSbVX7k,12,a6,Pawn,Bb6,-2,Good,r1bqk2r/ppp2ppp/2np1n2/2b1p3/2B1P3/2PP1N2/PP1N1PPP/R1BQK2R b KQkq - 1 6,26,24
VfSbVX7k,14,Ba7,Bishop,h6,16,Good,r1bqk2r/1pp2ppp/p1np1n2/2b1p3/4P3/1BPP1N2/PP1N1PPP/R1BQK2R b KQkq - 1 7,21,37
VfSbVX7k,16,h6,Pawn,h6,-2,Good,r1bqk2r/bpp2ppp/p1np1n2/4p3/4P3/1BPP1N1P/PP1N1PP1/R1BQK2R b KQkq - 0 8,21,19
VfSbVX7k,18,Ne7,Knight,Be6,20,Good,r1bqk2r/bpp2pp1/p1np1n1p/4p3/4P3/1BPP1N1P/PP1NQPP1/R1B1K2R b KQkq - 1 9,-4,16
VfSbVX7k,20,Ng6,Knight,Ng6,8,Good,r1bqk2r/bpp1npp1/p2p1n1p/4p3/2N1P3/1BPP1N1P/PP2QPP1/R1B1K2R b KQkq - 3 10,-38,-30
VfSbVX7k,22,Be6,Bishop,O-O,31,Inaccuracy,r1bqk2r/bpp2pp1/p2p1nnp/4p3/2N1P3/1BPP1NPP/PP2QP2/R1B1K2R b KQkq - 0 11,-62,-31
VfSbVX7k,24,Bxe3,Bishop,c5,29,Good,r2qk2r/bpp2pp1/p2pbnnp/4p3/2N1P3/1BPPBNPP/PP2QP2/R3K2R b KQkq - 2 12,-32,-3
VfSbVX7k,26,Qd7,Queen,Qd7,4,Good,r2qk2r/1pp2pp1/p2pbnnp/4p3/4P3/1BPPNNPP/PP2QP2/R3K2R b KQkq - 0 13,-18,-14
VfSbVX7k,28,fxe6,Pawn,Qxe6,32,Inaccuracy,r3k2r/1ppq1pp1/p2pBnnp/4p3/4P3/2PPNNPP/PP2QP2/R3K2R b KQkq - 0 14,-19,13
VfSbVX7k,30,O-O,King,Ne7,50,Inaccuracy,r3k2r/1ppq2p1/p2ppnnp/4p3/4P2P/2PPNNP1/PP2QP2/R3K2R b KQkq - 0 15,-13,37
VfSbVX7k,32,Ne7,Knight,Ne7,22,Good,r4rk1/1ppq2p1/p2ppnnp/4p2P/4P3/2PPNNP1/PP2QP2/R3K2R b KQ - 0 16,20,42
VfSbVX7k,34,b5,Pawn,Qa4,45,Inaccuracy,r4rk1/1ppqn1p1/p2ppn1p/4p2P/4P3/2PPNNP1/PP2QP2/2KR3R b - - 2 17,7,52
VfSbVX7k,36,Nh7,Knight,Nh7,-4,Good,r4rk1/2pqn1p1/p2ppn1p/1p2p2P/4P1P1/2PPNN2/PP2QP2/2KR3R b - - 0 18,50,46
VfSbVX7k,38,hxg5,Pawn,Rxf3,68,Inaccuracy,r4rk1/2pqn1pn/p2pp2p/1p2p1PP/4P3/2PPNN2/PP2QP2/2KR3R b - - 0 19,21,89
VfSbVX7k,40,Kh8,King,b4,111,Mistake,r4rk1/2pqn1pn/p2pp3/1p2p1pP/4P3/2PPNN2/PP2QP2/2KR2R1 b - - 1 20,83,194
VfSbVX7k,42,Nxg5,Knight,Rf6,0,Good,r4r1k/2pqn1pn/p2pp3/1p2p1NP/4P3/2PPN3/PP2QP2/2KR2R1 b - - 0 21,178,178
VfSbVX7k,44,Ng8,Knight,Rf7,26,Good,r4r1k/2pqn1p1/p2pp3/1p2p1RP/4P3/2PPN3/PP2QP2/2KR4 b - - 0 22,178,204
VfSbVX7k,46,Nh6,Knight,Nh6,10,Good,r4rnk/2pq2p1/p2pp3/1p2p1RP/4P3/2PPN3/PP2QP2/2K3R1 b - - 2 23,201,211
VfSbVX7k,48,Rf6,Rook,Rf7,1,Good,r4r1k/2pq2p1/p2pp2n/1p2p1RP/4P3/2PPNP2/PP2Q3/2K3R1 b - - 0 24,158,159
VfSbVX7k,50,Rg8,Rook,Rg8,5,Good,r6k/2pq2p1/p2ppr1n/1p2p1RP/4P3/2PPNP2/PP4Q1/2K3R1 b - - 2 25,110,115
VfSbVX7k,52,Nxg4,Knight,Nxg4,2,Good,6rk/2pq2p1/p2ppr1n/1p2p1RP/4P1N1/2PP1P2/PP4Q1/2K3R1 b - - 4 26,86,88
VfSbVX7k,54,Qf7,Queen,Qf7,16,Good,6rk/2pq2p1/p2ppr2/1p2p2P/4P1R1/2PP1P2/PP4Q1/2K3R1 b - - 0 27,52,68
VfSbVX7k,56,Rxg6,Rook,Kh7,177,Mistake,6rk/2p2qp1/p2pprR1/1p2p2P/4P3/2PP1P2/PP4Q1/2K3R1 b - - 2 28,58,235
VfSbVX7k,58,Qf4+,Queen,Qf4+,-40,Good,6rk/2p2qp1/p2pp1P1/1p2p3/4P3/2PP1P2/PP4Q1/2K3R1 b - - 0 29,285,245
VfSbVX7k,60,Re8,Rook,Re8,-3,Good,6rk/2p3p1/p2pp1P1/1p2p3/4Pq2/2PP1P2/PP4Q1/1K4R1 b - - 2 30,166,163
VfSbVX7k,62,Kg8,King,Kg8,26,Good,4r2k/2p3p1/p2pp1P1/1p2p3/4Pq2/2PP1P2/PP4Q1/1K5R b - - 4 31,173,199
VfSbVX7k,64,Qh6,Queen,Qh6,3,Good,4r1k1/2p3p1/p2pp1P1/1p2p3/4Pq2/2PP1P1Q/PP6/1K5R b - - 6 32,172,175
VfSbVX7k,66,gxh6,Pawn,gxh6,0,Good,4r1k1/2p3p1/p2pp1PQ/1p2p3/4P3/2PP1P2/PP6/1K5R b - - 0 33,172,172
VfSbVX7k,68,Re7,Rook,Re7,-7,Good,4r1k1/2p5/p2pp1PR/1p2p3/4P3/2PP1P2/PP6/1K6 b - - 0 34,175,168
VfSbVX7k,70,c5,Pawn,c6,28,Good,6k1/2p1r3/p2pp1PR/1p2p3/4P3/2PP1P2/PPK5/8 b - - 2 35,195,223
VfSbVX7k,72,cxd4,Pawn,exd4,48,Inaccuracy,6k1/4r3/p2pp1PR/1pp1p3/3PP3/2P2P2/PPK5/8 b - - 0 36,135,183
VfSbVX7k,74,exd4,Pawn,exd4,-3,Good,6k1/4r3/p2pp1PR/1p2p3/3PP3/5P2/PPK5/8 b - - 0 37,260,257
VfSbVX7k,76,Re8,Rook,e5,-1,Good,6k1/4r3/p2pp1PR/1p6/3pPP2/8/PPK5/8 b - - 0 38,315,314
VfSbVX7k,78,exf5,Pawn,Rf8,60,Inaccuracy,4r1k1/8/p2pp1PR/1p3P2/3pP3/8/PPK5/8 b - - 0 39,330,390
VfSbVX7k,80,Re2+,Rook,Rf8,31,Inaccuracy,4r1k1/8/p2p2PR/1p3P2/3p4/8/PPK5/8 b - - 0 40,407,438
VfSbVX7k,82,Rf2,Rook,Rf2,24,Good,6k1/8/p2p2PR/1p3P2/3p4/3K4/PP2r3/8 b - - 2 41,440,464
VfSbVX7k,84,Rxb2,Rook,Rf4,-1,Good,6k1/8/p2p2P1/1p3P1R/3p4/3K4/PP3r2/8 b - - 4 42,467,466
VfSbVX7k,86,Rxa2,Rook,Rd2+,28,Good,6k1/8/p2p2P1/1p3P1R/3K4/8/Pr6/8 b - - 0 43,494,522
VfSbVX7k,88,b4,Pawn,b4,-14,Good,6k1/8/p2p2P1/1p1K1P1R/8/8/r7/8 b - - 1 44,501,487
VfSbVX7k,90,Re2+,Rook,Rc2,255,Blunder,6k1/8/p2pK1P1/5P1R/1p6/8/r7/8 b - - 1 45,482,737
VfSbVX7k,92,Rg2,Rook,Rg2,0,Good,6k1/8/p2p1KP1/5P1R/1p6/8/4r3/8 b - - 3 46,9989,9989
VfSbVX7k,94,Rc2,Rook,Rc2,0,Good,6k1/7R/p2p1KP1/5P2/1p6/8/6r1/8 b - - 5 47,9992,9992
VfSbVX7k,96,Kf8,King,Kf8,-67,Good,6k1/6R1/p2p1KP1/5P2/1p6/8/2r5/8 b - - 7 48,1040,973
VfSbVX7k,98,Rc8,Rook,Ke8,8949,Blunder,5k2/1R6/p2p1KP1/5P2/1p6/8/2r5/8 b - - 9 49,1045,9994
VfSbVX7k,100,Kg8,King,Kg8,0,Good,2r2k2/1R4P1/p2p1K2/5P2/1p6/8/8/8 b - - 0 50,9995,9995
VfSbVX7k,102,b3,Pawn,Rf8,1,Good,2r3k1/1R4P1/p2p2K1/5P2/1p6/8/8/8 b - - 2 51,9996,9997
VfSbVX7k,104,b2,Pawn,Rc7,1,Good,2r3k1/1R4P1/p2p1PK1/8/8/1p6/8/8 b - - 0 52,9998,9999
6VuxExfR,2,c6,Pawn,c5,17,Good,rnbqkbnr/pppppppp/8/8/4P3/8/PPPP1PPP/RNBQKBNR b KQkq - 0 1,31,48
6VuxExfR,4,d6,Pawn,d5,34,Inaccuracy,rnbqkbnr/pp1ppppp/2p5/8/3PP3/8/PPP2PPP/RNBQKBNR b KQkq - 0 2,44,78
6VuxExfR,6,Nd7,Knight,Nf6,-2,Good,rnbqkbnr/pp2pppp/2pp4/8/2PPP3/8/PP3PPP/RNBQKBNR b KQkq - 0 3,80,78
6VuxExfR,8,h6,Pawn,e5,33,Inaccuracy,r1bqkbnr/pp1npppp/2pp4/8/2PPP3/2N5/PP3PPP/R1BQKBNR b KQkq - 2 4,91,124
6VuxExfR,10,g5,Pawn,e5,37,Inaccuracy,r1bqkbnr/pp1nppp1/2pp3p/8/2PPP3/2N2N2/PP3PPP/R1BQKB1R b KQkq - 1 5,121,158
6VuxExfR,12,Bg7,Bishop,e5,15,Good,r1bqkbnr/pp1npp2/2pp3p/6p1/2PPP3/2N2N2/PP2BPPP/R1BQK2R b KQkq - 1 6,149,164
6VuxExfR,14,Nf8,Knight,Nf8,6,Good,r1bqk1nr/pp1nppb1/2pp3p/6p1/2PPP3/2N2N2/PP2BPPP/R1BQ1RK1 b kq - 3 7,97,103
6VuxExfR,16,g4,Pawn,Ng6,-6,Good,r1bqknnr/pp2ppb1/2pp3p/6p1/2PPP2P/2N2N2/PP2BPP1/R1BQ1RK1 b kq - 0 8,111,105
6VuxExfR,18,h5,Pawn,e5,39,Inaccuracy,r1bqknnr/pp2ppb1/2pp3p/8/2PPP1pP/2N5/PP2BPP1/R1BQNRK1 b kq - 1 9,103,142
6VuxExfR,20,Ng6,Knight,c5,13,Good,r1bqknnr/pp2ppb1/2pp4/7p/2PPP1pP/2N3P1/PP2BP2/R1BQNRK1 b kq - 0 10,131,144
6VuxExfR,22,Qb6,Queen,Qb6,4,Good,r1bqk1nr/pp2ppb1/2pp2n1/7p/2PPP1pP/2N3P1/PP2BPN1/R1BQ1RK1 b kq - 2 11,111,115
6VuxExfR,24,Qxb2,Queen,Qxb2,-2,Good,r1b1k1nr/pp2ppb1/1qpp2n1/7p/2PPP1pP/2N1B1P1/PP2BPN1/R2Q1RK1 b kq - 4 12,100,98
6VuxExfR,26,Qb6,Queen,Qa3,-7,Good,r1b1k1nr/pp2ppb1/2pp2n1/7p/2PPP1pP/2NQB1P1/Pq2BPN1/R4RK1 b kq - 1 13,100,93
6VuxExfR,28,dxc5,Pawn,dxc5,17,Good,r1b1k1nr/pp2ppb1/1qpp2n1/2P4p/3PP1pP/2NQB1P1/P3BPN1/R4RK1 b kq - 0 14,61,78
6VuxExfR,30,Qc7,Queen,Qd8,25,Good,r1b1k1nr/pp2ppb1/1qp3n1/2p4p/N2PP1pP/3QB1P1/P3BPN1/R4RK1 b kq - 1 15,69,94
6VuxExfR,32,Nf6,Knight,b6,74,Inaccuracy,r1b1k1nr/ppq1ppb1/2p3n1/2N4p/3PP1pP/3QB1P1/P3BPN1/R4RK1 b kq - 0 16,77,151
6VuxExfR,34,e5,Pawn,O-O,109,Mistake,r1b1k2r/ppq1ppb1/2p2nn1/2N4p/3PPNpP/3QB1P1/P3BP2/R4RK1 b kq - 2 17,128,237
6VuxExfR,36,fxg6,Pawn,fxg6,-2,Good,r1b1k2r/ppq2pb1/2p2nN1/2N1p2p/3PP1pP/3QB1P1/P3BP2/R4RK1 b kq - 0 18,276,274
6VuxExfR,38,b6,Pawn,exd4,3,Good,r1b1k2r/ppq3b1/2p2np1/2N1p2p/3PP1pP/1Q2B1P1/P3BP2/R4RK1 b kq - 1 19,283,286
6VuxExfR,40,Qf7,Queen,Bxe6,135,Mistake,r1b1k2r/p1q3b1/1pp1Nnp1/4p2p/3PP1pP/1Q2B1P1/P3BP2/R4RK1 b kq - 1 20,252,387
6VuxExfR,42,Qxg7,Queen,Kf8,-5,Good,r1b1k2r/p4qN1/1pp2np1/4p2p/3PP1pP/1Q2B1P1/P3BP2/R4RK1 b kq - 0 21,448,443
6VuxExfR,44,Nxe4,Knight,Nxe4,-30,Good,r1b1k2r/p5q1/1pp2np1/4P2p/4P1pP/1Q2B1P1/P3BP2/R4RK1 b kq - 0 22,477,447
6VuxExfR,46,Nc5,Knight,Nc5,30,Inaccuracy,r1b1k2r/p5q1/1pp3p1/4P2p/4n1pP/4B1P1/P1Q1BP2/R4RK1 b kq - 1 23,410,440
6VuxExfR,48,bxc5,Pawn,bxc5,39,Inaccuracy,r1b1k2r/p5q1/1pp3p1/2B1P2p/6pP/6P1/P1Q1BP2/R4RK1 b kq - 0 24,424,463
6VuxExfR,50,Bd7,Bishop,Rb8,77,Inaccuracy,r1b1k2r/p5q1/2p3p1/2Q1P2p/6pP/6P1/P3BP2/R4RK1 b kq - 0 25,459,536
6VuxExfR,52,Bxe6,Bishop,Bxe6,62,Inaccuracy,r3k2r/p2b2q1/2p1P1p1/2Q4p/6pP/6P1/P3BP2/R4RK1 b kq - 0 26,569,631
6VuxExfR,54,Kf7,King,Kf7,-3,Good,r3k2r/p5q1/2Q1b1p1/7p/6pP/6P1/P3BP2/R4RK1 b kq - 0 27,499,496
6VuxExfR,56,Bxc4,Bishop,Bxc4,11,Good,r6r/p4kq1/2Q1b1p1/7p/2B3pP/6P1/P4P2/R4RK1 b - - 2 28,535,546
6VuxExfR,58,Kf8,King,Kf8,-2,Good,r6r/p4kq1/6p1/7p/2Q3pP/6P1/P4P2/R4RK1 b - - 0 29,567,565
6VuxExfR,60,Qe7,Queen,Qb7,4,Good,r4k1r/p5q1/6p1/7p/2Q3pP/5PP1/P7/R4RK1 b - - 0 30,457,461
6VuxExfR,62,Qd7,Queen,Qb7,28,Good,r4k1r/p3q3/6p1/7p/2Q3pP/5PP1/P7/4RRK1 b - - 2 31,472,500
6VuxExfR,64,Kg8,King,Kg8,8,Good,r4k1r/p2q4/6p1/2Q4p/6pP/5PP1/P7/4RRK1 b - - 4 32,560,568
6VuxExfR,66,Qf5,Queen,Rh7,201,Blunder,r5kr/p2qR3/6p1/2Q4p/6pP/5PP1/P7/5RK1 b - - 6 33,585,786
6VuxExfR,68,Kf8,King,Kf8,115,Mistake,r5kr/p3R3/6p1/5q1p/2Q3pP/5PP1/P7/5RK1 b - - 8 34,1187,1302
6VuxExfR,70,a5,Pawn,Qd5,243,Blunder,r4k1r/p3R3/6p1/5q1p/1Q4pP/5PP1/P7/5RK1 b - - 10 35,764,1007
6VuxExfR,72,Kg8,King,gxf3,1,Good,r4k1r/4R3/3Q2p1/p4q1p/6pP/5PP1/P7/5RK1 b - - 1 36,9990,9991
6VuxExfR,74,Qxf1+,Queen,Rh7,1,Good,r5kr/4R3/3Q2p1/p4q1p/6PP/6P1/P7/5RK1 b - - 0 37,9993,9994
6VuxExfR,76,Rf8+,Rook,Rf8+,0,Good,r5kr/4R3/3Q2p1/p6p/6PP/6P1/P7/5K2 b - - 0 38,9995,9995
6VuxExfR,78,Rh6,Rook,Rh6,0,Good,5rkr/4R3/3Q2p1/p6p/6PP/6P1/P7/6K1 b - - 2 39,9996,9996
6VuxExfR,80,Kh8,King,Kh8,0,Good,5rk1/4R3/4Q1pr/p6p/6PP/6P1/P7/6K1 b - - 4 40,9997,9997
6VuxExfR,82,Rf6,Rook,Rf6,0,Good,5r1k/4R3/6pr/p3Q2p/6PP/6P1/P7/6K1 b - - 6 41,9998,9998
6VuxExfR,84,Kg8,King,Kg8,0,Good,7k/4R3/5Qpr/p6p/6PP/6P1/P7/6K1 b - - 0 42,9999,9999
6U336HHY,2,Nf6,Knight,c5,21,Good,rnbqkbnr/pppppppp/8/8/4P3/8/PPPP1PPP/RNBQKBNR b KQkq - 0 1,46,67
6U336HHY,4,Nd5,Knight,Nd5,5,Good,rnbqkb1r/pppppppp/5n2/4P3/8/8/PPPP1PPP/RNBQKBNR b KQkq - 0 2,67,72
6U336HHY,6,d6,Pawn,d6,5,Good,rnbqkb1r/pppppppp/8/3nP3/3P4/8/PPP2PPP/RNBQKBNR b KQkq - 0 3,68,73
6U336HHY,8,dxe5,Pawn,dxe5,13,Good,rnbqkb1r/ppp1pppp/3p4/3nP3/3P4/5N2/PPP2PPP/RNBQKB1R b KQkq - 1 4,56,69
6U336HHY,10,c6,Pawn,g6,1,Good,rnbqkb1r/ppp1pppp/8/3nN3/3P4/8/PPP2PPP/RNBQKB1R b KQkq - 0 5,76,77
6U336HHY,12,Bf5,Bishop,Bf5,3,Good,rnbqkb1r/pp2pppp/2p5/3nN3/3P4/8/PPP1BPPP/RNBQK2R b KQkq - 1 6,64,67
6U336HHY,14,Nd7,Knight,Nd7,-13,Good,rn1qkb1r/pp2pppp/2p5/3nNb2/3P4/8/PPP1BPPP/RNBQ1RK1 b kq - 3 7,70,57
6U336HHY,16,e6,Pawn,e6,3,Good,r2qkb1r/pp1npppp/2p5/3n1b2/3P4/5N2/PPP1BPPP/RNBQ1RK1 b kq - 5 8,64,67
6U336HHY,18,Bd6,Bishop,Bd6,-1,Good,r2qkb1r/pp1n1ppp/2p1p3/3n1b2/3P4/P4N2/1PP1BPPP/RNBQ1RK1 b kq - 0 9,16,15
6U336HHY,20,N5f6,Knight,Nf4,21,Good,r2qk2r/pp1n1ppp/2pbp3/3n1b2/2PP4/P4N2/1P2BPPP/RNBQ1RK1 b kq - 0 10,25,46
6U336HHY,22,O-O,King,h6,22,Good,r2qk2r/pp1n1ppp/2pbpn2/5b2/2PP4/P1N2N2/1P2BPPP/R1BQ1RK1 b kq - 2 11,13,35
6U336HHY,24,h6,Pawn,Re8,1,Good,r2q1rk1/pp1n1ppp/2pbpn2/5bB1/2PP4/P1N2N2/1P2BPPP/R2Q1RK1 b - - 4 12,27,28
6U336HHY,26,Qc7,Queen,Re8,16,Good,r2q1rk1/pp1n1pp1/2pbpn1p/5b2/2PP3B/P1N2N2/1P2BPPP/R2Q1RK1 b - - 1 13,22,38
6U336HHY,28,Bxg3,Bishop,Bxg3,-2,Good,r4rk1/ppqn1pp1/2pbpn1p/5b2/2PP4/P1N2NB1/1P2BPPP/R2Q1RK1 b - - 3 14,-28,-30
6U336HHY,30,Ne4,Knight,Rfe8,47,Inaccuracy,r4rk1/ppqn1pp1/2p1pn1p/5b2/2PP4/P1N2NP1/1P2BPP1/R2Q1RK1 b - - 0 15,-24,23
6U336HHY,32,Nxc3,Knight,Nxc3,5,Good,r4rk1/ppqn1pp1/2p1p2p/5b2/2PPn3/P1N2NP1/1P2BPP1/2RQ1RK1 b - - 2 16,-7,-2
6U336HHY,34,Nf6,Knight,Rfd8,0,Good,r4rk1/ppqn1pp1/2p1p2p/5b2/2PP4/P1R2NP1/1P2BPP1/3Q1RK1 b - - 0 17,0,0
6U336HHY,36,Rfd8,Rook,Rfd8,6,Good,r4rk1/ppq2pp1/2p1pn1p/5b2/2PP4/PQR2NP1/1P2BPP1/5RK1 b - - 2 18,-11,-5
6U336HHY,38,Rd6,Rook,Qb6,24,Good,r2r2k1/ppq2pp1/2p1pn1p/5b2/2PP4/PQR2NP1/1P2BPP1/3R2K1 b - - 4 19,-4,20
6U336HHY,40,Rad8,Rook,Bg4,-5,Good,r5k1/ppq2pp1/2prpn1p/5b2/2PP4/PQ3NP1/1P2BPP1/2RR2K1 b - - 6 20,8,3
6U336HHY,42,a5,Pawn,Bg4,80,Inaccuracy,3r2k1/ppq2pp1/2prpn1p/5b2/2PP4/P3QNP1/1P2BPP1/2RR2K1 b - - 8 21,15,95
6U336HHY,44,Ra8,Rook,Re8,46,Inaccuracy,3r2k1/1pq2pp1/2prpn1p/p3Nb2/2PP4/P3Q1P1/1P2BPP1/2RR2K1 b - - 1 22,102,148
6U336HHY,46,Bh7,Bishop,Bh7,-4,Good,r5k1/1pq2pp1/2prpn1p/p3Nb2/2PP2P1/P3Q3/1P2BPP1/2RR2K1 b - - 0 23,166,162
6U336HHY,48,hxg5,Pawn,hxg5,-12,Good,r5k1/1pq2ppb/2prpn1p/p3N1P1/2PP4/P3Q3/1P2BPP1/2RR2K1 b - - 0 24,87,75
6U336HHY,50,c5,Pawn,Ne4,8,Good,r5k1/1pq2ppb/2prpn2/p3N1Q1/2PP4/P7/1P2BPP1/2RR2K1 b - - 0 25,62,70
6U336HHY,52,Rxd1+,Rook,Rxd1+,11,Good,r5k1/1pq2ppb/3rpn2/p1P1N1Q1/2P5/P7/1P2BPP1/2RR2K1 b - - 0 26,54,65
6U336HHY,54,Ne4,Knight,Ne4,3,Good,r5k1/1pq2ppb/4pn2/p1P1N1Q1/2P5/P7/1P2BPP1/3R2K1 b - - 0 27,51,54
6U336HHY,56,f6,Pawn,g5,-27,Good,r5k1/1pq2ppb/4p3/p1P1N3/2P1nQ2/P7/1P2BPP1/3R2K1 b - - 2 28,59,32
6U336HHY,58,Qxf4,Queen,Qxf4,-4,Good,r5k1/1pq3pb/4ppN1/p1P5/2P1nQ2/P7/1P2BPP1/3R2K1 b - - 1 29,43,39
6U336HHY,60,e5,Pawn,Nxc5,153,Mistake,r5k1/1p4pb/4pp2/p1P5/2P1nN2/P7/1P2BPP1/3R2K1 b - - 0 30,43,196
6U336HHY,62,Rc8,Rook,Kf8,44,Inaccuracy,r5k1/1p4pb/5p2/p1P1p3/2P1n3/P2N4/1P2BPP1/3R2K1 b - - 1 31,62,106
6U336HHY,64,Rc7,Rook,Rd8,83,Inaccuracy,2r3k1/1p4pb/5p2/p1P1p3/2P1n1B1/P2N4/1P3PP1/3R2K1 b - - 3 32,86,169
6U336HHY,66,Kf8,King,Kf8,2,Good,6k1/1pr3pb/4Bp2/p1P1p3/2P1n3/P2N4/1P3PP1/3R2K1 b - - 5 33,39,41
6U336HHY,68,Nxc5,Knight,Nxc5,-1,Good,5k2/1pr3pb/5p2/p1PBp3/2P1n3/P2N4/1P3PP1/3R2K1 b - - 7 34,32,31
6U336HHY,70,Rxc5,Rook,Rxc5,4,Good,5k2/1pr3pb/5p2/p1NBp3/2P5/P7/1P3PP1/3R2K1 b - - 0 35,13,17
6U336HHY,72,axb4,Pawn,Rc7,14,Good,5k2/1p4pb/5p2/p1rBp3/1PP5/P7/5PP1/3R2K1 b - - 0 36,11,25
6U336HHY,74,Rc7,Rook,Rc8,0,Good,5k2/1p4pb/5p2/2rBp3/1PP5/8/5PP1/3R2K1 b - - 0 37,38,38
6U336HHY,76,g5,Pawn,Bd3,195,Mistake,5k2/1pr3pb/5p2/3Bp3/1PP5/8/5PP1/R5K1 b - - 2 38,9,204
6U336HHY,78,Bd3,Bishop,Bd3,62,Inaccuracy,5k2/Rpr4b/5p2/3Bp1p1/1PP5/8/5PP1/6K1 b - - 1 39,185,247
6U336HHY,80,Bb5,Bishop,Ke8,64,Inaccuracy,5k2/Rpr5/5p2/2PBp1p1/1P6/3b4/5PP1/6K1 b - - 0 40,298,362
6U336HHY,82,Rxb7,Rook,Rxb7,-19,Good,5k2/1Rr5/5p2/1bPBp1p1/1P6/8/5PP1/6K1 b - - 0 41,444,425
6U336HHY,84,Ke7,King,Ke7,5,Good,5k2/1B6/5p2/1bP1p1p1/1P6/8/5PP1/6K1 b - - 0 42,475,480
6U336HHY,86,Kd7,King,Kd8,-34,Good,8/1B2k3/5p2/1bP1p1p1/1P4P1/8/5P2/6K1 b - - 0 43,481,447
6U336HHY,88,Be2,Bishop,Ba4,-8,Good,8/3k4/5p2/1bP1p1p1/1P2B1P1/8/5P2/6K1 b - - 2 44,523,515
6U336HHY,90,Bb5,Bishop,Bb5,0,Good,8/3k4/5p2/2P1p1p1/1P2B1P1/5P2/4b3/6K1 b - - 0 45,533,533
6U336HHY,92,Ke7,King,Kc7,17,Good,8/3k4/5p2/1bP1p1p1/1P2B1P1/5P2/5K2/8 b - - 2 46,558,575
6U336HHY,94,Ke6,King,Kd8,13,Good,8/4k3/5p2/1bP1p1p1/1P2B1P1/4KP2/8/8 b - - 4 47,572,585
6U336HHY,96,Ba4,Bishop,Ba4,-7,Good,8/8/4kp2/1bP1p1p1/1P4P1/3BKP2/8/8 b - - 6 48,614,607
6U336HHY,98,Kd7,King,Kd7,30,Inaccuracy,8/8/4kp2/2P1p1p1/bPB3P1/4KP2/8/8 b - - 8 49,570,600
6U336HHY,100,Kc7,King,Kc7,-21,Good,8/3k4/5p2/1PP1p1p1/b1B3P1/4KP2/8/8 b - - 0 50,629,608
6U336HHY,102,Kd7,King,Kc6,15,Good,8/2k5/1P3p2/2P1p1p1/b1B3P1/4KP2/8/8 b - - 0 51,658,673
6U336HHY,104,Bb5,Bishop,Bb5,24,Good,8/3k4/1P3p2/2PBp1p1/b5P1/4KP2/8/8 b - - 2 52,688,712
6U336HHY,106,Ba6,Bishop,Bf1,-29,Good,8/3k4/1P3p2/1bPBp1p1/4K1P1/5P2/8/8 b - - 4 53,704,675
6U336HHY,108,Kc8,King,Bd3+,24,Good,8/3k4/bP3p2/2PBpKp1/6P1/5P2/8/8 b - - 6 54,817,841
6U336HHY,110,Bb5,Bishop,Bb5,52,Inaccuracy,2k5/8/bP3K2/2PBp1p1/6P1/5P2/8/8 b - - 0 55,816,868
6U336HHY,112,e4,Pawn,Bd3,443,Blunder,2k5/8/1PP2K2/1b1Bp1p1/6P1/5P2/8/8 b - - 0 56,951,1394
6U336HHY,114,Bxc6,Bishop,Bf1,8553,Blunder,2k5/8/1PP2K2/1b1B2p1/4P1P1/8/8/8 b - - 0 57,1442,9995
6U336HHY,116,Kb8,King,Kd8,0,Good,2k5/8/1PB2K2/6p1/4P1P1/8/8/8 b - - 0 58,9996,9996
6U336HHY,118,Kc8,King,Kc8,0,Good,1k6/8/1PB2K2/4P1p1/6P1/8/8/8 b - - 0 59,9997,9997
6U336HHY,120,Kb8,King,Kd8,0,Good,2k5/8/1PB1PK2/6p1/6P1/8/8/8 b - - 0 60,9998,9998
6U336HHY,122,Kc8,King,Kc8,0,Good,1k6/4P3/1PB2K2/6p1/6P1/8/8/8 b - - 0 61,9999,9999
vjrDAx8H,2,c5,Pawn,c5,6,Good,rnbqkbnr/pppppppp/8/8/4P3/8/PPPP1PPP/RNBQKBNR b KQkq - 0 1,32,38
vjrDAx8H,4,Nc6,Knight,d6,-10,Good,rnbqkbnr/pp1ppppp/8/2p5/4P3/5N2/PPPP1PPP/RNBQKB1R b KQkq - 1 2,51,41
vjrDAx8H,6,e6,Pawn,g6,-5,Good,r1bqkbnr/pp1ppppp/2n5/1Bp5/4P3/5N2/PPPP1PPP/RNBQK2R b KQkq - 3 3,43,38
vjrDAx8H,8,Nge7,Knight,Nge7,3,Good,r1bqkbnr/pp1p1ppp/2n1p3/1Bp5/4P3/5N2/PPPP1PPP/RNBQ1RK1 b kq - 1 4,41,44
vjrDAx8H,10,a6,Pawn,a6,5,Good,r1bqkb1r/pp1pnppp/2n1p3/1Bp5/4P3/5N2/PPPP1PPP/RNBQR1K1 b kq - 3 5,24,29
vjrDAx8H,12,Ng6,Knight,d5,36,Inaccuracy,r1bqkb1r/1p1pnppp/p1n1p3/2p5/4P3/5N2/PPPP1PPP/RNBQRBK1 b kq - 1 6,30,66
vjrDAx8H,14,Be7,Bishop,Be7,4,Good,r1bqkb1r/1p1p1ppp/p1n1p1n1/2p5/4P3/2P2N2/PP1P1PPP/RNBQRBK1 b kq - 0 7,40,44
vjrDAx8H,16,cxd4,Pawn,cxd4,-7,Good,r1bqk2r/1p1pbppp/p1n1p1n1/2p5/3PP3/2P2N2/PP3PPP/RNBQRBK1 b kq - 0 8,64,57
vjrDAx8H,18,d6,Pawn,d5,60,Inaccuracy,r1bqk2r/1p1pbppp/p1n1p1n1/8/3PP3/5N2/PP3PPP/RNBQRBK1 b kq - 0 9,45,105
vjrDAx8H,20,O-O,King,O-O,-14,Good,r1bqk2r/1p2bppp/p1npp1n1/8/3PP3/2N2N2/PP3PPP/R1BQRBK1 b kq - 1 10,106,92
vjrDAx8H,22,b5,Pawn,d5,9,Good,r1bq1rk1/1p2bppp/p1npp1n1/8/3PP3/P1N2N2/1P3PPP/R1BQRBK1 b - - 0 11,72,81
vjrDAx8H,24,Bb7,Bishop,e5,26,Good,r1bq1rk1/4bppp/p1npp1n1/1p6/3PP3/P1N2NP1/1P3P1P/R1BQRBK1 b - - 0 12,100,126
vjrDAx8H,26,Re8,Rook,Re8,-13,Good,r2q1rk1/1b2bppp/p1npp1n1/1p6/3PP2P/P1N2NP1/1P3P2/R1BQRBK1 b - - 0 13,139,126
vjrDAx8H,28,Nf8,Knight,Nf8,-2,Good,r2qr1k1/1b2bppp/p1npp1n1/1p5P/3PP3/P1N2NP1/1P3P2/R1BQRBK1 b - - 0 14,130,128
vjrDAx8H,30,Ng6,Knight,Bf6,12,Good,r2qrnk1/1b2bppp/p1npp2P/1p6/3PP3/P1N2NP1/1P3P2/R1BQRBK1 b - - 0 15,121,133
vjrDAx8H,32,Bf6,Bishop,Bf6,-6,Good,r2qr1k1/1b2bpPp/p1npp1n1/1p6/3PP3/P1N2NP1/1P3P2/R1BQRBK1 b - - 0 16,116,110
vjrDAx8H,34,Qb6,Queen,Bxg7,15,Good,r2qr1k1/1b3pPp/p1nppbnB/1p6/3PP3/P1N2NP1/1P3P2/R2QRBK1 b - - 2 17,114,129
vjrDAx8H,36,Qd8,Queen,Qd8,-5,Good,r3r1k1/1b3pPp/pqnppbn1/1p6/3PP3/P1N1BNP1/1P3P2/R2QRBK1 b - - 4 18,125,120
vjrDAx8H,38,Qb6,Queen,Bxg7,9,Good,r2qr1k1/1b3pPp/p1nppbnB/1p6/3PP3/P1N2NP1/1P3P2/R2QRBK1 b - - 6 19,108,117
vjrDAx8H,40,Nce5,Knight,Nce5,11,Good,r3r1k1/1b3pPp/pqnppbnB/1p1P4/4P3/P1N2NP1/1P3P2/R2QRBK1 b - - 0 20,123,134
vjrDAx8H,42,Bxe5,Bishop,Bxe5,-13,Good,r3r1k1/1b3pPp/pq1ppbnB/1p1PN3/4P3/P1N3P1/1P3P2/R2QRBK1 b - - 0 21,121,108
vjrDAx8H,44,Qd8,Queen,Qd8,-12,Good,r3r1k1/1b3pPp/pq1pp1n1/1p1Pb3/4P3/P1N1B1P1/1P3P2/R2QRBK1 b - - 1 22,101,89
vjrDAx8H,46,fxe6,Pawn,fxe6,-5,Good,r2qr1k1/1b3pPp/p2pP1n1/1p2b3/4P3/P1N1B1P1/1P3P2/R2QRBK1 b - - 0 23,90,85
vjrDAx8H,48,Bxg7,Bishop,Bxg7,1,Good,r2qr1k1/1b4Pp/p2pp1n1/1p2b3/4P3/P1N1B1P1/1P3PB1/R2QR1K1 b - - 1 24,93,94
vjrDAx8H,50,Rc8,Rook,Ne5,10,Good,r2qr1k1/1b4bp/p2pp1n1/1p6/4P3/P1N1B1P1/1P3PB1/2RQR1K1 b - - 1 25,90,100
vjrDAx8H,52,Qf6,Queen,Ne5,99,Mistake,2rqr1k1/1b4bp/p2pp1n1/1p5Q/4P3/P1N1B1P1/1P3PB1/2R1R1K1 b - - 3 26,81,180
vjrDAx8H,54,Qf7,Queen,Qf7,15,Good,2r1r1k1/1b4bp/p2ppqn1/1p2P2Q/8/P1N1B1P1/1P3PB1/2R1R1K1 b - - 0 27,177,192
vjrDAx8H,56,Qxb7,Queen,Qxb7,12,Good,2r1r1k1/1B3qbp/p2pp1n1/1p2P2Q/8/P1N1B1P1/1P3P2/2R1R1K1 b - - 0 28,184,196
vjrDAx8H,58,Ne5,Knight,Ne5,-4,Good,2r1r1k1/1q4bp/p2Pp1n1/1p5Q/8/P1N1B1P1/1P3P2/2R1R1K1 b - - 0 29,188,184
vjrDAx8H,60,Rf8,Rook,Rf8,-31,Good,2r1r1k1/1q4bp/p2Pp3/1p2n2Q/8/P1N1B1P1/1P3P2/2RR2K1 b - - 2 30,200,169
vjrDAx8H,62,Rf5,Rook,Rf5,-7,Good,2r2rk1/1q4bp/p2Pp3/1p2n2Q/5B2/P1N3P1/1P3P2/2RR2K1 b - - 4 31,210,203
vjrDAx8H,64,Nf3+,Knight,Nf3+,-32,Good,2r3k1/1q4bp/p2Pp3/1p2nr2/5B2/P1N3P1/1P3P2/2RR2KQ b - - 6 32,207,175
vjrDAx8H,66,Bxc3,Bishop,Nd2+,126,Mistake,2r3k1/1q4bp/p2Pp3/1p3r2/5B2/P1N2nP1/1P3P2/2RR1K1Q b - - 8 33,214,340
vjrDAx8H,68,Rd8,Rook,Rd8,16,Good,2r3k1/1q1P3p/p3p3/1p3r2/5B2/P1b2nP1/1P3P2/2RR1K1Q b - - 0 34,340,356
vjrDAx8H,70,Nd2+,Knight,e5,84,Inaccuracy,3r2k1/1q1P3p/p3p3/1p3r2/5B2/P1R2nP1/1P3P2/3R1K1Q b - - 0 35,360,444
vjrDAx8H,72,Qxh1+,Queen,Qxh1+,19,Good,3r2k1/1q1P3p/p3p3/1p3r2/5B2/P1R3P1/1P1n1P2/3R2KQ b - - 2 36,429,448
vjrDAx8H,74,Ne4,Knight,Nc4,86,Inaccuracy,3r2k1/3P3p/p3p3/1p3r2/5B2/P1R3P1/1P1n1P2/3R3K b - - 0 37,486,572
vjrDAx8H,76,Rff8,Rook,Rff8,1,Good,2Rr2k1/3P3p/p3p3/1p3r2/4nB2/P5P1/1P3P2/3R3K b - - 2 38,581,582
vjrDAx8H,78,Rxd8,Rook,Rxd8,-9,Good,3R1rk1/3P3p/p3p3/1p6/4nB2/P5P1/1P3P2/3R3K b - - 0 39,578,569
vjrDAx8H,80,Nxf2+,Knight,Rxd7,5,Good,3r2k1/2BP3p/p3p3/1p6/4n3/P5P1/1P3P2/3R3K b - - 1 40,583,588
vjrDAx8H,82,Nxd1,Knight,Rxd7,89,Inaccuracy,3r2k1/2BP3p/p3p3/1p6/8/P5P1/1P3nK1/3R4 b - - 1 41,579,668
vjrDAx8H,84,Ne3+,Knight,Ne3+,27,Good,3B2k1/3P3p/p3p3/1p6/8/P5P1/1P4K1/3n4 b - - 0 42,703,730
xcFYJNFZ,2,c5,Pawn,c5,-5,Good,rnbqkbnr/pppppppp/8/8/4P3/8/PPPP1PPP/RNBQKBNR b KQkq - 0 1,43,38
xcFYJNFZ,4,d6,Pawn,Nc6,10,Good,rnbqkbnr/pp1ppppp/8/2p5/4P3/5N2/PPPP1PPP/RNBQKB1R b KQkq - 1 2,38,48
xcFYJNFZ,6,cxd4,Pawn,cxd4,2,Good,rnbqkbnr/pp2pppp/3p4/2p5/3PP3/5N2/PPP2PPP/RNBQKB1R b KQkq - 0 3,57,59
xcFYJNFZ,8,Nf6,Knight,Nf6,-10,Good,rnbqkbnr/pp2pppp/3p4/8/3NP3/8/PPP2PPP/RNBQKB1R b KQkq - 0 4,48,38
xcFYJNFZ,10,g6,Pawn,a6,16,Good,rnbqkb1r/pp2pppp/3p1n2/8/3NP3/2N5/PPP2PPP/R1BQKB1R b KQkq - 2 5,41,57
xcFYJNFZ,12,Bg7,Bishop,Bg7,0,Good,rnbqkb1r/pp2pp1p/3p1np1/8/3NP3/2N1B3/PPP2PPP/R2QKB1R b KQkq - 1 6,76,76
xcFYJNFZ,14,O-O,King,Nc6,0,Good,rnbqk2r/pp2ppbp/3p1np1/8/3NP3/2N1BP2/PPP3PP/R2QKB1R b KQkq - 0 7,83,83
xcFYJNFZ,16,Nc6,Knight,Nc6,11,Good,rnbq1rk1/pp2ppbp/3p1np1/8/3NP3/2N1BP2/PPPQ2PP/R3KB1R b KQ - 2 8,80,91
xcFYJNFZ,18,Bd7,Bishop,Qa5,31,Inaccuracy,r1bq1rk1/pp2ppbp/2np1np1/8/2BNP3/2N1BP2/PPPQ2PP/R3K2R b KQ - 4 9,48,79
xcFYJNFZ,20,Rb8,Rook,Ne5,19,Good,r2q1rk1/pp1bppbp/2np1np1/8/2BNP3/2N1BP2/PPPQ2PP/2KR3R b - - 6 10,80,99
xcFYJNFZ,22,Na5,Knight,Na5,-9,Good,1r1q1rk1/pp1bppbp/2np1np1/8/3NP3/1BN1BP2/PPPQ2PP/2KR3R b - - 8 11,68,59
xcFYJNFZ,24,b5,Pawn,b5,7,Good,1r1q1rk1/pp1bppbp/3p1np1/n7/3NP1P1/1BN1BP2/PPPQ3P/2KR3R b - - 0 12,47,54
xcFYJNFZ,26,Nc4,Knight,b4,85,Inaccuracy,1r1q1rk1/p2bppbp/3p1np1/np6/3NP1P1/1BN1BP2/PPPQ3P/1K1R3R b - - 1 13,27,112
xcFYJNFZ,28,bxc4,Pawn,bxc4,14,Good,1r1q1rk1/p2bppbp/3p1np1/1p6/2BNP1P1/2N1BP2/PPPQ3P/1K1R3R b - - 0 14,86,100
xcFYJNFZ,30,Qb6,Queen,Qa5,-13,Good,1r1q1rk1/p2bppbp/3p1np1/8/2pNP1P1/2N1BP2/PPPQ3P/K2R3R b - - 1 15,113,100
xcFYJNFZ,32,Qa5,Queen,Qa5,0,Good,1r3rk1/p2bppbp/1q1p1np1/8/2pNP1P1/2N1BP2/PPPQ3P/KR5R b - - 3 16,123,123
xcFYJNFZ,34,h5,Pawn,Rb6,27,Good,1r3rk1/p2bppbp/3p1np1/q7/2pNP1PP/2N1BP2/PPPQ4/KR5R b - - 0 17,119,146
xcFYJNFZ,36,Nxh5,Knight,Qxh5,-19,Good,1r3rk1/p2bppb1/3p1np1/q6P/2pNP2P/2N1BP2/PPPQ4/KR5R b - - 0 18,154,135
xcFYJNFZ,38,Kh7,King,Kh7,-21,Good,1r3rk1/p2bppb1/3p2p1/q6n/2pNP2P/2N1BP2/PPPQ4/KR4R1 b - - 1 19,152,131
xcFYJNFZ,40,Qb4,Queen,Qd8,27,Good,1r3r2/p2bppbk/3p2p1/q5Rn/2pNP2P/2N1BP2/PPPQ4/KR6 b - - 3 20,137,164
xcFYJNFZ,42,e5,Pawn,Bf6,43,Inaccuracy,1r3r2/p2bppbk/3p2p1/6Rn/1qpNPP1P/2N1B3/PPPQ4/KR6 b - - 0 21,161,204
xcFYJNFZ,44,Bxe5,Bishop,dxe5,87,Inaccuracy,1r3r2/p2b1pbk/3p2p1/4P1Rn/1qpNP2P/2N1B3/PPPQ4/KR6 b - - 0 22,228,315
xcFYJNFZ,46,Rh8,Rook,Nf6,133,Mistake,1r3r2/p2b1p1k/3p2p1/4b1Rn/1qpNP2P/2N1B3/PPP5/KR1Q4 b - - 1 23,348,481
xcFYJNFZ,48,gxh5,Pawn,Kg7,39,Inaccuracy,1r5r/p2b1p1k/3p2p1/4b2R/1qpNP2P/2N1B3/PPP5/KR1Q4 b - - 0 24,540,579
xcFYJNFZ,50,Kg8,King,Kg8,6,Good,1r5r/p2b1p1k/3p4/4b2Q/1qpNP2P/2N1B3/PPP5/KR6 b - - 0 25,576,582
xcFYJNFZ,52,Kf8,King,Kf8,0,Good,1r4kr/p2b1p2/3p4/4b1Q1/1qpNP2P/2N1B3/PPP5/KR6 b - - 2 26,584,584
xcFYJNFZ,54,Qb7,Queen,Qb7,1,Good,1r3k1r/p2b1p2/3p4/3Nb1Q1/1qpNP2P/4B3/PPP5/KR6 b - - 4 27,586,587
xcFYJNFZ,56,Kg7,King,Kg7,-1,Good,1r3k1r/pq1bQp2/3p4/3Nb3/2pNP2P/4B3/PPP5/KR6 b - - 6 28,586,585
xcFYJNFZ,58,Bg4,Bishop,Bg4,1,Good,1r5r/pq1bQpk1/3p4/3Nb3/2pNP2P/4B3/PPP5/K5R1 b - - 8 29,587,588
xcFYJNFZ,60,Kh7,King,Kh7,-19,Good,1r5r/pq2Qpk1/3p4/3Nb3/2pNP1RP/4B3/PPP5/K7 b - - 0 30,520,501
xcFYJNFZ,62,Rxb7,Rook,Rxb7,-7,Good,1r5r/pQ3p1k/3p4/3Nb3/2pNP1RP/4B3/PPP5/K7 b - - 0 31,506,499
xcFYJNFZ,64,Rg8,Rook,Rhb8,20,Good,7r/pr3p1k/3p4/3Nb3/2pNP1RP/2P1B3/PP6/K7 b - - 0 32,522,542
xcFYJNFZ,66,Kxg8,King,Kxg8,-6,Good,6R1/pr3p1k/3p4/3Nb3/2pNP2P/2P1B3/PP6/K7 b - - 0 33,544,538
xcFYJNFZ,68,f6,Pawn,f6,12,Good,6k1/pr3p2/3p4/3NbN2/2p1P2P/2P1B3/PP6/K7 b - - 1 34,530,542
xcFYJNFZ,70,Kh7,King,Kf7,50,Inaccuracy,6k1/pr6/3p1p2/3NbN2/P1p1P2P/2P1B3/1P6/K7 b - - 0 35,526,576
xcFYJNFZ,72,Rf7,Rook,Kg8,12,Good,8/pr5k/3p1p2/3NbN1P/P1p1P3/2P1B3/1P6/K7 b - - 0 36,566,578
xcFYJNFZ,74,Rb7,Rook,Rb7,18,Good,8/p4r1k/3p1p2/P2NbN1P/2p1P3/2P1B3/1P6/K7 b - - 0 37,561,579
P8nzUB5R,2,d6,Pawn,e5,20,Good,rnbqkbnr/pppppppp/8/8/4P3/8/PPPP1PPP/RNBQKBNR b KQkq - 0 1,42,62
P8nzUB5R,4,g6,Pawn,Nf6,20,Good,rnbqkbnr/ppp1pppp/3p4/8/3PP3/8/PPP2PPP/RNBQKBNR b KQkq - 0 2,48,68
P8nzUB5R,6,Bg7,Bishop,Nf6,4,Good,rnbqkbnr/ppp1pp1p/3p2p1/8/3PP3/5N2/PPP2PPP/RNBQKB1R b KQkq - 1 3,69,73
P8nzUB5R,8,Nc6,Knight,c5,35,Inaccuracy,rnbqk1nr/ppp1ppbp/3p2p1/8/3PP3/4BN2/PPP2PPP/RN1QKB1R b KQkq - 3 4,66,101
P8nzUB5R,10,e5,Pawn,Nf6,33,Inaccuracy,r1bqk1nr/ppp1ppbp/2np2p1/8/3PP3/2N1BN2/PPP2PPP/R2QKB1R b KQkq - 5 5,109,142
P8nzUB5R,12,Nxe5,Knight,Nxe5,9,Good,r1bqk1nr/ppp2pbp/2np2p1/4P3/4P3/2N1BN2/PPP2PPP/R2QKB1R b KQkq - 0 6,109,118
P8nzUB5R,14,Bxe5,Bishop,Bxe5,-4,Good,r1bqk1nr/ppp2pbp/3p2p1/4N3/4P3/2N1B3/PPP2PPP/R2QKB1R b KQkq - 0 7,113,109
P8nzUB5R,16,Ne7,Knight,Nf6,105,Mistake,r1bqk1nr/ppp2p1p/3p2p1/4b3/4P3/2NQB3/PPP2PPP/R3KB1R b KQkq - 1 8,79,184
P8nzUB5R,18,Be6,Bishop,Nc6,37,Inaccuracy,r1bqk2r/ppp1np1p/3p2p1/4b3/4P3/2NQB3/PPP2PPP/2KR1B1R b kq - 3 9,177,214
P8nzUB5R,20,Nc6,Knight,Qd7,9,Good,r2qk2r/ppp1np1p/3pb1p1/4b3/4P3/2NQB3/PPP2PPP/1K1R1B1R b kq - 5 10,130,139
P8nzUB5R,22,Bg7,Bishop,Bg7,-4,Good,r2qk2r/ppp2p1p/2npb1p1/4b3/4P3/2N1B3/PPPQ1PPP/1K1R1B1R b kq - 7 11,130,126
P8nzUB5R,24,a6,Pawn,a6,3,Good,r2qk2r/ppp2pbp/2npb1p1/1B6/4P3/2N1B3/PPPQ1PPP/1K1R3R b kq - 9 12,93,96
P8nzUB5R,26,bxc6,Pawn,bxc6,-6,Good,r2qk2r/1pp2pbp/p1Bpb1p1/8/4P3/2N1B3/PPPQ1PPP/1K1R3R b kq - 0 13,112,106
P8nzUB5R,28,Bxd4,Bishop,f6,30,Inaccuracy,r2qk2r/2p2pbp/p1ppb1p1/8/3BP3/2N5/PPPQ1PPP/1K1R3R b kq - 1 14,118,148
P8nzUB5R,30,O-O,King,f6,-25,Good,r2qk2r/2p2p1p/p1ppb1p1/8/3QP3/2N5/PPP2PPP/1K1R3R b kq - 0 15,143,118
P8nzUB5R,32,h5,Pawn,c5,22,Good,r2q1rk1/2p2p1p/p1ppb1p1/8/3QP2P/2N5/PPP2PP1/1K1R3R b - - 0 16,141,163
P8nzUB5R,34,Qe7,Queen,Qe7,4,Good,r2q1rk1/2p2p2/p1ppb1p1/7p/3QP2P/2N2P2/PPP3P1/1K1R3R b - - 0 17,94,98
P8nzUB5R,36,Rfb8,Rook,Rfb8,56,Inaccuracy,r4rk1/2p1qp2/p1ppb1p1/7p/3QP2P/5P2/PPP1N1P1/1K1R3R b - - 2 18,27,83
P8nzUB5R,38,Rb5,Rook,Rb5,-10,Good,rr4k1/2p1qp2/p1ppb1p1/7p/3QPN1P/5P2/PPP3P1/1K1R3R b - - 4 19,42,32
P8nzUB5R,40,Rab8,Rook,c5,65,Inaccuracy,r5k1/2p1qp2/p1ppb1p1/1r5p/3QPNPP/5P2/PPP5/1K1R3R b - - 0 20,16,81
P8nzUB5R,42,c5,Pawn,c5,4,Good,1r4k1/2p1qp2/p1ppb1p1/1r5p/3QPNPP/1P3P2/P1P5/1K1R3R b - - 0 21,61,65
P8nzUB5R,44,c4,Pawn,c4,-6,Good,1r4k1/2p1qp2/p2pb1p1/1rp4p/4PNPP/1PQ2P2/P1P5/1K1R3R b - - 1 22,24,18
P8nzUB5R,46,Bxd5,Bishop,Bxd5,1,Good,1r4k1/2p1qp2/p2pb1p1/1r1N3p/2p1P1PP/1PQ2P2/P1P5/1K1R3R b - - 1 23,17,18
P8nzUB5R,48,Rxd5,Rook,Rxd5,1,Good,1r4k1/2p1qp2/p2p2p1/1r1R3p/2p1P1PP/1PQ2P2/P1P5/1K5R b - - 0 24,0,1
P8nzUB5R,50,hxg4,Pawn,hxg4,0,Good,1r4k1/2p1qp2/p2p2p1/3P3p/2p3PP/1PQ2P2/P1P5/1K5R b - - 0 25,0,0
P8nzUB5R,52,Qe5,Queen,Qe5,0,Good,1r4k1/2p1qp2/p2p2p1/3P3P/2p3p1/1PQ2P2/P1P5/1K5R b - - 0 26,0,0
P8nzUB5R,54,gxf3,Pawn,gxf3,0,Good,1r4k1/2p2p2/p2p2p1/3Pq2P/2Q3p1/1P3P2/P1P5/1K5R b - - 0 27,0,0
P8nzUB5R,56,fxg6,Pawn,fxg6,0,Good,1r4k1/2p2p2/p2p2P1/3Pq3/2Q5/1P3p2/P1P5/1K5R b - - 0 28,0,0
P8nzUB5R,58,Re8,Rook,Re8,0,Good,1r4k1/2Q5/p2p2p1/3Pq3/8/1P3p2/P1P5/1K5R b - - 0 29,0,0
P8nzUB5R,60,Kf8,King,Kf8,0,Good,4r1k1/7Q/p2p2p1/3Pq3/8/1P3p2/P1P5/1K5R b - - 2 30,0,0
P8nzUB5R,62,Kf7,King,Kf7,-97,Good,4rk2/8/p2p2pQ/3Pq3/8/1P3p2/P1P5/1K5R b - - 4 31,-32,-129
P8nzUB5R,64,Kf6,King,Qg7,130,Mistake,4r3/5k1Q/p2p2p1/3Pq3/8/1P3p2/P1P5/1K5R b - - 6 32,-152,-22
P8nzUB5R,66,g5,Pawn,Kf7,32,Inaccuracy,4r3/8/p2p1kp1/3Pq3/7Q/1P3p2/P1P5/1K5R b - - 8 33,-32,0
P8nzUB5R,68,Qf5,Queen,Qf5,0,Good,4r3/7Q/p2p1k2/3Pq1p1/8/1P3p2/P1P5/1K5R b - - 1 34,0,0
P8nzUB5R,70,Ke5,King,Ke5,0,Good,4r3/7Q/p2p1k1R/3P1qp1/8/1P3p2/P1P5/1K6 b - - 3 35,0,0
P8nzUB5R,72,Kxd5,King,Kxd5,0,Good,4r3/6Q1/p2p3R/3Pkqp1/8/1P3p2/P1P5/1K6 b - - 5 36,0,0
P8nzUB5R,74,Ke5,King,Ke5,0,Good,4r3/1Q6/p2p3R/3k1qp1/8/1P3p2/P1P5/1K6 b - - 1 37,0,0
P8nzUB5R,76,Re6,Rook,Kf4,271,Blunder,4r3/8/pQ1p3R/4kqp1/8/1P3p2/P1P5/1K6 b - - 3 38,-301,-30
P8nzUB5R,78,g4,Pawn,Kf4,332,Blunder,8/8/pQ1pr3/4kqp1/8/1P3p2/P1P4R/1K6 b - - 5 39,-499,-167
P8nzUB5R,80,Kf6,King,Kf4,29,Good,8/8/pQ1pr3/4kq2/6p1/1P3p2/P1PR4/1K6 b - - 1 40,-398,-369
P8nzUB5R,82,Ke5,King,Kf7,173,Mistake,3Q4/8/p2prk2/5q2/6p1/1P3p2/P1PR4/1K6 b - - 3 41,-494,-321
P8nzUB5R,84,Kf4,King,Kf4,-63,Good,7Q/8/p2pr3/4kq2/6p1/1P3p2/P1PR4/1K6 b - - 5 42,-453,-516
P8nzUB5R,86,g3,Pawn,Kg5,1202,Blunder,8/8/p2pr3/5q2/5kp1/1P3p2/P1PR3Q/1K6 b - - 7 43,-588,614
P8nzUB5R,88,Ke5,King,Qg4,9260,Blunder,8/8/p2pr3/5q2/5k1Q/1P3pp1/P1PR4/1K6 b - - 1 44,739,9999
1R2uv6zB,2,e5,Pawn,e5,5,Good,rnbqkbnr/pppppppp/8/8/4P3/8/PPPP1PPP/RNBQKBNR b KQkq - 0 1,29,34
1R2uv6zB,4,Nc6,Knight,Nc6,-17,Good,rnbqkbnr/pppp1ppp/8/4p3/4P3/5N2/PPPP1PPP/RNBQKB1R b KQkq - 1 2,48,31
1R2uv6zB,6,Nf6,Knight,Nf6,0,Good,r1bqkbnr/pppp1ppp/2n5/4p3/2B1P3/5N2/PPPP1PPP/RNBQK2R b KQkq - 3 3,27,27
1R2uv6zB,8,Bc5,Bishop,Bc5,-6,Good,r1bqkb1r/pppp1ppp/2n2n2/4p3/2B1P3/3P1N2/PPP2PPP/RNBQK2R b KQkq - 0 4,22,16
1R2uv6zB,10,Bb6,Bishop,d6,7,Good,r1bqk2r/pppp1ppp/2n2n2/2b1p3/2B1P3/2PP1N2/PP3PPP/RNBQK2R b KQkq - 0 5,21,28
1R2uv6zB,12,O-O,King,h6,-5,Good,r1bqk2r/pppp1ppp/1bn2n2/4p3/2B1P3/2PP1N2/PP1N1PPP/R1BQK2R b KQkq - 2 6,35,30
1R2uv6zB,14,d5,Pawn,d5,5,Good,r1bq1rk1/pppp1ppp/1bn2n2/4p3/4P3/1BPP1N2/PP1N1PPP/R1BQK2R b KQ - 4 7,20,25
1R2uv6zB,16,Be6,Bishop,Be6,-4,Good,r1bq1rk1/ppp2ppp/1bn2n2/3pp3/4P3/1BPP1N1P/PP1N1PP1/R1BQK2R b KQ - 0 8,14,10
1R2uv6zB,18,Bc8,Bishop,Bc8,-2,Good,r2q1rk1/ppp2ppp/1bn1bn2/3pp1N1/4P3/1BPP3P/PP1N1PP1/R1BQK2R b KQ - 2 9,2,0
1R2uv6zB,20,Nxe4,Knight,h6,107,Mistake,r1bq1rk1/ppp2ppp/1bn2n2/3pp1N1/4P3/1BPP3P/PP1NQPP1/R1B1K2R b KQ - 4 10,-31,76
1R2uv6zB,22,h6,Pawn,h6,4,Good,r1bq1rk1/ppp2ppp/1bn5/3pp1N1/4N3/1BPP3P/PP2QPP1/R1B1K2R b KQ - 0 11,61,65
1R2uv6zB,24,hxg5,Pawn,hxg5,-9,Good,r1bq1rk1/ppp2pp1/1bn4p/3pp1NQ/4N3/1BPP3P/PP3PP1/R1B1K2R b KQ - 1 12,-31,-40
1R2uv6zB,26,f6,Pawn,f6,-8,Good,r1bq1rk1/ppp2pp1/1bn5/3pp1BQ/4N3/1BPP3P/PP3PP1/R3K2R b KQ - 0 13,-48,-56
1R2uv6zB,28,Rxf6,Rook,Rxf6,1,Good,r1bq1rk1/ppp3p1/1bn2N2/3pp1BQ/8/1BPP3P/PP3PP1/R3K2R b KQ - 0 14,-51,-50
1R2uv6zB,30,gxf6,Pawn,Qxf6,100,Mistake,r1bq2k1/ppp3p1/1bn2B2/3pp2Q/8/1BPP3P/PP3PP1/R3K2R b KQ - 0 15,-75,25
1R2uv6zB,32,Kf8,King,Kf8,5,Good,r1bq2k1/ppp5/1bn2pQ1/3pp3/8/1BPP3P/PP3PP1/R3K2R b KQ - 1 16,-42,-37
1R2uv6zB,34,Qe7,Queen,Qe7,18,Good,r1bq1k2/ppp5/1bn2pQ1/3pp3/5P2/1BPP3P/PP4P1/R3K2R b KQ - 0 17,-128,-110
1R2uv6zB,36,exf4+,Pawn,exf4+,15,Good,r1b2k2/ppp1q3/1bn2pQ1/3Bp3/5P2/2PP3P/PP4P1/R3K2R b KQ - 0 18,-166,-151
1R2uv6zB,38,Qg7,Queen,Qg7,-10,Good,r1b2k2/ppp1q3/1bn2pQ1/3B4/5p2/2PP3P/PP4P1/R2K3R b - - 1 19,-250,-260
1R2uv6zB,40,Kxg7,King,Kxg7,-31,Good,r1b2k2/ppp3Q1/1bn2p2/3B4/5p2/2PP3P/PP4P1/R2K3R b - - 0 20,-224,-255
1R2uv6zB,42,Ne7,Knight,Ne7,-8,Good,r1b5/ppp3k1/1bn2p2/3B4/3P1p2/2P4P/PP4P1/R2K3R b - - 0 21,-246,-254
1R2uv6zB,44,c6,Pawn,c6,5,Good,r1b5/ppp1n1k1/1b3p2/8/3PBp2/2P4P/PP4P1/R2K3R b - - 2 22,-266,-261
1R2uv6zB,46,Bc7,Bishop,Bc7,0,Good,r1b5/pp2n1k1/1bp2p2/8/3PBp2/2P4P/PP4P1/R2K1R2 b - - 1 23,-286,-286
1R2uv6zB,48,Nf5,Knight,Nf5,-9,Good,r1b5/ppb1n1k1/2p2p2/8/3PBp2/2P4P/PP1K2P1/R4R2 b - - 3 24,-284,-293
1R2uv6zB,50,Kf7,King,Ng3,21,Good,r1b5/ppb3k1/2p2p2/5n2/3PBp2/2P4P/PP1K2P1/4RR2 b - - 5 25,-295,-274
1R2uv6zB,52,Ng3,Knight,Bd7,25,Good,r1b5/ppb2k2/2p2p2/5n2/3PBp2/2P4P/PP1K1RP1/4R3 b - - 7 26,-279,-254
1R2uv6zB,54,Be6,Bishop,Be6,-6,Good,r1b5/ppb2k2/2p2p2/8/3P1p2/2P3nP/PPBK1RP1/4R3 b - - 9 27,-238,-244
1R2uv6zB,56,Re8,Rook,Bd5,276,Blunder,r7/ppb2k2/2p1bp2/8/3P1p2/1BP3nP/PP1K1RP1/4R3 b - - 11 28,-275,1
1R2uv6zB,58,Rxe6,Rook,Rxe6,0,Good,4r3/ppb2k2/2p1Rp2/8/3P1p2/1BP3nP/PP1K1RP1/8 b - - 0 29,0,0
1R2uv6zB,60,Ke7,King,Bd6,0,Good,8/ppb2k2/2p1rp2/8/3P1p2/1BPK2nP/PP3RP1/8 b - - 1 30,0,0
1R2uv6zB,62,Kxe6,King,Kxe6,0,Good,8/ppb1k3/2p1Bp2/8/3P1p2/2PK2nP/PP3RP1/8 b - - 0 31,0,0
1R2uv6zB,64,a5,Pawn,a6,28,Good,8/ppb5/2p1kp2/8/P2P1p2/2PK2nP/1P3RP1/8 b - - 0 32,0,28
1R2uv6zB,66,Bd6,Bishop,Nf5,10,Good,8/1pb5/2p1kp2/p7/P2P1p2/2PK2nP/1PR3P1/8 b - - 1 33,0,10
1R2uv6zB,68,Nf5,Knight,Nf5,0,Good,8/1p6/2pbkp2/p7/P2P1p2/2PK2nP/1P4P1/2R5 b - - 3 34,0,0
1R2uv6zB,70,Nh4,Knight,Nh4,-15,Good,8/1p6/2pbkp2/p4n2/P2PKp2/2P4P/1P4P1/2R5 b - - 5 35,-19,-34
1R2uv6zB,72,f5+,Pawn,f5+,-10,Good,8/1p6/2pbkp2/p7/P2PKp1n/2P4P/1PR3P1/8 b - - 7 36,-20,-30
1R2uv6zB,74,f3,Pawn,f3,0,Good,8/1p6/2pbk3/p4p2/P2P1p1n/2PK3P/1PR3P1/8 b - - 1 37,-17,-17
1R2uv6zB,76,Nxf3,Knight,Nxf3,-1,Good,8/1p6/2pbk3/p4p2/P2P3n/2PK1P1P/1PR5/8 b - - 0 38,-17,-18
1R2uv6zB,78,Ng5,Knight,Nh4,30,Inaccuracy,8/1p6/2pbk3/p4p2/P2P4/2PK1n1P/1P3R2/8 b - - 1 39,-51,-21
1R2uv6zB,80,Bg3,Bishop,Bg3,18,Good,8/1p6/2pbk3/p4pn1/P2P3P/2PK4/1P3R2/8 b - - 0 40,-24,-6
1R2uv6zB,82,Ne4,Knight,Ne4,1,Good,8/1p6/2p1k3/p4pn1/P2P3P/2PK2b1/1P2R3/8 b - - 2 41,-3,-2
1R2uv6zB,84,Kf6,King,Kf6,2,Good,8/1p6/2p1k3/p4p1P/P2Pn3/2PK2b1/1P2R3/8 b - - 0 42,5,7
1R2uv6zB,86,axb4,Pawn,axb4,3,Good,8/1p6/2p2k2/p4p1P/PP1Pn3/2PK2b1/4R3/8 b - - 0 43,3,6
1R2uv6zB,88,Kg5,King,Kg5,6,Good,8/1p6/2p2k2/5p1P/PP1Pn3/3K2b1/4R3/8 b - - 0 44,-58,-52
1R2uv6zB,90,Kxh5,King,Kxh5,1,Good,8/1p6/2p5/P4pkP/1P1Pn3/3K2b1/4R3/8 b - - 0 45,-34,-33
1R2uv6zB,92,Be1,Bishop,Bd6,33,Inaccuracy,8/1p6/2p5/P4p1k/1P1Pn3/3K2b1/2R5/8 b - - 1 46,-20,13
1R2uv6zB,94,bxa6,Pawn,bxa6,7,Good,8/1p6/P1p5/5p1k/1P1Pn3/3K4/2R5/4b3 b - - 0 47,-125,-118
1R2uv6zB,96,Bxb4,Bishop,Bxb4,-14,Good,8/8/p1R5/5p1k/1P1Pn3/3K4/8/4b3 b - - 0 48,-132,-146
1R2uv6zB,98,Bd6,Bishop,Bd6,24,Good,8/8/R7/5p1k/1b1Pn3/3K4/8/8 b - - 0 49,-149,-125
1R2uv6zB,100,Bg3,Bishop,Kg4,16,Good,8/8/R2b4/5p1k/2KPn3/8/8/8 b - - 2 50,-142,-126
1R2uv6zB,102,Kg4,King,Kg4,4,Good,8/8/R7/3K1p1k/3Pn3/6b1/8/8 b - - 4 51,-175,-171
1R2uv6zB,104,Ng5,Knight,Ng5,0,Good,8/8/6R1/3K1p2/3Pn1k1/6b1/8/8 b - - 6 52,-207,-207
1R2uv6zB,106,f4,Pawn,f4,-5,Good,8/8/5R2/3K1pn1/3P2k1/6b1/8/8 b - - 8 53,-225,-230
1R2uv6zB,108,f3,Pawn,f3,-2,Good,8/8/5R2/6n1/2KP1pk1/6b1/8/8 b - - 1 54,-218,-220
1R2uv6zB,110,Bf4,Bishop,Bh4,6,Good,8/8/5R2/6n1/3P2k1/3K1pb1/8/8 b - - 1 55,-230,-224
1R2uv6zB,112,Kg3,King,Be5,29,Good,8/8/5R2/3P2n1/5bk1/3K1p2/8/8 b - - 0 56,-226,-197
1R2uv6zB,114,f2,Pawn,Nh3,187,Mistake,8/8/3P1R2/6n1/5b2/3K1pk1/8/8 b - - 0 57,-187,0
1R2uv6zB,116,Ne4,Knight,Nf3,50,Inaccuracy,8/8/3P1R2/6n1/5b2/6k1/4Kp2/8 b - - 1 58,0,50
1R2uv6zB,118,Kxf4,King,Nxd6,-43,Good,8/8/3P4/8/4nR2/6k1/4Kp2/8 b - - 0 59,41,-2
1R2uv6zB,120,Kg3,King,Kg3,0,Good,8/3P4/8/8/4nk2/8/4Kp2/8 b - - 0 60,0,0
1R2uv6zB,122,Kg2,King,Kg2,0,Good,3Q4/8/8/8/4n3/6k1/4Kp2/8 b - - 0 61,0,0
1R2uv6zB,124,Ng3+,Knight,Ng3+,0,Good,6Q1/8/8/8/4n3/8/4Kpk1/8 b - - 2 62,0,0
1R2uv6zB,126,Kxg3,King,Kxg3,0,Good,8/8/8/8/8/6Q1/4Kpk1/8 b - - 0 63,0,0
1R2uv6zB,128,Kf3,King,Kf3,0,Good,8/8/8/8/8/6k1/5p2/5K2 b - - 1 64,0,0
5r4sXSHB,2,c5,Pawn,e5,-9,Good,rnbqkbnr/pppppppp/8/8/4P3/8/PPPP1PPP/RNBQKBNR b KQkq - 0 1,44,35
5r4sXSHB,4,Nc6,Knight,d6,1,Good,rnbqkbnr/pp1ppppp/8/2p5/4P3/5N2/PPPP1PPP/RNBQKB1R b KQkq - 1 2,42,43
5r4sXSHB,6,g6,Pawn,g6,-1,Good,r1bqkbnr/pp1ppppp/2n5/1Bp5/4P3/5N2/PPPP1PPP/RNBQK2R b KQkq - 3 3,40,39
5r4sXSHB,8,dxc6,Pawn,bxc6,15,Good,r1bqkbnr/pp1ppp1p/2B3p1/2p5/4P3/5N2/PPPP1PPP/RNBQK2R b KQkq - 0 4,25,40
5r4sXSHB,10,Bg7,Bishop,Bg7,6,Good,r1bqkbnr/pp2pp1p/2p3p1/2p5/4P3/3P1N2/PPP2PPP/RNBQK2R b KQkq - 0 5,34,40
5r4sXSHB,12,Nf6,Knight,Nf6,-3,Good,r1bqk1nr/pp2ppbp/2p3p1/2p5/4P3/3P1N2/PPP2PPP/RNBQ1RK1 b kq - 2 6,41,38
5r4sXSHB,14,O-O,King,O-O,3,Good,r1bqk2r/pp2ppbp/2p2np1/2p5/4P3/3P1N2/PPP2PPP/RNBQR1K1 b kq - 4 7,35,38
5r4sXSHB,16,Ne8,Knight,Nd5,1,Good,r1bq1rk1/pp2ppbp/2p2np1/2p1P3/8/3P1N2/PPP2PPP/RNBQR1K1 b - - 0 8,36,37
5r4sXSHB,18,Nc7,Knight,Be6,-3,Good,r1bqnrk1/pp2ppbp/2p3p1/2p1P3/8/3P1N2/PPPN1PPP/R1BQR1K1 b - - 2 9,42,39
5r4sXSHB,20,b6,Pawn,f5,14,Good,r1bq1rk1/ppn1ppbp/2p3p1/2p1P3/8/1P1P1N2/P1PN1PPP/R1BQR1K1 b - - 0 10,30,44
5r4sXSHB,22,a5,Pawn,a5,0,Good,r1bq1rk1/p1n1ppbp/1pp3p1/2p1P3/8/1P1P1N2/PBPN1PPP/R2QR1K1 b - - 1 11,43,43
5r4sXSHB,24,Bg4,Bishop,Ne6,30,Inaccuracy,r1bq1rk1/2n1ppbp/1pp3p1/p1p1P3/P7/1P1P1N2/1BPN1PPP/R2QR1K1 b - - 0 12,45,75
5r4sXSHB,26,Be6,Bishop,Bc8,-10,Good,r2q1rk1/2n1ppbp/1pp3p1/p1p1P3/P5b1/1P1P1N1P/1BPN1PP1/R2QR1K1 b - - 0 13,90,80
5r4sXSHB,28,h6,Pawn,Bd5,24,Good,r2q1rk1/2n1ppbp/1pp1b1p1/p1p1P3/P3N3/1P1P1N1P/1BP2PP1/R2QR1K1 b - - 2 14,66,90
5r4sXSHB,30,Kh7,King,f5,29,Good,r2q1rk1/2n1ppb1/1pp1b1pp/p1p1P3/P3N3/1P1P1N1P/1BPQ1PP1/R3R1K1 b - - 1 15,89,118
5r4sXSHB,32,Nd5,Knight,Bd5,57,Inaccuracy,r2q1r2/2n1ppbk/1pp1b1pp/p1p1P3/P3NQ2/1P1P1N1P/1BP2PP1/R3R1K1 b - - 3 16,98,155
5r4sXSHB,34,Kg8,King,Bf5,19,Good,r2q1r2/4ppbk/1pp1b1pp/p1pnP3/P3N2Q/1P1P1N1P/1BP2PP1/R3R1K1 b - - 5 17,126,145
5r4sXSHB,36,h5,Pawn,g5,101,Mistake,r2q1rk1/4ppb1/1pp1b1pp/p1pnP3/P3N2Q/1P1P1N1P/2P2PP1/R1B1R1K1 b - - 7 18,121,222
5r4sXSHB,38,f6,Pawn,Nb4,66,Inaccuracy,r2q1rk1/4ppb1/1pp1b1p1/p1pnP2p/P3N1PQ/1P1P1N1P/2P2P2/R1B1R1K1 b - - 0 19,235,301
5r4sXSHB,40,g5,Pawn,g5,41,Inaccuracy,r2q1rk1/4p1b1/1pp1bpp1/p1pnP2P/P3N2Q/1P1P1N1P/2P2P2/R1B1R1K1 b - - 0 20,278,319
5r4sXSHB,42,Qe8,Queen,Bf5,-10,Good,r2q1rk1/4p1b1/1pp1bp2/p1pnP1pP/P3N3/1P1P1NQP/2P2P2/R1B1R1K1 b - - 1 21,216,206
5r4sXSHB,44,Bxh6,Bishop,Bxh6,9,Good,r3qrk1/4p1b1/1pp1bp1P/p1pnP1p1/P3N3/1P1P1NQP/2P2P2/R1B1R1K1 b - - 0 22,244,253
5r4sXSHB,46,Qg6,Queen,Bg7,96,Mistake,r3qrk1/4p3/1pp1bp1b/p1pnP1p1/P3N2P/1P1P1NQ1/2P2P2/R1B1R1K1 b - - 0 23,138,234
5r4sXSHB,48,fxg5,Pawn,fxg5,12,Good,r4rk1/4p3/1pp1bpqb/p1pnP1P1/P3N3/1P1P1NQ1/2P2P2/R1B1R1K1 b - - 0 24,202,214
5r4sXSHB,50,Bf5,Bishop,Bf5,-3,Good,r4rk1/4p3/1pp1b1qb/p1pnP1N1/P7/1P1P1NQ1/2P2P2/R1B1R1K1 b - - 0 25,228,225
5r4sXSHB,52,Qg7,Queen,Qg7,-12,Good,r4rk1/4p3/1pp3qb/p1pnPbN1/P6N/1P1P2Q1/2P2P2/R1B1R1K1 b - - 2 26,215,203
5r4sXSHB,54,Bxg5,Bishop,e6,28,Good,r4rk1/4p1q1/1pp4b/p1pnPbN1/P6N/1P1P2Q1/2P2P2/R1B1R2K b - - 4 27,204,232
5r4sXSHB,56,e6,Pawn,e6,6,Good,r4rk1/4p1q1/1pp5/p1pnPbB1/P6N/1P1P2Q1/2P2P2/R3R2K b - - 0 28,206,212
5r4sXSHB,58,Kf7,King,Kf7,-6,Good,r4rk1/6q1/1pp1p3/p1pnPbB1/P6N/1P1P2Q1/2P2P2/R5RK b - - 1 29,183,177
5r4sXSHB,60,Ke8,King,Qh7,6,Good,r4r2/5kq1/1pp1p3/p1pnPbB1/P4P1N/1P1P2Q1/2P5/R5RK b - - 0 30,87,93
5r4sXSHB,62,Kd7,King,Kd7,-7,Good,r3kr2/6q1/1pp1p3/p1pnPbB1/P4P1N/1P1P2Q1/2P3K1/R5R1 b - - 2 31,84,77
5r4sXSHB,64,Kc8,King,Kc8,8,Good,r4r2/3k2q1/1pp1p3/p1pnPbB1/P4P1N/1P1P2Q1/2P5/R4KR1 b - - 4 32,67,75
5r4sXSHB,66,Kb7,King,Kb7,-5,Good,r1k2r2/6q1/1pp1p3/p1pnPbB1/P4P1N/1P1P2Q1/2P5/R3K1R1 b - - 6 33,54,49
5r4sXSHB,68,Rh8,Rook,Bh7,124,Mistake,r4r2/1k4q1/1pp1p3/p1pnPbB1/P4P1N/1P1P2Q1/2PK4/R5R1 b - - 8 34,59,183
5r4sXSHB,70,Rh7,Rook,Qf7,27,Good,r6r/1k4q1/1pp1p3/p1pnPbB1/P4P1N/1P1P4/2PK1Q2/R5R1 b - - 10 35,69,96
5r4sXSHB,72,Qf7,Queen,Qf7,1,Good,r7/1k4qr/1pp1p3/p1pnPbB1/P4P1N/1P1P4/2PK1QR1/R7 b - - 12 36,71,72
5r4sXSHB,74,Rah8,Rook,Qf8,4,Good,r7/1k3q1r/1pp1p3/p1pnPbB1/P4P1N/1P1P4/2PK1QR1/6R1 b - - 14 37,73,77
5r4sXSHB,76,Rh5,Rook,Qf8,48,Inaccuracy,7r/1k3q1r/1pp1p3/p1pnPbB1/P4P1N/1P1P4/2PK1Q1R/6R1 b - - 16 38,29,77
5r4sXSHB,78,Ka6,King,Qf8,35,Inaccuracy,7r/1k3q2/1pp1p3/p1pnPbBr/P4P1N/1P1P4/2PK1QRR/8 b - - 18 39,16,51
5r4sXSHB,80,Rxh2,Rook,Qf8,-6,Good,7r/5q2/kpp1p3/p1pnPbBr/P4P2/1P1P1N2/2PK1QRR/8 b - - 20 40,34,28
5r4sXSHB,82,Rxh2,Rook,Rg8,4,Good,7r/5q2/kpp1p3/p1pnPbB1/P4P2/1P1P1N2/2PK1Q1R/8 b - - 0 41,29,33
5r4sXSHB,84,Qh7,Queen,b5,110,Mistake,8/5q2/kpp1p3/p1pnPbB1/P4P2/1P1P1N2/2PK3Q/8 b - - 0 42,36,146
5r4sXSHB,86,Bxh7,Bishop,Bxh7,17,Good,8/7Q/kpp1p3/p1pnPbB1/P4P2/1P1P1N2/2PK4/8 b - - 0 43,57,74
5r4sXSHB,88,Kb7,King,Kb7,17,Good,8/7b/kpp1p3/p1pnP1B1/P4P1N/1P1P4/2PK4/8 b - - 1 44,28,45
5r4sXSHB,90,Kc8,King,Kc8,-11,Good,8/1k5b/1pp1p3/p1pnP1B1/P4P1N/1P1P4/2P1K3/8 b - - 3 45,27,16
Oi3167us,2,e5,Pawn,e5,-3,Good,rnbqkbnr/pppppppp/8/8/4P3/8/PPPP1PPP/RNBQKBNR b KQkq - 0 1,37,34
Oi3167us,4,Nc6,Knight,Nc6,-3,Good,rnbqkbnr/pppp1ppp/8/4p3/4P3/5N2/PPPP1PPP/RNBQKB1R b KQkq - 1 2,35,32
Oi3167us,6,Bc5,Bishop,Nf6,-24,Good,r1bqkbnr/pppp1ppp/2n5/4p3/2B1P3/5N2/PPPP1PPP/RNBQK2R b KQkq - 3 3,44,20
Oi3167us,8,Nf6,Knight,Nf6,7,Good,r1bqk1nr/pppp1ppp/2n5/2b1p3/2B1P3/5N2/PPPP1PPP/RNBQ1RK1 b kq - 5 4,12,19
Oi3167us,10,d6,Pawn,d6,6,Good,r1bqk2r/pppp1ppp/2n2n2/2b1p3/2B1P3/3P1N2/PPP2PPP/RNBQ1RK1 b kq - 0 5,22,28
Oi3167us,12,h6,Pawn,O-O,-1,Good,r1bqk2r/ppp2ppp/2np1n2/2b1p3/2B1P3/2PP1N2/PP3PPP/RNBQ1RK1 b kq - 0 6,25,24
Oi3167us,14,O-O,King,a5,1,Good,r1bqk2r/ppp2pp1/2np1n1p/2b1p3/2B1P3/2PP1N2/PP1N1PPP/R1BQ1RK1 b kq - 1 7,31,32
Oi3167us,16,a5,Pawn,a6,-2,Good,r1bq1rk1/ppp2pp1/2np1n1p/2b1p3/2B1P3/2PP1N2/PP1N1PPP/R1BQR1K1 b - - 3 8,34,32
Oi3167us,18,Be6,Bishop,Be6,2,Good,r1bq1rk1/1pp2pp1/2np1n1p/p1b1p3/2B1P3/2PP1N1P/PP1N1PP1/R1BQR1K1 b - - 0 9,32,34
Oi3167us,20,Ne7,Knight,Bb6,7,Good,r2q1rk1/1pp2pp1/2npbn1p/pBb1p3/4P3/2PP1N1P/PP1N1PP1/R1BQR1K1 b - - 2 10,36,43
Oi3167us,22,exd4,Pawn,exd4,8,Good,r2q1rk1/1pp1npp1/3pbn1p/pBb1p3/3PP3/2P2N1P/PP1N1PP1/R1BQR1K1 b - - 0 11,44,52
Oi3167us,24,Ba7,Bishop,Ba7,-1,Good,r2q1rk1/1pp1npp1/3pbn1p/pBb5/3PP3/5N1P/PP1N1PP1/R1BQR1K1 b - - 0 12,52,51
Oi3167us,26,c6,Pawn,Ng6,15,Good,r2q1rk1/bpp1npp1/3pbn1p/pB6/3PP3/1P3N1P/P2N1PP1/R1BQR1K1 b - - 0 13,39,54
Oi3167us,28,Ng6,Knight,d5,-5,Good,r2q1rk1/bp2npp1/2ppbn1p/p7/3PP3/1P3N1P/P2N1PP1/R1BQRBK1 b - - 1 14,30,25
Oi3167us,30,Re8,Rook,d5,19,Good,r2q1rk1/bp3pp1/2ppbnnp/p7/3PP3/1P3N1P/PB1N1PP1/R2QRBK1 b - - 3 15,-1,18
Oi3167us,32,Qd7,Queen,Nh7,19,Good,r2qr1k1/bp3pp1/2ppbnnp/p7/3PP3/1P3N1P/PBQN1PP1/R3RBK1 b - - 5 16,20,39
Oi3167us,34,d5,Pawn,b5,37,Inaccuracy,r3r1k1/bp1q1pp1/2ppbnnp/p7/3PP3/1P3N1P/PBQN1PP1/3RRBK1 b - - 7 17,51,88
Oi3167us,36,Bf5,Bishop,Nh5,66,Inaccuracy,r3r1k1/bp1q1pp1/2p1bnnp/p2pP3/3P4/1P3N1P/PBQN1PP1/3RRBK1 b - - 0 18,-37,29
Oi3167us,38,Bxd3,Bishop,Bxd3,-1,Good,r3r1k1/bp1q1pp1/2p2nnp/p2pPb2/3P4/1P1B1N1P/PBQN1PP1/3RR1K1 b - - 2 19,27,26
Oi3167us,40,Nh5,Knight,Nh5,-10,Good,r3r1k1/bp1q1pp1/2p2nnp/p2pP3/3P4/1P1Q1N1P/PB1N1PP1/3RR1K1 b - - 0 20,31,21
Oi3167us,42,Nhf4,Knight,Nhf4,13,Good,r3r1k1/bp1q1pp1/2p3np/p2pP2n/3P4/1P1Q1N1P/PB1N1PPK/3RR3 b - - 2 21,-60,-47
Oi3167us,44,Qf5,Queen,Qf5,9,Good,r3r1k1/bp1q1pp1/2p3np/p2pP3/3P1n2/1P3N1P/PB1N1PPK/3RRQ2 b - - 4 22,-80,-71
Oi3167us,46,f6,Pawn,Rad8,25,Good,r3r1k1/bp3pp1/2p3np/p2pPq2/3P1n2/1P2RN1P/PB1N1PPK/3R1Q2 b - - 6 23,-55,-30
Oi3167us,48,Qxf6,Queen,Qxf6,6,Good,r3r1k1/bp4p1/2p2Pnp/p2p1q2/3P1n2/1P2RN1P/PB1N1PPK/3R1Q2 b - - 0 24,-21,-15
Oi3167us,50,Rxe3,Rook,Rxe3,1,Good,r3r1k1/bp4p1/2p2qnp/p2p4/3P1n2/1P2RN1P/PB1N1PPK/4RQ2 b - - 1 25,-20,-19
Oi3167us,52,Bb8,Bishop,Bb8,0,Good,r5k1/bp4p1/2p2qnp/p2p4/3P1n2/1P2RN1P/PB1N1PPK/5Q2 b - - 0 26,-22,-22
Oi3167us,54,Ne6,Knight,Qf5,65,Inaccuracy,rb4k1/1p4p1/2p2qnp/p2p4/3P1n2/1P2RNPP/PB1N1P1K/5Q2 b - - 0 27,-28,37
Oi3167us,56,Ngf8,Knight,Nef4,56,Inaccuracy,rb4k1/1p4p1/2p1nqnp/p2p4/3P4/1P2RNPP/PB1NQP1K/8 b - - 2 28,-23,33
Oi3167us,58,Ba7,Bishop,Ba7,8,Good,rb3nk1/1p4p1/2p1nq1p/p2p4/3P4/BP2RNPP/P2NQP1K/8 b - - 4 29,22,30
Oi3167us,60,Nxf8,Knight,Nxf8,-3,Good,r4Bk1/bp4p1/2p1nq1p/p2p4/3P4/1P2RNPP/P2NQP1K/8 b - - 0 30,25,22
Oi3167us,62,Bb6,Bishop,Ng6,47,Inaccuracy,r4nk1/bp4p1/2p2q1p/p2pR3/3P4/1P3NPP/P2NQP1K/8 b - - 1 31,10,57
Oi3167us,64,Rd8,Rook,Ng6,-21,Good,r4nk1/1p4p1/1bp2q1p/p2pR3/3P4/1P3NPP/P2NQPK1/8 b - - 3 32,55,34
Oi3167us,66,Bc7,Bishop,Rd6,87,Inaccuracy,3r1nk1/1p4p1/1bp2q1p/p2pR3/3P3P/1P3NP1/P2NQPK1/8 b - - 0 33,24,111
Oi3167us,68,Rd7,Rook,Qd6,62,Inaccuracy,3r1nk1/1pb1R1p1/2p2q1p/p2p4/3P3P/1P3NP1/P2NQPK1/8 b - - 2 34,102,164
Oi3167us,70,Nxd7,Knight,Nxd7,-7,Good,5nk1/1pbR2p1/2p2q1p/p2p4/3P3P/1P3NP1/P2NQPK1/8 b - - 0 35,117,110
Oi3167us,72,Nf8,Knight,Nf8,3,Good,4Q1k1/1pbn2p1/2p2q1p/p2p4/3P3P/1P3NP1/P2N1PK1/8 b - - 1 36,88,91
Oi3167us,74,Bb6,Bishop,Bb6,-15,Good,2Q2nk1/1pb3p1/2p2q1p/p2p4/3P3P/1P3NP1/P2N1PK1/8 b - - 3 37,97,82
Oi3167us,76,Bxd4,Bishop,Bxd4,11,Good,5nk1/1Q4p1/1bp2q1p/p2p4/3P3P/1P3NP1/P2N1PK1/8 b - - 0 38,75,86
Oi3167us,78,axb4,Pawn,axb4,5,Good,5nk1/1Q4p1/2p2q1p/p2p4/1P1b3P/5NP1/P2N1PK1/8 b - - 0 39,61,66
Oi3167us,80,Bc3,Bishop,Bc3,1,Good,5nk1/6p1/2p2q1p/3p4/1Q1b3P/5NP1/P2N1PK1/8 b - - 0 40,58,59
Oi3167us,82,Ne6,Knight,Ne6,-2,Good,5nk1/6p1/2p2q1p/3p4/7P/1Qb2NP1/P2N1PK1/8 b - - 2 41,63,61
Oi3167us,84,Nc5,Knight,Nc5,0,Good,6k1/6p1/2p1nq1p/3p4/P6P/1Qb2NP1/3N1PK1/8 b - - 0 42,71,71
Oi3167us,86,Kh7,King,Kh7,15,Good,1Q4k1/6p1/2p2q1p/2np4/P6P/2b2NP1/3N1PK1/8 b - - 2 43,18,33
Oi3167us,88,Qg6,Queen,Qg6,15,Good,8/6pk/2p2q1p/2np4/P6P/2b2NP1/3N1PK1/1Q6 b - - 4 44,0,15
Oi3167us,90,Qd3,Queen,Bxd2,14,Good,8/6pk/2p3qp/2np4/P6P/2b2NP1/Q2N1PK1/8 b - - 6 45,18,32
Oi3167us,92,Ne4,Knight,Na6,27,Good,8/6pk/2p4p/2np4/P6P/1Nbq1NP1/Q4PK1/8 b - - 8 46,23,50
Oi3167us,94,Bb4,Bishop,Qa6,174,Mistake,8/6pk/2p4p/P2p4/4n2P/1Nbq1NP1/Q4PK1/8 b - - 0 47,45,219
SBsDmN5e,2,e5,Pawn,e5,-6,Good,rnbqkbnr/pppppppp/8/8/4P3/8/PPPP1PPP/RNBQKBNR b KQkq - 0 1,33,27
SBsDmN5e,4,Nc6,Knight,Nc6,-3,Good,rnbqkbnr/pppp1ppp/8/4p3/4P3/5N2/PPPP1PPP/RNBQKB1R b KQkq - 1 2,34,31
SBsDmN5e,6,Nf6,Knight,a6,10,Good,r1bqkbnr/pppp1ppp/2n5/1B2p3/4P3/5N2/PPPP1PPP/RNBQK2R b KQkq - 3 3,30,40
SBsDmN5e,8,Bc5,Bishop,Bc5,3,Good,r1bqkb1r/pppp1ppp/2n2n2/1B2p3/4P3/3P1N2/PPP2PPP/RNBQK2R b KQkq - 0 4,27,30
SBsDmN5e,10,dxc6,Pawn,dxc6,-4,Good,r1bqk2r/pppp1ppp/2B2n2/2b1p3/4P3/3P1N2/PPP2PPP/RNBQK2R b KQkq - 0 5,24,20
SBsDmN5e,12,Nd7,Knight,Nd7,-2,Good,r1bqk2r/ppp2ppp/2p2n2/2b1p3/4P3/3P1N2/PPPN1PPP/R1BQK2R b KQkq - 1 6,4,2
SBsDmN5e,14,f6,Pawn,f6,12,Good,r1bqk2r/pppn1ppp/2p5/2b1p3/2N1P3/3P1N2/PPP2PPP/R1BQK2R b KQkq - 3 7,7,19
SBsDmN5e,16,Nf8,Knight,Nf8,5,Good,r1bqk2r/pppn2pp/2p2p2/2b1p3/2N1P3/3P1N2/PPP1QPPP/R1B1K2R b KQkq - 1 8,-11,-6
SBsDmN5e,18,Bxe3,Bishop,Bxe3,4,Good,r1bqkn1r/ppp3pp/2p2p2/2b1p3/2N1P3/3PBN2/PPP1QPPP/R3K2R b KQkq - 3 9,-27,-23
SBsDmN5e,20,Qe7,Queen,Be6,25,Good,r1bqkn1r/ppp3pp/2p2p2/4p3/2N1P3/3PPN2/PPP1Q1PP/R3K2R b KQkq - 0 10,-31,-6
SBsDmN5e,22,Ng6,Knight,Be6,42,Inaccuracy,r1b1kn1r/ppp1q1pp/2p2p2/4p3/2N1P3/3PPN2/PPP1Q1PP/R4RK1 b kq - 2 11,-49,-7
SBsDmN5e,24,Be6,Bishop,a5,32,Inaccuracy,r1b1k2r/ppp1q1pp/2p2pn1/4p3/P1N1P3/3PPN2/1PP1Q1PP/R4RK1 b kq - 0 12,-47,-15
SBsDmN5e,26,c5,Pawn,O-O-O,24,Good,r3k2r/ppp1q1pp/2p1bpn1/4p3/P3P3/3PPN2/1PPNQ1PP/R4RK1 b kq - 2 13,-31,-7
SBsDmN5e,28,O-O-O,King,a5,16,Good,r3k2r/ppp1q1pp/4bpn1/2p1p3/P3P3/3PPN2/1PPN2PP/R3QRK1 b kq - 1 14,-34,-18
SBsDmN5e,30,h5,Pawn,h5,-2,Good,2kr3r/ppp1q1pp/4bpn1/P1p1p3/4P3/3PPN2/1PPN2PP/R3QRK1 b - - 0 15,0,-2
SBsDmN5e,32,Kb8,King,Kb8,0,Good,2kr3r/ppp1q1p1/4bpn1/P1p1p2p/R3P3/3PPN2/1PPN2PP/4QRK1 b - - 1 16,-37,-37
SBsDmN5e,34,Qd7,Queen,Qd7,-3,Good,1k1r3r/ppp1q1p1/4bpn1/P1p1p2p/R1N1P3/3PPN2/1PP3PP/4QRK1 b - - 3 17,-54,-57
SBsDmN5e,36,Ne7,Knight,Rh6,6,Good,1k1r3r/pppq2p1/4bpn1/P1p1p2p/R1N1P3/1P1PPN2/2P3PP/4QRK1 b - - 0 18,-55,-49
SBsDmN5e,38,h4,Pawn,h4,-8,Good,1k1r3r/pppqn1p1/4bp2/P1p1p2p/R1N1P3/1PQPPN2/2P3PP/5RK1 b - - 2 19,-95,-103
SBsDmN5e,40,h3,Pawn,h3,-10,Good,1k1r3r/pppqn1p1/4bp2/P1p1p3/R3P2p/1PQPPN2/2PN2PP/5RK1 b - - 1 20,-111,-121
SBsDmN5e,42,Qb5,Queen,Qc6,9,Good,1k1r3r/pppqn1p1/4bp2/P1p1p3/R3P3/1PQPPNPp/2PN3P/5RK1 b - - 0 21,-113,-104
SBsDmN5e,44,Nc6,Knight,Nc6,8,Good,1k1r3r/ppp1n1p1/4bp2/Pqp1p3/R3P3/1PQPPNPp/2PN3P/R5K1 b - - 2 22,-123,-115
SBsDmN5e,46,Nb4,Knight,Nb4,10,Good,1k1r3r/ppp3p1/2n1bp2/Pqp1p3/R1N1P3/1PQPPNPp/2P4P/R5K1 b - - 4 23,-139,-129
SBsDmN5e,48,Qc6,Queen,Rhe8,-9,Good,1k1r3r/ppp3p1/4bp2/Pqp1p3/1nN1P3/RPQPPNPp/2P4P/R5K1 b - - 6 24,-151,-160
SBsDmN5e,50,Rd7,Rook,Bg4,12,Good,1k1r3r/ppp3p1/2q1bp2/P1p1p3/1n2P3/RPQPPNPp/1NP4P/R5K1 b - - 8 25,-139,-127
SBsDmN5e,52,Na6,Knight,b6,27,Good,1k5r/pppr2p1/2q1bp2/P1p1p3/Nn2P3/RPQPPNPp/2P4P/R5K1 b - - 10 26,-165,-138
SBsDmN5e,54,Rhd8,Rook,Rhd8,-8,Good,1k5r/pppr2p1/n1q1bp2/P1p1p3/4P3/RPQPPNPp/1NP4P/R5K1 b - - 12 27,-130,-138
SBsDmN5e,56,Qb5,Queen,Nb4,-6,Good,1k1r4/pppr2p1/n1q1bp2/P1p1p3/4P3/RPQPPNPp/1NP4P/5RK1 b - - 14 28,-133,-139
SBsDmN5e,58,Nb4,Knight,Nb4,0,Good,1k1r4/pppr2p1/n3bp2/Pqp1p3/R3P3/1PQPPNPp/1NP4P/5RK1 b - - 16 29,-146,-146
SBsDmN5e,60,Na6,Knight,b6,17,Good,1k1r4/pppr2p1/4bp2/Pqp1p3/1n2P3/RPQPPNPp/1NP4P/5RK1 b - - 18 30,-174,-157
SBsDmN5e,62,Nb4,Knight,Nb4,6,Good,1k1r4/pppr2p1/n3bp2/Pqp1p3/R3P3/1PQPPNPp/1NP4P/5RK1 b - - 20 31,-160,-154
SBsDmN5e,64,Na6,Knight,b6,168,Mistake,1k1r4/pppr2p1/4bp2/Pqp1p3/1n2P3/RPQPPNPp/1NP4P/5RK1 b - - 22 32,-168,0
SBsDmN5e,66,Nb4,Knight,Re7,141,Mistake,1k1r4/pppr2p1/n3bp2/Pqp1p3/R3P3/1PQPPNPp/1NP4P/5RK1 b - - 24 33,-141,0
kLAHVl1J,2,d5,Pawn,Nf6,4,Good,rnbqkbnr/pppppppp/8/8/3P4/8/PPP1PPPP/RNBQKBNR b KQkq - 0 1,19,23
kLAHVl1J,4,dxc4,Pawn,e6,10,Good,rnbqkbnr/ppp1pppp/8/3p4/2PP4/8/PP2PPPP/RNBQKBNR b KQkq - 0 2,29,39
kLAHVl1J,6,e5,Pawn,e5,-2,Good,rnbqkbnr/ppp1pppp/8/8/2pPP3/8/PP3PPP/RNBQKBNR b KQkq - 0 3,39,37
kLAHVl1J,8,exd4,Pawn,Bb4+,4,Good,rnbqkbnr/ppp2ppp/8/4p3/2pPP3/5N2/PP3PPP/RNBQKB1R b KQkq - 1 4,41,45
kLAHVl1J,10,Bb4+,Bishop,Bb4+,-3,Good,rnbqkbnr/ppp2ppp/8/8/2BpP3/5N2/PP3PPP/RNBQK2R b KQkq - 0 5,44,41
kLAHVl1J,12,Nc6,Knight,Nc6,0,Good,rnbqk1nr/ppp2ppp/8/8/1bBpP3/5N2/PP1N1PPP/R1BQK2R b KQkq - 2 6,42,42
kLAHVl1J,14,Nf6,Knight,Nf6,0,Good,r1bqk1nr/ppp2ppp/2n5/8/1bBpP3/5N2/PP1N1PPP/R1BQ1RK1 b kq - 4 7,39,39
kLAHVl1J,16,Nd5,Knight,Nd5,8,Good,r1bqk2r/ppp2ppp/2n2n2/4P3/1bBp4/5N2/PP1N1PPP/R1BQ1RK1 b kq - 0 8,48,56
kLAHVl1J,18,Be7,Bishop,Be7,-10,Good,r1bqk2r/ppp2ppp/2n5/3nP3/1bBp4/1N3N2/PP3PPP/R1BQ1RK1 b kq - 2 9,59,49
kLAHVl1J,20,Nxd4,Knight,Nxd4,-2,Good,r1bqk2r/ppp1bppp/2n5/3nP3/2BN4/5N2/PP3PPP/R1BQ1RK1 b kq - 0 10,35,33
kLAHVl1J,22,Nb6,Knight,Nb6,7,Good,r1bqk2r/ppp1bppp/8/3nP3/2BQ4/5N2/PP3PPP/R1B2RK1 b kq - 0 11,29,36
kLAHVl1J,24,Bxd8,Bishop,Bxd8,-5,Good,r1bQk2r/ppp1bppp/1n6/4P3/2B5/5N2/PP3PPP/R1B2RK1 b kq - 0 12,7,2
kLAHVl1J,26,Be6,Bishop,a5,7,Good,r1bbk2r/ppp2ppp/1n6/4P3/8/1B3N2/PP3PPP/R1B2RK1 b kq - 1 13,15,22
kLAHVl1J,28,fxe6,Pawn,fxe6,7,Good,r2bk2r/ppp2ppp/1n2B3/4P3/8/5N2/PP3PPP/R1B2RK1 b kq - 0 14,17,24
kLAHVl1J,30,Nd5,Knight,Rf8,-1,Good,r2bk2r/ppp3pp/1n2p3/4P3/8/5N2/PP1B1PPP/R4RK1 b kq - 1 15,8,7
kLAHVl1J,32,c6,Pawn,Be7,35,Inaccuracy,r2bk2r/ppp3pp/4p3/3nP3/8/5N2/PP1B1PPP/2R2RK1 b kq - 3 16,-4,31
kLAHVl1J,34,Bb6,Bishop,O-O,70,Inaccuracy,r2bk2r/pp4pp/2p1p3/3nP3/8/5NP1/PP1B1P1P/2R2RK1 b kq - 0 17,1,71
kLAHVl1J,36,h6,Pawn,h6,0,Good,r3k2r/pp4pp/1bp1p3/3nP3/8/5NP1/PP1B1PKP/2R2R2 b kq - 2 18,11,11
kLAHVl1J,38,O-O-O,King,O-O,19,Good,r3k2r/pp4p1/1bp1p2p/3nP3/2R5/5NP1/PP1B1PKP/5R2 b kq - 1 19,3,22
kLAHVl1J,40,Rhf8,Rook,Rhf8,-7,Good,2kr3r/pp4p1/1bp1p2p/3nP3/2R4P/5NP1/PP1B1PK1/5R2 b - - 0 20,7,0
kLAHVl1J,42,Rf7,Rook,Rf5,7,Good,2kr1r2/pp4p1/1bp1p2p/3nP3/4R2P/5NP1/PP1B1PK1/5R2 b - - 2 21,19,26
kLAHVl1J,44,Rdf8,Rook,Bc5,6,Good,2kr4/pp3rp1/1bp1p2p/3nP3/7P/5NP1/PP1BRPK1/5R2 b - - 4 22,19,25
kLAHVl1J,46,Bd4,Bishop,Bd4,3,Good,2k2r2/pp3rp1/1bp1p2p/3nP3/7P/6P1/PP1BRPK1/4NR2 b - - 6 23,35,38
kLAHVl1J,48,Bc3,Bishop,Bc3,-4,Good,2k2r2/pp3rp1/2p1p2p/3nP3/3b3P/1P4P1/P2BRPK1/4NR2 b - - 0 24,-11,-15
kLAHVl1J,50,Bxd2,Bishop,Bxd2,-3,Good,2k2r2/pp3rp1/2p1p2p/3nP3/7P/1Pb3P1/P1NBRPK1/5R2 b - - 2 25,-18,-21
kLAHVl1J,52,g5,Pawn,c5,35,Inaccuracy,2k2r2/pp3rp1/2p1p2p/3nP3/7P/1P4P1/P1NR1PK1/5R2 b - - 0 26,-7,28
kLAHVl1J,54,hxg5,Pawn,hxg5,-2,Good,2k2r2/pp3r2/2p1p2p/3nP1P1/8/1P4P1/P1NR1PK1/5R2 b - - 0 27,16,14
kLAHVl1J,56,Rh8,Rook,Rd7,66,Inaccuracy,2k2r2/pp3r2/2p1p3/3nP1p1/8/1P4P1/P1NR1PK1/4R3 b - - 1 28,-18,48
kLAHVl1J,58,Kd7,King,Rd7,53,Inaccuracy,2k4r/pp3r2/2p1p3/3nP1p1/4R3/1P4P1/P1NR1PK1/8 b - - 3 29,-19,34
kLAHVl1J,60,Rg8,Rook,a5,49,Inaccuracy,7r/pp1k1r2/2p1p3/3nP1p1/3NR3/1P4P1/P2R1PK1/8 b - - 5 30,29,78
kLAHVl1J,62,c5,Pawn,a5,34,Inaccuracy,6r1/pp1k1r2/2p1p3/3nP1p1/3N2R1/1P4P1/P2R1PK1/8 b - - 7 31,44,78
kLAHVl1J,64,Kc6,King,Kc6,9,Good,6r1/pp1k1r2/4p3/1NpnP1p1/6R1/1P4P1/P2R1PK1/8 b - - 1 32,68,77
kLAHVl1J,66,Rh7,Rook,Rfg7,9,Good,6r1/pp3r2/2kNp3/2pnP1p1/6R1/1P4P1/P2R1PK1/8 b - - 3 33,74,83
kLAHVl1J,68,Rhg7,Rook,Rhg7,10,Good,6r1/pp5r/2k1p3/2pnP1p1/4N1R1/1P4P1/P2R1PK1/8 b - - 5 34,74,84
kLAHVl1J,70,b6,Pawn,b6,-17,Good,6r1/pp4r1/2k1p3/2pnP1p1/P3N1R1/1P4P1/3R1PK1/8 b - - 0 35,65,48
kLAHVl1J,72,a6,Pawn,a5,-2,Good,6r1/p5r1/1pk1p3/2pnP1p1/P3N1R1/1P1R2P1/5PK1/8 b - - 1 36,45,43
kLAHVl1J,74,Rg6,Rook,a5,102,Mistake,6r1/6r1/ppk1p3/2pnP1p1/P3N1R1/1P4P1/5PK1/3R4 b - - 1 37,44,146
kLAHVl1J,76,R8g7,Rook,Ne7,28,Good,6r1/8/ppk1p1r1/2pnP1p1/P3N1R1/1P4P1/5PK1/7R b - - 3 38,135,163
kLAHVl1J,78,b5,Pawn,Ne7,230,Blunder,7R/6r1/ppk1p1r1/2pnP1p1/P3N1R1/1P4P1/5PK1/8 b - - 5 39,69,299
kLAHVl1J,80,axb5,Pawn,axb5,30,Inaccuracy,7R/6r1/p1k1p1r1/1PpnP1p1/4N1R1/1P4P1/5PK1/8 b - - 0 40,100,130
kLAHVl1J,82,Rc7,Rook,Rc7,-14,Good,2R5/6r1/2k1p1r1/1ppnP1p1/4N1R1/1P4P1/5PK1/8 b - - 1 41,139,125
kLAHVl1J,84,Nxc7,Knight,Nxc7,-2,Good,8/2R5/2k1p1r1/1ppnP1p1/4N1R1/1P4P1/5PK1/8 b - - 0 42,35,33
kLAHVl1J,86,Rxg5,Rook,Rxg5,3,Good,8/2n5/2k1p1r1/1pp1P1R1/4N3/1P4P1/5PK1/8 b - - 0 43,-3,0
kLAHVl1J,88,Kd5,King,Kd5,0,Good,8/2n5/2k1p3/1pp1P1N1/8/1P4P1/5PK1/8 b - - 0 44,0,0
kLAHVl1J,90,c4,Pawn,c4,-1,Good,8/2n5/4p3/1ppkP1N1/5P2/1P4P1/6K1/8 b - - 0 45,1,0
kLAHVl1J,92,bxc4,Pawn,Kxc4,1,Good,8/2n5/4p3/1p1kP1N1/2P2P2/6P1/6K1/8 b - - 0 46,0,1
kLAHVl1J,94,Kd4,King,c3,24,Good,8/2n5/4p3/3kP1N1/2p2P2/5KP1/8/8 b - - 1 47,0,24
kLAHVl1J,96,c3,Pawn,c3,-15,Good,8/2n5/4p3/4P1N1/2pk1P2/6P1/4K3/8 b - - 3 48,29,14
kLAHVl1J,98,Kc4,King,Kc4,0,Good,8/2n5/4p3/4P1N1/3k1PP1/2p5/4K3/8 b - - 0 49,12,12
kLAHVl1J,100,exf5,Pawn,c2,0,Good,8/2n5/4p3/4PPN1/2k3P1/2p5/4K3/8 b - - 0 50,10,10
kLAHVl1J,102,Nd5,Knight,c2,10,Good,8/2n5/8/4PPN1/2k5/2p5/4K3/8 b - - 0 51,11,21
kLAHVl1J,104,Nf4+,Knight,Kd4,1,Good,8/8/8/3nPP2/2k1N3/2p5/4K3/8 b - - 2 52,6,7
kLAHVl1J,106,Kd4,King,Kd5,337,Blunder,8/8/8/4PP2/2k1Nn2/2p5/8/3K4 b - - 4 53,8,345
kLAHVl1J,108,Kxe5,King,Kxe5,-2,Good,8/8/8/4PP2/3k1n2/2N5/8/3K4 b - - 0 54,7,5
kLAHVl1J,110,Nxe2,Knight,Nd3,-4,Good,8/8/8/4kP2/5n2/8/4N3/3K4 b - - 1 55,4,0
kLAHVl1J,112,Kxf5,King,Kxf5,0,Good,8/8/8/4kP2/8/8/4K3/8 b - - 0 56,0,0
jubJPKOc,2,g6,Pawn,e5,31,Inaccuracy,rnbqkbnr/pppppppp/8/8/2P5/8/PP1PPPPP/RNBQKBNR b KQkq - 0 1,2,33
jubJPKOc,4,c5,Pawn,c5,0,Good,rnbqkbnr/pppppp1p/6p1/8/2P5/2N5/PP1PPPPP/R1BQKBNR b KQkq - 1 2,20,20
jubJPKOc,6,Bg7,Bishop,Nc6,1,Good,rnbqkbnr/pp1ppp1p/6p1/2p5/2P5/2N3P1/PP1PPP1P/R1BQKBNR b KQkq - 0 3,21,22
jubJPKOc,8,Nc6,Knight,Nc6,-3,Good,rnbqk1nr/pp1pppbp/6p1/2p5/2P5/2N3P1/PP1PPPBP/R1BQK1NR b KQkq - 2 4,24,21
jubJPKOc,10,Nf6,Knight,e6,22,Good,r1bqk1nr/pp1pppbp/2n3p1/2p5/2P5/2NP2P1/PP2PPBP/R1BQK1NR b KQkq - 0 5,-2,20
jubJPKOc,12,O-O,King,a6,2,Good,r1bqk2r/pp1pppbp/2n2np1/2p5/2P1P3/2NP2P1/PP3PBP/R1BQK1NR b KQkq - 0 6,-1,1
jubJPKOc,14,d6,Pawn,a6,4,Good,r1bq1rk1/pp1pppbp/2n2np1/2p5/2P1P3/2NP2P1/PP2NPBP/R1BQK2R b KQ - 2 7,0,4
jubJPKOc,16,Ne8,Knight,Rb8,-3,Good,r1bq1rk1/pp2ppbp/2np1np1/2p5/2P1P3/2NP2PP/PP2NPB1/R1BQK2R b KQ - 0 8,11,8
jubJPKOc,18,Nc7,Knight,Nd4,18,Good,r1bqnrk1/pp2ppbp/2np2p1/2p5/2P1P3/2NPB1PP/PP2NPB1/R2QK2R b KQ - 2 9,-1,17
jubJPKOc,20,b6,Pawn,b6,4,Good,r1bq1rk1/ppn1ppbp/2np2p1/2p5/2PPP3/2N1B1PP/PP2NPB1/R2QK2R b KQ - 0 10,10,14
jubJPKOc,22,e5,Pawn,e5,-2,Good,r1bq1rk1/p1n1ppbp/1pnp2p1/2p5/2PPP3/2N1B1PP/PP2NPB1/R2Q1RK1 b - - 1 11,-1,-3
jubJPKOc,24,bxc5,Pawn,dxc5,2,Good,r1bq1rk1/p1n2pbp/1pnp2p1/2P1p3/2P1P3/2N1B1PP/PP2NPB1/R2Q1RK1 b - - 0 12,-17,-15
jubJPKOc,26,Rb8,Rook,Nd4,6,Good,r1bq1rk1/p1n2pbp/2np2p1/2p1p3/2P1PP2/2N1B1PP/PP2N1B1/R2Q1RK1 b - - 0 13,-19,-13
jubJPKOc,28,Nd4,Knight,Nd4,1,Good,1rbq1rk1/p1n2pbp/2np2p1/2p1p3/2P1PP2/1PN1B1PP/P3N1B1/R2Q1RK1 b - - 0 14,-24,-23
jubJPKOc,30,f5,Pawn,Nxe2+,3,Good,1rbq1rk1/p1n2pbp/3p2p1/2p1p3/2PnPP2/1PNQB1PP/P3N1B1/R4RK1 b - - 2 15,-29,-26
jubJPKOc,32,a5,Pawn,Bb7,29,Good,1rbq1rk1/p1n3bp/3p2p1/2p1pp2/2PnPP2/1PNQB1PP/P3N1B1/4RRK1 b - - 1 16,-53,-24
jubJPKOc,34,Bd7,Bishop,Bb7,28,Good,1rbq1rk1/2n3bp/3p2p1/p1p1pp2/2PnPP2/1PNQB1PP/P3N1BK/4RR2 b - - 1 17,-52,-24
jubJPKOc,36,dxe5,Pawn,dxe5,-2,Good,1r1q1rk1/2nb2bp/3p2p1/p1p1Pp2/2PnP3/1PNQB1PP/P3N1BK/4RR2 b - - 0 18,-47,-49
jubJPKOc,38,a4,Pawn,Bc6,-5,Good,1r1q1rk1/2nb2bp/6p1/p1p1pp2/2PnP3/1PNQB1PP/P3NRBK/4R3 b - - 1 19,-58,-63
jubJPKOc,40,Bxa4,Bishop,Bxa4,-2,Good,1r1q1rk1/2nb2bp/6p1/2p1pp2/N1PnP3/1P1QB1PP/P3NRBK/4R3 b - - 0 20,-354,-356
jubJPKOc,42,Nf3+,Knight,Nf3+,-41,Good,1r1q1rk1/2n3bp/6p1/2p1pp2/P1PnP3/3QB1PP/P3NRBK/4R3 b - - 0 21,-427,-468
jubJPKOc,44,Qxd3,Queen,Qxd3,37,Inaccuracy,1r1q1rk1/2n3bp/6p1/2p1pp2/P1P1P3/3QBRPP/P3N1BK/4R3 b - - 0 22,-469,-432
jubJPKOc,46,Qd7,Queen,Qd2,99,Mistake,1r3rk1/2n3bp/6p1/2B1pp2/P1P1P3/3q1RPP/P3N1BK/4R3 b - - 0 23,-477,-378
jubJPKOc,48,Rxf8,Rook,Rxf8,23,Good,1r3Bk1/2nq2bp/6p1/4pp2/P1P1P3/5RPP/P3N1BK/4R3 b - - 0 24,-435,-412
jubJPKOc,50,Qa4,Queen,Qd2,44,Inaccuracy,5rk1/2nq2bp/6p1/P3pp2/2P1P3/5RPP/P3N1BK/4R3 b - - 0 25,-439,-395
jubJPKOc,52,Qxa2,Queen,f4,103,Mistake,5rk1/2n3bp/6p1/P3pp2/q1P1P3/5RPP/P3N1BK/5R2 b - - 2 26,-446,-343
Kq6lnn3p,2,e6,Pawn,d5,2,Good,rnbqkbnr/pppppppp/8/8/3P4/8/PPP1PPPP/RNBQKBNR b KQkq - 0 1,30,32
Kq6lnn3p,4,Bb4+,Bishop,Nf6,7,Good,rnbqkbnr/pppp1ppp/4p3/8/2PP4/8/PP2PPPP/RNBQKBNR b KQkq - 0 2,26,33
Kq6lnn3p,6,Nf6,Knight,c5,28,Good,rnbqk1nr/pppp1ppp/4p3/8/1bPP4/8/PP1NPPPP/R1BQKBNR b KQkq - 2 3,24,52
Kq6lnn3p,8,O-O,King,c5,19,Good,rnbqk2r/pppp1ppp/4pn2/8/1bPP4/6P1/PP1NPP1P/R1BQKBNR b KQkq - 0 4,4,23
Kq6lnn3p,10,a5,Pawn,a5,12,Good,rnbq1rk1/pppp1ppp/4pn2/8/1bPP4/6P1/PP1NPPBP/R1BQK1NR b KQ - 2 5,25,37
Kq6lnn3p,12,d6,Pawn,d5,13,Good,rnbq1rk1/1ppp1ppp/4pn2/p7/1bPP4/5NP1/PP1NPPBP/R1BQK2R b KQ - 1 6,34,47
Kq6lnn3p,14,Bxd2,Bishop,Bd7,19,Good,rnbq1rk1/1pp2ppp/3ppn2/p7/1bPP4/5NP1/PP1NPPBP/R1BQ1RK1 b - - 1 7,43,62
Kq6lnn3p,16,Qe7,Queen,Re8,9,Good,rnbq1rk1/1pp2ppp/3ppn2/p7/2PP4/5NP1/PP1BPPBP/R2Q1RK1 b - - 0 8,67,76
Kq6lnn3p,18,Ne4,Knight,Ne4,10,Good,rnb2rk1/1pp1qppp/3ppn2/p7/2PP4/2B2NP1/PP2PPBP/R2Q1RK1 b - - 2 9,39,49
Kq6lnn3p,20,Nxc3,Knight,Nxc3,7,Good,rnb2rk1/1pp1qppp/3pp3/p7/2PPn3/2B2NP1/PPQ1PPBP/R4RK1 b - - 4 10,24,31
Kq6lnn3p,22,Nd7,Knight,Re8,-4,Good,rnb2rk1/1pp1qppp/3pp3/p7/2PP4/2Q2NP1/PP2PPBP/R4RK1 b - - 0 11,33,29
Kq6lnn3p,24,e5,Pawn,e5,0,Good,r1b2rk1/1ppnqppp/3pp3/p7/2PP4/2Q2NP1/PP2PPBP/2R2RK1 b - - 2 12,25,25
Kq6lnn3p,26,e4,Pawn,e4,2,Good,r1b2rk1/1ppnqppp/3p4/p1P1p3/3P4/2Q2NP1/PP2PPBP/2R2RK1 b - - 0 13,20,22
Kq6lnn3p,28,cxd6,Pawn,cxd6,15,Good,r1b2rk1/1ppnqppp/3P4/p7/3Pp3/2Q2NP1/PP2PPBP/2R2RK1 b - - 0 14,-21,-6
Kq6lnn3p,30,d5,Pawn,d5,8,Good,r1b2rk1/1p1nqppp/3p4/p7/3Pp3/2Q3P1/PP1NPPBP/2R2RK1 b - - 1 15,-20,-12
Kq6lnn3p,32,Nf6,Knight,Nf6,9,Good,r1b2rk1/1p1nqppp/8/p2p4/3Pp3/2Q1P1P1/PP1N1PBP/2R2RK1 b - - 0 16,-28,-19
Kq6lnn3p,34,Bd7,Bishop,Qb4,45,Inaccuracy,r1b2rk1/1pQ1qppp/5n2/p2p4/3Pp3/4P1P1/PP1N1PBP/2R2RK1 b - - 2 17,-45,0
Kq6lnn3p,36,Qb4,Queen,Qd8,8,Good,r4rk1/1pQbqppp/5n2/p2p4/3Pp3/1N2P1P1/PP3PBP/2R2RK1 b - - 4 18,0,8
Kq6lnn3p,38,b6,Pawn,b6,0,Good,r4rk1/1p1b1ppp/5n2/p2p4/1q1Pp3/1NQ1P1P1/PP3PBP/2R2RK1 b - - 6 19,-91,-91
Kq6lnn3p,40,exf3,Pawn,exf3,1,Good,r4rk1/3b1ppp/1p3n2/p2p4/1q1Pp3/1NQ1PPP1/PP4BP/2R2RK1 b - - 0 20,-149,-148
Kq6lnn3p,42,Qxc3,Queen,Rfe8,132,Mistake,r4rk1/3b1ppp/1p3n2/p2p4/1q1P4/1NQ1PBP1/PP5P/2R2RK1 b - - 0 21,-149,-17
Kq6lnn3p,44,Rac8,Rook,Rfe8,33,Inaccuracy,r4rk1/3b1ppp/1p3n2/p2p4/3P4/1NR1PBP1/PP5P/5RK1 b - - 0 22,-23,10
Kq6lnn3p,46,Rxc3,Rook,Rce8,30,Inaccuracy,2r2rk1/3b1ppp/1p3n2/p2p4/3P4/1NR1PBP1/PP5P/2R3K1 b - - 2 23,-13,17
Kq6lnn3p,48,Rc8,Rook,g5,-8,Good,5rk1/3b1ppp/1p3n2/p2p4/3P4/1NR1PBP1/PP5P/6K1 b - - 0 24,12,4
Kq6lnn3p,50,Bxc8,Bishop,Bxc8,-3,Good,2R3k1/3b1ppp/1p3n2/p2p4/3P4/1N2PBP1/PP5P/6K1 b - - 0 25,3,0
Kq6lnn3p,52,Kf8,King,Bf5,7,Good,2b3k1/5ppp/1p3n2/p2p4/3P4/4PBP1/PP1N3P/6K1 b - - 1 26,-5,2
Kq6lnn3p,54,Ke7,King,Ke7,-4,Good,2b2k2/5ppp/1p3n2/p2p4/3P4/4PBP1/PP5P/1N4K1 b - - 3 27,4,0
Kq6lnn3p,56,Kd6,King,Kd6,0,Good,2b5/4kppp/1p3n2/p2p4/3P4/2N1PBP1/PP5P/6K1 b - - 5 28,0,0
Kq6lnn3p,58,Bf5,Bishop,Ng4+,3,Good,2b5/5ppp/1p1k1n2/p2p4/3P4/2N1PBP1/PP3K1P/8 b - - 7 29,0,3
Kq6lnn3p,60,Bd3,Bishop,Bd3,0,Good,8/5ppp/1p1k1n2/p2p1b2/3P4/P1N1PBP1/1P3K1P/8 b - - 0 30,3,3
Kq6lnn3p,62,h6,Pawn,h6,3,Good,8/5ppp/1p1k1n2/p2p4/3P4/P1NbPBP1/1P5P/4K3 b - - 2 31,4,7
Kq6lnn3p,64,Bh7,Bishop,Bf5,3,Good,8/5pp1/1p1k1n1p/p2p4/3P4/P1NbPBP1/1P1K3P/8 b - - 1 32,8,11
Kq6lnn3p,66,axb4,Pawn,axb4,0,Good,8/5ppb/1p1k1n1p/p2p4/1P1P4/P1N1PBP1/3K3P/8 b - - 0 33,0,0
Kq6lnn3p,68,g5,Pawn,Bf5,0,Good,8/5ppb/1p1k1n1p/3p4/1P1P4/2N1PBP1/3K3P/8 b - - 0 34,0,0
Kq6lnn3p,70,Bf5,Bishop,Be4,0,Good,8/5p1b/1p1k1n1p/3p2p1/1P1P4/2N1PBP1/4K2P/8 b - - 1 35,0,0
Kq6lnn3p,72,Bd7,Bishop,Bd3,0,Good,8/5p2/1p1k1n1p/3p1bp1/1P1P4/2N1PBP1/5K1P/8 b - - 3 36,0,0
Kq6lnn3p,74,Bc6,Bishop,Bf5,0,Good,8/3b1p2/1p1k1n1p/3p2p1/1P1P3P/2N1PBP1/5K2/8 b - - 0 37,0,0
Kq6lnn3p,76,hxg5,Pawn,hxg5,0,Good,8/5p2/1pbk1n1p/3p2P1/1P1P4/2N1PBP1/5K2/8 b - - 0 38,0,0
Kq6lnn3p,78,Bd7,Bishop,Bd7,0,Good,8/5p2/1pbk1n2/3p2p1/1P1P4/2N1PBP1/8/4K3 b - - 1 39,0,0
Kq6lnn3p,80,Bf5,Bishop,Kc6,0,Good,8/3b1p2/1p1k1n2/3p2p1/1P1P4/2N1PBP1/3K4/8 b - - 3 40,0,0
Kq6lnn3p,82,Bd7,Bishop,Bh3,0,Good,8/5p2/1p1k1n2/3p1bp1/1P1P4/2N1PBP1/8/4K3 b - - 5 41,0,0
Kq6lnn3p,84,Bf5,Bishop,Bf5,0,Good,8/3b1p2/1p1k1n2/3p2p1/1P1P4/2N1PBP1/5K2/8 b - - 7 42,0,0
Kq6lnn3p,86,Bd7,Bishop,Bh3+,0,Good,8/5p2/1p1k1n2/3p1bp1/1P1P4/2N1PBP1/8/5K2 b - - 9 43,0,0
Kq6lnn3p,88,Bf5,Bishop,g4,0,Good,8/3b1p2/1p1k1n2/3p2p1/1P1P4/2N1PBP1/6K1/8 b - - 11 44,0,0
Kq6lnn3p,90,Bd7,Bishop,Bh3,0,Good,8/5p2/1p1k1n2/3p1bp1/1P1P4/2N1PBP1/5K2/8 b - - 13 45,0,0
Kq6lnn3p,92,Bf5,Bishop,Bf5,-1,Good,8/3b1p2/1p1k1n2/3p2p1/1P1P4/2N1P1P1/4BK2/8 b - - 15 46,2,1
Kq6lnn3p,94,Ne4+,Knight,Bc2,0,Good,8/5p2/1p1k1n2/1B1p1bp1/1P1P4/2N1P1P1/5K2/8 b - - 17 47,0,0
Kq6lnn3p,96,Bxe4,Bishop,dxe4,0,Good,8/5p2/1p1k4/1B1p1bp1/1P1PN3/4P1P1/5K2/8 b - - 0 48,0,0
Kq6lnn3p,98,f6,Pawn,Bg6,0,Good,4B3/5p2/1p1k4/3p2p1/1P1Pb3/4P1P1/5K2/8 b - - 1 49,0,0
Kq6lnn3p,100,Ke6,King,Kc7,0,Good,8/8/1p1k1p2/1B1p2p1/1P1Pb3/4P1P1/5K2/8 b - - 1 50,0,0
Kq6lnn3p,102,Kd6,King,Kd6,0,Good,8/8/1p2kp2/3p2p1/1P1Pb3/4P1P1/5K2/5B2 b - - 3 51,0,0
Kq6lnn3p,104,Ke6,King,Bf3,0,Good,8/8/1p1k1p2/3p2p1/1P1Pb3/4P1P1/8/4KB2 b - - 5 52,0,0
Kq6lnn3p,106,Kd6,King,Bf5,0,Good,8/8/1p2kp2/3p2p1/1P1Pb3/4P1PB/8/4K3 b - - 7 53,0,0
Kq6lnn3p,108,Kc6,King,Bf3,0,Good,8/8/1p1k1p2/3p2p1/1P1Pb3/4P1P1/8/4KB2 b - - 9 54,0,0
Kq6lnn3p,110,Kd6,King,Bf3,0,Good,8/8/1pk2p2/3p2p1/1P1Pb3/4P1P1/3K4/5B2 b - - 11 55,0,0
Kq6lnn3p,112,Kc6,King,Bf3,0,Good,8/8/Bp1k1p2/3p2p1/1P1Pb3/4P1P1/3K4/8 b - - 13 56,0,0
Kq6lnn3p,114,Kd6,King,Bg2,0,Good,8/8/1pk2p2/3p2p1/1P1Pb3/4P1P1/3KB3/8 b - - 15 57,0,0
Kq6lnn3p,116,Kc6,King,Kc6,0,Good,8/8/1p1k1p2/3p2p1/1P1Pb1B1/4P1P1/3K4/8 b - - 17 58,0,0
Kq6lnn3p,118,Kd6,King,Bh1,0,Good,8/8/1pk2p2/3p2p1/1P1Pb3/4P1P1/3KB3/8 b - - 19 59,0,0
Kq6lnn3p,120,Kc6,King,Kc6,0,Good,8/8/Bp1k1p2/3p2p1/1P1Pb3/4P1P1/3K4/8 b - - 21 60,0,0
IyLvbbnD,2,f5,Pawn,Nf6,21,Good,rnbqkbnr/pppppppp/8/8/3P4/8/PPP1PPPP/RNBQKBNR b KQkq - 0 1,30,51
IyLvbbnD,4,Nf6,Knight,e6,-4,Good,rnbqkbnr/ppppp1pp/8/5p2/3P4/6P1/PPP1PP1P/RNBQKBNR b KQkq - 0 2,61,57
IyLvbbnD,6,e6,Pawn,e6,-5,Good,rnbqkb1r/ppppp1pp/5n2/5p2/3P4/6P1/PPP1PPBP/RNBQK1NR b KQkq - 2 3,59,54
IyLvbbnD,8,d5,Pawn,Be7,2,Good,rnbqkb1r/pppp2pp/4pn2/5p2/3P4/5NP1/PPP1PPBP/RNBQK2R b KQkq - 1 4,49,51
IyLvbbnD,10,Bd6,Bishop,Bd6,-1,Good,rnbqkb1r/ppp3pp/4pn2/3p1p2/3P4/5NP1/PPP1PPBP/RNBQ1RK1 b kq - 1 5,49,48
IyLvbbnD,12,O-O,King,O-O,1,Good,rnbqk2r/ppp3pp/3bpn2/3p1p2/2PP4/5NP1/PP2PPBP/RNBQ1RK1 b kq - 0 6,49,50
IyLvbbnD,14,b6,Pawn,Ne4,3,Good,rnbq1rk1/ppp3pp/3bpn2/3p1p2/2PP4/1P3NP1/P3PPBP/RNBQ1RK1 b - - 0 7,37,40
IyLvbbnD,16,Bb7,Bishop,Bb7,3,Good,rnbq1rk1/p1p3pp/1p1bpn2/3p1p2/2PP4/BP3NP1/P3PPBP/RN1Q1RK1 b - - 1 8,27,30
IyLvbbnD,18,Qxd6,Queen,cxd6,32,Inaccuracy,rn1q1rk1/pbp3pp/1p1Bpn2/3p1p2/2PP4/1P3NP1/P3PPBP/RN1Q1RK1 b - - 0 9,13,45
IyLvbbnD,20,Nbd7,Knight,Nbd7,2,Good,rn3rk1/pbp3pp/1p1qpn2/3p1p2/2PP4/1P3NP1/P2NPPBP/R2Q1RK1 b - - 1 10,22,24
IyLvbbnD,22,Ne4,Knight,Ne4,-5,Good,r4rk1/pbpn2pp/1p1qpn2/3p1p2/2PP4/1P3NP1/P2NPPBP/2RQ1RK1 b - - 3 11,21,16
IyLvbbnD,24,c5,Pawn,c5,4,Good,r4rk1/pbpn2pp/1p1qp3/3p1p2/2PPn3/1P3NP1/P1QNPPBP/2R2RK1 b - - 5 12,18,22
IyLvbbnD,26,a5,Pawn,Rac8,3,Good,r4rk1/pb1n2pp/1p1qp3/2pp1p2/2PPn3/1P2PNP1/P1QN1PBP/2R2RK1 b - - 0 13,26,29
IyLvbbnD,28,Rac8,Rook,Qe7,-6,Good,r4rk1/1b1n2pp/1p1qp3/p1pp1p2/P1PPn3/1P2PNP1/2QN1PBP/2R2RK1 b - - 0 14,10,4
IyLvbbnD,30,Rc7,Rook,cxd4,14,Good,2r2rk1/1b1n2pp/1p1qp3/p1pp1p2/P1PPn3/1P2PNP1/1Q1N1PBP/2R2RK1 b - - 2 15,0,14
IyLvbbnD,32,Qe7,Queen,h6,4,Good,5rk1/1brn2pp/1p1qp3/p1pp1p2/P1PPn3/1P2PNP1/1Q1N1PBP/2RR2K1 b - - 4 16,15,19
IyLvbbnD,34,dxc4,Pawn,cxd4,10,Good,5rk1/1brnq1pp/1p2p3/p1pp1p2/P1PPn3/1P2PNP1/1Q3PBP/1NRR2K1 b - - 6 17,-21,-11
IyLvbbnD,36,cxd4,Pawn,cxd4,-11,Good,5rk1/1brnq1pp/1p2p3/p1p2p2/P1PPn3/4PNP1/1Q3PBP/1NRR2K1 b - - 0 18,-12,-23
IyLvbbnD,38,Rcc8,Rook,h6,37,Inaccuracy,5rk1/1brnq1pp/1p2p3/p4p2/P1PNn3/4P1P1/1Q3PBP/1NRR2K1 b - - 0 19,-37,0
IyLvbbnD,40,Ndc5,Knight,Ndc5,7,Good,2r2rk1/1b1nq1pp/1p2p3/pN3p2/P1P1n3/4P1P1/1Q3PBP/1NRR2K1 b - - 2 20,-75,-68
IyLvbbnD,42,Nxc3,Knight,Rcd8,53,Inaccuracy,2r2rk1/1b2q1pp/1p2p3/pNn2p2/P1P1n3/2N1P1P1/1Q3PBP/2RR2K1 b - - 4 21,-68,-15
IyLvbbnD,44,Bxg2,Bishop,Bxg2,11,Good,2r2rk1/1b2q1pp/1p2p3/p1n2p2/P1P5/2N1P1P1/1Q3PBP/2RR2K1 b - - 0 22,-25,-14
IyLvbbnD,46,Qb7+,Queen,Qb7+,1,Good,2r2rk1/4q1pp/1p2p3/p1n2p2/P1P5/2N1P1P1/1Q3PKP/2RR4 b - - 0 23,-25,-24
IyLvbbnD,48,Rfd8,Rook,g5,20,Good,2r2rk1/1q4pp/1p2p3/p1n2p2/P1P5/2N1PPP1/1Q4KP/2RR4 b - - 0 24,-73,-53
IyLvbbnD,50,h6,Pawn,g5,27,Good,2rr2k1/1q4pp/1p2p3/p1n2p2/P1P5/2N1PPP1/2Q3KP/2RR4 b - - 2 25,-46,-19
IyLvbbnD,52,Qe7,Queen,Qe7,5,Good,2rr2k1/1q4p1/1p2p2p/pNn2p2/P1P5/4PPP1/2Q3KP/2RR4 b - - 1 26,-59,-54
IyLvbbnD,54,Rxd8,Rook,Rxd8,11,Good,2rR2k1/4q1p1/1p2p2p/pNn2p2/P1P5/4PPP1/2Q3KP/2R5 b - - 0 27,-93,-82
IyLvbbnD,56,Rxd1,Rook,Rxd1,11,Good,3r2k1/4q1p1/1p2p2p/pNn2p2/P1P5/4PPP1/2Q3KP/3R4 b - - 1 28,-116,-105
IyLvbbnD,58,Qd7,Queen,Qf6,45,Inaccuracy,6k1/4q1p1/1p2p2p/pNn2p2/P1P5/4PPP1/6KP/3Q4 b - - 0 29,-107,-62
IyLvbbnD,60,Qd3,Queen,Qd3,4,Good,6k1/3q2p1/1p2p2p/pNn2p2/P1P5/4PPP1/2Q3KP/8 b - - 2 30,-108,-104
IyLvbbnD,62,Nxd3,Knight,Nxd3,15,Good,6k1/6p1/1p2p2p/pNn2p2/P1P5/3QPPP1/6KP/8 b - - 0 31,-125,-110
IyLvbbnD,64,Nc5,Knight,Nc5,14,Good,6k1/2N3p1/1p2p2p/p4p2/P1P5/3nPPP1/6KP/8 b - - 1 32,-252,-238
IyLvbbnD,66,Kf7,King,Kf7,16,Good,6k1/2N3p1/1p2p2p/p1n2p2/P1P5/4PPP1/5K1P/8 b - - 3 33,-264,-248
IyLvbbnD,68,Ke7,King,Ke7,8,Good,8/2N2kp1/1p2p2p/p1n2p2/P1P5/4PPP1/4K2P/8 b - - 5 34,-264,-256
IyLvbbnD,70,Kd7,King,Nxa4,1,Good,8/2N1k1p1/1p2p2p/p1n2p2/P1P5/4PPP1/3K3P/8 b - - 7 35,-272,-271
IyLvbbnD,72,Nxa4,Knight,Nxa4,-6,Good,8/3k2p1/1p2p2p/pNn2p2/P1P5/4PPP1/3K3P/8 b - - 9 36,-267,-273
IyLvbbnD,74,g5,Pawn,Nc5,34,Inaccuracy,8/3k2p1/1p2p2p/pN3p2/n1P5/4PPP1/2K4P/8 b - - 1 37,-276,-242
IyLvbbnD,76,Nc5+,Knight,Nc5+,14,Good,8/3k4/1p2p2p/pN3pp1/n1P5/1K2PPP1/7P/8 b - - 1 38,-314,-300
IyLvbbnD,78,Kc6,King,e5,40,Inaccuracy,8/3k4/1p2p2p/pNn2pp1/2P5/2K1PPP1/7P/8 b - - 3 39,-287,-247
IyLvbbnD,80,Nd7,Knight,Nb7,53,Inaccuracy,8/8/1pk1p2p/pNn2pp1/2PK4/4PPP1/7P/8 b - - 5 40,-287,-234
IyLvbbnD,82,gxf4,Pawn,g4,70,Inaccuracy,8/3n4/1pk1p2p/pN3pp1/2PK1P2/4P1P1/7P/8 b - - 0 41,-316,-246
IyLvbbnD,84,a4,Pawn,Nf6,139,Mistake,8/3n4/1pk1p2p/pN3p2/2PK1P2/4P3/7P/8 b - - 0 42,-240,-101
IyLvbbnD,86,h5,Pawn,Nf6,276,Blunder,8/3n4/1pk1p2p/1N3p2/p1PK1P2/4P2P/8/8 b - - 0 43,-310,-34
IyLvbbnD,88,Nf8,Knight,Nf6,-7,Good,8/3n4/1pk1p3/1N3p1p/p1PK1P1P/4P3/8/8 b - - 0 44,-321,-328
IyLvbbnD,90,Ng6+,Knight,Kc5,80,Inaccuracy,5n2/8/1pk1p3/1N2Kp1p/p1P2P1P/4P3/8/8 b - - 2 45,-461,-381
IyLvbbnD,92,Nxh4,Knight,Nxh4,15,Good,8/8/1pk1K1n1/1N3p1p/p1P2P1P/4P3/8/8 b - - 0 46,-458,-443
IyLvbbnD,94,Ng2,Knight,Kc5,-7,Good,8/8/1pk2K2/1N3p1p/p1P2P1n/4P3/8/8 b - - 1 47,-451,-458
IyLvbbnD,96,Nxe3+,Knight,Nxe3+,17,Good,8/8/1pk5/1N3K1p/p1P2P2/4P3/6n1/8 b - - 0 48,-518,-501
IyLvbbnD,98,Nxc4,Knight,Kc5,31,Inaccuracy,8/8/1pk5/1N4Kp/p1P2P2/4n3/8/8 b - - 1 49,-546,-515
IyLvbbnD,100,b5,Pawn,a3,34,Inaccuracy,8/8/1pk5/6Kp/p1n2P2/2N5/8/8 b - - 1 50,-573,-539
IyLvbbnD,102,Nd6,Knight,a3,7,Good,8/8/2k5/1p3PKp/p1n5/2N5/8/8 b - - 0 51,-588,-581
IyLvbbnD,104,a3,Pawn,a3,-22,Good,8/8/2kn1P2/1p4Kp/p7/2N5/8/8 b - - 0 52,-617,-639
IyLvbbnD,106,Ne4+,Knight,Ne4+,-17,Good,8/8/2kn1P2/1p4Kp/8/p7/N7/8 b - - 1 53,-624,-641
IyLvbbnD,108,Nxf6+,Knight,Nxf6+,5,Good,8/8/2k2P2/1p5K/4n3/p7/N7/8 b - - 0 54,-642,-637
IyLvbbnD,110,Kc5,King,Nd5,107,Mistake,8/8/2k2n2/1p4K1/8/p7/N7/8 b - - 1 55,-638,-531
tKIMRfaZ,2,e5,Pawn,e6,-9,Good,rnbqkbnr/pppppppp/8/8/4P3/8/PPPP1PPP/RNBQKBNR b KQkq - 0 1,34,25
tKIMRfaZ,4,Nc6,Knight,d6,3,Good,rnbqkbnr/pppp1ppp/8/4p3/4P3/5N2/PPPP1PPP/RNBQKB1R b KQkq - 1 2,45,48
tKIMRfaZ,6,Nf6,Knight,Bc5,1,Good,r1bqkbnr/pppp1ppp/2n5/4p3/2B1P3/5N2/PPPP1PPP/RNBQK2R b KQkq - 3 3,22,23
tKIMRfaZ,8,Bc5,Bishop,Bc5,1,Good,r1bqkb1r/pppp1ppp/2n2n2/4p3/2B1P3/3P1N2/PPP2PPP/RNBQK2R b KQkq - 0 4,17,18
tKIMRfaZ,10,d6,Pawn,a5,7,Good,r1bqk2r/pppp1ppp/2n2n2/2b1p3/2B1P3/3P1N2/PPP2PPP/RNBQ1RK1 b kq - 2 5,23,30
tKIMRfaZ,12,a6,Pawn,O-O,6,Good,r1bqk2r/ppp2ppp/2np1n2/2b1p3/2B1P3/2PP1N2/PP3PPP/RNBQ1RK1 b kq - 0 6,29,35
tKIMRfaZ,14,Ba7,Bishop,Ba7,-7,Good,r1bqk2r/1pp2ppp/p1np1n2/2b1p3/P1B1P3/2PP1N2/1P3PPP/RNBQ1RK1 b kq - 0 7,28,21
tKIMRfaZ,16,O-O,King,O-O,2,Good,r1bqk2r/bpp2ppp/p1np1n2/4p3/P1B1P3/2PP1N2/1P1N1PPP/R1BQ1RK1 b kq - 2 8,15,17
tKIMRfaZ,18,h6,Pawn,Be6,-4,Good,r1bq1rk1/bpp2ppp/p1np1n2/4p3/P1B1P3/2PP1N1P/1P1N1PP1/R1BQ1RK1 b - - 0 9,20,16
tKIMRfaZ,20,Re8,Rook,Be6,14,Good,r1bq1rk1/bpp2pp1/p1np1n1p/4p3/P1B1P3/2PP1N1P/1P1N1PP1/R1BQR1K1 b - - 1 10,25,39
tKIMRfaZ,22,Be6,Bishop,Be6,5,Good,r1bqr1k1/bpp2pp1/p1np1n1p/4p3/PPB1P3/2PP1N1P/3N1PP1/R1BQR1K1 b - - 0 11,18,23
tKIMRfaZ,24,Rxe6,Rook,Rxe6,-8,Good,r2qr1k1/bpp2pp1/p1npBn1p/4p3/PP2P3/2PP1N1P/3N1PP1/R1BQR1K1 b - - 0 12,26,18
tKIMRfaZ,26,Ne7,Knight,Ne7,3,Good,r2q2k1/bpp2pp1/p1nprn1p/4p3/PP2P3/2PP1N1P/1B1N1PP1/R2QR1K1 b - - 1 13,22,25
tKIMRfaZ,28,Ng6,Knight,Ng6,-4,Good,r2q2k1/bpp1npp1/p2prn1p/4p3/PP2P3/2PP1N1P/1B3PP1/R2QRNK1 b - - 3 14,26,22
tKIMRfaZ,30,c5,Pawn,Nh7,50,Inaccuracy,r2q2k1/bpp2pp1/p2prnnp/4p3/PPP1P3/3P1N1P/1B3PP1/R2QRNK1 b - - 0 15,30,80
tKIMRfaZ,32,Bb6,Bishop,Bb6,-13,Good,r2q2k1/bp3pp1/p2prnnp/1Pp1p3/P1P1P3/3P1N1P/1B3PP1/R2QRNK1 b - - 0 16,78,65
tKIMRfaZ,34,Nf4,Knight,Re8,34,Inaccuracy,r2q2k1/1p3pp1/pb1prnnp/1Pp1p3/P1P1P3/3PNN1P/1B3PP1/R2QR1K1 b - - 2 17,92,126
tKIMRfaZ,36,Re8,Rook,Re8,-17,Good,r2q2k1/1p3pp1/pb1prn1p/1Pp1p3/P1P1Pn2/3PNN1P/1B3PPK/R2QR3 b - - 4 18,110,93
tKIMRfaZ,38,Ne6,Knight,Ne6,8,Good,r2qr1k1/1p3pp1/pb1p1n1p/1Pp1p3/P1P1Pn2/3PNNPP/1B3P1K/R2QR3 b - - 0 19,87,95
tKIMRfaZ,40,Kh7,King,axb5,32,Inaccuracy,r2qr1k1/1p3pp1/pb1pnn1p/1Pp1pN2/P1P1P3/3P1NPP/1B3P1K/R2QR3 b - - 2 20,48,80
tKIMRfaZ,42,g6,Pawn,Nd4,21,Good,r2qr3/1p3ppk/pb1pnn1p/1Pp1pN2/P1P1P3/3P1NPP/1B3P1K/R2Q1R2 b - - 4 21,61,82
tKIMRfaZ,44,Ba5,Bishop,axb5,64,Inaccuracy,r2qr3/1p3p1k/pb1pnnpp/1Pp1p3/P1P1P3/3PNNPP/1B3P1K/R2Q1R2 b - - 1 22,68,132
tKIMRfaZ,46,Nh5,Knight,axb5,22,Good,r2qr3/1p3p1k/p2pnnpp/bPp1p3/P1P1P2N/3PN1PP/1B3P1K/R2Q1R2 b - - 3 23,136,158
tKIMRfaZ,48,Nd4,Knight,Rf8,34,Inaccuracy,r2qr3/1p3p1k/p2pn1pp/bPp1p2n/P1P1P3/3PN1PP/1B3PNK/R2Q1R2 b - - 5 24,184,218
tKIMRfaZ,50,Nf6,Knight,Nf6,1,Good,r2qr3/1p3p1k/p2p2pp/bPpNp2n/P1PnP3/3P2PP/1B3PNK/R2Q1R2 b - - 7 25,224,225
tKIMRfaZ,52,Nxd5,Knight,Nxd5,20,Good,r2qr3/1p3p1k/p2p1npp/bPpNp3/P1PnP3/3PN1PP/1B3P1K/R2Q1R2 b - - 9 26,227,247
tKIMRfaZ,54,f5,Pawn,Rf8,24,Good,r2qr3/1p3p1k/p2p2pp/bPpNp3/P1PnP3/3P2PP/1B3P1K/R2Q1R2 b - - 0 27,256,280
tKIMRfaZ,56,cxd4,Pawn,cxd4,-21,Good,r2qr3/1p5k/p2p2pp/bPpNpp2/P1PBP3/3P2PP/5P1K/R2Q1R2 b - - 0 28,275,254
tKIMRfaZ,58,gxf5,Pawn,gxf5,20,Good,r2qr3/1p5k/p2p2pp/bP1NpP2/P1Pp4/3P2PP/5P1K/R2Q1R2 b - - 0 29,250,270
tKIMRfaZ,60,bxa6,Pawn,bxa6,2,Good,r2qr3/1p5k/P2p3p/b2Npp2/P1Pp4/3P2PP/5P1K/R2Q1R2 b - - 0 30,209,211
tKIMRfaZ,62,Ra7,Rook,Ra7,-16,Good,r2qr3/7k/p2p3p/b2Npp2/P1Pp4/3P2PP/5P1K/1R1Q1R2 b - - 1 31,188,172
tKIMRfaZ,64,Rf8,Rook,Rf7,13,Good,3qr3/r6k/p2p3p/b2Npp2/P1Pp1P2/3P2PP/7K/1R1Q1R2 b - - 0 32,173,186
tKIMRfaZ,66,dxe5,Pawn,dxe5,-3,Good,3q1r2/r6k/p2p3p/b2NPp2/P1Pp4/3P2PP/7K/1R1Q1R2 b - - 0 33,137,134
tKIMRfaZ,68,Rg7,Rook,Raf7,19,Good,3q1r2/r6k/p6p/b2Npp2/P1Pp4/3P2PP/1R5K/3Q1R2 b - - 1 34,82,101
tKIMRfaZ,70,Qg5,Queen,Bc7,170,Mistake,3q1r2/6rk/p6p/b2Npp2/P1Pp4/3P1QPP/1R5K/5R2 b - - 3 35,39,209
tKIMRfaZ,72,Bd2,Bishop,e4,82,Inaccuracy,5r2/6rk/p6p/b2Nppq1/P1Pp2P1/3P1Q1P/1R5K/5R2 b - - 0 36,114,196
tKIMRfaZ,74,Bf4+,Bishop,Rfg8,78,Inaccuracy,5r2/6rk/p6p/3NpPq1/P1Pp4/3P1Q1P/1R1b3K/5R2 b - - 0 37,238,316
tKIMRfaZ,76,Qxf5,Queen,exf4,249,Blunder,5r2/6rk/p6p/4pPq1/P1Pp1N2/3P1Q1P/1R5K/5R2 b - - 0 38,325,574
tKIMRfaZ,78,Qxe6,Queen,Qxe6,31,Inaccuracy,5r2/6rk/p3N2p/4pq2/P1Pp4/3P1Q1P/1R5K/5R2 b - - 1 39,566,597
ib9HONE5,2,c5,Pawn,c5,6,Good,rnbqkbnr/pppppppp/8/8/4P3/8/PPPP1PPP/RNBQKBNR b KQkq - 0 1,29,35
ib9HONE5,4,e6,Pawn,Nc6,23,Good,rnbqkbnr/pp1ppppp/8/2p5/4P3/5N2/PPPP1PPP/RNBQKB1R b KQkq - 1 2,29,52
ib9HONE5,6,b6,Pawn,Nc6,24,Good,rnbqkbnr/pp1p1ppp/4p3/2p5/4P3/1P3N2/P1PP1PPP/RNBQKB1R b KQkq - 0 3,19,43
ib9HONE5,8,Nc6,Knight,Bb7,-7,Good,rnbqkbnr/p2p1ppp/1p2p3/2p5/4P3/1P1B1N2/P1PP1PPP/RNBQK2R b KQkq - 1 4,2,-5
ib9HONE5,10,Nf6,Knight,Bb7,47,Inaccuracy,r1bqkbnr/p2p1ppp/1pn1p3/2p5/4P3/1P1B1N2/P1PP1PPP/RNBQ1RK1 b kq - 3 5,-15,32
ib9HONE5,12,Be7,Bishop,d6,34,Inaccuracy,r1bqkb1r/p2p1ppp/1pn1pn2/2p5/4P3/1P1B1N2/P1PP1PPP/RNBQR1K1 b kq - 5 6,9,43
ib9HONE5,14,Bb7,Bishop,O-O,4,Good,r1bqk2r/p2pbppp/1pn1pn2/2p5/4P3/1P1B1N2/PBPP1PPP/RN1QR1K1 b kq - 7 7,-22,-18
ib9HONE5,16,Ng4,Knight,Nh5,24,Good,r2qk2r/pb1pbppp/1pn1pn2/2p1P3/8/1P1B1N2/PBPP1PPP/RN1QR1K1 b kq - 0 8,-26,-2
ib9HONE5,18,f5,Pawn,f5,-5,Good,r2qk2r/pb1pbppp/1pn1p3/2p1P3/4B1n1/1P3N2/PBPP1PPP/RN1QR1K1 b kq - 2 9,-49,-54
ib9HONE5,20,Nxf6,Knight,Bxf6,67,Inaccuracy,r2qk2r/pb1pb1pp/1pn1pP2/2p5/4B1n1/1P3N2/PBPP1PPP/RN1QR1K1 b kq - 0 10,-50,17
ib9HONE5,22,Qc7,Queen,Nb4,57,Inaccuracy,r2qk2r/pb1pb1pp/1pn1pn2/2p5/8/1P1B1N2/PBPP1PPP/RN1QR1K1 b kq - 1 11,-118,-61
ib9HONE5,24,a6,Pawn,O-O,69,Inaccuracy,r3k2r/pbqpb1pp/1pn1pn2/2p5/8/1PNB1N2/PBPP1PPP/R2QR1K1 b kq - 3 12,-116,-47
ib9HONE5,26,Nb4,Knight,Nb4,-4,Good,r3k2r/1bqpb1pp/ppn1pn2/2p5/8/1PNB1N2/PBPPQPPP/R3R1K1 b kq - 1 13,-74,-78
ib9HONE5,28,Nxd3,Knight,Nxd3,-21,Good,r3k2r/1bqpb1pp/pp2pn2/2p5/1n2N3/1P1B1N2/PBPPQPPP/R3R1K1 b kq - 3 14,-78,-99
ib9HONE5,30,O-O,King,O-O,6,Good,r3k2r/1bqpb1pp/pp2pn2/2p5/4N3/1P1P1N2/PB1PQPPP/R3R1K1 b kq - 0 15,-95,-89
ib9HONE5,32,Rae8,Rook,Ng4,40,Inaccuracy,r4rk1/1bqpb1pp/pp2pn2/2p5/4N3/1P1P1N2/PB1PQPPP/2R1R1K1 b - - 2 16,-95,-55
ib9HONE5,34,Nd5,Knight,Nd5,0,Good,4rrk1/1bqpb1pp/pp2pn2/2p5/1P2N3/3P1N2/PB1PQPPP/2R1R1K1 b - - 0 17,-40,-40
ib9HONE5,36,bxc5,Pawn,bxc5,-2,Good,4rrk1/1bqpb1pp/pp2p3/2Pn4/4N3/3P1N2/PB1PQPPP/2R1R1K1 b - - 0 18,-34,-36
ib9HONE5,38,d6,Pawn,d6,5,Good,4rrk1/1bqpb1pp/p3p3/2pnB3/4N3/3P1N2/P2PQPPP/2R1R1K1 b - - 1 19,-46,-41
ib9HONE5,40,e5,Pawn,Nf4,57,Inaccuracy,4rrk1/1bq1b1pp/p2pp3/2pn4/4N3/3P1NB1/P2PQPPP/2R1R1K1 b - - 1 20,-33,24
ib9HONE5,42,Nf4,Knight,Nf4,3,Good,4rrk1/1bq1b1pp/p2p4/2pnp3/3PN3/5NB1/P2PQPPP/2R1R1K1 b - - 0 21,27,30
ib9HONE5,44,exd4,Pawn,c4,131,Mistake,4rrk1/1bq1b1pp/p2p4/2p1p3/3PNn2/5NB1/P2P1PPP/2RQR1K1 b - - 2 22,16,147
ib9HONE5,46,Bd5,Bishop,Qd7,64,Inaccuracy,4rrk1/1bq1b1pp/p2p4/2p5/3NNn2/6B1/P2P1PPP/2RQR1K1 b - - 0 23,-62,2
ib9HONE5,48,Ba8,Bishop,Ba8,2,Good,4rrk1/2q1b1pp/p2p4/2pb4/3N1n2/2N3B1/P2P1PPP/2RQR1K1 b - - 2 24,-1,1
ib9HONE5,50,cxd4,Pawn,Qb7,134,Mistake,b3rrk1/2q1b1pp/p2p4/2p5/3N1B2/2N5/P2P1PPP/2RQR1K1 b - - 0 25,11,145
ib9HONE5,52,Kh8,King,Kh8,26,Good,b3rrk1/2q1b1pp/p2p4/8/3p1B2/1QN5/P2P1PPP/2R1R1K1 b - - 1 26,181,207
ib9HONE5,54,Qd8,Queen,Qd7,181,Mistake,b3rr1k/2q1b1pp/p2p4/3N4/3p1B2/1Q6/P2P1PPP/2R1R1K1 b - - 3 27,174,355
ib9HONE5,56,Bg5,Bishop,Bg5,-1,Good,b2qrr1k/4b1pp/p2p4/3N4/3p4/1Q4B1/P2P1PPP/2R1R1K1 b - - 5 28,25,24
ib9HONE5,58,Rxe8,Rook,Qxe8,20,Good,b2qRr1k/6pp/p2p4/3N2b1/3p4/1Q4B1/P2P1PPP/2R3K1 b - - 0 29,0,20
ib9HONE5,60,Qd7,Queen,Qf6,169,Mistake,b2qr2k/6pp/p2p4/6b1/3p1N2/1Q4B1/P2P1PPP/2R3K1 b - - 1 30,-49,120
ib9HONE5,62,Bf6,Bishop,Bxf4,5,Good,b3r2k/3q2pp/p2p4/6b1/3p1N1P/1Q4B1/P2P1PP1/2R3K1 b - - 0 31,135,140
ib9HONE5,64,Be5,Bishop,Bxd5,-18,Good,b3r2k/3q2pp/p2p1b2/3N4/3p3P/1Q4B1/P2P1PP1/2R3K1 b - - 2 32,61,43
ib9HONE5,66,Qb7,Queen,Qg4,-9,Good,b3r2k/3q2pp/pN1p4/4b3/3p3P/1Q4B1/P2P1PP1/2R3K1 b - - 4 33,59,50
ib9HONE5,68,Qxb3,Queen,Qxb3,8,Good,N3r2k/1q4pp/p2p4/4b3/3p3P/1Q4B1/P2P1PP1/2R3K1 b - - 0 34,62,70
ib9HONE5,70,Rxa8,Rook,Rxa8,11,Good,N3r2k/6pp/p2p4/4b3/3p3P/1P4B1/3P1PP1/2R3K1 b - - 0 35,57,68
ib9HONE5,72,dxe5,Pawn,dxe5,0,Good,r6k/6pp/p2p4/4B3/3p3P/1P6/3P1PP1/2R3K1 b - - 0 36,53,53
ib9HONE5,74,h6,Pawn,e4,54,Inaccuracy,r6k/6pp/p7/2R1p3/3p3P/1P6/3P1PP1/6K1 b - - 1 37,30,84
ib9HONE5,76,Rb8,Rook,Rb8,-10,Good,r6k/6p1/p6p/4R3/3p3P/1P6/3P1PP1/6K1 b - - 0 38,72,62
ib9HONE5,78,Rxb3,Rook,Rxb3,4,Good,1r5k/6p1/p6p/3R4/3p3P/1P6/3P1PP1/6K1 b - - 2 39,64,68
ib9HONE5,80,a5,Pawn,Rb1+,96,Mistake,7k/6p1/p6p/8/3R3P/1r6/3P1PP1/6K1 b - - 0 40,13,109
ib9HONE5,82,Rb2,Rook,Rb1+,1,Good,7k/6p1/7p/p7/R6P/1r6/3P1PP1/6K1 b - - 1 41,9,10
ib9HONE5,84,Rxd2,Rook,Rxd2,7,Good,7k/6p1/7p/R7/7P/8/1r1P1PP1/6K1 b - - 0 42,3,10
ib9HONE5,86,Kh7,King,Rb2,-12,Good,7k/6p1/7p/R6P/8/8/3r1PP1/6K1 b - - 0 43,12,0
ib9HONE5,88,Rd1+,Rook,Kh8,-1,Good,8/6pk/7p/R6P/6P1/8/3r1P2/6K1 b - - 0 44,1,0
ib9HONE5,90,Rd4,Rook,Rd2,0,Good,8/6pk/7p/R6P/6P1/8/5PK1/3r4 b - - 2 45,0,0
ib9HONE5,92,Rd3+,Rook,Rd2,0,Good,8/6pk/7p/R6P/3r2P1/6K1/5P2/8 b - - 4 46,0,0
ib9HONE5,94,Rb3,Rook,Rd2,14,Good,8/6pk/7p/R6P/6P1/3r1PK1/8/8 b - - 0 47,9,23
ib9HONE5,96,Rc3,Rook,Kg8,-1,Good,8/6pk/7p/7P/R5P1/1r3PK1/8/8 b - - 2 48,4,3
ib9HONE5,98,Rb3,Rook,Rc2,-6,Good,8/6pk/7p/7P/R4KP1/2r2P2/8/8 b - - 4 49,6,0
ib9HONE5,100,Rb1,Rook,Ra3,0,Good,8/6pk/7p/7P/4RKP1/1r3P2/8/8 b - - 6 50,0,0
ib9HONE5,102,Rf1,Rook,Rb2,56,Inaccuracy,8/6pk/7p/7P/3R1KP1/5P2/8/1r6 b - - 8 51,0,56
ib9HONE5,104,Rf2,Rook,Ra1,1,Good,8/3R2pk/7p/7P/5KP1/5P2/8/5r2 b - - 10 52,0,1
ib9HONE5,106,Re2+,Rook,Re2+,2,Good,8/3R2pk/7p/7P/4K1P1/5P2/5r2/8 b - - 12 53,0,2
ib9HONE5,108,Rf2,Rook,Re3,7,Good,8/3R2pk/7p/5K1P/6P1/5P2/4r3/8 b - - 14 54,0,7
ib9HONE5,110,Rf1,Rook,Ra2,0,Good,8/3R2pk/7p/5K1P/5PP1/8/5r2/8 b - - 0 55,0,0
ib9HONE5,112,Rf2,Rook,Ra1,4,Good,8/5Rpk/7p/5K1P/5PP1/8/8/5r2 b - - 2 56,0,4
ib9HONE5,114,Rf1,Rook,Rc2,-9,Good,5R2/6pk/7p/5K1P/5PP1/8/5r2/8 b - - 4 57,12,3
ib9HONE5,116,Rf2,Rook,Ra1,10,Good,2R5/6pk/7p/5K1P/5PP1/8/8/5r2 b - - 6 58,0,10
ib9HONE5,118,Rf1,Rook,Ra2,9,Good,8/6pk/7p/5K1P/2R2PP1/8/5r2/8 b - - 8 59,0,9
ib9HONE5,120,Rf2,Rook,Ra1,12,Good,8/6pk/7p/5K1P/4RPP1/8/8/5r2 b - - 10 60,0,12
ib9HONE5,122,Ra2,Rook,Ra2,0,Good,8/6pk/4K2p/7P/4RPP1/8/5r2/8 b - - 12 61,0,0
ib9HONE5,124,hxg5,Pawn,hxg5,0,Good,8/6pk/4K2p/6PP/4RP2/8/r7/8 b - - 0 62,0,0
ib9HONE5,126,g6,Pawn,Ra6+,0,Good,8/6pk/4K3/6PP/4R3/8/r7/8 b - - 0 63,0,0
ib9HONE5,128,Ra5,Rook,Ra6+,28,Good,8/7k/4K1pP/6P1/4R3/8/r7/8 b - - 0 64,0,28
ib9HONE5,130,Ra1,Rook,Ra2,-1,Good,8/7k/4K1pP/r3R1P1/8/8/8/8 b - - 2 65,26,25
ib9HONE5,132,Rg1,Rook,Rf1,1,Good,8/4K2k/6pP/4R1P1/8/8/8/r7 b - - 4 66,17,18
ib9HONE5,134,Rg2,Rook,Rg3,8,Good,4K3/7k/6pP/4R1P1/8/8/8/6r1 b - - 6 67,13,21
ib9HONE5,136,Kh8,King,Kh8,2,Good,4K3/4R2k/6pP/6P1/8/8/6r1/8 b - - 8 68,19,21
ib9HONE5,138,Kh7,King,Kh7,-1,Good,4K2k/8/6pP/4R1P1/8/8/6r1/8 b - - 10 69,18,17
ib9HONE5,140,Rf2+,Rook,Rf2+,5,Good,8/5K1k/6pP/4R1P1/8/8/6r1/8 b - - 12 70,16,21
ib9HONE5,142,Rg2,Rook,Rf1,-10,Good,8/7k/4K1pP/4R1P1/8/8/5r2/8 b - - 14 71,25,15
ib9HONE5,144,Re2+,Rook,Re2+,-2,Good,8/7k/4K1pP/3R2P1/8/8/6r1/8 b - - 16 72,14,12
ib9HONE5,146,Rg2,Rook,Re1,3,Good,8/3K3k/6pP/3R2P1/8/8/4r3/8 b - - 18 73,6,9
ib9HONE5,148,Kh8,King,Rg1,0,Good,8/3K3k/6pP/4R1P1/8/8/6r1/8 b - - 20 74,0,0
ib9HONE5,150,Kh7,King,Rg1,0,Good,7k/8/3K2pP/4R1P1/8/8/6r1/8 b - - 22 75,1,1
ib9HONE5,152,Kh8,King,Rg1,6,Good,8/7k/6pP/3KR1P1/8/8/6r1/8 b - - 24 76,0,6
ib9HONE5,154,Rg1,Rook,Rg1,0,Good,7k/8/6pP/4R1P1/4K3/8/6r1/8 b - - 26 77,0,0
ib9HONE5,156,Kh7,King,Kh7,0,Good,4R2k/8/6pP/6P1/4K3/8/8/6r1 b - - 28 78,0,0
ib9HONE5,158,Kh8,King,Kh8,0,Good,8/4R2k/6pP/6P1/4K3/8/8/6r1 b - - 30 79,0,0
ib9HONE5,160,Rf1+,Rook,Rf1+,0,Good,7k/4R3/6pP/6P1/5K2/8/8/6r1 b - - 32 80,0,0
ib9HONE5,162,Rg1+,Rook,Rf5,0,Good,7k/4R3/6pP/6P1/6K1/8/8/5r2 b - - 34 81,0,0
ib9HONE5,164,Rh1+,Rook,Rh1+,0,Good,7k/4R3/6pP/6P1/7K/8/8/6r1 b - - 36 82,0,0
ib9HONE5,166,Rg1+,Rook,Rg1+,0,Good,7k/4R3/6pP/6P1/8/6K1/8/7r b - - 38 83,0,0
ib9HONE5,168,Rf1+,Rook,Rf1+,0,Good,7k/4R3/6pP/6P1/5K2/8/8/6r1 b - - 40 84,0,0
ib9HONE5,170,Rf5+,Rook,Rf5+,0,Good,7k/4R3/6pP/4K1P1/8/8/8/5r2 b - - 42 85,0,0
ib9HONE5,172,Rxg5,Rook,Rxg5,0,Good,7k/4R3/4K1pP/5rP1/8/8/8/8 b - - 44 86,0,0
ib9HONE5,174,Rg1,Rook,Rg1,0,Good,7k/4R3/5KpP/6r1/8/8/8/8 b - - 1 87,0,0
ib9HONE5,176,Ra1,Rook,Rg2,0,Good,7k/6R1/5KpP/8/8/8/8/6r1 b - - 3 88,0,0
ib9HONE5,178,Ra6+,Rook,Rf1,0,Good,7k/6R1/6KP/8/8/8/8/r7 b - - 0 89,0,0
ib9HONE5,180,Ra5+,Rook,Ra1,0,Good,7k/6R1/r6P/7K/8/8/8/8 b - - 2 90,0,0
ib9HONE5,182,Rxg5+,Rook,Ra7,0,Good,7k/8/7P/r5RK/8/8/8/8 b - - 4 91,0,0
ib9HONE5,184,Kh7,King,Kg8,0,Good,7k/8/7P/6K1/8/8/8/8 b - - 0 92,0,0
ib9HONE5,186,Kh8,King,Kg8,0,Good,8/7k/7P/7K/8/8/8/8 b - - 2 93,0,0
ib9HONE5,188,Kg8,King,Kg8,0,Good,7k/8/6KP/8/8/8/8/8 b - - 4 94,0,0
ib9HONE5,190,Kh8,King,Kh8,0,Good,6k1/7P/6K1/8/8/8/8/8 b - - 0 95,0,0
6aservzR,2,c6,Pawn,c5,0,Good,rnbqkbnr/pppppppp/8/8/4P3/8/PPPP1PPP/RNBQKBNR b KQkq - 0 1,38,38
6aservzR,4,d5,Pawn,d5,2,Good,rnbqkbnr/pp1ppppp/2p5/8/3PP3/8/PPP2PPP/RNBQKBNR b KQkq - 0 2,30,32
6aservzR,6,Bf5,Bishop,Bf5,12,Good,rnbqkbnr/pp2pppp/2p5/3pP3/3P4/8/PPP2PPP/RNBQKBNR b KQkq - 0 3,41,53
6aservzR,8,e6,Pawn,e6,7,Good,rn1qkbnr/pp2pppp/2p5/3pPb2/3P4/5N2/PPP2PPP/RNBQKB1R b KQkq - 2 4,45,52
6aservzR,10,Nd7,Knight,Bg6,5,Good,rn1qkbnr/pp3ppp/2p1p3/3pPb2/3P4/5N2/PPP1BPPP/RNBQK2R b KQkq - 1 5,47,52
6aservzR,12,h6,Pawn,a5,2,Good,r2qkbnr/pp1n1ppp/2p1p3/3pPb2/3P4/5N2/PPP1BPPP/RNBQ1RK1 b kq - 3 6,53,55
6aservzR,14,Ne7,Knight,a6,7,Good,r2qkbnr/pp1n1pp1/2p1p2p/3pPb2/P2P4/5N2/1PP1BPPP/RNBQ1RK1 b kq - 0 7,57,64
6aservzR,16,Qc7,Queen,c5,30,Inaccuracy,r2qkb1r/pp1nnpp1/2p1p2p/P2pPb2/3P4/5N2/1PP1BPPP/RNBQ1RK1 b kq - 0 8,61,91
6aservzR,18,b6,Pawn,bxa6,24,Good,r3kb1r/ppqnnpp1/P1p1p2p/3pPb2/3P4/5N2/1PP1BPPP/RNBQ1RK1 b kq - 0 9,88,112
6aservzR,20,dxc4,Pawn,dxc4,-6,Good,r3kb1r/p1qnnpp1/Ppp1p2p/3pPb2/2PP4/5N2/1P2BPPP/RNBQ1RK1 b kq - 0 10,79,73
6aservzR,22,Nd5,Knight,Nd5,-2,Good,r3kb1r/p1qnnpp1/Ppp1p2p/4Pb2/2BP4/5N2/1P3PPP/RNBQ1RK1 b kq - 0 11,66,64
6aservzR,24,Be7,Bishop,Nb4,65,Inaccuracy,r3kb1r/p1qn1pp1/Ppp1p2p/3nPb2/2BP4/2N2N2/1P3PPP/R1BQ1RK1 b kq - 2 12,44,109
6aservzR,26,O-O,King,Nb4,59,Inaccuracy,r3k2r/p1qnbpp1/Ppp1p2p/3nPb2/2BP4/2N2N1P/1P3PP1/R1BQ1RK1 b kq - 0 13,3,62
6aservzR,28,cxd5,Pawn,exd5,12,Good,r4rk1/p1qnbpp1/Ppp1p2p/3NPb2/2BP4/5N1P/1P3PP1/R1BQ1RK1 b - - 0 14,63,75
6aservzR,30,Rac8,Rook,Rfc8,150,Mistake,r4rk1/p1qnbpp1/Pp2p2p/1B1pPb2/3P4/5N1P/1P3PP1/R1BQ1RK1 b - - 1 15,65,215
6aservzR,32,Nb8,Knight,Bc2,141,Mistake,2r2rk1/p1qnbpp1/Pp2p2p/1B1pPb2/3P4/5N1P/1P1B1PP1/R2Q1RK1 b - - 3 16,131,272
6aservzR,34,Nc6,Knight,Nc6,-5,Good,1nr2rk1/p1q1bpp1/Pp2p2p/1B1pPb2/3P4/2B2N1P/1P3PP1/R2Q1RK1 b - - 5 17,41,36
6aservzR,36,Be4,Bishop,Qb8,15,Good,2r2rk1/p1q1bpp1/Ppn1p2p/1B1pPb2/3P4/2B2N1P/1P1Q1PP1/R4RK1 b - - 7 18,16,31
6aservzR,38,f6,Pawn,Qd8,-22,Good,2r2rk1/p1q1bpp1/Ppn1p2p/1B1pP3/3Pb3/2B4P/1P1Q1PPN/R4RK1 b - - 9 19,24,2
6aservzR,40,Bh7,Bishop,Bf5,23,Good,2r2rk1/p1q1b1p1/Ppn1pp1p/1B1pP3/3Pb3/2B2P1P/1P1Q2PN/R4RK1 b - - 0 20,5,28
6aservzR,42,Bxf6,Bishop,Bxf6,19,Good,2r2rk1/p1q1b1pb/Ppn1pP1p/1B1p4/3P4/2B2P1P/1P1Q2PN/R4RK1 b - - 0 21,7,26
6aservzR,44,Bg5,Bishop,Bg5,0,Good,2r2rk1/p1q3pb/Ppn1pb1p/1B1p4/3P2N1/2B2P1P/1P1Q2P1/R4RK1 b - - 1 22,0,0
6aservzR,46,Bf5,Bishop,Bf5,0,Good,2r2rk1/p1q3pb/Ppn1p2p/1B1p2b1/3P2N1/2B2P1P/1P2Q1P1/R4RK1 b - - 3 23,0,0
6aservzR,48,Qxc6,Queen,Qxc6,0,Good,2r2rk1/p1q3p1/PpB1p2p/3p1bb1/3P2N1/2B2P1P/1P2Q1P1/R4RK1 b - - 0 24,-11,-11
6aservzR,50,Qe8,Queen,Qd6,8,Good,2r2rk1/p5p1/Ppq1p2p/3pNbb1/3P4/2B2P1P/1P2Q1P1/R4RK1 b - - 1 25,-8,0
6aservzR,52,Bh7,Bishop,Bh7,18,Good,2r1qrk1/p5p1/Pp2p2p/3pNbb1/3P2P1/2B2P1P/1P2Q3/R4RK1 b - - 0 26,-35,-17
6aservzR,54,Bf4,Bishop,Qd8,40,Inaccuracy,2r1qrk1/p5pb/Pp2p2p/3pN1b1/3P2P1/2B2P1P/1P2Q1K1/R4R2 b - - 2 27,-47,-7
6aservzR,56,Bxe5,Bishop,Qe7,50,Inaccuracy,2r1qrk1/p5pb/Pp2p2p/3pN3/3P1bP1/2B2P1P/1P2Q1K1/4RR2 b - - 4 28,-33,17
6aservzR,58,Rf6,Rook,Bd3,37,Inaccuracy,2r1qrk1/p5pb/Pp2p2p/3pQ3/3P2P1/2B2P1P/1P4K1/4RR2 b - - 0 29,2,39
6aservzR,60,Qa4,Queen,Rc6,20,Good,2r1q1k1/p5pb/Pp2pr1p/3pQ3/3P2P1/2B1RP1P/1P4K1/5R2 b - - 2 30,30,50
6aservzR,62,Re8,Rook,Re8,-5,Good,2r3k1/p5pb/Pp1Qpr1p/3p4/q2P2P1/2B1RP1P/1P4K1/5R2 b - - 4 31,46,41
6aservzR,64,Qxa6,Queen,Bg6,57,Inaccuracy,4r1k1/p5pb/Pp1Qpr1p/3p4/q2P2P1/2B1RP1P/1P4K1/4R3 b - - 6 32,25,82
6aservzR,66,Rexe6,Rook,Rfxe6,-3,Good,4r1k1/p5pb/qp1QRr1p/3p4/3P2P1/2B2P1P/1P4K1/4R3 b - - 0 33,64,61
6aservzR,68,Qe2+,Queen,Rxe6,51,Inaccuracy,6k1/p5pb/qp1QRr1p/3p4/3P2P1/2B2P1P/1P4K1/8 b - - 0 34,43,94
6aservzR,70,Rxd6,Rook,Rxd6,4,Good,6k1/p5pb/1p1Q1r1p/3p4/3P2P1/2B2P1P/1P2R1K1/8 b - - 0 35,91,95
6aservzR,72,a5,Pawn,a5,11,Good,6k1/p3R1pb/1p1r3p/3p4/3P2P1/2B2P1P/1P4K1/8 b - - 1 36,61,72
6aservzR,74,Bd3,Bishop,Bc2,16,Good,6k1/4R1pb/1p1r3p/p2p4/3P2P1/2B2PKP/1P6/8 b - - 1 37,60,76
6aservzR,76,Kf8,King,Rc6,34,Inaccuracy,6k1/4R1p1/1p1r3p/p2p4/3P2P1/3b1PKP/1P1B4/8 b - - 3 38,44,78
6aservzR,78,Rf6,Rook,Rc6,4,Good,5k2/1R4p1/1p1r3p/p2p4/3P2P1/3b1PKP/1P1B4/8 b - - 5 39,78,82
6aservzR,80,g6,Pawn,g6,5,Good,5k2/1R4p1/1p3r1p/p2p4/3P1PP1/3b2KP/1P1B4/8 b - - 0 40,24,29
6aservzR,82,Be4,Bishop,Be4,6,Good,5k2/3R4/1p3rpp/p2p4/3P1PP1/3b2KP/1P1B4/8 b - - 1 41,16,22
6aservzR,84,Kg8,King,Rc6,13,Good,5k2/7R/1p3rpp/p2p4/3PbPP1/6KP/1P1B4/8 b - - 3 42,0,13
6aservzR,86,Kg7,King,Kg7,2,Good,6k1/8/1p3rpR/p2p4/3PbPP1/6KP/1P1B4/8 b - - 0 43,0,2
6aservzR,88,Rc6,Rook,Rc6,-7,Good,8/6k1/1p3rp1/p2p4/3PbPPR/6KP/1P1B4/8 b - - 2 44,-30,-37
6aservzR,90,Rc2,Rook,gxf5,19,Good,8/6k1/1pr3p1/p2p1P2/3Pb1PR/6KP/1P1B4/8 b - - 0 45,-29,-10
6aservzR,92,Kf7,King,Kf6,15,Good,8/6k1/1p4pB/p2p1P2/3Pb1PR/6KP/1Pr5/8 b - - 2 46,-15,0
6aservzR,94,Kxg6,King,Kxg6,79,Inaccuracy,8/5k2/1p4PB/p2p4/3Pb1PR/6KP/1Pr5/8 b - - 0 47,-83,-4
6aservzR,96,Rxb2,Rook,Kg7,8,Good,8/8/1p4k1/p2p4/3Pb1PR/4B1KP/1Pr5/8 b - - 1 48,-45,-37
6aservzR,98,Kg7,King,Kf7,18,Good,8/8/1p4kR/p2p4/3Pb1P1/4B1KP/1r6/8 b - - 1 49,-65,-47
6aservzR,100,a4,Pawn,a4,20,Good,8/6k1/1p1R4/p2p4/3Pb1P1/4B1KP/1r6/8 b - - 3 50,-63,-43
6aservzR,102,Kg8,King,Kg8,30,Inaccuracy,8/3R2k1/1p6/3p4/p2Pb1P1/4B1KP/1r6/8 b - - 1 51,-82,-52
6aservzR,104,Rb3,Rook,b5,46,Inaccuracy,6k1/R7/1p6/3p4/p2Pb1P1/4B1KP/1r6/8 b - - 3 52,-46,0
6aservzR,106,a3,Pawn,b5,16,Good,6k1/R7/1p6/3p4/p2PbKP1/1r2B2P/8/8 b - - 5 53,0,16
6aservzR,108,Bb1,Bishop,b5,47,Inaccuracy,6k1/R7/1p6/3p4/3PbKPP/pr2B3/8/8 b - - 0 54,0,47
6aservzR,110,a2,Pawn,a2,2,Good,6k1/R7/1p6/3p3P/3P1KP1/pr2B3/8/1b6 b - - 0 55,28,30
6aservzR,112,Rb5,Rook,b5,-6,Good,6k1/R7/1p6/3p2PP/3P1K2/1r2B3/p7/1b6 b - - 0 56,6,0
6aservzR,114,Ra5,Rook,Ra5,1,Good,6k1/R7/1p6/1r1p2PP/3P1K2/8/p2B4/1b6 b - - 2 57,-1,0
6aservzR,116,bxa5,Pawn,bxa5,5,Good,6k1/8/1p6/R2p2PP/3P1K2/8/p2B4/1b6 b - - 0 58,-5,0
6aservzR,118,Be4,Bishop,Kf7,206,Blunder,6k1/8/8/p2p2PP/3P1K2/2B5/p7/1b6 b - - 1 59,-1,205
6aservzR,120,Kg7,King,Bb1,39,Inaccuracy,6k1/8/6P1/p2p3P/3PbK2/2B5/p7/8 b - - 0 60,531,570
6aservzR,122,Bd3,Bishop,a4,9,Good,8/6k1/6P1/p2p2KP/3Pb3/2B5/p7/8 b - - 2 61,632,641
6aservzR,124,Kg8,King,Kg8,15,Good,8/6k1/6PP/p2p2K1/3P4/2Bb4/p7/8 b - - 0 62,693,708
6aservzR,126,Be4,Bishop,Kh8,65,Inaccuracy,6k1/8/5KPP/p2p4/3P4/2Bb4/p7/8 b - - 2 63,724,789
6aservzR,128,Kh8,King,Kh8,-19,Good,6k1/7P/5KP1/p2p4/3Pb3/2B5/p7/8 b - - 0 64,775,756
zW9rxgAb,2,d5,Pawn,d5,1,Good,rnbqkbnr/pppppppp/8/8/8/5N2/PPPPPPPP/RNBQKB1R b KQkq - 1 1,23,24
zW9rxgAb,4,Bg4,Bishop,Nf6,8,Good,rnbqkbnr/ppp1pppp/8/3p4/8/5NP1/PPPPPP1P/RNBQKB1R b KQkq - 0 2,16,24
zW9rxgAb,6,Nd7,Knight,e6,-7,Good,rn1qkbnr/ppp1pppp/8/3p4/6b1/5NP1/PPPPPPBP/RNBQK2R b KQkq - 2 3,25,18
zW9rxgAb,8,Ngf6,Knight,Ngf6,2,Good,r2qkbnr/pppnpppp/8/3p4/6b1/3P1NP1/PPP1PPBP/RNBQK2R b KQkq - 0 4,27,29
zW9rxgAb,10,e5,Pawn,c6,4,Good,r2qkb1r/pppnpppp/5n2/3p4/6b1/3P1NP1/PPP1PPBP/RNBQ1RK1 b kq - 2 5,21,25
zW9rxgAb,12,dxc4,Pawn,dxc4,2,Good,r2qkb1r/pppn1ppp/5n2/3pp3/2P3b1/3P1NP1/PP2PPBP/RNBQ1RK1 b kq - 0 6,29,31
zW9rxgAb,14,c6,Pawn,h6,-3,Good,r2qkb1r/pppn1ppp/5n2/4p3/2P3b1/5NP1/PP2PPBP/RNBQ1RK1 b kq - 0 7,29,26
zW9rxgAb,16,h6,Pawn,h6,9,Good,r2qkb1r/pp1n1ppp/2p2n2/4p3/2P3b1/2N2NP1/PP2PPBP/R1BQ1RK1 b kq - 1 8,22,31
zW9rxgAb,18,Be6,Bishop,Bf5,33,Inaccuracy,r2qkb1r/pp1n1pp1/2p2n1p/4p3/2P3b1/2N2NPP/PP2PPB1/R1BQ1RK1 b kq - 0 9,-26,7
zW9rxgAb,20,Qc7,Queen,Bb4,10,Good,r2qkb1r/pp1n1pp1/2p1bn1p/4p3/2P5/1PN2NPP/P3PPB1/R1BQ1RK1 b kq - 0 10,12,22
zW9rxgAb,22,Bc5,Bishop,Bc5,2,Good,r3kb1r/ppqn1pp1/2p1bn1p/4p3/2P5/1PN2NPP/P1Q1PPB1/R1B2RK1 b kq - 2 11,29,31
zW9rxgAb,24,O-O,King,O-O,0,Good,r3k2r/ppqn1pp1/2p1bn1p/2b1p3/2P5/1PN2NPP/PBQ1PPB1/R4RK1 b kq - 4 12,31,31
zW9rxgAb,26,Rfe8,Rook,Rfe8,6,Good,r4rk1/ppqn1pp1/2p1bn1p/2b1p3/2P4N/1PN3PP/PBQ1PPB1/R4RK1 b - - 6 13,12,18
zW9rxgAb,28,a5,Pawn,Rab8,4,Good,r3r1k1/ppqn1pp1/2p1bn1p/2b1p3/2P4N/1PN3PP/PBQ1PPB1/3R1RK1 b - - 8 14,16,20
zW9rxgAb,30,Bf8,Bishop,Bf8,4,Good,r3r1k1/1pqn1pp1/2p1bn1p/p1b1p3/2P4N/1PN3PP/PBQ1PPBK/3R1R2 b - - 1 15,17,21
zW9rxgAb,32,Nc5,Knight,Nc5,4,Good,r3rbk1/1pqn1pp1/2p1bn1p/p3p3/2P4N/1PN3PP/PBQRPPBK/5R2 b - - 3 16,-32,-28
zW9rxgAb,34,Rad8,Rook,a4,36,Inaccuracy,r3rbk1/1pq2pp1/2p1bn1p/p1n1p3/2P4N/1PN3PP/PBQRPPBK/3R4 b - - 5 17,-37,-1
zW9rxgAb,36,g6,Pawn,Bxf5,11,Good,3rrbk1/1pq2pp1/2p1bn1p/p1n1pN2/2P5/1PN3PP/PBQRPPBK/3R4 b - - 7 18,-15,-4
zW9rxgAb,38,Rxd2,Rook,Rxd2,5,Good,3rrbk1/1pq2p2/2p1bnpp/p1n1p3/2P5/1PN1N1PP/PBQRPPBK/3R4 b - - 1 19,-23,-18
zW9rxgAb,40,h5,Pawn,Nfd7,12,Good,4rbk1/1pq2p2/2p1bnpp/p1n1p3/2P5/1PN1N1PP/PBQRPPBK/8 b - - 0 20,-34,-22
zW9rxgAb,42,h4,Pawn,Qb6,11,Good,4rbk1/1pq2p2/2p1bnp1/p1n1p2p/2P5/PPN1N1PP/1BQRPPBK/8 b - - 0 21,-124,-113
zW9rxgAb,44,Bh6,Bishop,Bh6,7,Good,4rbk1/1pq2p2/2p1bnp1/p1n1p3/2P3Pp/PPN1N2P/1BQRPPBK/8 b - - 0 22,-97,-90
zW9rxgAb,46,axb4,Pawn,Ncd7,-1,Good,4r1k1/1pq2p2/2p1bnpb/p1n1p3/1PP3Pp/P1N1N2P/1BQRPPBK/8 b - - 0 23,-49,-50
zW9rxgAb,48,Bxe3,Bishop,Ncd7,62,Inaccuracy,4r1k1/1pq2p2/2p1bnpb/2n1p3/1PP3Pp/2N1N2P/1BQRPPBK/8 b - - 0 24,-62,0
zW9rxgAb,50,Ncd7,Knight,e4+,37,Inaccuracy,4r1k1/1pq2p2/2p1bnp1/2n1p3/1PP3Pp/2N1P2P/1BQRP1BK/8 b - - 0 25,0,37
zW9rxgAb,52,Nxe4,Knight,Nxe4,13,Good,4r1k1/1pqn1p2/2p1bnp1/4p3/1PP1N1Pp/4P2P/1BQRP1BK/8 b - - 2 26,6,19
zW9rxgAb,54,g5,Pawn,Qb6,34,Inaccuracy,4r1k1/1pqn1p2/2p1b1p1/4p3/1PP1Q1Pp/4P2P/1B1RP1BK/8 b - - 0 27,9,43
zW9rxgAb,56,Nf6,Knight,Kg7,36,Inaccuracy,4r1k1/1pqn1p2/2p1b3/2P1p1p1/1P2Q1Pp/4P2P/1B1RP1BK/8 b - - 0 28,37,73
zW9rxgAb,58,Qxe5+,Queen,Qxe5+,-11,Good,4r1k1/1pq2p2/2p1bn2/2P1Q1p1/1P4Pp/4P2P/1B1RP1BK/8 b - - 0 29,64,53
zW9rxgAb,60,Nd5,Knight,Nd5,7,Good,4r1k1/1p3p2/2p1bn2/2P1B1p1/1P4Pp/4P2P/3RP1BK/8 b - - 0 30,69,76
zW9rxgAb,62,Nxb4,Knight,Ne3,127,Mistake,4r1k1/1p3p2/2p1b3/2PnB1p1/1P2P1Pp/7P/3RP1BK/8 b - - 0 31,29,156
zW9rxgAb,64,Na6,Knight,Na6,35,Inaccuracy,4r1k1/1p3p2/2p1b3/2P1B1p1/1n2P1Pp/7P/1R2P1BK/8 b - - 1 32,148,183
zW9rxgAb,66,Bc8,Bishop,Bc8,24,Good,4r1k1/1p3p2/n1pBb3/2P3p1/4P1Pp/7P/1R2P1BK/8 b - - 3 33,153,177
zW9rxgAb,68,Kg7,King,f6,29,Good,2b1r1k1/1p3p2/n1pB4/2P1P1p1/6Pp/7P/1R2P1BK/8 b - - 0 34,179,208
zW9rxgAb,70,f6,Pawn,f6,-4,Good,2b1r3/1p3pk1/n1pB4/2P1P1p1/6Pp/7P/1R2P1B1/6K1 b - - 2 35,209,205
zW9rxgAb,72,Kxf6,King,Kxf6,3,Good,2b1r3/1p4k1/n1pB1P2/2P3p1/6Pp/7P/1R2P1B1/6K1 b - - 0 36,163,166
zW9rxgAb,74,Kg6,King,Re6,164,Mistake,2b1r3/1p6/n1pB1k2/2P3p1/4P1Pp/7P/1R4B1/6K1 b - - 0 37,160,324
zW9rxgAb,76,Kg7,King,Kg7,-1,Good,2b1r3/1p6/n1pB2k1/2P1P1p1/6Pp/7P/1R4B1/6K1 b - - 0 38,345,344
zW9rxgAb,78,Rh8,Rook,Rf8+,43,Inaccuracy,2b1r3/1p4k1/n1pB4/2P1P1p1/6Pp/7P/1R3KB1/8 b - - 2 39,352,395
zW9rxgAb,80,Rh6,Rook,Rf8,80,Inaccuracy,2b4r/1p4k1/n1pB4/2P1P1p1/6Pp/4K2P/1R4B1/8 b - - 4 40,362,442
zW9rxgAb,82,Kg8,King,Rh8,23,Good,2b5/1p4k1/n1pB3r/2P1P1p1/4B1Pp/4K2P/1R6/8 b - - 6 41,453,476
zW9rxgAb,84,Re6,Rook,Kh8,76,Inaccuracy,2b3k1/1p6/n1pB3r/2P1P1p1/3KB1Pp/7P/1R6/8 b - - 8 42,470,546
zW9rxgAb,86,Re8,Rook,Nxc5,30,Inaccuracy,2b3k1/1p6/n1pBr3/2P1P1p1/4B1Pp/2K4P/1R6/8 b - - 10 43,379,409
zW9rxgAb,88,Bxf5,Bishop,Nxc5,159,Mistake,2b1r1k1/1p6/n1pB4/2P1PBp1/6Pp/2K4P/1R6/8 b - - 12 44,280,439
zW9rxgAb,90,Nxc5,Knight,Nxc5,41,Inaccuracy,4r1k1/1p6/n1pB4/2P1PPp1/7p/2K4P/1R6/8 b - - 0 45,435,476
zW9rxgAb,92,Nd7,Knight,g4,37,Inaccuracy,4r1k1/1p6/2pB4/2n1PPp1/3K3p/7P/1R6/8 b - - 1 46,463,500
zW9rxgAb,94,Nf8,Knight,Rd8,49,Inaccuracy,4r1k1/1R1n4/2pB4/4PPp1/3K3p/7P/8/8 b - - 0 47,495,544
zW9rxgAb,96,Rxf8,Rook,Rxf8,42,Inaccuracy,4rBk1/1R6/2p5/4PPp1/3K3p/7P/8/8 b - - 0 48,475,517
zW9rxgAb,98,Rd8+,Rook,Rf7,20,Good,5rk1/1R6/2p2P2/4P1p1/3K3p/7P/8/8 b - - 0 49,586,606
3vK1mPDw,2,c5,Pawn,c5,-3,Good,rnbqkbnr/pppppppp/8/8/4P3/8/PPPP1PPP/RNBQKBNR b KQkq - 0 1,42,39
3vK1mPDw,4,d6,Pawn,d6,5,Good,rnbqkbnr/pp1ppppp/8/2p5/4P3/5N2/PPPP1PPP/RNBQKB1R b KQkq - 1 2,41,46
3vK1mPDw,6,cxd4,Pawn,Nf6,11,Good,rnbqkbnr/pp2pppp/3p4/2p5/3PP3/5N2/PPP2PPP/RNBQKB1R b KQkq - 0 3,42,53
3vK1mPDw,8,Nf6,Knight,Nf6,2,Good,rnbqkbnr/pp2pppp/3p4/8/3NP3/8/PPP2PPP/RNBQKB1R b KQkq - 0 4,48,50
3vK1mPDw,10,a6,Pawn,a6,4,Good,rnbqkb1r/pp2pppp/3p1n2/8/3NP3/2N5/PPP2PPP/R1BQKB1R b KQkq - 2 5,41,45
3vK1mPDw,12,e6,Pawn,e6,0,Good,rnbqkb1r/1p2pppp/p2p1n2/6B1/3NP3/2N5/PPP2PPP/R2QKB1R b KQkq - 1 6,48,48
3vK1mPDw,14,h6,Pawn,Qb6,6,Good,rnbqkb1r/1p3ppp/p2ppn2/6B1/3NPP2/2N5/PPP3PP/R2QKB1R b KQkq - 0 7,43,49
3vK1mPDw,16,Qb6,Queen,Qb6,-3,Good,rnbqkb1r/1p3pp1/p2ppn1p/8/3NPP1B/2N5/PPP3PP/R2QKB1R b KQkq - 1 8,44,41
3vK1mPDw,18,Be7,Bishop,Nc6,-16,Good,rnb1kb1r/1p3pp1/pq1ppn1p/8/3NPP1B/P1N5/1PP3PP/R2QKB1R b KQkq - 0 9,53,37
3vK1mPDw,20,Qc7,Queen,Qc7,7,Good,rnb1k2r/1p2bpp1/pq1ppn1p/8/3NPP2/P1N5/1PP2BPP/R2QKB1R b KQkq - 2 10,33,40
3vK1mPDw,22,Nbd7,Knight,Nbd7,-5,Good,rnb1k2r/1pq1bpp1/p2ppn1p/8/3NPP2/P1N2Q2/1PP2BPP/R3KB1R b KQkq - 4 11,44,39
3vK1mPDw,24,b5,Pawn,b5,2,Good,r1b1k2r/1pqnbpp1/p2ppn1p/8/3NPP2/P1N2Q2/1PP2BPP/2KR1B1R b kq - 6 12,47,49
3vK1mPDw,26,Bb7,Bishop,Bb7,8,Good,r1b1k2r/2qnbpp1/p2ppn1p/1p6/3NPPP1/P1N2Q2/1PP2B1P/2KR1B1R b kq - 0 13,34,42
3vK1mPDw,28,Nc5,Knight,d5,1,Good,r3k2r/1bqnbpp1/p2ppn1p/1p6/3NPPPP/P1N2Q2/1PP2B2/2KR1B1R b kq - 0 14,53,54
3vK1mPDw,30,h5,Pawn,h5,-14,Good,r3k2r/1bq1bpp1/p2ppn1p/1pn5/3NPPPP/P1NB1Q2/1PP2B2/2KR3R b kq - 2 15,60,46
3vK1mPDw,32,Ng4,Knight,Ng4,3,Good,r3k2r/1bq1bpp1/p2ppn2/1pn3Pp/3NPP1P/P1NB1Q2/1PP2B2/2KR3R b kq - 0 16,82,85
3vK1mPDw,34,Qb6,Queen,O-O-O,44,Inaccuracy,r3k2r/1bq1bpp1/p2pp3/1pn3Pp/3NPPnP/P1NB1Q2/1PP2B2/2KR2R1 b kq - 2 17,92,136
3vK1mPDw,36,hxg4,Pawn,hxg4,12,Good,r3k2r/1b2bpp1/pq1pp3/1pn3Pp/3NPPRP/P1NB1Q2/1PP2B2/2KR4 b kq - 0 18,110,122
3vK1mPDw,38,b4,Pawn,b4,-1,Good,r3k2r/1b2bpp1/pq1pp3/1pn3P1/3NPPQP/P1NB4/1PP2B2/2KR4 b kq - 0 19,115,114
3vK1mPDw,40,Qxb4,Queen,Qxb4,7,Good,r3k2r/1b2bpp1/pq1pp3/2n3P1/1P1NPPQP/2NB4/1PP2B2/2KR4 b kq - 0 20,117,124
3vK1mPDw,42,Rb8,Rook,Rb8,-18,Good,r3k2r/1b2bpp1/p2pp1P1/2n5/1q1NPPQP/2NB4/1PP2B2/2KR4 b kq - 0 21,110,92
3vK1mPDw,44,Kxf7,King,Kxf7,22,Good,1r2k2r/1b2bPp1/p2pp3/2n5/1q1NPPQP/2NB4/1PP2B2/2KR4 b k - 0 22,57,79
3vK1mPDw,46,Bc8,Bishop,Bf6,302,Blunder,1r5r/1b2bkp1/p2pp3/2n2P2/1q1NP1QP/2NB4/1PP2B2/2KR4 b - - 0 23,12,314
3vK1mPDw,48,Kg8,King,Kg8,-8,Good,1rb4r/4bkp1/p2pp1Q1/2n2P2/1q1NP2P/2NB4/1PP2B2/2KR4 b - - 2 24,362,354
3vK1mPDw,50,Qxb2+,Queen,Bxe6,201,Blunder,1rb3kr/4b1p1/p2pP1Q1/2n5/1q1NP2P/2NB4/1PP2B2/2KR4 b - - 0 25,132,333
3vK1mPDw,52,Rh6,Rook,Rb7,231,Blunder,1rb3kr/4b1p1/p2pP1Q1/2n5/3NP2P/2NB4/1qPK1B2/3R4 b - - 1 26,393,624
3vK1mPDw,54,Kh7,King,Kh8,133,Mistake,1rb3k1/4bQp1/p2pP2r/2n5/3NP2P/2NB4/1qPK1B2/3R4 b - - 3 27,617,750
3vK1mPDw,56,Bxe6,Bishop,Qb7,88,Inaccuracy,1rb5/4Q1pk/p2pP2r/2n5/3NP2P/2NB4/1qPK1B2/3R4 b - - 0 28,478,566
3vK1mPDw,58,Rg8,Rook,Qb7,26,Good,1r6/4Q1pk/p2pb2r/2n5/3NP2P/2NB4/1qPK1B2/6R1 b - - 1 29,533,559
3vK1mPDw,60,Nxd3,Knight,Rh5,114,Mistake,6r1/4Q1pk/p2pb2r/2n5/3NP2P/2NBB3/1qPK4/6R1 b - - 3 30,630,744
3vK1mPDw,62,Kxh6,King,Bg4,9190,Blunder,6r1/4Q1pk/p2pb2B/8/3NP2P/2Nn4/1qPK4/6R1 b - - 0 31,808,9998
5EirWxQG,2,e5,Pawn,c5,6,Good,rnbqkbnr/pppppppp/8/8/4P3/8/PPPP1PPP/RNBQKBNR b KQkq - 0 1,32,38
5EirWxQG,4,d5,Pawn,Nc6,64,Inaccuracy,rnbqkbnr/pppp1ppp/8/4p3/4P3/5N2/PPPP1PPP/RNBQKB1R b KQkq - 1 2,43,107
5EirWxQG,6,e4,Pawn,e4,-9,Good,rnbqkbnr/ppp2ppp/8/3Pp3/8/5N2/PPPP1PPP/RNBQKB1R b KQkq - 0 3,106,97
5EirWxQG,8,Nf6,Knight,Nf6,-6,Good,rnbqkbnr/ppp2ppp/8/3P4/4p3/5N2/PPPPQPPP/RNB1KB1R b KQkq - 1 4,102,96
5EirWxQG,10,Bb4+,Bishop,Qxd5,70,Inaccuracy,rnbqkb1r/ppp2ppp/5n2/3P4/4p3/3P1N2/PPP1QPPP/RNB1KB1R b KQkq - 0 5,108,178
5EirWxQG,12,O-O,King,O-O,-2,Good,rnbqk2r/ppp2ppp/5n2/3P4/1b2p3/2NP1N2/PPP1QPPP/R1B1KB1R b KQkq - 2 6,80,78
5EirWxQG,14,Nxe4,Knight,Re8,111,Mistake,rnbq1rk1/ppp2ppp/5n2/3P4/1b2P3/2N2N2/PPP1QPPP/R1B1KB1R b KQ - 0 7,84,195
5EirWxQG,16,Bf5,Bishop,Bf5,-4,Good,rnbq1rk1/ppp2ppp/8/3P4/1b2n3/2NQ1N2/PPP2PPP/R1B1KB1R b KQ - 1 8,-155,-159
5EirWxQG,18,c5,Pawn,c5,-41,Good,rn1q1rk1/ppp2ppp/8/3P1b2/1b1Qn3/2N2N2/PPP2PPP/R1B1KB1R b KQ - 3 9,-333,-374
5EirWxQG,20,b5,Pawn,b5,7,Good,rn1q1rk1/pp3ppp/8/2pP1b2/1bQ1n3/2N2N2/PPP2PPP/R1B1KB1R b KQ - 1 10,-348,-341
5EirWxQG,22,a5,Pawn,Qe7,154,Mistake,rn1q1rk1/p4ppp/8/1ppP1b2/1b2n3/1QN2N2/PPP2PPP/R1B1KB1R b KQ - 1 11,-397,-243
5EirWxQG,24,a4,Pawn,a4,-15,Good,rn1q1rk1/5ppp/8/pBpP1b2/1b2n3/1QN2N2/PPP2PPP/R1B1K2R b KQ - 0 12,-242,-257
5EirWxQG,26,Nd6,Knight,Nd6,-45,Good,rn1q1rk1/5ppp/8/1BpP1b2/pbQ1n3/2N2N2/PPP2PPP/R1B1K2R b KQ - 1 13,-314,-359
5EirWxQG,28,a3,Pawn,Qa5,65,Inaccuracy,rn1q1rk1/5ppp/3n4/1BpP1b2/pb6/2N2N2/PPP2PPP/R1B1KQ1R b KQ - 3 14,-441,-376
5EirWxQG,30,axb2,Pawn,Qa5,30,Inaccuracy,rn1q1rk1/5ppp/3n4/1BpP1b2/1b6/p1N2N2/PPP2PPP/R1BK1Q1R b - - 1 15,-515,-485
5EirWxQG,32,Qa5,Queen,Qa5,16,Good,rn1q1rk1/5ppp/3n4/1BpP1b2/1b6/2N2N2/PBP2PPP/R2K1Q1R b - - 0 16,-493,-477
5EirWxQG,34,Bxc3,Bishop,Bg4+,30,Inaccuracy,rn3rk1/5ppp/3n4/qBpP1b2/1b5N/2N5/PBP2PPP/R2K1Q1R b - - 2 17,-535,-505
5EirWxQG,36,Nxf5,Knight,Nxf5,-6,Good,rn3rk1/5ppp/3n4/qBpP1N2/8/2b5/PBP2PPP/R2K1Q1R b - - 0 18,-504,-510
5EirWxQG,38,Qxc3,Queen,Qxc3,4,Good,rn3rk1/5ppp/8/qBpP1n2/8/2B5/P1P2PPP/R2K1Q1R b - - 0 19,-506,-502
5EirWxQG,40,Nd4,Knight,Nd6,30,Inaccuracy,rn3rk1/5ppp/8/1BpP1n2/8/2q5/P1P2PPP/2RK1Q1R b - - 1 20,-546,-516
5EirWxQG,42,Rxa2,Rook,Re8,43,Inaccuracy,rn3rk1/5ppp/8/2pP4/3n4/2qB4/P1P2PPP/2RK1Q1R b - - 3 21,-546,-503
5EirWxQG,44,Qb2,Queen,Qb2,-14,Good,1n3rk1/5ppp/8/2pP4/3n4/2qB4/r1P2PPP/2RKQ2R b - - 1 22,-489,-503
5EirWxQG,46,f5,Pawn,g6,101,Mistake,1n3rk1/5ppp/8/2pP4/3nQ3/3B4/rqP2PPP/2RK3R b - - 3 23,-530,-429
5EirWxQG,48,Nd7,Knight,Nd7,-31,Good,1n3rk1/6pp/8/2pP1p2/3n1Q2/3B4/rqP2PPP/2RK3R b - - 1 24,-431,-462
5EirWxQG,50,Nf6,Knight,Ra3,22,Good,5rk1/3n2pp/8/2pP1p2/3n1QP1/3B4/rqP2P1P/2RK3R b - - 0 25,-542,-520
5EirWxQG,52,Kh8,King,Ra3,-12,Good,5rk1/6pp/5n2/2pP1P2/3n1Q2/3B4/rqP2P1P/2RK3R b - - 0 26,-542,-554
5EirWxQG,54,Re8,Rook,Ra1,67,Inaccuracy,5r1k/6pp/5n2/2pPQP2/3n4/3B4/rqP2P1P/2RK3R b - - 2 27,-687,-620
5EirWxQG,56,Ra1,Rook,Ra1,-1,Good,4r2k/6pp/3Q1n2/2pP1P2/3n4/3B4/rqP2P1P/2RK3R b - - 4 28,-9987,-9988
5EirWxQG,58,Nh5,Knight,Nxd5,9373,Blunder,4r2k/6pp/5n2/2pP1P2/3n1Q2/3B4/1qP2P1P/r1RK3R b - - 6 29,-9994,-621
5EirWxQG,60,Nf3,Knight,Nf3,-82,Good,4r2k/6pp/8/2pP1P1n/3n4/3B4/1qPQ1P1P/r1RK3R b - - 8 30,-658,-740
5EirWxQG,62,Rxe1+,Rook,Qxc1+,3,Good,4r2k/6pp/8/2pP1P1n/8/3B1n2/1qPQ1P1P/r1RKR3 b - - 10 31,-9998,-9995
EoJwWXoJ,2,c5,Pawn,e5,-5,Good,rnbqkbnr/pppppppp/8/8/4P3/8/PPPP1PPP/RNBQKBNR b KQkq - 0 1,35,30
EoJwWXoJ,4,d6,Pawn,d6,-5,Good,rnbqkbnr/pp1ppppp/8/2p5/4P3/5N2/PPPP1PPP/RNBQKB1R b KQkq - 1 2,43,38
EoJwWXoJ,6,cxd4,Pawn,cxd4,4,Good,rnbqkbnr/pp2pppp/3p4/2p5/3PP3/5N2/PPP2PPP/RNBQKB1R b KQkq - 0 3,42,46
EoJwWXoJ,8,a6,Pawn,Nf6,6,Good,rnbqkbnr/pp2pppp/3p4/8/3NP3/8/PPP2PPP/RNBQKB1R b KQkq - 0 4,45,51
EoJwWXoJ,10,e6,Pawn,Nf6,23,Good,rnbqkbnr/1p2pppp/p2p4/8/3NP3/2N5/PPP2PPP/R1BQKB1R b KQkq - 1 5,47,70
EoJwWXoJ,12,b5,Pawn,b5,-8,Good,rnbqkbnr/1p3ppp/p2pp3/8/3NP1P1/2N5/PPP2P1P/R1BQKB1R b KQkq - 0 6,71,63
EoJwWXoJ,14,Bb7,Bishop,b4,9,Good,rnbqkbnr/5ppp/p2pp3/1p4P1/3NP3/2N5/PPP2P1P/R1BQKB1R b KQkq - 0 7,54,63
EoJwWXoJ,16,h6,Pawn,Ne7,105,Mistake,rn1qkbnr/1b3ppp/p2pp3/1p4P1/3NP3/P1N5/1PP2P1P/R1BQKB1R b KQkq - 0 8,43,148
EoJwWXoJ,18,Qf6,Queen,Nc6,68,Inaccuracy,rn1qkbnr/1b3pp1/p2pp1Pp/1p6/3NP3/P1N5/1PP2P1P/R1BQKB1R b KQkq - 0 9,173,241
EoJwWXoJ,20,Qxf7,Queen,Qxf7,22,Good,rn2kbnr/1b3Pp1/p2ppq1p/1p6/3NP3/P1N5/1PP2P1P/R1BQKB1R b KQkq - 0 10,267,289
EoJwWXoJ,22,Nf6,Knight,Nc6,60,Inaccuracy,rn2kbnr/1b3qp1/p2pp2p/1p6/3NP3/P1N1B3/1PP2P1P/R2QKB1R b KQkq - 1 11,208,268
EoJwWXoJ,24,e5,Pawn,e5,-18,Good,rn2kb1r/1b3qp1/p2ppn1p/1p6/3NP3/P1N1B2B/1PP2P1P/R2QK2R b KQkq - 3 12,282,264
EoJwWXoJ,26,Nxe4,Knight,Nxe4,-6,Good,rn2kb1r/1b3qp1/p2pNn1p/1p2p3/4P3/P1N1B2B/1PP2P1P/R2QK2R b KQkq - 1 13,292,286
EoJwWXoJ,28,Bxe4,Bishop,Bxe4,35,Inaccuracy,rn2kb1r/1b3qp1/p2pN2p/1p2p3/4N3/P3B2B/1PP2P1P/R2QK2R b KQkq - 0 14,264,299
EoJwWXoJ,30,d5,Pawn,Nc6,117,Mistake,rn2kb1r/5qp1/p2pN2p/1p2p3/4b3/P3B2B/1PP2P1P/R2QK1R1 b Qkq - 1 15,214,331
EoJwWXoJ,32,Bd6,Bishop,Ke7,116,Mistake,rn2kb1r/5qp1/pB2N2p/1p1pp3/4b3/P6B/1PP2P1P/R2QK1R1 b Qkq - 1 16,334,450
EoJwWXoJ,34,Nd7,Knight,Qf3,152,Mistake,rn2k2r/5qR1/pB1bN2p/1p1pp3/4b3/P6B/1PP2P1P/R2QK3 b Qkq - 0 17,437,589
EoJwWXoJ,36,Kxf7,King,Kxf7,-41,Good,r3k2r/3n1R2/pB1bN2p/1p1pp3/4b3/P6B/1PP2P1P/R2QK3 b Qkq - 0 18,691,650
EoJwWXoJ,38,Be7,Bishop,Bxc7,-17,Good,r6r/2Bn1k2/p2bN2p/1p1pp3/4b3/P6B/1PP2P1P/R2QK3 b Q - 1 19,511,494
EoJwWXoJ,40,Bg6,Bishop,Bg6,22,Good,r6r/2Bnbk2/p3N2p/1p1pp2Q/4b3/P6B/1PP2P1P/R3K3 b Q - 3 20,549,571
EoJwWXoJ,42,Bf6,Bishop,Nf6,186,Mistake,r6r/2Bnbk2/p3N1bp/1p1pp3/8/P4Q1B/1PP2P1P/R3K3 b Q - 5 21,580,766
EoJwWXoJ,44,Rae8,Rook,Rhe8,10,Good,r6r/2Bn1k2/p3Nbbp/1p1Qp3/8/P6B/1PP2P1P/R3K3 b Q - 0 22,822,832
EoJwWXoJ,46,Re7,Rook,Re7,-19,Good,4r2r/2BQ1k2/p3Nbbp/1p2p3/8/P6B/1PP2P1P/R3K3 b Q - 0 23,682,663
EoJwWXoJ,48,e4,Pawn,Rhe8,122,Mistake,7r/2B1rk2/p3Nbbp/1p1Qp3/8/P6B/1PP2P1P/R3K3 b Q - 2 24,700,822
EoJwWXoJ,50,Kg7,King,Kg7,-38,Good,7r/2B1rk2/p4bbp/1p1Q4/4pN2/P6B/1PP2P1P/R3K3 b Q - 1 25,768,730
EoJwWXoJ,52,Kxg6,King,Rxc7,23,Good,7r/2B1r1k1/p4bNp/1p1Q4/4p3/P6B/1PP2P1P/R3K3 b Q - 0 26,789,812
EoJwWXoJ,54,Kg7,King,Kg7,-2,Good,7r/2B1r3/p4bkp/1p1Q1B2/4p3/P7/1PP2P1P/R3K3 b Q - 1 27,817,815
EoJwWXoJ,56,Rf7,Rook,Rd8,12,Good,7r/4r1k1/p2B1b1p/1p1Q1B2/4p3/P7/1PP2P1P/R3K3 b Q - 3 28,822,834
EoJwWXoJ,58,Bg5+,Bishop,Re8,51,Inaccuracy,7r/5rk1/p2B1b1p/1p1Q1B2/4p3/P7/1PP2P1P/2KR4 b - - 5 29,797,848
4tDA7iye,2,c5,Pawn,e5,10,Good,rnbqkbnr/pppppppp/8/8/4P3/8/PPPP1PPP/RNBQKBNR b KQkq - 0 1,41,51
4tDA7iye,4,d5,Pawn,Nf6,5,Good,rnbqkbnr/pp1ppppp/8/2p5/4P3/2P5/PP1P1PPP/RNBQKBNR b KQkq - 0 2,28,33
4tDA7iye,6,Qxd5,Queen,Qxd5,-8,Good,rnbqkbnr/pp2pppp/8/2pP4/8/2P5/PP1P1PPP/RNBQKBNR b KQkq - 0 3,41,33
4tDA7iye,8,Nf6,Knight,Nc6,-9,Good,rnb1kbnr/pp2pppp/8/2pq4/8/2P2N2/PP1P1PPP/RNBQKB1R b KQkq - 1 4,40,31
4tDA7iye,10,e6,Pawn,Nc6,3,Good,rnb1kb1r/pp2pppp/5n2/2pq4/3P4/2P2N2/PP3PPP/RNBQKB1R b KQkq - 0 5,29,32
4tDA7iye,12,Nc6,Knight,cxd4,-9,Good,rnb1kb1r/pp3ppp/4pn2/2pq4/3P4/N1P2N2/PP3PPP/R1BQKB1R b KQkq - 1 6,37,28
4tDA7iye,14,cxd4,Pawn,cxd4,-9,Good,r1b1kb1r/pp3ppp/2n1pn2/2pq4/3P4/N1P2N2/PP2BPPP/R1BQK2R b KQkq - 3 7,26,17
4tDA7iye,16,Qd7,Queen,Bd6,13,Good,r1b1kb1r/pp3ppp/2n1pn2/1N1q4/3p4/2P2N2/PP2BPPP/R1BQK2R b KQkq - 1 8,25,38
4tDA7iye,18,Bd6,Bishop,Be7,2,Good,r1b1kb1r/pp1q1ppp/2n1pn2/8/3N4/2P2N2/PP2BPPP/R1BQK2R b KQkq - 0 9,32,34
4tDA7iye,20,bxc6,Pawn,Qxc6,12,Good,r1b1k2r/pp1q1ppp/2Nbpn2/8/8/2P2N2/PP2BPPP/R1BQK2R b KQkq - 0 10,26,38
4tDA7iye,22,O-O,King,Qc7,3,Good,r1b1k2r/p2q1ppp/2pbpn2/8/8/2P2N2/PP2BPPP/R1BQ1RK1 b kq - 1 11,17,20
4tDA7iye,24,c5,Pawn,Qc7,-4,Good,r1b2rk1/p2q1ppp/2pbpn2/8/8/2P2N2/PPQ1BPPP/R1B2RK1 b - - 3 12,-19,-23
4tDA7iye,26,Qc7,Queen,Qc7,17,Good,r1b2rk1/p2q1ppp/3bpn2/2p5/8/2P2N2/PPQ1BPPP/R1BR2K1 b - - 1 13,-17,0
4tDA7iye,28,Bb7,Bishop,Nd5,10,Good,r1b2rk1/p1q2ppp/3bpn2/2p3B1/8/2P2N2/PPQ1BPPP/R2R2K1 b - - 3 14,-10,0
4tDA7iye,30,gxf6,Pawn,gxf6,0,Good,r4rk1/pbq2ppp/3bpB2/2p5/8/2P2N2/PPQ1BPPP/R2R2K1 b - - 0 15,0,0
4tDA7iye,32,Bxf3,Bishop,Rfd8,17,Good,r4rk1/pbq2p1p/3bpp2/2p5/Q7/2P2N2/PP2BPPP/R2R2K1 b - - 1 16,0,17
4tDA7iye,34,Rab8,Rook,Rab8,-4,Good,r4rk1/p1q2p1p/3bpp2/2p5/Q7/2P2B2/PP3PPP/R2R2K1 b - - 0 17,16,12
4tDA7iye,36,Be5,Bishop,Rxb2,52,Inaccuracy,1r3rk1/p1q2p1p/3bpp2/2p5/7Q/2P2B2/PP3PPP/R2R2K1 b - - 2 18,-44,8
4tDA7iye,38,Rfd8,Rook,Rfd8,8,Good,1r3rk1/p1q2p1p/4pp2/2p1b3/7Q/2P2B2/PP1R1PPP/R5K1 b - - 4 19,0,8
4tDA7iye,40,Rxd2,Rook,Rxd2,-2,Good,1r1r2k1/p1q2p1p/4pp2/2p1b3/7Q/2P2B2/PP1R1PPP/3R2K1 b - - 6 20,2,0
4tDA7iye,42,Rd8,Rook,Rd8,-2,Good,1r4k1/p1q2p1p/4pp2/2p1b3/7Q/2P2B2/PP1R1PPP/6K1 b - - 0 21,5,3
4tDA7iye,44,Rxd2,Rook,Bxh2+,-4,Good,3r2k1/p1q2p1p/4pp2/2p1b3/4B2Q/2P5/PP1R1PPP/6K1 b - - 2 22,5,1
4tDA7iye,46,Kf8,King,Kf8,0,Good,6k1/p1q2p1Q/4pp2/2p1b3/4B3/2P5/PP1r1PPP/6K1 b - - 0 23,0,0
4tDA7iye,48,Ke7,King,Kg8,15,Good,5k2/p1q2p2/4pp1Q/2p1b3/4B3/2P5/PP1r1PPP/6K1 b - - 2 24,0,15
4tDA7iye,50,Bxh2+,Bishop,Bxh2+,-1,Good,8/p1q1kp2/4pp2/2p1b3/4B3/2P5/PP1Q1PPP/6K1 b - - 0 25,1,0
4tDA7iye,52,Bd6,Bishop,Bd6,-8,Good,8/p1q1kp2/4pp2/2p5/4B3/2P5/PP1Q1PPb/5K2 b - - 1 26,15,7
4tDA7iye,54,a5,Pawn,f5,-8,Good,8/p1q1kp2/3bpp2/2p5/4B3/2P3P1/PP1Q1P2/5K2 b - - 0 27,10,2
4tDA7iye,56,Qb6,Queen,c4,13,Good,8/2q1kp2/3bpp2/p1p5/4B3/1PP3P1/P2Q1P2/5K2 b - - 0 28,-13,0
4tDA7iye,58,Qc7,Queen,c4,10,Good,8/4kp2/1q1bpp2/p1p5/4B3/1PP3P1/P2Q1PK1/8 b - - 2 29,-14,-4
4tDA7iye,60,f5,Pawn,f5,-2,Good,8/2q1kp2/3bpp2/p1p5/4B3/1PPQ2P1/P4PK1/8 b - - 4 30,0,-2
4tDA7iye,62,Be5,Bishop,c4,0,Good,8/2q1kp2/3bp3/p1p2p2/8/1PPQ1BP1/P4PK1/8 b - - 1 31,0,0
4tDA7iye,64,Bf6,Bishop,f4,1,Good,8/2q1kp2/4p3/p1p1bp2/8/1PP1QBP1/P4PK1/8 b - - 3 32,-4,-3
4tDA7iye,66,Qe5,Queen,Qe5,0,Good,8/2q1kp2/4pb2/p1p2p2/2P5/1P2QBP1/P4PK1/8 b - - 0 33,0,0
4tDA7iye,68,Qd4,Queen,Qb2,47,Inaccuracy,8/4kp2/4pb2/p1p1qp2/2P5/1P3BP1/P2Q1PK1/8 b - - 2 34,0,47
4tDA7iye,70,Be5,Bishop,f4,3,Good,8/4kp2/4pb2/Q1p2p2/2Pq4/1P3BP1/P4PK1/8 b - - 0 35,34,37
4tDA7iye,72,Qb2,Queen,Qb2,2,Good,8/4kp2/4p3/2p1bp2/2Pq4/1P3BP1/P4PK1/4Q3 b - - 2 36,30,32
4tDA7iye,74,Qxe2,Queen,Qxe2,0,Good,8/4kp2/4p3/2p1bp2/2P5/1P3BP1/Pq2QPK1/8 b - - 4 37,22,22
4tDA7iye,76,Bb2,Bishop,f6,-15,Good,8/4kp2/4p3/2p1bp2/2P5/1P4P1/P3BPK1/8 b - - 0 38,20,5
4tDA7iye,78,Ba3,Bishop,Bc3,13,Good,8/4kp2/4p3/2p2p2/2P2P2/1P4P1/Pb2B1K1/8 b - - 0 39,2,15
4tDA7iye,80,Bb4,Bishop,Bb2,-2,Good,8/4kp2/4p3/2p2p2/2P2P2/bP3KP1/P3B3/8 b - - 2 40,10,8
4tDA7iye,82,Be1,Bishop,Be1,-1,Good,8/4kp2/4p3/2p2p2/1bP2P2/1P2K1P1/P3B3/8 b - - 4 41,10,9
4tDA7iye,84,fxg4,Pawn,fxg4,0,Good,8/4kp2/4p3/2p2p2/2P2PP1/1P2K3/P3B3/4b3 b - - 0 42,0,0
4tDA7iye,86,f5,Pawn,f5,0,Good,8/4kp2/4p3/2p5/2P2PB1/1P2K3/P7/4b3 b - - 0 43,0,0
4tDA7iye,88,Kd6,King,Bb4,4,Good,8/4k3/4p3/2p2p2/2P2P2/1P2KB2/P7/4b3 b - - 1 44,0,4
4tDA7iye,90,Bg3,Bishop,Bg3,0,Good,8/8/3kp3/2p2p2/2P2P2/1P1K1B2/P7/4b3 b - - 3 45,0,0
4tDA7iye,92,Be1,Bishop,Be1,2,Good,8/8/3kp3/2p2p2/2P2P2/1P2KBb1/P7/8 b - - 5 46,0,2
JuBBTiWq,2,c5,Pawn,e6,5,Good,rnbqkbnr/pppppppp/8/8/4P3/8/PPPP1PPP/RNBQKBNR b KQkq - 0 1,34,39
JuBBTiWq,4,d6,Pawn,e6,26,Good,rnbqkbnr/pp1ppppp/8/2p5/4P3/5N2/PPPP1PPP/RNBQKB1R b KQkq - 1 2,31,57
JuBBTiWq,6,cxd4,Pawn,cxd4,-14,Good,rnbqkbnr/pp2pppp/3p4/2p5/3PP3/5N2/PPP2PPP/RNBQKB1R b KQkq - 0 3,57,43
JuBBTiWq,8,Nf6,Knight,Nf6,-4,Good,rnbqkbnr/pp2pppp/3p4/8/3NP3/8/PPP2PPP/RNBQKB1R b KQkq - 0 4,43,39
JuBBTiWq,10,a6,Pawn,a6,-1,Good,rnbqkb1r/pp2pppp/3p1n2/8/3NP3/2N5/PPP2PPP/R1BQKB1R b KQkq - 2 5,41,40
JuBBTiWq,12,e5,Pawn,e5,3,Good,rnbqkb1r/1p2pppp/p2p1n2/8/3NP3/2N3P1/PPP2P1P/R1BQKB1R b KQkq - 0 6,21,24
JuBBTiWq,14,Be7,Bishop,Be7,1,Good,rnbqkb1r/1p3ppp/p2p1n2/4p3/4P3/2N2NP1/PPP2P1P/R1BQKB1R b KQkq - 1 7,17,18
JuBBTiWq,16,O-O,King,O-O,5,Good,rnbqk2r/1p2bppp/p2p1n2/4p3/4P3/2N2NP1/PPP2PBP/R1BQK2R b KQkq - 3 8,15,20
JuBBTiWq,18,b5,Pawn,b5,7,Good,rnbq1rk1/1p2bppp/p2p1n2/4p3/4P3/2N2NP1/PPP2PBP/R1BQ1RK1 b - - 5 9,2,9
JuBBTiWq,20,b4,Pawn,b4,2,Good,rnbq1rk1/4bppp/p2p1n2/1p2p3/P3P3/2N2NP1/1PP2PBP/R1BQ1RK1 b - - 0 10,-1,1
JuBBTiWq,22,Bb7,Bishop,a5,42,Inaccuracy,rnbq1rk1/4bppp/p2p1n2/3Np3/Pp2P3/5NP1/1PP2PBP/R1BQ1RK1 b - - 1 11,-6,36
JuBBTiWq,24,Qxe7,Queen,Qxe7,4,Good,rn1q1rk1/1b2Nppp/p2p1n2/4p3/Pp2P3/5NP1/1PP2PBP/R1BQ1RK1 b - - 0 12,36,40
JuBBTiWq,26,Qe6,Queen,g6,39,Inaccuracy,rn3rk1/1b2qppp/p2p1n2/4p3/Pp2P2N/6P1/1PP2PBP/R1BQ1RK1 b - - 1 13,36,75
JuBBTiWq,28,Nbd7,Knight,d5,-9,Good,rn3rk1/1b3ppp/p2pqn2/4p3/Pp2P2N/6P1/1PP2PBP/R1BQR1K1 b - - 3 14,-1,-10
JuBBTiWq,30,d5,Pawn,d5,4,Good,r4rk1/1b1n1ppp/p2pqn2/4pN2/Pp2P3/6P1/1PP2PBP/R1BQR1K1 b - - 5 15,-52,-48
JuBBTiWq,32,Kh8,King,Kh8,4,Good,r4rk1/1b1n1ppp/p3qn2/3ppN2/Pp2P3/6PB/1PP2P1P/R1BQR1K1 b - - 1 16,-72,-68
JuBBTiWq,34,Nxe4,Knight,g6,142,Mistake,r4r1k/1b1n1ppp/p3qn2/3ppN2/Pp2P3/6PB/1PPB1P1P/R2QR1K1 b - - 3 17,-259,-117
JuBBTiWq,36,Ng5,Knight,Ng5,17,Good,r4r1k/1b1n1ppp/p3q3/3ppN2/PB2n3/6PB/1PP2P1P/R2QR1K1 b - - 0 18,-235,-218
JuBBTiWq,38,h5,Pawn,h5,-15,Good,r4r1k/1b1n1ppp/p3q3/3ppNn1/PB4B1/6P1/1PP2P1P/R2QR1K1 b - - 2 19,-238,-253
JuBBTiWq,40,Rxf8,Rook,Rxf8,-18,Good,r4B1k/1b1n1pp1/p3q3/3ppNnp/P5B1/6P1/1PP2P1P/R2QR1K1 b - - 0 20,-235,-253
JuBBTiWq,42,Qxf5,Queen,Qxf5,-34,Good,5r1k/1b1n1pp1/p3q3/3ppNnB/P7/6P1/1PP2P1P/R2QR1K1 b - - 0 21,-247,-281
JuBBTiWq,44,Nh3+,Knight,Nh3+,-4,Good,5r1k/1b1n1pp1/p7/3ppqn1/P5B1/6P1/1PP2P1P/R2QR1K1 b - - 1 22,-370,-374
JuBBTiWq,46,Qxh3,Queen,Qxh3,-4,Good,5r1k/1b1n1pp1/p7/3ppq2/P7/6PB/1PP2P1P/R2QR1K1 b - - 0 23,-375,-379
JuBBTiWq,48,Ba8,Bishop,Kg8,18,Good,5r1k/1b1n1pp1/p7/3pp3/P7/5QPq/1PP2P1P/R3R1K1 b - - 1 24,-391,-373
JuBBTiWq,50,Qf5,Queen,Qe6,0,Good,b4r1k/3n1pp1/p7/3pp3/P7/6Pq/1PP2PQP/R3R1K1 b - - 3 25,-401,-401
JuBBTiWq,52,Qf4,Queen,Qxc2,54,Inaccuracy,b4r1k/3n1pp1/p7/3ppq2/P5P1/8/1PP2PQP/R3R1K1 b - - 0 26,-385,-331
JuBBTiWq,54,Kg8,King,Kg8,6,Good,b4r1k/3n1pp1/p7/3pp1P1/P4q2/8/1PP2PQP/R3R1K1 b - - 0 27,-343,-337
JuBBTiWq,56,Qf5,Queen,Qf5,-2,Good,b4rk1/3n1pp1/p7/3pp1P1/P4q2/6Q1/1PP2P1P/R3R1K1 b - - 2 28,-351,-353
JuBBTiWq,58,e4,Pawn,f6,10,Good,b4rk1/3n1pp1/p7/3ppqP1/P7/2P3Q1/1P3P1P/R3R1K1 b - - 0 29,-426,-416
JuBBTiWq,60,exf3,Pawn,exf3,8,Good,b4rk1/3n1pp1/p7/3p1qP1/P3pP2/2P3Q1/1P5P/R3R1K1 b - f3 0 30,-402,-394
JuBBTiWq,62,d4,Pawn,d4,9,Good,b4rk1/3n1pp1/p7/3p1qP1/P7/2P1RpQ1/1P5P/R5K1 b - - 1 31,-408,-399
JuBBTiWq,64,Qd5,Queen,Rc8,23,Good,b4rk1/3n1pp1/p7/5qP1/P2P4/4RpQ1/1P5P/R5K1 b - - 0 32,-409,-386
JuBBTiWq,66,Qxd4,Queen,Qxg5+,70,Inaccuracy,b4rk1/3n1pp1/p7/3q2P1/P2P4/4Rp2/1P3Q1P/R5K1 b - - 2 33,-566,-496
JuBBTiWq,68,Nc5,Knight,Nc5,72,Inaccuracy,b4rk1/3n1pp1/p7/6P1/P2q4/4Rp2/1P3Q1P/4R1K1 b - - 1 34,-466,-394
JuBBTiWq,70,Nd3,Knight,Qf4,104,Mistake,b4rk1/5pp1/p7/2n3P1/P2q4/4Rp1P/1P3Q2/4R1K1 b - - 0 35,-523,-419
JuBBTiWq,72,Qxd3,Queen,Qxd3,-7,Good,b4rk1/5pp1/p7/6P1/P2q4/3R1p1P/1P3Q2/4R1K1 b - - 0 36,-575,-582
JuBBTiWq,74,Qf5,Queen,Qf5,6,Good,b4rk1/5pp1/p7/6P1/P7/3qRp1P/1P3Q2/6K1 b - - 1 37,-632,-626
JuBBTiWq,76,Rd8,Rook,Rd8,15,Good,b4rk1/5pp1/p7/5qP1/P7/4RpQP/1P6/6K1 b - - 3 38,-651,-636
JuBBTiWq,78,g6,Pawn,Qc5+,0,Good,b2r2k1/5pp1/p7/5qP1/P7/5pQP/1P6/4R1K1 b - - 5 39,-606,-606
JuBBTiWq,80,Qxh3,Queen,Qxh3,14,Good,b2r2k1/5p2/p5p1/5qP1/P7/5p1P/1P3Q2/4R1K1 b - - 1 40,-706,-692
JuBBTiWq,82,Qg4+,Queen,Qg4+,-15,Good,b2r2k1/5p2/p5p1/6P1/P7/5p1q/1P3Q2/2R3K1 b - - 1 41,-744,-759
JuBBTiWq,84,Qh5+,Queen,Qh5+,-8976,Good,b2r2k1/5p2/p5p1/6P1/P5q1/5p2/1P3Q2/2R4K b - - 3 42,-1008,-9984
JuBBTiWq,86,Qxg5+,Queen,Qxg5+,-1,Good,b2r2k1/5p2/p5p1/6Pq/P7/5p2/1P3Q2/2R3K1 b - - 5 43,-9985,-9986
JuBBTiWq,88,Qxc1+,Queen,Qxc1+,0,Good,b2r2k1/5p2/p5p1/6q1/P7/5p2/1P3Q2/2R4K b - - 1 44,-9989,-9989
s9yVi8JX,2,Nf6,Knight,Nf6,-6,Good,rnbqkbnr/pppppppp/8/8/3P4/8/PPP1PPPP/RNBQKBNR b KQkq - 0 1,24,18
s9yVi8JX,4,g6,Pawn,e6,9,Good,rnbqkb1r/pppppppp/5n2/8/2PP4/8/PP2PPPP/RNBQKBNR b KQkq - 0 2,18,27
s9yVi8JX,6,d5,Pawn,d5,-10,Good,rnbqkb1r/pppppp1p/5np1/8/2PP4/2N5/PP2PPPP/R1BQKBNR b KQkq - 1 3,36,26
s9yVi8JX,8,Nxd5,Knight,Nxd5,3,Good,rnbqkb1r/ppp1pp1p/5np1/3P4/3P4/2N5/PP2PPPP/R1BQKBNR b KQkq - 0 4,15,18
s9yVi8JX,10,Nxc3,Knight,Nxc3,1,Good,rnbqkb1r/ppp1pp1p/6p1/3n4/3PP3/2N5/PP3PPP/R1BQKBNR b KQkq - 0 5,30,31
s9yVi8JX,12,Bg7,Bishop,Bg7,-6,Good,rnbqkb1r/ppp1pp1p/6p1/8/3PP3/2P5/P4PPP/R1BQKBNR b KQkq - 0 6,33,27
s9yVi8JX,14,c5,Pawn,c5,4,Good,rnbqk2r/ppp1ppbp/6p1/8/3PP3/2P2N2/P4PPP/R1BQKB1R b KQkq - 2 7,34,38
s9yVi8JX,16,O-O,King,Qa5,14,Good,rnbqk2r/pp2ppbp/6p1/2p5/3PP3/2P1BN2/P4PPP/R2QKB1R b KQkq - 1 8,34,48
s9yVi8JX,18,cxd4,Pawn,Bg4,10,Good,rnbq1rk1/pp2ppbp/6p1/2p5/3PP3/2P1BN2/P2Q1PPP/R3KB1R b KQ - 3 9,26,36
s9yVi8JX,20,Nc6,Knight,Bg4,9,Good,rnbq1rk1/pp2ppbp/6p1/8/3PP3/4BN2/P2Q1PPP/R3KB1R b KQ - 0 10,34,43
s9yVi8JX,22,Bg4,Bishop,Bg4,1,Good,r1bq1rk1/pp2ppbp/2n3p1/8/3PP3/4BN2/P2Q1PPP/2R1KB1R b K - 2 11,29,30
s9yVi8JX,24,Bxf3,Bishop,Bxf3,0,Good,r2q1rk1/pp2ppbp/2n3p1/3P4/4P1b1/4BN2/P2Q1PPP/2R1KB1R b K - 0 12,30,30
s9yVi8JX,26,Ne5,Knight,Ne5,-7,Good,r2q1rk1/pp2ppbp/2n3p1/3P4/4P3/4BP2/P2Q1P1P/2R1KB1R b K - 0 13,42,35
s9yVi8JX,28,Qd7,Queen,Qd7,1,Good,r2q1rk1/pp2ppbp/6p1/3Pn3/4P3/4BP2/P2QBP1P/2R1K2R b K - 2 14,31,32
s9yVi8JX,30,Rac8,Rook,Rac8,-1,Good,r4rk1/pp1qppbp/6p1/3Pn3/4P2P/4BP2/P2QBP2/2R1K2R b K - 0 15,26,25
s9yVi8JX,32,Rxc1+,Rook,Rxc1+,9,Good,2r2rk1/pp1qppbp/6p1/3Pn2P/4P3/4BP2/P2QBP2/2R1K2R b K - 0 16,31,40
s9yVi8JX,34,Rc8,Rook,Rc8,8,Good,5rk1/pp1qppbp/6p1/3Pn2P/4P3/4BP2/P3BP2/2Q1K2R b K - 0 17,29,37
s9yVi8JX,36,Nc4,Knight,Nc4,-1,Good,2r3k1/pp1qppbp/6p1/3Pn2P/4P3/4BP2/P3BP2/3QK2R b K - 2 18,35,34
s9yVi8JX,38,hxg6,Pawn,hxg6,-1,Good,2r3k1/pp1qppbp/6P1/3P4/2n1P3/4BP2/P3BP2/3QK2R b K - 0 19,23,22
s9yVi8JX,40,Nb2,Knight,Nb2,-4,Good,2r3k1/pp1qppb1/6p1/3P4/2nBP3/5P2/P3BP2/3QK2R b K - 1 20,-138,-142
s9yVi8JX,42,Bxb2,Bishop,Bxb2,-25,Good,2r3k1/pp1qppb1/6p1/3P4/4P3/5P2/PB2BP2/3QK2R b K - 0 21,-125,-150
s9yVi8JX,44,Rc1+,Rook,Rc1+,-16,Good,2r3k1/pp1qpp2/6p1/3P4/4P3/1Q3P2/Pb2BP2/4K2R b K - 1 22,-188,-204
s9yVi8JX,46,Bc3+,Bishop,Be5,100,Mistake,6k1/pp1qpp2/6p1/3P4/4P3/1Q3P2/Pb3P2/2rBK2R b K - 3 23,-197,-97
s9yVi8JX,48,Be5,Bishop,Qc7,46,Inaccuracy,6k1/pp1qpp2/6p1/3P4/4P3/1Qb2P2/P3KP2/2rB3R b - - 5 24,-245,-199
s9yVi8JX,50,Qc7,Queen,Qb5+,-3,Good,6k1/pp1qpp2/6p1/3Pb3/4P3/4QP2/P3KP2/2rB3R b - - 7 25,-276,-279
s9yVi8JX,52,Rc3,Rook,Ra1,207,Blunder,6k1/ppq1pp2/6p1/3Pb3/4P3/3Q1P2/P3KP2/2rB3R b - - 9 26,-320,-113
s9yVi8JX,54,Qc8,Queen,Kf8,38,Inaccuracy,6k1/ppq1pp2/6p1/1Q1Pb3/4P3/2r2P2/P3KP2/3B3R b - - 11 27,-164,-126
s9yVi8JX,56,a6,Pawn,a6,22,Good,2q3k1/pp2pp2/6p1/1Q1Pb3/4P3/1Br2P2/P3KP2/7R b - - 13 28,-167,-145
s9yVi8JX,58,Kg7,King,Kg7,3,Good,2q3k1/1p2pp2/pQ4p1/3Pb3/4P3/1Br2P2/P3KP2/7R b - - 1 29,-145,-142
s9yVi8JX,60,Qh3,Queen,Qh3,9,Good,2q5/1p2ppk1/pQ4p1/3Pb3/4P3/1Br2P2/P3KP2/6R1 b - - 3 30,-404,-395
s9yVi8JX,62,Qh1,Queen,Qh1,-6,Good,8/1p2ppk1/pQ4p1/3Pb3/4P3/1Br2PRq/P3KP2/8 b - - 5 31,-386,-392
s9yVi8JX,64,Qxe4+,Queen,Qxe4+,-11,Good,8/1p2ppk1/pQ4p1/3Pb3/4PP2/1Br3R1/P3KP2/7q b - - 0 32,-400,-411
s9yVi8JX,66,Qxf4,Queen,Qxf4,-23,Good,8/1p2ppk1/pQ4p1/3Pb3/4qP2/1Br1R3/P3KP2/8 b - - 1 33,-381,-404
oxUawqNQ,2,c5,Pawn,e5,3,Good,rnbqkbnr/pppppppp/8/8/4P3/8/PPPP1PPP/RNBQKBNR b KQkq - 0 1,24,27
oxUawqNQ,4,Nc6,Knight,e6,2,Good,rnbqkbnr/pp1ppppp/8/2p5/4P3/5N2/PPPP1PPP/RNBQKB1R b KQkq - 1 2,36,38
oxUawqNQ,6,g6,Pawn,e6,4,Good,r1bqkbnr/pp1ppppp/2n5/1Bp5/4P3/5N2/PPPP1PPP/RNBQK2R b KQkq - 3 3,24,28
oxUawqNQ,8,bxc6,Pawn,bxc6,4,Good,r1bqkbnr/pp1ppp1p/2B3p1/2p5/4P3/5N2/PPPP1PPP/RNBQK2R b KQkq - 0 4,34,38
oxUawqNQ,10,Bg7,Bishop,Bg7,16,Good,r1bqkbnr/p2ppp1p/2p3p1/2p5/4P3/5N2/PPPP1PPP/RNBQ1RK1 b kq - 1 5,26,42
oxUawqNQ,12,Nh6,Knight,Qc7,12,Good,r1bqk1nr/p2pppbp/2p3p1/2p5/4P3/5N2/PPPP1PPP/RNBQR1K1 b kq - 3 6,31,43
oxUawqNQ,14,O-O,King,O-O,0,Good,r1bqk2r/p2pppbp/2p3pn/2p5/4P3/2P2N2/PP1P1PPP/RNBQR1K1 b kq - 0 7,44,44
oxUawqNQ,16,cxd4,Pawn,cxd4,13,Good,r1bq1rk1/p2pppbp/2p3pn/2p5/3PP3/2P2N2/PP3PPP/RNBQR1K1 b - - 0 8,43,56
oxUawqNQ,18,d5,Pawn,d5,7,Good,r1bq1rk1/p2pppbp/2p3pn/8/3PP3/5N2/PP3PPP/RNBQR1K1 b - - 0 9,31,38
oxUawqNQ,20,Bg4,Bishop,f6,54,Inaccuracy,r1bq1rk1/p3ppbp/2p3pn/3pP3/3P4/5N2/PP3PPP/RNBQR1K1 b - - 0 10,34,88
oxUawqNQ,22,f6,Pawn,f6,1,Good,r2q1rk1/p3ppbp/2p3pn/3pP3/3P2b1/5N2/PP1N1PPP/R1BQR1K1 b - - 2 11,89,90
oxUawqNQ,24,Bxf3,Bishop,Bxf3,-3,Good,r2q1rk1/p3p1bp/2p2ppn/3pP3/3P2b1/5N1P/PP1N1PP1/R1BQR1K1 b - - 0 12,95,92
oxUawqNQ,26,fxe5,Pawn,fxe5,6,Good,r2q1rk1/p3p1bp/2p2ppn/3pP3/3P4/5N1P/PP3PP1/R1BQR1K1 b - - 0 13,99,105
oxUawqNQ,28,Bxh6,Bishop,Bxh6,8,Good,r2q1rk1/p3p1bp/2p3pB/3pp3/3P4/5N1P/PP3PP1/R2QR1K1 b - - 0 14,114,122
oxUawqNQ,30,Qb6,Queen,Qd6,147,Mistake,r2q1rk1/p3p2p/2p3pb/3pN3/3P4/7P/PP3PP1/R2QR1K1 b - - 0 15,122,269
oxUawqNQ,32,Qxb2,Queen,Qxb2,7,Good,r4rk1/p2Np2p/1qp3pb/3p4/3P4/7P/PP3PP1/R2QR1K1 b - - 2 16,237,244
oxUawqNQ,34,Rxf8,Rook,Rxf8,14,Good,r4Nk1/p3p2p/2p3pb/3p4/3P4/7P/Pq3PP1/R2QR1K1 b - - 0 17,236,250
oxUawqNQ,36,Qb4,Queen,Qb7,35,Inaccuracy,5rk1/p3p2p/2p3pb/3p4/3P4/7P/Pq2RPP1/R2Q2K1 b - - 1 18,250,285
oxUawqNQ,38,Qd6,Queen,Qa3,-11,Good,5rk1/p3p2p/2p3pb/3p4/1q1P4/7P/P3RPP1/1R1Q2K1 b - - 3 19,279,268
oxUawqNQ,40,Bg5,Bishop,Bg5,3,Good,5rk1/pR2p2p/2pq2pb/3p4/3P4/7P/P3RPP1/3Q2K1 b - - 5 20,298,301
oxUawqNQ,42,Rf4,Rook,h5,38,Inaccuracy,5rk1/R3p2p/2pq2p1/3p2b1/3P4/7P/P3RPP1/3Q2K1 b - - 0 21,288,326
oxUawqNQ,44,Rf5,Rook,Rf5,-8,Good,6k1/R3p2p/2pq2p1/3p2b1/3P1r2/6PP/P3RP2/3Q2K1 b - - 0 22,335,327
oxUawqNQ,46,Bf6,Bishop,c5,18,Good,6k1/R3p2p/2pq2p1/3p1rb1/3P4/6PP/P3RPK1/3Q4 b - - 2 23,348,366
oxUawqNQ,48,Kg7,King,Qb8,45,Inaccuracy,6k1/R3p2p/2pq1bp1/3p1r2/3P4/3Q2PP/P3RPK1/8 b - - 4 24,363,408
oxUawqNQ,50,Kf7,King,h5,74,Inaccuracy,8/R3p1kp/2pq1bp1/3p1r2/3P4/4Q1PP/P3RPK1/8 b - - 6 25,358,432
oxUawqNQ,52,h5,Pawn,Bg5,7,Good,8/R3pk1p/2pq1bp1/3p1r2/P2P4/4Q1PP/4RPK1/8 b - - 0 26,425,432
oxUawqNQ,54,g5,Pawn,Kg7,181,Mistake,8/R3pk2/2pq1bp1/3p1r1p/P2P3P/4Q1P1/4RPK1/8 b - - 0 27,408,589
oxUawqNQ,56,Bxg5,Bishop,Rxg5,30,Inaccuracy,8/R3pk2/2pq1b2/3p1rPp/P2P4/4Q1P1/4RPK1/8 b - - 0 28,414,444
oxUawqNQ,58,Kg6,King,Qg6,30,Inaccuracy,8/R3pk2/2pq4/3p1rbp/P2P4/3Q2P1/4RPK1/8 b - - 1 29,438,468
oxUawqNQ,60,Qf6,Queen,Qf6,14,Good,R7/4p3/2pq2k1/3p1rbp/P2P4/3Q2P1/4RPK1/8 b - - 3 30,484,498
oxUawqNQ,62,Bxf4,Bishop,Kg7,13,Good,R7/4p3/2p2qk1/3p1rbp/P2P1P2/3Q2P1/4R1K1/8 b - - 0 31,455,468
oxUawqNQ,64,Kf7,King,h4,194,Mistake,R7/4p3/2p2qk1/3p1r1p/P2P1P2/3Q4/4R1K1/8 b - - 0 32,580,774
oxUawqNQ,66,Rxf4,Rook,Qg6+,43,Inaccuracy,R7/4pk2/2p2q2/3p1r1p/P2P1P2/4Q3/4R1K1/8 b - - 2 33,483,526
korjFAr7,2,Nf6,Knight,Nf6,-1,Good,rnbqkbnr/pppppppp/8/8/3P4/8/PPP1PPPP/RNBQKBNR b KQkq - 0 1,26,25
korjFAr7,4,e6,Pawn,e6,-2,Good,rnbqkb1r/pppppppp/5n2/8/2PP4/8/PP2PPPP/RNBQKBNR b KQkq - 0 2,23,21
korjFAr7,6,d5,Pawn,d5,9,Good,rnbqkb1r/pppp1ppp/4pn2/8/2PP4/5N2/PP2PPPP/RNBQKB1R b KQkq - 1 3,21,30
korjFAr7,8,c5,Pawn,c5,8,Good,rnbqkb1r/ppp2ppp/4pn2/3p4/2PP4/2N2N2/PP2PPPP/R1BQKB1R b KQkq - 1 4,16,24
korjFAr7,10,Nxd5,Knight,cxd4,7,Good,rnbqkb1r/pp3ppp/4pn2/2pP4/3P4/2N2N2/PP2PPPP/R1BQKB1R b KQkq - 0 5,32,39
korjFAr7,12,cxd4,Pawn,Be7,11,Good,rnbqkb1r/pp3ppp/4p3/2pn4/3P4/2N1PN2/PP3PPP/R1BQKB1R b KQkq - 0 6,22,33
korjFAr7,14,Nxc3,Knight,Bb4,-14,Good,rnbqkb1r/pp3ppp/4p3/3n4/3P4/2N2N2/PP3PPP/R1BQKB1R b KQkq - 0 7,29,15
korjFAr7,16,Qc7,Queen,Qc7,-5,Good,rnbqkb1r/pp3ppp/4p3/8/3P4/2P2N2/P4PPP/R1BQKB1R b KQkq - 0 8,22,17
korjFAr7,18,Bd6,Bishop,Nd7,5,Good,rnb1kb1r/ppq2ppp/4p3/8/3P4/2P2N2/P4PPP/1RBQKB1R b Kkq - 2 9,-6,-1
korjFAr7,20,b6,Pawn,b6,-2,Good,rnb1k2r/ppq2ppp/3bp3/8/2PP4/5N2/P4PPP/1RBQKB1R b Kkq - 0 10,0,-2
korjFAr7,22,Nd7,Knight,Nd7,11,Good,rnb1k2r/p1q2ppp/1p1bp3/8/2PP4/3B1N2/P4PPP/1RBQK2R b Kkq - 1 11,4,15
korjFAr7,24,O-O,King,O-O,-2,Good,r1b1k2r/p1qn1ppp/1p1bp3/8/2PP4/3B1N2/P4PPP/1RBQ1RK1 b kq - 3 12,4,2
korjFAr7,26,Bf4,Bishop,g6,53,Inaccuracy,r1b2rk1/p1qn1ppp/1p1bp3/1R6/2PP4/3B1N2/P4PPP/2BQ1RK1 b - - 5 13,-3,50
korjFAr7,28,Nf6,Knight,h6,183,Mistake,r1b2rk1/p1qn1ppp/1p2p3/7R/2PP1b2/3B1N2/P4PPP/2BQ1RK1 b - - 7 14,64,247
korjFAr7,30,Qxf4,Queen,Qxf4,5,Good,r1b2rk1/p1q2ppp/1p2pn2/7R/2PP1B2/3B1N2/P4PPP/3Q1RK1 b - - 0 15,265,270
korjFAr7,32,Qd6,Queen,Qd6,-23,Good,r1b2rk1/p4ppp/1p2pn2/8/2PP1q1R/3B1N2/P4PPP/3Q1RK1 b - - 1 16,273,250
korjFAr7,34,h6,Pawn,Bb7,10,Good,r1b2rk1/p4ppp/1p1qpn2/4N3/2PP3R/3B4/P4PPP/3Q1RK1 b - - 3 17,290,300
korjFAr7,36,Rb8,Rook,Bd7,41,Inaccuracy,r1b2rk1/p4pp1/1p1qpn1p/4N3/2PP3R/3B1Q2/P4PPP/5RK1 b - - 1 18,362,403
korjFAr7,38,h5,Pawn,h5,30,Inaccuracy,1rb2rk1/p4pp1/1p1qpn1p/4N3/2PP3R/3B2Q1/P4PPP/5RK1 b - - 3 19,347,377
korjFAr7,40,Qxg3,Queen,Qxg3,-17,Good,1rb2rk1/p4pp1/1p1qpnN1/7p/2PP3R/3B2Q1/P4PPP/5RK1 b - - 1 20,-47,-64
korjFAr7,42,Kh8,King,Kh8,9,Good,1rb2rk1/p3Npp1/1p2pn2/7p/2PP3R/3B2q1/P4PPP/5RK1 b - - 1 21,-37,-28
korjFAr7,44,Re8,Rook,g5,268,Blunder,1rb2r1k/p3Npp1/1p2pn2/7p/2PP3R/3B2P1/P5PP/5RK1 b - - 0 22,-32,236
korjFAr7,46,Rxe7,Rook,Rxe7,-22,Good,1rb1r2k/p3Npp1/1p2pR2/7p/2PP3R/3B2P1/P5PP/6K1 b - - 0 23,223,201
korjFAr7,48,Kg8,King,Kg8,-30,Good,1rb4k/p3rpp1/1p2pR2/7R/2PP4/3B2P1/P5PP/6K1 b - - 0 24,245,215
korjFAr7,50,g6,Pawn,g6,10,Good,1rb3k1/p3rpp1/1p2p3/7R/2PP1R2/3B2P1/P5PP/6K1 b - - 2 25,59,69
korjFAr7,52,Bb7,Bishop,Ba6,19,Good,1rb3k1/p3rp2/1p2p1p1/4R3/2PP1R2/3B2P1/P5PP/6K1 b - - 1 26,52,71
korjFAr7,54,Rd8,Rook,Rc7,4,Good,1r4k1/pb2rp2/1p2p1p1/4R3/2PP1R2/3B2P1/P4KPP/8 b - - 3 27,21,25
korjFAr7,56,Red7,Rook,Rc7,31,Inaccuracy,3r2k1/pb2rp2/1p2p1p1/4R3/2PP1R1P/3B2P1/P4KP1/8 b - - 0 28,18,49
korjFAr7,58,Bxg2,Bishop,Ba6,58,Inaccuracy,3r2k1/pb1r1p2/1p2p1p1/4R3/2PP1R1P/3BK1P1/P5P1/8 b - - 2 29,45,103
korjFAr7,60,Kg7,King,Kg7,31,Inaccuracy,3r2k1/p2r1p2/1p2p1p1/4R3/2PP1RPP/3BK3/P5b1/8 b - - 0 30,102,133
korjFAr7,62,Bh3,Bishop,Rh8,15,Good,3r4/p2r1pk1/1p2p1p1/4R1P1/2PP1R1P/3BK3/P5b1/8 b - - 0 31,10,25
korjFAr7,64,Bf5,Bishop,Rh8,4,Good,3r4/p2r1pk1/1p2p1p1/4R1P1/2PP1R1P/P2BK2b/8/8 b - - 0 32,19,23
korjFAr7,66,gxf5,Pawn,gxf5,3,Good,3r4/p2r1pk1/1p2p1p1/4RBP1/2PP1R1P/P3K3/8/8 b - - 0 33,13,16
korjFAr7,68,Rh8,Rook,Rc7,10,Good,3r4/p2r1pk1/1p2p3/4RpPP/2PP1R2/P3K3/8/8 b - - 0 34,11,21
korjFAr7,70,Rd6,Rook,Rc7,47,Inaccuracy,7r/p2r1pk1/1p2p3/4RpPP/2PP3R/P3K3/8/8 b - - 2 35,11,58
korjFAr7,72,f6,Pawn,f6,1,Good,7r/p4pk1/1p1rp3/4RpPP/2PP3R/P2K4/8/8 b - - 4 36,26,27
korjFAr7,74,Kxf6,King,Kxf6,20,Good,7r/p5k1/1p1rpP2/4Rp1P/2PP3R/P2K4/8/8 b - - 0 37,8,28
korjFAr7,76,Kg5,King,Rc6,-2,Good,7r/p7/1p1rpk2/4Rp1P/2PP3R/P1K5/8/8 b - - 1 38,0,-2
korjFAr7,78,Rh6,Rook,Kf6,16,Good,7r/p7/1p1rp3/4RpkP/2PPR3/P1K5/8/8 b - - 3 39,-1,15
korjFAr7,80,bxc5,Pawn,bxc5,37,Inaccuracy,8/p7/1p1rp2r/2P1RpkP/3PR3/P1K5/8/8 b - - 0 40,-232,-195
korjFAr7,82,Rc6,Rook,Rc6,0,Good,8/p7/3rp2r/2P1RpkP/4R3/P1K5/8/8 b - - 0 41,-158,-158
korjFAr7,84,Kf6,King,Kf6,-24,Good,8/p7/2r1p2r/2P1RpkP/2K1R3/P7/8/8 b - - 2 42,-157,-181
korjFAr7,86,a6,Pawn,a6,7,Good,8/p7/2r1pk1r/2P1Rp1P/2K5/P7/8/4R3 b - - 4 43,-202,-195
korjFAr7,88,Rxh5,Rook,Rxh5,14,Good,8/8/p1r1pk1r/2P2p1P/2K5/P3R3/8/4R3 b - - 1 44,-180,-166
korjFAr7,90,Rh4+,Rook,f4,105,Mistake,8/8/p1r1pk2/2P2p1r/2K5/P2R4/8/4R3 b - - 1 45,-428,-323
korjFAr7,92,Rxd4+,Rook,Rh8,190,Mistake,8/8/p1r1pk2/2P2p2/2KR3r/P7/8/4R3 b - - 3 46,-354,-164
korjFAr7,94,Rc8,Rook,Rc8,-18,Good,8/8/p1r1pk2/2P2p2/3K4/P7/8/4R3 b - - 0 47,-159,-177
korjFAr7,96,Rd8+,Rook,e5+,55,Inaccuracy,2r5/8/p3pk2/2P2p2/3K4/P7/8/1R6 b - - 2 48,-278,-223
korjFAr7,98,f4,Pawn,Rc8,62,Inaccuracy,3r4/8/p3pk2/2P2p2/2K5/P7/8/1R6 b - - 4 49,-239,-177
korjFAr7,100,e5,Pawn,Rc8,-43,Good,3r4/8/p1P1pk2/8/2K2p2/P7/8/1R6 b - - 0 50,-172,-215
korjFAr7,102,f3,Pawn,Rc8,202,Blunder,3r4/8/p1P2k2/2K1p3/5p2/P7/8/1R6 b - - 1 51,-225,-23
korjFAr7,104,Rc8,Rook,Rc8,1,Good,3r4/2P5/p4k2/2K1p3/8/P4p2/8/1R6 b - - 0 52,-323,-322
korjFAr7,106,e4,Pawn,e4,-15,Good,2r5/2P5/p2K1k2/4p3/8/P4p2/8/1R6 b - - 2 53,-376,-391
korjFAr7,108,Rxc7,Rook,Rxc7,-13,Good,1Rr5/2P5/p2K1k2/8/4p3/P4p2/8/8 b - - 1 54,-379,-392
korjFAr7,110,Ke5,King,Kg5,364,Blunder,1R6/2K5/p4k2/8/4p3/P4p2/8/8 b - - 0 55,-351,13
korjFAr7,112,Kd4,King,Kd4,0,Good,5R2/2K5/p7/4k3/4p3/P4p2/8/8 b - - 2 56,0,0
korjFAr7,114,e3,Pawn,Ke3,514,Blunder,5R2/8/p1K5/8/3kp3/P4p2/8/8 b - - 4 57,0,514
korjFAr7,116,Kd3,King,Kc3,23,Good,8/8/p1K5/8/3k1R2/P3pp2/8/8 b - - 1 58,569,592
korjFAr7,118,Kd2,King,Kd2,-4,Good,8/8/p1K5/8/8/P2kpR2/8/8 b - - 0 59,584,580
korjFAr7,120,e2,Pawn,e2,-107,Good,8/8/pK6/8/8/P3pR2/3k4/8 b - - 2 60,647,540
korjFAr7,122,Ke3,King,Kd1,13,Good,8/8/pK6/8/8/P7/3kpR2/8 b - - 1 61,532,545
korjFAr7,124,Kxe2,King,Kxe2,-6,Good,8/8/pK6/8/8/P3k3/4R3/8 b - - 0 62,550,544
korjFAr7,126,Kd3,King,Kd3,15,Good,8/8/K7/8/8/P7/4k3/8 b - - 0 63,558,573
korjFAr7,128,Kd4,King,Kd4,6,Good,8/8/8/1K6/8/P2k4/8/8 b - - 2 64,602,608
korjFAr7,130,Kd5,King,Kd5,20,Good,8/8/8/1K6/P2k4/8/8/8 b - - 0 65,610,630
korjFAr7,132,Kd6,King,Kd6,-7,Good,8/8/8/PK1k4/8/8/8/8 b - - 0 66,631,624
korjFAr7,134,Kd5,King,Kd5,-3,Good,8/8/1K1k4/P7/8/8/8/8 b - - 2 67,646,643
korjFAr7,136,Kd4,King,Kc5,14,Good,8/1K6/8/P2k4/8/8/8/8 b - - 4 68,610,624
korjFAr7,138,Ke5,King,Kc5,-13,Good,8/1K6/P7/8/3k4/8/8/8 b - - 0 69,615,602
korjFAr7,140,Kd4,King,Kf5,5,Good,8/PK6/8/4k3/8/8/8/8 b - - 0 70,597,602
korjFAr7,142,Ke5,King,Kd3,21,Good,Q7/1K6/8/8/3k4/8/8/8 b - - 0 71,494,515
korjFAr7,144,Kd4,King,Kf4,2,Good,2Q5/1K6/8/4k3/8/8/8/8 b - - 2 72,510,512
korjFAr7,146,Ke5,King,Ke3,9548,Blunder,2Q5/2K5/8/8/3k4/8/8/8 b - - 4 73,443,9991
korjFAr7,148,Ke4,King,Ke4,31,Inaccuracy,3Q4/2K5/8/4k3/8/8/8/8 b - - 6 74,453,484
korjFAr7,150,Ke5,King,Ke3,9489,Blunder,8/2KQ4/8/8/4k3/8/8/8 b - - 8 75,502,9991
korjFAr7,152,Kf4,King,Ke4,1,Good,8/3Q4/2K5/4k3/8/8/8/8 b - - 10 76,9988,9989
korjFAr7,154,Kf5,King,Kf3,5,Good,8/8/2KQ4/8/5k2/8/8/8 b - - 12 77,9986,9991
korjFAr7,156,Kg5,King,Kg4,3,Good,8/8/3Q4/2K2k2/8/8/8/8 b - - 14 78,9986,9989
korjFAr7,158,Kg4,King,Kf4,3,Good,8/4Q3/8/2K3k1/8/8/8/8 b - - 16 79,9988,9991
korjFAr7,160,Kf5,King,Kf3,4,Good,8/4Q3/8/3K4/6k1/8/8/8 b - - 18 80,9989,9993
korjFAr7,162,Kg4,King,Kg4,0,Good,8/4Q3/8/5k2/3K4/8/8/8 b - - 20 81,9990,9990
korjFAr7,164,Kg3,King,Kg3,0,Good,8/5Q2/8/8/3K2k1/8/8/8 b - - 22 82,9988,9988
korjFAr7,166,Kg2,King,Kg2,0,Good,8/5Q2/8/8/4K3/6k1/8/8 b - - 24 83,9990,9990
korjFAr7,168,Kh2,King,Kf1,9,Good,8/6Q1/8/8/4K3/8/6k1/8 b - - 26 84,9989,9998
korjFAr7,170,Kh1,King,Kh3,0,Good,8/8/8/6Q1/4K3/8/7k/8 b - - 28 85,9998,9998
oQqiJhNZ,2,c6,Pawn,c5,40,Inaccuracy,rnbqkbnr/pppppppp/8/8/4P3/8/PPPP1PPP/RNBQKBNR b KQkq - 0 1,35,75
oQqiJhNZ,4,d5,Pawn,d5,-1,Good,rnbqkbnr/pp1ppppp/2p5/8/3PP3/8/PPP2PPP/RNBQKBNR b KQkq - 0 2,33,32
oQqiJhNZ,6,c5,Pawn,Bf5,7,Good,rnbqkbnr/pp2pppp/2p5/3pP3/3P4/8/PPP2PPP/RNBQKBNR b KQkq - 0 3,46,53
oQqiJhNZ,8,cxd4,Pawn,cxd4,-11,Good,rnbqkbnr/pp2pppp/8/2ppP3/3P4/5N2/PPP2PPP/RNBQKB1R b KQkq - 1 4,53,42
oQqiJhNZ,10,Nc6,Knight,Nc6,-10,Good,rnbqkbnr/pp2pppp/8/3pP3/3N4/8/PPP2PPP/RNBQKB1R b KQkq - 0 5,47,37
oQqiJhNZ,12,bxc6,Pawn,bxc6,11,Good,r1bqkbnr/pp2pppp/2N5/3pP3/8/8/PPP2PPP/RNBQKB1R b KQkq - 0 6,30,41
oQqiJhNZ,14,Qc7,Queen,e6,17,Good,r1bqkbnr/p3pppp/2p5/3pP3/8/3B4/PPP2PPP/RNBQK2R b KQkq - 1 7,32,49
oQqiJhNZ,16,g6,Pawn,e6,12,Good,r1b1kbnr/p1q1pppp/2p5/3pP3/8/3B4/PPP1QPPP/RNB1K2R b KQkq - 3 8,49,61
oQqiJhNZ,18,Bg7,Bishop,Bg7,-5,Good,r1b1kbnr/p1q1pp1p/2p3p1/3pP3/8/3B4/PPPNQPPP/R1B1K2R b KQkq - 1 9,-7,-12
oQqiJhNZ,20,Nh6,Knight,Nh6,-4,Good,r1b1k1nr/p1q1ppbp/2p3p1/3pP3/5P2/3B4/PPPNQ1PP/R1B1K2R b KQkq - 0 10,-10,-14
oQqiJhNZ,22,Nf5,Knight,O-O,143,Mistake,r1b1k2r/p1q1ppbp/2p3pn/3pP3/5P2/3B1N2/PPP1Q1PP/R1B1K2R b KQkq - 2 11,-15,128
oQqiJhNZ,24,h5,Pawn,Qb6+,10,Good,r1b1k2r/p1q1ppbp/2p3p1/3pPn2/5P2/3B1N2/PPP1Q1PP/R1B2RK1 b kq - 4 12,43,53
oQqiJhNZ,26,a5,Pawn,Bf8,34,Inaccuracy,r1b1k2r/p1q1ppb1/2p3p1/3pPn1p/5P2/1P1B1N2/P1P1Q1PP/R1B2RK1 b kq - 0 13,54,88
oQqiJhNZ,28,Ba6,Bishop,e6,4,Good,r1b1k2r/2q1ppb1/2p3p1/p2pPn1p/P4P2/1P1B1N2/2P1Q1PP/R1B2RK1 b kq - 0 14,39,43
oQqiJhNZ,30,Qb6+,Queen,Qa7+,7,Good,r3k2r/2q1ppb1/B1p3p1/p2pPn1p/P4P2/1P3N2/2P1Q1PP/R1B2RK1 b kq - 0 15,-20,-13
oQqiJhNZ,32,Qxa6,Queen,Rxa6,2,Good,r3k2r/4ppb1/Bqp3p1/p2pPn1p/P4P2/1P3N2/2P1Q1PP/R1B2R1K b kq - 2 16,-13,-11
oQqiJhNZ,34,Rb8,Rook,e6,1,Good,r3k2r/4ppb1/q1p3p1/p2pPn1p/P1P2P2/1P3N2/4Q1PP/R1B2R1K b kq - 0 17,-67,-66
oQqiJhNZ,36,e6,Pawn,O-O,6,Good,1r2k2r/4ppb1/q1p3p1/p2pPn1p/P1P2P2/1P3N2/2Q3PP/R1B2R1K b k - 2 18,-103,-97
oQqiJhNZ,38,h4,Pawn,O-O,17,Good,1r2k2r/5pb1/q1p1p1p1/p2pPn1p/P1P2P2/1P3N2/2QB2PP/R4R1K b k - 1 19,-92,-75
oQqiJhNZ,40,Qb6,Queen,Qa7,-4,Good,1r2k2r/5pb1/q1p1p1p1/p2pPn2/P1P2P1p/1P3N2/2QB2PP/R1R4K b k - 1 20,-81,-85
oQqiJhNZ,42,Qxb3,Queen,Qa6,97,Mistake,1r2k2r/5pb1/1qp1p1p1/p1PpPn2/P4P1p/1P3N2/2QB2PP/R1R4K b k - 0 21,-128,-31
oQqiJhNZ,44,Qxc2,Queen,Qxc2,-2,Good,1r2k2r/5pb1/2p1p1p1/p1PpPn2/P4P1p/1q3N2/2QB2PP/1RR4K b k - 1 22,-34,-36
oQqiJhNZ,46,Kd7,King,Kd7,7,Good,1R2k2r/5pb1/2p1p1p1/p1PpPn2/P4P1p/5N2/2qB2PP/2R4K b k - 0 23,-26,-19
oQqiJhNZ,48,Kc8,King,Kc8,2,Good,7r/1R1k1pb1/2p1p1p1/p1PpPn2/P4P1p/5N2/2qB2PP/2R4K b - - 2 24,-41,-39
oQqiJhNZ,50,Kxb7,King,Kxb7,0,Good,2k4r/1R3pb1/2p1p1p1/p1PpPn2/P4P1p/5N2/2RB2PP/7K b - - 0 25,-40,-40
oQqiJhNZ,52,Ka8,King,Ka8,22,Good,7r/1k3pb1/2p1p1p1/p1PpPn2/P4P1p/5N2/1R1B2PP/7K b - - 1 26,-41,-19
oQqiJhNZ,54,Bh6,Bishop,Bh6,0,Good,k6r/5pb1/2p1p1p1/B1PpPn2/P4P1p/5N2/1R4PP/7K b - - 0 27,-92,-92
oQqiJhNZ,56,Bf8,Bishop,Bf8,-5,Good,k6r/5p2/2p1p1pb/2PpPn2/P4P1p/5N2/1R1B2PP/7K b - - 2 28,-108,-113
oQqiJhNZ,58,Bxc5,Bishop,Bxc5,3,Good,k4b1r/5p2/1Rp1p1p1/2PpPn2/P4P1p/5N2/3B2PP/7K b - - 4 29,-523,-520
oQqiJhNZ,60,Ng3+,Knight,Ng3+,-1,Good,k6r/5p2/2R1p1p1/2bpPn2/P4P1p/5N2/3B2PP/7K b - - 0 30,-9997,-9998
v0pq1yHi,2,c5,Pawn,c5,4,Good,rnbqkbnr/pppppppp/8/8/4P3/8/PPPP1PPP/RNBQKBNR b KQkq - 0 1,31,35
v0pq1yHi,4,e6,Pawn,Nc6,1,Good,rnbqkbnr/pp1ppppp/8/2p5/4P3/5N2/PPPP1PPP/RNBQKB1R b KQkq - 1 2,33,34
v0pq1yHi,6,Nf6,Knight,d5,1,Good,rnbqkbnr/pp1p1ppp/4p3/2p5/4P3/2P2N2/PP1P1PPP/RNBQKB1R b KQkq - 0 3,23,24
v0pq1yHi,8,Nd5,Knight,Nd5,6,Good,rnbqkb1r/pp1p1ppp/4pn2/2p1P3/8/2P2N2/PP1P1PPP/RNBQKB1R b KQkq - 0 4,26,32
v0pq1yHi,10,cxd4,Pawn,cxd4,1,Good,rnbqkb1r/pp1p1ppp/4p3/2pnP3/3P4/2P2N2/PP3PPP/RNBQKB1R b KQkq - 0 5,27,28
v0pq1yHi,12,b6,Pawn,d6,17,Good,rnbqkb1r/pp1p1ppp/4p3/3nP3/3P4/5N2/PP3PPP/RNBQKB1R b KQkq - 0 6,27,44
v0pq1yHi,14,Bb7,Bishop,Nxc3,4,Good,rnbqkb1r/p2p1ppp/1p2p3/3nP3/3P4/2N2N2/PP3PPP/R1BQKB1R b KQkq - 1 7,54,58
v0pq1yHi,16,Na6,Knight,Nxc3,166,Mistake,rn1qkb1r/pb1p1ppp/1p2p3/3nP3/3P4/2NB1N2/PP3PPP/R1BQK2R b KQkq - 3 8,45,211
v0pq1yHi,18,Bxd5,Bishop,exd5,-162,Good,r2qkb1r/pb1p1ppp/np2p3/3NP3/3P4/3B1N2/PP3PPP/R1BQK2R b KQkq - 0 9,233,71
v0pq1yHi,20,b5,Pawn,b5,-4,Good,r2qkb1r/p2p1ppp/Bp2p3/3bP3/3P4/5N2/PP3PPP/R1BQK2R b KQkq - 0 10,35,31
v0pq1yHi,22,Qb6,Queen,Qb6,0,Good,r2qkb1r/p2p1ppp/B3p3/1p1bP3/3P4/5N2/PP3PPP/R1BQ1RK1 b kq - 1 11,24,24
v0pq1yHi,24,Qxb5,Queen,Qxb5,5,Good,r3kb1r/p2p1ppp/1q2p3/1B1bP3/3P4/5N2/PP3PPP/R1BQ1RK1 b kq - 0 12,14,19
v0pq1yHi,26,Qb7,Queen,a5,10,Good,r3kb1r/p2p1ppp/4p3/1q1bP3/3P4/1P3N2/P4PPP/R1BQ1RK1 b kq - 0 13,-10,0
v0pq1yHi,28,Be7,Bishop,a5,42,Inaccuracy,r3kb1r/pq1p1ppp/4p3/3bP3/3P4/1P2BN2/P4PPP/R2Q1RK1 b kq - 2 14,-45,-3
v0pq1yHi,30,O-O,King,O-O,-3,Good,r3k2r/pq1pbppp/4p3/3bP3/3P4/1P2B3/P4PPP/R2QNRK1 b kq - 4 15,-6,-9
v0pq1yHi,32,f5,Pawn,f5,11,Good,r4rk1/pq1pbppp/4p3/3bP3/3P2Q1/1P2B3/P4PPP/R3NRK1 b - - 6 16,-28,-17
v0pq1yHi,34,Rxf6,Rook,Rxf6,0,Good,r4rk1/pq1pb1pp/4pP2/3b4/3P2Q1/1P2B3/P4PPP/R3NRK1 b - - 0 17,-12,-12
v0pq1yHi,36,Raf8,Rook,Bd6,7,Good,r5k1/pq1pb1pp/4pr2/3b4/3P4/1P2B3/P3QPPP/R3NRK1 b - - 1 18,-10,-3
v0pq1yHi,38,Rg6,Rook,Rg6,2,Good,5rk1/pq1pb1pp/4pr2/3b4/3P4/1P2BP2/P3Q1PP/R3NRK1 b - - 0 19,-2,0
v0pq1yHi,40,Bd6,Bishop,Rf5,5,Good,5rk1/pq1pb1pp/4p1r1/3b4/3P4/1P2BP2/P3Q1PP/R3NR1K b - - 2 20,23,28
v0pq1yHi,42,Qb8,Queen,Rf5,-9,Good,5rk1/pq1p2pp/3bp1r1/3b4/3P4/1P2BP2/P3Q1PP/2R1NR1K b - - 4 21,35,26
v0pq1yHi,44,Ba3,Bishop,Rf5,13,Good,1q3rk1/p2p2pp/3bp1r1/3b4/3P4/1P2BP1P/P3Q1P1/2R1NR1K b - - 0 22,31,44
v0pq1yHi,46,Qg3,Queen,Rf5,-5,Good,1q3rk1/p2p2pp/4p1r1/3b4/3P4/bP2BP1P/P3Q1P1/3RNR1K b - - 2 23,41,36
v0pq1yHi,48,Qc7,Queen,Qb8,-14,Good,5rk1/p2p2pp/4p1r1/3b4/3P4/bP2BPqP/P4QP1/3RNR1K b - - 4 24,60,46
v0pq1yHi,50,Bd6,Bishop,Rgf6,23,Good,5rk1/p1qp2pp/4p1r1/3b4/3P4/bP1NBP1P/P4QP1/3R1R1K b - - 6 25,43,66
v0pq1yHi,52,Rg3,Rook,Bc6,-17,Good,5rk1/p1qp2pp/3bp1r1/3b4/3P4/1P1NBP1P/P2Q2P1/3R1R1K b - - 8 26,63,46
v0pq1yHi,54,Qd8,Queen,Qb8,111,Mistake,5rk1/p1qp2pp/3bp3/3b4/3P4/1P1NBPrP/P2Q2P1/2R2R1K b - - 10 27,25,136
v0pq1yHi,56,Qh4,Queen,Bxe5,0,Good,3q1rk1/p2p2pp/3bp3/3bN3/3P4/1P2BPrP/P2Q2P1/2R2R1K b - - 12 28,148,148
v0pq1yHi,58,Bxe5,Bishop,Bxe5,20,Good,5rk1/p2p2pp/3bp3/3bN3/3P3q/1P3PrP/P2Q2P1/2R2RBK b - - 14 29,-223,-203
v0pq1yHi,60,Rxh3+,Rook,Rxh3+,1,Good,5rk1/p2p2pp/4p3/3bP3/7q/1P3PrP/P2Q2P1/2R2RBK b - - 0 30,-160,-159
v0pq1yHi,62,Rxf3,Rook,Qxh3+,-16,Good,5rk1/p2p2pp/4p3/3bP3/7q/1P3P1P/P2Q4/2R2RBK b - - 0 31,-179,-195
v0pq1yHi,64,Qxh3+,Queen,Qxh3+,-10,Good,6k1/p2p2pp/4p3/3bP3/7q/1P3R1P/P2Q4/2R3BK b - - 0 32,-184,-194
v0pq1yHi,66,Qxf3+,Queen,Qxf3+,8,Good,6k1/p2p2pp/4p3/3bP3/8/1P3R1q/P2Q3B/2R4K b - - 1 33,-190,-182
v0pq1yHi,68,Qh1+,Queen,Qh1+,-3,Good,6k1/p2p2pp/4p3/3bP3/8/1P3q2/P2Q3B/2R3K1 b - - 1 34,-189,-192
v0pq1yHi,70,Qxh2+,Queen,Qxh2+,-21,Good,6k1/p2p2pp/4p3/3bP3/8/1P6/P2Q1K1B/2R4q b - - 3 35,-178,-199
v0pq1yHi,72,Qxe5+,Queen,Qxe5+,11,Good,6k1/p2p2pp/4p3/3bP3/8/1P2K3/P2Q3q/2R5 b - - 1 36,-215,-204
v0pq1yHi,74,Be4+,Bishop,Be4+,2,Good,6k1/p2p2pp/4p3/3bq3/8/1P1K4/P2Q4/2R5 b - - 1 37,-230,-228
v0pq1yHi,76,h5,Pawn,d5+,80,Inaccuracy,6k1/p2p2pp/4p3/4q3/2K1b3/1P6/P2Q4/2R5 b - - 3 38,-236,-156
v0pq1yHi,78,Bd5+,Bishop,Bd5+,11,Good,6k1/p2Q2p1/4p3/4q2p/2K1b3/1P6/P7/2R5 b - - 0 39,-180,-169
v0pq1yHi,80,Be4+,Bishop,Qf5+,-6,Good,6k1/p2Q2p1/4p3/3bq2p/8/1P1K4/P7/2R5 b - - 2 40,-163,-169
v0pq1yHi,82,Bd5+,Bishop,Bd5+,-11,Good,6k1/p2Q2p1/4p3/4q2p/2K1b3/1P6/P7/2R5 b - - 4 41,-133,-144
v0pq1yHi,84,Kh7,King,Qf5+,58,Inaccuracy,6k1/p2Q2p1/4p3/3bq2p/8/1P1K4/P7/2R5 b - - 6 42,-146,-88
v0pq1yHi,86,Qf5+,Queen,Qf5+,10,Good,8/p1Q3pk/4p3/3bq2p/8/1P1K4/P7/2R5 b - - 8 43,-165,-155
v0pq1yHi,88,h4,Pawn,h4,-6,Good,8/p1Q3pk/4p3/3b1q1p/8/1PK5/P7/2R5 b - - 10 44,-191,-197
v0pq1yHi,90,Qg4+,Queen,Qf8+,54,Inaccuracy,8/p1Q3pk/4p3/3b1q2/1K5p/1P6/P7/2R5 b - - 1 45,-178,-124
v0pq1yHi,92,h3,Pawn,Qd4,100,Mistake,8/p1Q3pk/4p3/K2b4/6qp/1P6/P7/2R5 b - - 3 46,-250,-150
v0pq1yHi,94,Qg1,Queen,Qg5,93,Mistake,8/p1Q3pk/4p3/K2b4/6q1/1P5p/P1R5/8 b - - 1 47,-189,-96
v0pq1yHi,96,Bg2,Bishop,Be4,162,Mistake,8/p1Q3pk/4p3/3b4/K7/1P5p/P1R5/6q1 b - - 3 48,-162,0
v0pq1yHi,98,Qd4+,Queen,Bf3,47,Inaccuracy,8/p1Q3pk/4p3/2R5/K7/1P5p/P5b1/6q1 b - - 5 49,-149,-102
v0pq1yHi,100,Qg4,Queen,Bf3,116,Mistake,8/p1Q3pk/4p3/2R5/KP1q4/7p/P5b1/8 b - - 0 50,-202,-86
v0pq1yHi,102,Bd5,Bishop,Bf3,30,Inaccuracy,8/p5pk/4p3/2R1Q3/KP4q1/7p/P5b1/8 b - - 2 51,-70,-40
v0pq1yHi,104,Qg2,Queen,Qh4,10022,Blunder,8/p5pk/4p3/K1RbQ3/1P4q1/7p/P7/8 b - - 4 52,-24,9998
v0pq1yHi,106,Kg8,King,Kg8,0,Good,8/p5pk/4p3/K1Rb3Q/1P6/7p/P5q1/8 b - - 6 53,9999,9999
be9gDjek,2,Nf6,Knight,Nf6,2,Good,rnbqkbnr/pppppppp/8/8/3P4/8/PPP1PPPP/RNBQKBNR b KQkq - 0 1,21,23
be9gDjek,4,Ne4,Knight,c6,23,Good,rnbqkb1r/pppppppp/5n2/6B1/3P4/8/PPP1PPPP/RN1QKBNR b KQkq - 2 2,8,31
be9gDjek,6,c5,Pawn,d5,31,Inaccuracy,rnbqkb1r/pppppppp/8/8/3PnB2/8/PPP1PPPP/RN1QKBNR b KQkq - 4 3,22,53
be9gDjek,8,Nf6,Knight,Qa5+,34,Inaccuracy,rnbqkb1r/pp1ppppp/8/2p5/3PnB2/5P2/PPP1P1PP/RN1QKBNR b KQkq - 0 4,46,80
be9gDjek,10,d6,Pawn,Nh5,26,Good,rnbqkb1r/pp1ppppp/5n2/2pP4/5B2/5P2/PPP1P1PP/RN1QKBNR b KQkq - 0 5,31,57
be9gDjek,12,g6,Pawn,e6,10,Good,rnbqkb1r/pp2pppp/3p1n2/2pP4/4PB2/5P2/PPP3PP/RN1QKBNR b KQkq - 0 6,57,67
be9gDjek,14,Bg7,Bishop,a6,11,Good,rnbqkb1r/pp2pp1p/3p1np1/2pP4/4PB2/2N2P2/PPP3PP/R2QKBNR b KQkq - 1 7,68,79
be9gDjek,16,h5,Pawn,a6,10,Good,rnbqk2r/pp2ppbp/3p1np1/2pP4/4PB2/2N2P2/PPPQ2PP/R3KBNR b KQkq - 3 8,77,87
be9gDjek,18,Nbd7,Knight,Nbd7,-20,Good,rnbqk2r/pp2ppb1/3p1np1/1BpP3p/4PB2/2N2P2/PPPQ2PP/R3K1NR b KQkq - 1 9,79,59
be9gDjek,20,a6,Pawn,a6,5,Good,r1bqk2r/pp1nppb1/3p1np1/1BpP3p/P3PB2/2N2P2/1PPQ2PP/R3K1NR b KQkq - 0 10,55,60
be9gDjek,22,Rb8,Rook,Ne5,45,Inaccuracy,r1bqk2r/1p1nppb1/p2p1np1/2pP3p/P3PB2/2NB1P2/1PPQ2PP/R3K1NR b KQkq - 1 11,-5,40
be9gDjek,24,Ne5,Knight,h4,21,Good,1rbqk2r/1p1nppb1/p2p1np1/2pP3p/P3PB2/2NB1P2/1PPQN1PP/R3K2R b KQk - 3 12,-5,16
be9gDjek,26,dxe5,Pawn,dxe5,-9,Good,1rbqk2r/1p2ppb1/p2p1np1/2pPB2p/P3P3/2NB1P2/1PPQN1PP/R3K2R b KQk - 0 13,12,3
be9gDjek,28,h4,Pawn,Bh6,26,Good,1rbqk2r/1p2ppb1/p4np1/2pPp2p/P3P3/2NB1P2/1PPQN1PP/R4RK1 b k - 1 14,19,45
be9gDjek,30,h3,Pawn,Qd6,21,Good,1rbqk2r/1p2ppb1/p4np1/2pPp3/P3PP1p/2NB4/1PPQN1PP/R4RK1 b k - 0 15,-137,-116
be9gDjek,32,Ng4,Knight,O-O,42,Inaccuracy,1rbqk2r/1p2ppb1/p4np1/2pPp3/P3PP2/2NB2Pp/1PPQN2P/R4RK1 b k - 0 16,-125,-83
be9gDjek,34,c4,Pawn,b5,-147,Good,1rbqk2r/1p2ppb1/p5p1/P1pPp3/4PPn1/2NB2Pp/1PPQN2P/R4RK1 b k - 0 17,-202,-349
be9gDjek,36,Qc7,Queen,Qc7,6,Good,1rbqk2r/1p2ppb1/p5p1/P2Pp3/2B1PPn1/2N3Pp/1PPQN2P/R4RK1 b k - 0 18,-368,-362
be9gDjek,38,Qc5+,Queen,b5,37,Inaccuracy,1rb1k2r/1pq1ppb1/p5p1/P2Pp3/2B1PPn1/1PN3Pp/2PQN2P/R4RK1 b k - 0 19,-416,-379
be9gDjek,40,Nf2+,Knight,Nf2+,40,Inaccuracy,1rb1k2r/1p2ppb1/p5p1/P1qPp3/2B1PPn1/1PN3Pp/2PQN2P/R4R1K b k - 2 20,-616,-576
be9gDjek,42,Qxf2,Queen,Qxf2,-14,Good,1rb1k2r/1p2ppb1/p5p1/P1qPp3/2B1PP2/1PN3Pp/2PQNR1P/R6K b k - 0 21,-845,-859
be9gDjek,44,Qf3+,Queen,Qf3+,-1,Good,1rb1k2r/1p2ppb1/p5p1/P2Pp3/2B1PP2/1PN3Pp/2PQNq1P/6RK b k - 1 22,-9998,-9999
HIDT8VXD,2,d5,Pawn,c5,37,Inaccuracy,rnbqkbnr/pppppppp/8/8/4P3/8/PPPP1PPP/RNBQKBNR b KQkq - 0 1,21,58
HIDT8VXD,4,Qxd5,Queen,Nf6,0,Good,rnbqkbnr/ppp1pppp/8/3P4/8/8/PPPP1PPP/RNBQKBNR b KQkq - 0 2,69,69
HIDT8VXD,6,Bg4,Bishop,Bg4,4,Good,rnb1kbnr/ppp1pppp/8/3q4/8/5N2/PPPP1PPP/RNBQKB1R b KQkq - 1 3,35,39
HIDT8VXD,8,Nc6,Knight,Nc6,-15,Good,rn2kbnr/ppp1pppp/8/3q4/6b1/5N2/PPPPBPPP/RNBQK2R b KQkq - 3 4,34,19
HIDT8VXD,10,Bxf3,Bishop,Bxf3,0,Good,r3kbnr/ppp1pppp/2n5/3q4/6b1/5N1P/PPPPBPP1/RNBQK2R b KQkq - 0 5,15,15
HIDT8VXD,12,Qe6+,Queen,Qe6+,-6,Good,r3kbnr/ppp1pppp/2n5/3q4/8/5B1P/PPPP1PP1/RNBQK2R b KQkq - 0 6,8,2
HIDT8VXD,14,Qxe2+,Queen,Nd4,30,Inaccuracy,r3kbnr/ppp1pppp/2n1q3/8/8/5B1P/PPPPQPP1/RNB1K2R b KQkq - 2 7,3,33
HIDT8VXD,16,O-O-O,King,e5,2,Good,r3kbnr/ppp1pppp/2n5/8/8/7P/PPPPBPP1/RNB1K2R b KQkq - 0 8,26,28
HIDT8VXD,18,e5,Pawn,Nf6,13,Good,2kr1bnr/ppp1pppp/2n5/8/8/2P4P/PP1PBPP1/RNB1K2R b KQ - 0 9,27,40
HIDT8VXD,20,Bd6,Bishop,g6,27,Good,2kr1bnr/ppp2ppp/2n5/4p3/8/2PP3P/PP2BPP1/RNB1K2R b KQ - 0 10,45,72
HIDT8VXD,22,Nge7,Knight,f5,-4,Good,2kr2nr/ppp2ppp/2nb4/4p3/8/2PP3P/PP1NBPP1/R1B1K2R b KQ - 2 11,68,64
HIDT8VXD,24,Nd5,Knight,Nd5,16,Good,2kr3r/ppp1nppp/2nb4/4p3/2N5/2PP3P/PP2BPP1/R1B1K2R b KQ - 4 12,68,84
HIDT8VXD,26,Rhe8,Rook,Rhe8,4,Good,2kr3r/ppp2ppp/2nb4/3np3/2N5/2PP3P/PP1BBPP1/R3K2R b KQ - 6 13,68,72
HIDT8VXD,28,Nf6,Knight,Nf4,29,Good,2krr3/ppp2ppp/2nb4/3np3/2N5/2PP1B1P/PP1B1PP1/R3K2R b KQ - 8 14,44,73
HIDT8VXD,30,e4,Pawn,e4,7,Good,2krr3/ppp2ppp/2nb1n2/4p3/2N5/2PP1B1P/PP1B1PP1/2KR3R b - - 10 15,55,62
HIDT8VXD,32,Nxe4,Knight,Nxe4,-3,Good,2krr3/ppp2ppp/2nb1n2/8/2N1P3/2P2B1P/PP1B1PP1/2KR3R b - - 0 16,62,59
HIDT8VXD,34,f5,Pawn,Bc5,12,Good,2krr3/ppp2ppp/2nb4/8/2N1n3/2P1BB1P/PP3PP1/2KR3R b - - 1 17,58,70
HIDT8VXD,36,b6,Pawn,Ne5,88,Inaccuracy,2krr3/ppp3pp/2nb4/5p2/2N1n3/2P1BB1P/PP3PP1/2KRR3 b - - 1 18,51,139
HIDT8VXD,38,g6,Pawn,Ne5,-1,Good,2krr3/p1p3pp/1pnb4/5p2/2N1n1P1/2P1BB1P/PP3P2/2KRR3 b - - 0 19,103,102
HIDT8VXD,40,Ne5,Knight,Be7,12,Good,2krr3/p1p4p/1pnb2p1/5p2/2N1n1PP/2P1BB2/PP3P2/2KRR3 b - - 0 20,64,76
HIDT8VXD,42,Bxe5,Bishop,Rxe5,120,Mistake,2krr3/p1p4p/1p1b2p1/4Np2/4n1PP/2P1BB2/PP3P2/2KRR3 b - - 0 21,78,198
HIDT8VXD,44,Rxd8,Rook,Rxd8,-21,Good,2kRr3/p1p4p/1p4p1/4bp2/4n1PP/2P1BB2/PP3P2/2K1R3 b - - 0 22,149,128
HIDT8VXD,46,Bf6,Bishop,Re8,44,Inaccuracy,2kr4/p1p4p/1p4p1/4bp1P/4n1P1/2P1BB2/PP3P2/2K1R3 b - - 0 23,61,105
HIDT8VXD,48,gxf5,Pawn,gxf5,9,Good,2kr4/p1p4p/1p3bp1/5P1P/4n3/2P1BB2/PP3P2/2K1R3 b - - 0 24,97,106
HIDT8VXD,50,Be5,Bishop,Kd7,58,Inaccuracy,2kr4/p1p4p/1p3b2/5p1P/4n3/2P1BB2/PP3P2/2K3R1 b - - 1 25,95,153
HIDT8VXD,52,fxe4,Pawn,fxe4,3,Good,2kr4/p1p4p/1p6/4bp1P/4B3/2P1B3/PP3P2/2K3R1 b - - 0 26,123,126
HIDT8VXD,54,Rd5,Rook,Bd6,36,Inaccuracy,2kr4/p1p4p/1p6/4b2P/4p1R1/2P1B3/PP3P2/2K5 b - - 1 27,118,154
HIDT8VXD,56,Bd6,Bishop,Bf6,80,Inaccuracy,2k5/p1p4p/1p6/3rb2P/4R3/2P1B3/PP3P2/2K5 b - - 0 28,150,230
HIDT8VXD,58,Kd7,King,Bf8,147,Mistake,2k5/p1p4p/1p1b3P/3r4/4R3/2P1B3/PP3P2/2K5 b - - 0 29,176,323
HIDT8VXD,60,Re5,Rook,Ke6,38,Inaccuracy,8/p1pk3p/1p1b3P/3r4/6R1/2P1B3/PP3P2/2K5 b - - 2 30,343,381
HIDT8VXD,62,Re7,Rook,Ke6,212,Blunder,8/p1pk2Rp/1p1b3P/4r3/8/2P1B3/PP3P2/2K5 b - - 4 31,371,583
f4ApItSp,2,c5,Pawn,e5,2,Good,rnbqkbnr/pppppppp/8/8/4P3/8/PPPP1PPP/RNBQKBNR b KQkq - 0 1,29,31
f4ApItSp,4,d6,Pawn,d6,0,Good,rnbqkbnr/pp1ppppp/8/2p5/4P3/5N2/PPPP1PPP/RNBQKB1R b KQkq - 1 2,37,37
f4ApItSp,6,cxd4,Pawn,cxd4,8,Good,rnbqkbnr/pp2pppp/3p4/2p5/3PP3/5N2/PPP2PPP/RNBQKB1R b KQkq - 0 3,34,42
f4ApItSp,8,Nf6,Knight,Nf6,0,Good,rnbqkbnr/pp2pppp/3p4/8/3NP3/8/PPP2PPP/RNBQKB1R b KQkq - 0 4,41,41
f4ApItSp,10,a6,Pawn,a6,13,Good,rnbqkb1r/pp2pppp/3p1n2/8/3NP3/2N5/PPP2PPP/R1BQKB1R b KQkq - 2 5,39,52
f4ApItSp,12,e5,Pawn,e5,2,Good,rnbqkb1r/1p2pppp/p2p1n2/8/3NP3/2N1B3/PPP2PPP/R2QKB1R b KQkq - 1 6,34,36
f4ApItSp,14,Be7,Bishop,Be7,2,Good,rnbqkb1r/1p3ppp/p2p1n2/4p3/4P3/2N1BN2/PPP2PPP/R2QKB1R b KQkq - 1 7,22,24
f4ApItSp,16,Be6,Bishop,Be6,11,Good,rnbqk2r/1p2bppp/p2p1n2/4p3/2B1P3/2N1BN2/PPP2PPP/R2QK2R b KQkq - 3 8,7,18
f4ApItSp,18,fxe6,Pawn,fxe6,28,Good,rn1qk2r/1p2bppp/p2pBn2/4p3/4P3/2N1BN2/PPP2PPP/R2QK2R b KQkq - 0 9,16,44
f4ApItSp,20,Nc6,Knight,Nc6,-4,Good,rn1qk2r/1p2b1pp/p2ppn2/4p3/4P3/2N1BN2/PPP2PPP/R2Q1RK1 b kq - 1 10,-19,-23
f4ApItSp,22,b5,Pawn,Nxe4,24,Good,r2qk2r/1p2b1pp/p1nppn2/4p3/N3P3/4BN2/PPP2PPP/R2Q1RK1 b kq - 3 11,-56,-32
f4ApItSp,24,Rb8,Rook,Rb8,20,Good,r2qk2r/4b1pp/pNnppn2/1p2p3/4P3/4BN2/PPP2PPP/R2Q1RK1 b kq - 1 12,16,36
f4ApItSp,26,Nd4,Knight,Nd4,-3,Good,1r1qk2r/4b1pp/pNnppn2/1p2p1N1/4P3/4B3/PPP2PPP/R2Q1RK1 b k - 3 13,3,0
f4ApItSp,28,exd4,Pawn,exd4,16,Good,1r1qk2r/4b1pp/pN1ppn2/1p2p1N1/3BP3/8/PPP2PPP/R2Q1RK1 b k - 0 14,-127,-111
f4ApItSp,30,Qxb6,Queen,Qxb6,-15,Good,1r1qk2r/4b1pp/pN1pNn2/1p6/3pP3/8/PPP2PPP/R2Q1RK1 b k - 0 15,-118,-133
f4ApItSp,32,Kf7,King,Kf7,8,Good,1r2k2r/4b1Np/pq1p1n2/1p6/3pP3/8/PPP2PPP/R2Q1RK1 b k - 0 16,-125,-117
f4ApItSp,34,h5,Pawn,Rhe8,153,Mistake,1r5r/4bk1p/pq1p1n2/1p3N2/3pP3/8/PPP2PPP/R2Q1RK1 b - - 2 17,-138,15
f4ApItSp,36,Rbe8,Rook,Rbc8,78,Inaccuracy,1r5r/4bk2/pq1p1n2/1p3N1p/3pP3/5Q2/PPP2PPP/R4RK1 b - - 1 18,-21,57
f4ApItSp,38,Bf8,Bishop,Qc5,91,Mistake,4r2r/4bk2/pq1p1n2/1p3N1p/3pP3/5Q2/PPP2PPP/R3R1K1 b - - 3 19,1,92
f4ApItSp,40,Qc5,Queen,Re5,0,Good,4rb1r/5k2/pq1p1n2/1p3N1p/3pP3/5Q2/PPP2PPP/3RR1K1 b - - 5 20,0,0
f4ApItSp,42,Qg5,Queen,h4,229,Blunder,4rb1r/5k2/p2p1n2/1pq4p/3NP3/5Q2/PPP2PPP/3RR1K1 b - - 0 21,-83,146
f4ApItSp,44,Rg8,Rook,d5,31,Inaccuracy,4rb1r/5k2/p2p1n2/1p4qp/3NP3/5Q1P/PPP2PP1/3RR1K1 b - - 0 22,7,38
f4ApItSp,46,Re6,Rook,h4,35,Inaccuracy,4rbr1/5k2/p2p1n2/1p3Nqp/4P3/5Q1P/PPP2PP1/3RR1K1 b - - 2 23,23,58
f4ApItSp,48,h4,Pawn,Rg6,12,Good,5br1/5k2/p2prn2/1p3Nqp/4P3/1P3Q1P/P1P2PP1/3RR1K1 b - - 0 24,-19,-7
f4ApItSp,50,Qh5,Queen,bxc4,7,Good,5br1/5k2/p2prn2/1p3Nq1/2P1P2p/1P3Q1P/P4PP1/3RR1K1 b - - 0 25,-14,-7
f4ApItSp,52,Nxe4,Knight,Rg6,4,Good,5br1/5k2/p2prn2/1p3N1q/2P1P2p/1P1Q3P/P4PP1/3RR1K1 b - - 2 26,-4,0
f4ApItSp,54,Nc5,Knight,Nc5,-9,Good,5br1/5k2/p2pr3/1p5q/2PNn2p/1P1Q3P/P4PP1/3RR1K1 b - - 1 27,-197,-206
f4ApItSp,56,Qg6,Queen,Qg6,10,Good,5br1/5k2/p2pr3/1pn4q/2PN3p/1P5P/P1Q2PP1/3RR1K1 b - - 3 28,-242,-232
f4ApItSp,58,Rexg6,Rook,Rexg6,-11,Good,5br1/5k2/p2pr1Q1/1pn5/2PN3p/1P5P/P4PP1/3RR1K1 b - - 0 29,-217,-228
f4ApItSp,60,Rxg2+,Rook,Rxg2+,-14,Good,5br1/5k2/p2p2r1/1Pn5/3N3p/1P5P/P4PP1/3RR1K1 b - - 0 30,-266,-280
f4ApItSp,62,axb5,Pawn,Bh6,42,Inaccuracy,5br1/5k2/p2p4/1Pn5/3N3p/1P5P/P4Pr1/3RR2K b - - 1 31,-254,-212
f4ApItSp,64,Rxf2,Rook,Rxf2,-31,Good,5br1/5k2/3p4/1Nn5/7p/1P5P/P4Pr1/3RR2K b - - 0 32,-302,-333
f4ApItSp,66,Ne4,Knight,Ne4,12,Good,5br1/5k2/3p4/1Nn5/7p/1P5P/P4r2/3R1R1K b - - 1 33,-497,-485
lTEKZLuT,2,c5,Pawn,e5,-1,Good,rnbqkbnr/pppppppp/8/8/4P3/8/PPPP1PPP/RNBQKBNR b KQkq - 0 1,34,33
lTEKZLuT,4,Nc6,Knight,d6,9,Good,rnbqkbnr/pp1ppppp/8/2p5/4P3/2N5/PPPP1PPP/R1BQKBNR b KQkq - 1 2,30,39
lTEKZLuT,6,e6,Pawn,e5,13,Good,r1bqkbnr/pp1ppppp/2n5/2p5/4P3/2N2N2/PPPP1PPP/R1BQKB1R b KQkq - 3 3,26,39
lTEKZLuT,8,Nge7,Knight,Nd4,12,Good,r1bqkbnr/pp1p1ppp/2n1p3/1Bp5/4P3/2N2N2/PPPP1PPP/R1BQK2R b KQkq - 1 4,0,12
lTEKZLuT,10,a6,Pawn,a6,22,Good,r1bqkb1r/pp1pnppp/2n1p3/1Bp5/4P3/2N2N2/PPPP1PPP/R1BQ1RK1 b kq - 3 5,7,29
lTEKZLuT,12,Nxc6,Knight,Nxc6,2,Good,r1bqkb1r/1p1pnppp/p1B1p3/2p5/4P3/2N2N2/PPPP1PPP/R1BQ1RK1 b kq - 0 6,8,10
lTEKZLuT,14,cxd4,Pawn,cxd4,0,Good,r1bqkb1r/1p1p1ppp/p1n1p3/2p5/3PP3/2N2N2/PPP2PPP/R1BQ1RK1 b kq - 0 7,15,15
lTEKZLuT,16,d6,Pawn,Nxd4,9,Good,r1bqkb1r/1p1p1ppp/p1n1p3/8/3NP3/2N5/PPP2PPP/R1BQ1RK1 b kq - 0 8,22,31
lTEKZLuT,18,Qc7,Queen,Bd7,-2,Good,r1bqkb1r/1p3ppp/p1npp3/8/3NP3/2N5/PPP2PPP/R1BQR1K1 b kq - 1 9,28,26
lTEKZLuT,20,bxc6,Pawn,bxc6,-3,Good,r1b1kb1r/1pq2ppp/p1Npp3/8/4P3/2N5/PPP2PPP/R1BQR1K1 b kq - 0 10,40,37
lTEKZLuT,22,e5,Pawn,e5,7,Good,r1b1kb1r/2q2ppp/p1ppp3/8/4P3/1PN5/P1P2PPP/R1BQR1K1 b kq - 0 11,43,50
lTEKZLuT,24,Be7,Bishop,Be7,-1,Good,r1b1kb1r/2q2ppp/p1pp4/4p3/N3P3/1P6/P1P2PPP/R1BQR1K1 b kq - 1 12,31,30
lTEKZLuT,26,O-O,King,Be6,20,Good,r1b1k2r/2q1bppp/p1pp4/4p3/N1P1P3/1P6/P4PPP/R1BQR1K1 b kq - 0 13,18,38
lTEKZLuT,28,Be6,Bishop,Be6,3,Good,r1b2rk1/2q1bppp/p1pp4/4p3/N1P1P3/BP6/P4PPP/R2QR1K1 b - - 2 14,-20,-17
lTEKZLuT,30,Rad8,Rook,f5,7,Good,r4rk1/2q1bppp/p1ppb3/4p3/N1P1P3/BP6/P2Q1PPP/R3R1K1 b - - 4 15,-7,0
lTEKZLuT,32,f6,Pawn,f5,42,Inaccuracy,3r1rk1/2q1bppp/p1ppb3/4p3/N1P1P3/BP6/P2Q1PPP/3RR1K1 b - - 6 16,-10,32
lTEKZLuT,34,Rd7,Rook,Qb8,-1,Good,3r1rk1/2q1b1pp/p1ppbp2/4p3/NBP1P3/1P6/P2Q1PPP/3RR1K1 b - - 1 17,31,30
lTEKZLuT,36,Qb8,Queen,Qb8,-14,Good,5rk1/2qrb1pp/p1ppbp2/B3p3/N1P1P3/1P6/P2Q1PPP/3RR1K1 b - - 3 18,36,22
lTEKZLuT,38,Rb7,Rook,Rb7,-5,Good,1q3rk1/3rb1pp/pNppbp2/B3p3/2P1P3/1P6/P2Q1PPP/3RR1K1 b - - 5 19,-17,-22
lTEKZLuT,40,Rd7,Rook,f5,53,Inaccuracy,1q3rk1/1r2b1pp/p1ppbp2/B3p3/N1P1P3/1P6/P2Q1PPP/3RR1K1 b - - 7 20,-20,33
lTEKZLuT,42,Rb7,Rook,Rb7,11,Good,1q3rk1/3rb1pp/pNppbp2/B3p3/2P1P3/1P6/P2Q1PPP/3RR1K1 b - - 9 21,-21,-10
lTEKZLuT,44,Kh8,King,f5,42,Inaccuracy,1q3rk1/1r2b1pp/p1ppbp2/B3p3/N1P1P3/1P6/P2Q1PPP/3RR1K1 b - - 11 22,-13,29
lTEKZLuT,46,Bd8,Bishop,Qe8,93,Mistake,1q3r1k/1r2b1pp/p1ppbp2/B3p3/N1P1P3/1P2Q3/P4PPP/3RR1K1 b - - 13 23,8,101
lTEKZLuT,48,Rxd8,Rook,Rxd8,-17,Good,1q1B1r1k/1r4pp/p1ppbp2/4p3/N1P1P3/1P2Q3/P4PPP/3RR1K1 b - - 0 24,119,102
lTEKZLuT,50,Rbd7,Rook,Qc7,70,Inaccuracy,1q1r3k/1r4pp/p1ppbp2/4p3/N1P1P3/1P2Q3/P2R1PPP/4R1K1 b - - 1 25,89,159
lTEKZLuT,52,c5,Pawn,c5,7,Good,1q1r3k/3r2pp/p1ppbp2/4p3/N1P1P3/1P2Q3/P2R1PPP/3R2K1 b - - 3 26,124,131
lTEKZLuT,54,Qc7,Queen,h6,-6,Good,1q1r3k/3r2pp/p2pbp2/2p1p3/2P1P3/1PN1Q3/P2R1PPP/3R2K1 b - - 1 27,125,119
lTEKZLuT,56,Bxd5,Bishop,Bxd5,10,Good,3r3k/2qr2pp/p2pbp2/2pNp3/2P1P3/1P2Q3/P2R1PPP/3R2K1 b - - 3 28,58,68
lTEKZLuT,58,a5,Pawn,a5,-9,Good,3r3k/2qr2pp/p2p1p2/2pRp3/2P1P3/1P2Q3/P4PPP/3R2K1 b - - 0 29,74,65
lTEKZLuT,60,a4,Pawn,a4,2,Good,3r3k/2qr2pp/3p1p2/p1pRp3/2P1P2P/1P2Q3/P4PP1/3R2K1 b - - 0 30,52,54
lTEKZLuT,62,axb3,Pawn,axb3,-10,Good,3r3k/2qr2pp/3p1p2/2pRp2P/p1P1P3/1P2Q3/P4PP1/3R2K1 b - - 0 31,28,18
lTEKZLuT,64,h6,Pawn,h6,7,Good,3r3k/2qr2pp/3p1p2/2pRp2P/2P1P3/1P2Q3/5PP1/3R2K1 b - - 0 32,0,7
lTEKZLuT,66,Qb6,Queen,Qb8,10,Good,3r3k/2qr2p1/3p1p1p/2pRp2P/2P1P3/1P5Q/5PP1/3R2K1 b - - 1 33,0,10
lTEKZLuT,68,Ra7,Rook,Ra7,0,Good,3r3k/3r2p1/1q1p1p1p/2pRp2P/2P1P3/1P1R3Q/5PP1/6K1 b - - 3 34,0,0
lTEKZLuT,70,Qc7,Queen,Ra6,1,Good,3r3k/r5p1/1q1p1p1p/2pRp2P/2P1P3/1P1R3Q/5PPK/8 b - - 5 35,8,9
lTEKZLuT,72,Ra6,Rook,Ra6,0,Good,3r3k/r1q3p1/3pQp1p/2pRp2P/2P1P3/1P1R4/5PPK/8 b - - 7 36,0,0
lTEKZLuT,74,Rb6,Rook,Qe7,-1,Good,3r3k/2q3p1/r2p1p1p/2pRpQ1P/2P1P3/1P1R4/5PPK/8 b - - 9 37,1,0
lTEKZLuT,76,Rdb8,Rook,Ra6,42,Inaccuracy,3r3k/2q3p1/1r1p1pQp/2pRp2P/2P1P3/1P1R4/5PPK/8 b - - 11 38,0,42
lTEKZLuT,78,Qe7,Queen,Qb7,25,Good,1r5k/2q3p1/1r1p1p1p/2pRp2P/2P1P3/1P1R2Q1/5PPK/8 b - - 13 39,14,39
lTEKZLuT,80,Rd8,Rook,Qd7,-11,Good,1r5k/4q1p1/1r1p1p1p/2pRp2P/2P1P3/1P1R1Q2/5PPK/8 b - - 15 40,36,25
lTEKZLuT,82,Rc6,Rook,Ra6,-4,Good,3r3k/4q1p1/1r1p1p1p/2pRp2P/2P1P3/1P1R4/5PPK/3Q4 b - - 17 41,5,1
lTEKZLuT,84,Rb6,Rook,Rb6,0,Good,3r3k/4q1p1/2rp1p1p/2pRp2P/2P1P1Q1/1P1R4/5PPK/8 b - - 19 42,0,0
lTEKZLuT,86,Rc6,Rook,Ra8,101,Mistake,3r3k/4q1p1/1r1p1p1p/2pRpQ1P/2P1P3/1P1R4/5PPK/8 b - - 21 43,0,101
lTEKZLuT,88,Qd7,Queen,Rf8,82,Inaccuracy,3r3k/4q1p1/2rp1p1p/2pRp2P/2P1P1Q1/1P1R4/5PPK/8 b - - 23 44,5,87
lTEKZLuT,90,Qe7,Queen,Qe7,9,Good,3r3k/3q2p1/2rp1pQp/2pRp2P/2P1P3/1P1R4/5PPK/8 b - - 25 45,0,9
lTEKZLuT,92,Rb6,Rook,Rb6,-5,Good,3r3k/4q1p1/2rp1pQp/2pRp2P/2P1P3/1P6/3R1PPK/8 b - - 27 46,8,3
lTEKZLuT,94,Rdb8,Rook,Ra6,12,Good,3r3k/4q1p1/1r1p1pQp/2p1p2P/2P1P3/1P1R4/3R1PPK/8 b - - 29 47,2,14
lTEKZLuT,96,Rd8,Rook,Ra6,-2,Good,1r5k/4q1p1/1r1p1p1p/2p1p2P/2P1P3/1P1R2Q1/3R1PPK/8 b - - 31 48,2,0
lTEKZLuT,98,Rc6,Rook,Qb7,0,Good,3r3k/4q1p1/1r1p1p1p/2p1p2P/2P1P3/1P1R3Q/3R1PPK/8 b - - 33 49,0,0
lTEKZLuT,100,Rb6,Rook,Qc7,0,Good,3r3k/4q1p1/2rp1p1p/2p1p2P/2P1P3/1P1R3Q/R4PPK/8 b - - 35 50,0,0
lTEKZLuT,102,Rdb8,Rook,Qb7,0,Good,3r3k/4q1p1/1r1p1p1p/2p1pQ1P/2P1P3/1P1R4/R4PPK/8 b - - 37 51,0,0
lTEKZLuT,104,Qe8,Queen,Qb7,105,Mistake,1r5k/4q1p1/1r1p1p1p/2p1p2P/2P1P3/1P1R3Q/R4PPK/8 b - - 39 52,0,105
lTEKZLuT,106,Qe7,Queen,Qe7,0,Good,1r2q2k/6p1/1r1p1p1p/2p1p2P/2P1P3/1P1R3Q/3R1PPK/8 b - - 41 53,3,3
lTEKZLuT,108,Rd8,Rook,Rd8,0,Good,1r5k/4q1p1/1r1p1p1p/2p1p2P/2P1P3/1P1R1Q2/3R1PPK/8 b - - 43 54,0,0
lTEKZLuT,110,Rdb8,Rook,Qb7,0,Good,3r3k/4q1p1/1r1p1p1p/2p1p2P/2P1P3/1P1R3Q/3R1PPK/8 b - - 45 55,0,0
lTEKZLuT,112,Rd8,Rook,Rd8,0,Good,1r5k/4q1p1/1r1p1p1p/2p1p2P/2P1P3/1P1R1Q2/3R1PPK/8 b - - 47 56,0,0
L9u8rh5H,2,Nf6,Knight,d5,-3,Good,rnbqkbnr/pppppppp/8/8/3P4/8/PPP1PPPP/RNBQKBNR b KQkq - 0 1,28,25
L9u8rh5H,4,e6,Pawn,e6,2,Good,rnbqkb1r/pppppppp/5n2/8/2PP4/8/PP2PPPP/RNBQKBNR b KQkq - 0 2,22,24
L9u8rh5H,6,d5,Pawn,d5,4,Good,rnbqkb1r/pppp1ppp/4pn2/8/2PP4/6P1/PP2PP1P/RNBQKBNR b KQkq - 0 3,35,39
L9u8rh5H,8,Bb4+,Bishop,c5,3,Good,rnbqkb1r/ppp2ppp/4pn2/3p4/2PP4/6P1/PP2PPBP/RNBQK1NR b KQkq - 1 4,29,32
L9u8rh5H,10,Be7,Bishop,Be7,-8,Good,rnbqk2r/ppp2ppp/4pn2/3p4/1bPP4/6P1/PP1BPPBP/RN1QK1NR b KQkq - 3 5,20,12
L9u8rh5H,12,O-O,King,O-O,-5,Good,rnbqk2r/ppp1bppp/4pn2/3p4/2PP4/5NP1/PP1BPPBP/RN1QK2R b KQkq - 5 6,21,16
L9u8rh5H,14,Nbd7,Knight,c6,1,Good,rnbq1rk1/ppp1bppp/4pn2/3p4/2PP4/5NP1/PP1BPPBP/RN1Q1RK1 b - - 7 7,15,16
L9u8rh5H,16,Ne4,Knight,c6,19,Good,r1bq1rk1/pppnbppp/4pn2/3p4/2PP4/5NP1/PPQBPPBP/RN3RK1 b - - 9 8,21,40
L9u8rh5H,18,Nxd2,Knight,Nxd2,6,Good,r1bq1rk1/pppnbppp/4p3/3p4/2PPn3/2N2NP1/PPQBPPBP/R4RK1 b - - 11 9,34,40
L9u8rh5H,20,c6,Pawn,c6,5,Good,r1bq1rk1/pppnbppp/4p3/3p4/2PP4/2N3P1/PPQNPPBP/R4RK1 b - - 0 10,36,41
L9u8rh5H,22,f5,Pawn,f5,4,Good,r1bq1rk1/pp1nbppp/2p1p3/3p4/2PP4/2N3P1/PPQNPPBP/R2R2K1 b - - 1 11,27,31
L9u8rh5H,24,Nf6,Knight,Bd6,17,Good,r1bq1rk1/pp1nb1pp/2p1p3/3p1p2/2PP4/2N1P1P1/PPQN1PBP/R2R2K1 b - - 0 12,29,46
L9u8rh5H,26,Bd6,Bishop,b6,-2,Good,r1bq1rk1/pp2b1pp/2p1pn2/3p1p2/2PP4/4P1P1/PPQNNPBP/R2R2K1 b - - 2 13,51,49
L9u8rh5H,28,Qe7,Queen,Qe7,-1,Good,r1bq1rk1/pp4pp/2pbpn2/3p1p2/2PP4/4P1P1/PPQNNPBP/2RR2K1 b - - 4 14,22,21
L9u8rh5H,30,Bd7,Bishop,g5,31,Inaccuracy,r1b2rk1/pp2q1pp/2pbpn2/3p1p2/2PP4/P3P1P1/1PQNNPBP/2RR2K1 b - - 0 15,-20,11
L9u8rh5H,32,a6,Pawn,g5,40,Inaccuracy,r4rk1/pp1bq1pp/2pbpn2/3p1p2/1PPP4/P3P1P1/2QNNPBP/2RR2K1 b - - 0 16,-15,25
L9u8rh5H,34,Be8,Bishop,Ne4,-5,Good,r4rk1/1p1bq1pp/p1pbpn2/3p1p2/1PPP4/P3PNP1/2Q1NPBP/2RR2K1 b - - 1 17,26,21
L9u8rh5H,36,Ne4,Knight,Ne4,3,Good,r3brk1/1p2q1pp/p1pbpn2/3p1p2/1PPP1N2/P3PNP1/2Q2PBP/2RR2K1 b - - 3 18,29,32
L9u8rh5H,38,Bh5,Bishop,Bh5,2,Good,r3brk1/1p2q1pp/p1pbp3/3p1p2/1PPPn3/P2NPNP1/2Q2PBP/2RR2K1 b - - 5 19,-42,-40
L9u8rh5H,40,Bxf3,Bishop,dxc4,23,Good,r4rk1/1p2q1pp/p1pbp3/3p1p1b/1PPPn3/P2NPNP1/2Q2PBP/2R1R1K1 b - - 7 20,-48,-25
L9u8rh5H,42,Nf6,Knight,g5,69,Inaccuracy,r4rk1/1p2q1pp/p1pbp3/3p1p2/1PPPn3/P2NPBP1/2Q2P1P/2R1R1K1 b - - 0 21,-25,44
L9u8rh5H,44,g5,Pawn,g5,18,Good,r4rk1/1p2q1pp/p1pbpn2/3p1p2/1PPP4/P2NPBP1/1Q3P1P/2R1R1K1 b - - 2 22,-56,-38
L9u8rh5H,46,h5,Pawn,h5,-11,Good,r4rk1/1p2q2p/p1pbpn2/3p1pp1/PPPP4/3NPBP1/1Q3P1P/2R1R1K1 b - - 0 23,-48,-59
L9u8rh5H,48,axb5,Pawn,Ba3,148,Mistake,r4rk1/1p2q3/p1pbpn2/1P1p1ppp/P1PP4/3NPBP1/1Q3P1P/2R1R1K1 b - - 0 24,-120,28
L9u8rh5H,50,Bc7,Bishop,Bc7,0,Good,r4rk1/1p2q3/2pbpn2/1pPp1ppp/P2P4/3NPBP1/1Q3P1P/2R1R1K1 b - - 0 25,39,39
L9u8rh5H,52,Ba5,Bishop,h4,50,Inaccuracy,r4rk1/1pb1q3/2p1pn2/1PPp1ppp/3P4/3NPBP1/1Q3P1P/2R1R1K1 b - - 0 26,35,85
L9u8rh5H,54,h4,Pawn,Bc7,9,Good,r4rk1/1p2q3/2p1pn2/bPPp1ppp/3P4/3NPBP1/1Q3P1P/2RR2K1 b - - 2 27,92,101
L9u8rh5H,56,hxg3,Pawn,g4,70,Inaccuracy,r4rk1/1p2q3/2p1pn2/bPPp1pp1/3P3p/3NPBP1/1Q3P1P/R2R2K1 b - - 1 28,75,145
L9u8rh5H,58,Bc7,Bishop,Qh7,66,Inaccuracy,r4rk1/1p2q3/2p1pn2/bPPp1pp1/3P4/3NPBP1/1Q3P2/R2R2K1 b - - 0 29,129,195
L9u8rh5H,60,Rxa1,Rook,Rxa1,3,Good,r4rk1/1pb1q3/1Pp1pn2/2Pp1pp1/3P4/3NPBP1/1Q3P2/R2R2K1 b - - 0 30,36,39
L9u8rh5H,62,Bb8,Bishop,Bb8,8,Good,5rk1/1pb1q3/1Pp1pn2/2Pp1pp1/3P4/3NPBP1/1Q3P2/R5K1 b - - 0 31,24,32
L9u8rh5H,64,Kg7,King,g4,41,Inaccuracy,1b3rk1/1p2q3/1Pp1pn2/2Pp1pp1/3P4/3NPBP1/1Q3PK1/R7 b - - 2 32,0,41
L9u8rh5H,66,g4,Pawn,Nd7,54,Inaccuracy,1b3r2/1p2q1k1/1Pp1pn2/2Pp1pp1/3P4/3NPBP1/1Q3PK1/7R b - - 4 33,27,81
L9u8rh5H,68,Ne4,Knight,Ne4,5,Good,1b3r2/1p2q1k1/1Pp1pn2/2Pp1p2/3P2p1/3NP1P1/1Q2BPK1/7R b - - 1 34,63,68
L9u8rh5H,70,Qd8,Queen,Qe8,-8,Good,1b3r2/1p2q1k1/1Pp1p3/2Pp1p2/3Pn1p1/3NP1P1/4BPK1/Q6R b - - 3 35,46,38
L9u8rh5H,72,Rh8,Rook,Rh8,3,Good,1b1q1r2/1p4k1/1Pp1p3/2Pp1p2/3Pn1p1/3NP1P1/4BPKR/Q7 b - - 5 36,16,19
L9u8rh5H,74,Rxh2+,Rook,Rxh2+,-16,Good,1b1q3r/1p4k1/1Pp1p3/2Pp1p2/3Pn1p1/3NP1P1/4BPKR/7Q b - - 7 37,34,18
L9u8rh5H,76,Qg5,Queen,Kg6,-15,Good,1b1q4/1p4k1/1Pp1p3/2Pp1p2/3Pn1p1/3NP1P1/4BPKQ/8 b - - 0 38,34,19
L9u8rh5H,78,Bxf4,Bishop,Bxf4,0,Good,1b6/1p4k1/1Pp1p3/2Pp1pq1/3PnNp1/4P1P1/4BPKQ/8 b - - 2 39,0,0
L9u8rh5H,80,Qf6,Queen,Qf6,0,Good,8/1p4k1/1Pp1p3/2Pp1pq1/3PnPp1/6P1/4BPKQ/8 b - - 0 40,-9,-9
L9u8rh5H,82,Qxd4,Queen,Qxd4,0,Good,8/1p4k1/1Pp1pq2/2Pp1p2/3PnPpQ/6P1/4BPK1/8 b - - 2 41,0,0
L9u8rh5H,84,Kg6,King,Kh6,0,Good,8/1p2Q1k1/1Pp1p3/2Pp1p2/3qnPp1/6P1/4BPK1/8 b - - 1 42,0,0
L9u8rh5H,86,Nf6,Knight,Nf6,0,Good,8/1p6/1Pp1Q1k1/2Pp1p2/3qnPp1/6P1/4BPK1/8 b - - 0 43,0,0
L9u8rh5H,88,Qxe5,Queen,Qxe5,-75,Good,8/1p6/1Pp2nk1/2PpQp2/3q1Pp1/6P1/4BPK1/8 b - - 2 44,-313,-388
L9u8rh5H,90,Nd7,Knight,Nd7,-8,Good,8/1p6/1Pp2nk1/2PpPp2/6p1/6P1/4BPK1/8 b - - 0 45,-417,-425
L9u8rh5H,92,gxf3+,Pawn,Nxe5,181,Mistake,8/1p1n4/1Pp3k1/2PpPp2/6p1/5PP1/4B1K1/8 b - - 0 46,-436,-255
L9u8rh5H,94,Nxc5,Knight,Nxe5+,234,Blunder,8/1p1n4/1Pp3k1/2PpPp2/8/5KP1/4B3/8 b - - 0 47,-388,-154
L9u8rh5H,96,Ne6+,Knight,Ne6+,76,Inaccuracy,8/1p6/1Pp3k1/2npPp2/5K2/6P1/4B3/8 b - - 1 48,-212,-136
L9u8rh5H,98,Kg5,King,Nc5,-100,Good,8/1p6/1Pp1n1k1/3pPp2/8/4K1P1/4B3/8 b - - 3 49,-88,-188
L9u8rh5H,100,Nd8,Knight,f4+,17,Good,8/1p6/1Pp1n3/3pPpk1/8/4KBP1/8/8 b - - 5 50,-114,-97
L9u8rh5H,102,Ne6+,Knight,f4,167,Mistake,3n4/1p6/1Pp5/3pPpk1/3K4/5BP1/8/8 b - - 7 51,-220,-53
L9u8rh5H,104,Kg6,King,f4+,21,Good,8/1p6/1Pp1n3/3pPpk1/8/4KBP1/8/8 b - - 9 52,-40,-19
L9u8rh5H,106,Kf7,King,Nf8,23,Good,8/1p6/1Pp1n1k1/3pPp2/8/4K1P1/8/3B4 b - - 11 53,-16,7
L9u8rh5H,108,Ng7,Knight,Nc5,8,Good,8/1p3k2/1Pp1n3/3pPp2/8/4K1P1/2B5/8 b - - 13 54,0,8
L9u8rh5H,110,Ke7,King,Ke6,34,Inaccuracy,8/1p3kn1/1Pp5/3pPp2/3K4/6P1/2B5/8 b - - 15 55,-57,-23
L9u8rh5H,112,Ne6+,Knight,Ne6+,0,Good,8/1p2k1n1/1Pp5/2KpPp2/8/6P1/2B5/8 b - - 17 56,-451,-451
L9u8rh5H,114,c5+,Pawn,c5+,-8,Good,8/1p2k3/1Pp1n3/3pPp2/1K6/6P1/2B5/8 b - - 19 57,-487,-495
L9u8rh5H,116,Nd4,Knight,Nd4,9,Good,8/1p2k3/1P2n3/2ppPp2/8/2K3P1/2B5/8 b - - 1 58,-518,-509
L9u8rh5H,118,Ke6,King,Ke6,-28,Good,8/1p2k3/1P6/2ppPp2/3n4/2K3P1/8/1B6 b - - 3 59,-522,-550
L9u8rh5H,120,Kxe5,King,Kxe5,-25,Good,8/1p6/1P2k3/2ppPp2/3n4/3K2P1/8/1B6 b - - 5 60,-571,-596
L9u8rh5H,122,c4,Pawn,c4,-2,Good,8/1p6/1P6/2ppkp2/3n4/4K1P1/8/1B6 b - - 1 61,-631,-633
L9u8rh5H,124,Nb5,Knight,Ne6,-8,Good,8/1p6/1P6/3pkp2/2pn4/4K1P1/B7/8 b - - 1 62,-650,-658
L9u8rh5H,126,Nc3,Knight,Nc3,-2,Good,8/1p6/1P6/1n1pkp2/2p5/4K1P1/8/1B6 b - - 3 63,-690,-692
L9u8rh5H,128,d4+,Pawn,Ne4,-3,Good,8/1p6/1P6/3pkp2/2p5/2n1K1P1/2B5/8 b - - 5 64,-708,-711
L9u8rh5H,130,Ne4+,Knight,Ne4+,-2,Good,8/1p6/1P6/4kp2/2pp4/2n3P1/2BK4/8 b - - 1 65,-764,-766
L9u8rh5H,132,d3+,Pawn,d3+,-44,Good,8/1p6/1P6/4kp2/2ppn3/6P1/2B1K3/8 b - - 3 66,-809,-853
L9u8rh5H,134,dxc2,Pawn,dxc2,8674,Blunder,8/1p6/1P6/4kp2/2p1n3/3p1KP1/2B5/8 b - - 1 67,-9993,-1319
L9u8rh5H,136,c1=Q+,Pawn,c1=Q+,-1,Good,8/1p6/1P6/4kp2/2p1n3/4K1P1/2p5/8 b - - 1 68,-9997,-9998
L9u8rh5H,138,Qd2,Queen,Qf1+,-1,Good,8/1p6/1P6/4kp2/2p1n3/5KP1/8/2q5 b - - 1 69,-9998,-9999
L9u8rh5H,140,Qf2#,Queen,Qf2#,-1,Good,8/1p6/1P6/4kp2/2p1n1P1/5K2/3q4/8 b - - 0 70,-9999,-10000
Kz0DtwJQ,2,c6,Pawn,c5,-2,Good,rnbqkbnr/pppppppp/8/8/4P3/8/PPPP1PPP/RNBQKBNR b KQkq - 0 1,30,28
Kz0DtwJQ,4,d5,Pawn,d5,6,Good,rnbqkbnr/pp1ppppp/2p5/8/3PP3/8/PPP2PPP/RNBQKBNR b KQkq - 0 2,33,39
Kz0DtwJQ,6,Bf5,Bishop,Bf5,2,Good,rnbqkbnr/pp2pppp/2p5/3pP3/3P4/8/PPP2PPP/RNBQKBNR b KQkq - 0 3,41,43
Kz0DtwJQ,8,e6,Pawn,e6,-4,Good,rn1qkbnr/pp2pppp/2p5/3pPb2/3P4/5N2/PPP2PPP/RNBQKB1R b KQkq - 2 4,41,37
Kz0DtwJQ,10,c5,Pawn,c5,0,Good,rn1qkbnr/pp3ppp/2p1p3/3pPb2/3P4/5N2/PPP1BPPP/RNBQK2R b KQkq - 1 5,35,35
Kz0DtwJQ,12,Qb6,Queen,cxd4,-15,Good,rn1qkbnr/pp3ppp/4p3/2ppPb2/3P4/4BN2/PPP1BPPP/RN1QK2R b KQkq - 1 6,37,22
Kz0DtwJQ,14,Nc6,Knight,Qxb2,55,Inaccuracy,rn2kbnr/pp3ppp/1q2p3/2ppPb2/3P4/2N1BN2/PPP1BPPP/R2QK2R b KQkq - 3 7,0,55
Kz0DtwJQ,16,Qxb2,Queen,Qxb2,3,Good,r3kbnr/pp3ppp/1qn1p3/2ppPb2/3P4/2N1BN2/PPP1BPPP/R2Q1RK1 b kq - 5 8,59,62
Kz0DtwJQ,18,Qxb1,Queen,Qxb1,5,Good,r3kbnr/pp3ppp/2n1p3/2ppPb2/3P4/2N1BN2/PqP1BPPP/RQ3RK1 b kq - 1 9,-140,-135
Kz0DtwJQ,20,O-O-O,King,O-O-O,-5,Good,r3kbnr/pp3ppp/2n1p3/2ppPb2/3P4/2N1BN2/P1P1BPPP/RR4K1 b kq - 0 10,-147,-152
Kz0DtwJQ,22,c4,Pawn,c4,20,Good,2kr1bnr/pp3ppp/2n1p3/1NppPb2/3P4/4BN2/P1P1BPPP/RR4K1 b - - 2 11,-233,-213
Kz0DtwJQ,24,a6,Pawn,a6,1,Good,2kr1bnr/pp3ppp/2n1p3/1N1pPb2/2pP4/4BN2/P1P1BPPP/R1R3K1 b - - 1 12,-270,-269
Kz0DtwJQ,26,Bxd6,Bishop,Bxd6,20,Good,2kr1bnr/1p3ppp/p1nNp3/3pPb2/2pP4/4BN2/P1P1BPPP/R1R3K1 b - - 1 13,-319,-299
Kz0DtwJQ,28,Rxd6,Rook,Rxd6,16,Good,2kr2nr/1p3ppp/p1nPp3/3p1b2/2pP4/4BN2/P1P1BPPP/R1R3K1 b - - 0 14,-313,-297
Kz0DtwJQ,30,Nxe5,Knight,Nxe5,-1,Good,2k3nr/1p3ppp/p1nrp3/3pNb2/2pP4/4B3/P1P1BPPP/R1R3K1 b - - 1 15,-304,-305
Kz0DtwJQ,32,Rd7,Rook,Rd7,18,Good,2k3nr/1p3ppp/p2rp3/3pPb2/2p5/4B3/P1P1BPPP/R1R3K1 b - - 0 16,-311,-293
Kz0DtwJQ,34,Bg6,Bishop,Bg6,-8,Good,2k3nr/1p1r1ppp/p3p3/3pPb2/2p3P1/4B3/P1P1BP1P/R1R3K1 b - - 0 17,-311,-319
Kz0DtwJQ,36,h5,Pawn,h5,16,Good,2k3nr/1p1r1ppp/p3p1b1/3pP3/2p3PP/4B3/P1P1BP2/R1R3K1 b - - 0 18,-416,-400
C2S4sM6m,2,e5,Pawn,c5,-6,Good,rnbqkbnr/pppppppp/8/8/4P3/8/PPPP1PPP/RNBQKBNR b KQkq - 0 1,32,26
C2S4sM6m,4,Nc6,Knight,d6,5,Good,rnbqkbnr/pppp1ppp/8/4p3/4P3/5N2/PPPP1PPP/RNBQKB1R b KQkq - 1 2,41,46
C2S4sM6m,6,a6,Pawn,a6,1,Good,r1bqkbnr/pppp1ppp/2n5/1B2p3/4P3/5N2/PPPP1PPP/RNBQK2R b KQkq - 3 3,39,40
C2S4sM6m,8,Nf6,Knight,Nf6,3,Good,r1bqkbnr/1ppp1ppp/p1n5/4p3/B3P3/5N2/PPPP1PPP/RNBQK2R b KQkq - 1 4,30,33
C2S4sM6m,10,b5,Pawn,Be7,3,Good,r1bqkb1r/1ppp1ppp/p1n2n2/4p3/B3P3/5N2/PPPP1PPP/RNBQ1RK1 b kq - 3 5,34,37
C2S4sM6m,12,Bb7,Bishop,d6,4,Good,r1bqkb1r/2pp1ppp/p1n2n2/1p2p3/4P3/1B3N2/PPPP1PPP/RNBQ1RK1 b kq - 1 6,46,50
C2S4sM6m,14,Be7,Bishop,Be7,-1,Good,r2qkb1r/1bpp1ppp/p1n2n2/1p2p3/4P3/1B1P1N2/PPP2PPP/RNBQ1RK1 b kq - 0 7,36,35
C2S4sM6m,16,O-O,King,O-O,1,Good,r2qk2r/1bppbppp/p1n2n2/1p2p3/4P3/1BNP1N2/PPP2PPP/R1BQ1RK1 b kq - 2 8,35,36
C2S4sM6m,18,Na5,Knight,b4,20,Good,r2q1rk1/1bppbppp/p1n2n2/1p2p3/P3P3/1BNP1N2/1PP2PPP/R1BQ1RK1 b - - 0 9,8,28
C2S4sM6m,20,Nxb3,Knight,Nxb3,4,Good,r2q1rk1/1bppbppp/p4n2/nP2p3/4P3/1BNP1N2/1PP2PPP/R1BQ1RK1 b - - 0 10,-24,-20
C2S4sM6m,22,axb5,Pawn,axb5,18,Good,r2q1rk1/1bppbppp/p4n2/1P2p3/4P3/1PNP1N2/1P3PPP/R1BQ1RK1 b - - 0 11,-24,-6
C2S4sM6m,24,Bxa8,Bishop,Qxa8,29,Good,R2q1rk1/1bppbppp/5n2/1p2p3/4P3/1PNP1N2/1P3PPP/2BQ1RK1 b - - 0 12,-8,21
C2S4sM6m,26,b4,Pawn,b4,-6,Good,b2q1rk1/2ppbppp/5n2/1p2N3/4P3/1PNP4/1P3PPP/2BQ1RK1 b - - 0 13,-25,-31
C2S4sM6m,28,d5,Pawn,d5,0,Good,b2q1rk1/2ppbppp/5n2/4N3/1p2P3/1P1P4/1P2NPPP/2BQ1RK1 b - - 1 14,-26,-26
C2S4sM6m,30,Re8,Rook,Bd6,85,Inaccuracy,b2q1rk1/2p1bppp/5n2/3pN3/1p2P3/1P1P1P2/1P2N1PP/2BQ1RK1 b - - 0 15,-139,-54
C2S4sM6m,32,Bc5+,Bishop,dxe4,85,Inaccuracy,b2qr1k1/2p1bppp/5n2/3pN1B1/1p2P3/1P1P1P2/1P2N1PP/3Q1RK1 b - - 2 16,-94,-9
C2S4sM6m,34,Rxe5,Rook,Rxe5,1,Good,b2qr1k1/2p2ppp/5n2/2bpN1B1/1p1PP3/1P3P2/1P2N1PP/3Q1RK1 b - - 0 17,-24,-23
C2S4sM6m,36,Qxf6,Queen,Qxf6,15,Good,b2q2k1/2p2ppp/5B2/2bpr3/1p1PP3/1P3P2/1P2N1PP/3Q1RK1 b - - 0 18,-120,-105
C2S4sM6m,38,dxe4,Pawn,Qe7,33,Inaccuracy,b5k1/2p2ppp/5q2/2Ppr3/1p2P3/1P3P2/1P2N1PP/3Q1RK1 b - - 0 19,-86,-53
C2S4sM6m,40,Qe7,Queen,Qe7,-9,Good,b5k1/2p2ppp/5q2/2P1r3/1p2P3/1P6/1P2N1PP/3Q1RK1 b - - 0 20,-91,-100
C2S4sM6m,42,Qxc5+,Queen,Qxc5+,-2,Good,b5k1/2p1qppp/8/2P1r3/1p2P3/1P4N1/1P4PP/3Q1RK1 b - - 2 21,-100,-102
C2S4sM6m,44,Re8,Rook,Qe7,6,Good,b5k1/2p2ppp/8/2q1r3/1p2P3/1P4N1/1P4PP/3Q1R1K b - - 1 22,-113,-107
C2S4sM6m,46,f6,Pawn,Qe7,15,Good,b3r1k1/2p2ppp/8/2q5/1p2P3/1P3QN1/1P4PP/5R1K b - - 3 23,-109,-94
C2S4sM6m,48,Qg5,Queen,Qe5,78,Inaccuracy,b3r1k1/2p3pp/5p2/2q5/1p2P1Q1/1P4N1/1P4PP/5R1K b - - 1 24,-78,0
C2S4sM6m,50,Qg6,Queen,Qg6,-2,Good,b3r1k1/2pQ2pp/5p2/6q1/1p2P3/1P4N1/1P4PP/5R1K b - - 3 25,-25,-27
C2S4sM6m,52,Bxe4,Bishop,Bxe4,3,Good,b3r1k1/2Q3pp/5pq1/8/1p2P3/1P4N1/1P4PP/5R1K b - - 0 26,-11,-8
C2S4sM6m,54,Kh8,King,Kh8,0,Good,4r1k1/6pp/5pq1/8/1pQ1b3/1P4N1/1P4PP/5R1K b - - 1 27,-3,-3
C2S4sM6m,56,h5,Pawn,h5,3,Good,4r2k/6pp/5pq1/8/1Q2b3/1P4N1/1P4PP/5R1K b - - 0 28,-3,0
C2S4sM6m,58,Rxe4,Rook,Rxe4,1,Good,4r2k/6p1/5pq1/7p/1Q2N3/1P6/1P4PP/5R1K b - - 0 29,-1,0
C2S4sM6m,60,Kh7,King,Qe8,1,Good,7k/6p1/5pq1/7p/4r3/1P6/1P1Q2PP/5R1K b - - 1 30,0,1
C2S4sM6m,62,f5,Pawn,Qg5,17,Good,8/6pk/5pq1/7p/4r3/1P5P/1P1Q2P1/5R1K b - - 0 31,-9,8
C2S4sM6m,64,Qe6,Queen,Qe6,0,Good,8/6pk/6q1/5p1p/1P2r3/7P/1P1Q2P1/5R1K b - - 0 32,0,0
C2S4sM6m,66,Re2,Rook,Re5,18,Good,8/6pk/4q3/1P3p1p/4r3/7P/1P1Q2P1/5R1K b - - 0 33,0,18
C2S4sM6m,68,g6,Pawn,g6,-1,Good,8/6pk/4q3/1P3pQp/8/7P/1P2r1P1/5R1K b - - 2 34,9,8
C2S4sM6m,70,Re1+,Rook,Re1+,0,Good,8/7k/4q1p1/1P3pQp/8/7P/1P2r1P1/2R4K b - - 1 35,0,0
C2S4sM6m,72,Qxe1+,Queen,Qxe1+,0,Good,8/7k/4q1p1/1P3pQp/8/7P/1P4P1/4R2K b - - 0 36,0,0
C2S4sM6m,74,Qe5+,Queen,Qe5+,0,Good,8/7k/6p1/1P3pQp/8/7P/1P4PK/4q3 b - - 1 37,0,0
C2S4sM6m,76,Qxb5,Queen,Qxb5,0,Good,8/7k/6p1/1P2qp1p/8/6QP/1P4PK/8 b - - 3 38,0,0
C2S4sM6m,78,Kh6,King,Kg8,0,Good,8/2Q4k/6p1/1q3p1p/8/7P/1P4PK/8 b - - 1 39,0,0
C2S4sM6m,80,h4,Pawn,g5,0,Good,8/8/6pk/1q3p1p/8/2Q4P/1P4PK/8 b - - 3 40,0,0
C2S4sM6m,82,Qf1,Queen,Qe8,18,Good,8/8/6pk/1q3p2/1P5p/2Q4P/6PK/8 b - - 0 41,0,18
C2S4sM6m,84,g5,Pawn,Kg5,0,Good,8/8/6pk/5p2/1P1Q3p/7P/6PK/5q2 b - - 2 42,0,0
C2S4sM6m,86,Kh5,King,Kh5,0,Good,8/8/5Q1k/5pp1/1P5p/7P/6PK/5q2 b - - 1 43,0,0
C2S4sM6m,88,Kh6,King,Kh6,0,Good,8/5Q2/8/5ppk/1P5p/7P/6PK/5q2 b - - 3 44,0,0
C2S4sM6m,90,Kh5,King,Kh5,0,Good,8/8/5Q1k/5pp1/1P5p/7P/6PK/5q2 b - - 5 45,0,0
C2S4sM6m,92,Kg6,King,Kg6,0,Good,7Q/8/8/5ppk/1P5p/7P/6PK/5q2 b - - 7 46,0,0
C2S4sM6m,94,Kh6,King,Kh6,0,Good,4Q3/8/6k1/5pp1/1P5p/7P/6PK/5q2 b - - 9 47,0,0
C2S4sM6m,96,Kh5,King,Kg7,0,Good,8/8/4Q2k/5pp1/1P5p/7P/6PK/5q2 b - - 11 48,0,0
C2S4sM6m,98,f4,Pawn,Kg6,0,Good,8/8/8/4Qppk/1P5p/7P/6PK/5q2 b - - 13 49,0,0
C2S4sM6m,100,f3,Pawn,f3,0,Good,8/8/8/1P2Q1pk/5p1p/7P/6PK/5q2 b - - 0 50,0,0
C2S4sM6m,102,Kg6,King,Kg6,0,Good,7Q/8/8/1P4pk/7p/5p1P/6PK/5q2 b - - 1 51,0,0
C2S4sM6m,104,Kh6,King,Kf6,0,Good,6Q1/8/6k1/1P4p1/7p/5p1P/6PK/5q2 b - - 3 52,0,0
C2S4sM6m,106,Kg6,King,Kg6,0,Good,5Q2/8/7k/1P4p1/7p/5p1P/6PK/5q2 b - - 5 53,0,0
C2S4sM6m,108,Kh6,King,Kf6,0,Good,4Q3/8/6k1/1P4p1/7p/5p1P/6PK/5q2 b - - 7 54,0,0
C2S4sM6m,110,Kg7,King,Kg7,0,Good,8/8/2Q4k/1P4p1/7p/5p1P/6PK/5q2 b - - 9 55,0,0
C2S4sM6m,112,Kh6,King,Kh6,0,Good,8/1Q4k1/8/1P4p1/7p/5p1P/6PK/5q2 b - - 11 56,0,0
C2S4sM6m,114,Qxb5,Queen,Qxb5,0,Good,8/8/7k/1P4p1/7p/5Q1P/6PK/5q2 b - - 0 57,0,0
C2S4sM6m,116,Kh7,King,Kh7,0,Good,8/8/5Q1k/1q4p1/7p/7P/6PK/8 b - - 1 58,0,0
C2S4sM6m,118,Kh6,King,Kh8,0,Good,8/5Q1k/8/1q4p1/7p/7P/6PK/8 b - - 3 59,0,0
C2S4sM6m,120,Kg7,King,Kg7,0,Good,8/8/4Q2k/1q4p1/7p/7P/6PK/8 b - - 5 60,0,0
C2S4sM6m,122,Qf5,Queen,Kf7,4,Good,8/6k1/3Q4/1q4p1/7p/7P/6PK/8 b - - 7 61,-4,0
C2S4sM6m,124,Kh6,King,Kf6,0,Good,8/2Q3k1/8/5qp1/7p/7P/6PK/8 b - - 9 62,0,0
C2S4sM6m,126,Qf6,Queen,g4,0,Good,8/8/7k/5qp1/2Q4p/7P/6PK/8 b - - 11 63,0,0
C2S4sM6m,128,Qd6+,Queen,Qg6,0,Good,8/8/5q1k/6p1/4Q2p/7P/6PK/8 b - - 13 64,0,0
C2S4sM6m,130,Qd1+,Queen,Kg7,-1,Good,8/8/3q3k/6p1/4Q2p/7P/6P1/6K1 b - - 15 65,0,-1
C2S4sM6m,132,Qd6+,Queen,Qd6+,0,Good,8/8/7k/6p1/4Q2p/7P/6PK/3q4 b - - 17 66,0,0
C2S4sM6m,134,Qd1+,Queen,Qd7,0,Good,8/8/3q3k/6p1/4Q2p/7P/6P1/6K1 b - - 19 67,0,0
C2S4sM6m,136,Qd2+,Queen,Qd7,0,Good,8/8/7k/6p1/4Q2p/7P/5KP1/3q4 b - - 21 68,0,0
C2S4sM6m,138,Qd1+,Queen,Qd6,0,Good,8/8/7k/6p1/4Q2p/5K1P/3q2P1/8 b - - 23 69,0,0
C2S4sM6m,140,Qb3+,Queen,Qxe2+,13,Good,8/8/7k/6p1/7p/5K1P/4Q1P1/3q4 b - - 25 70,-13,0
C2S4sM6m,142,Qf7+,Queen,Qb6+,0,Good,8/8/7k/6p1/7p/1q5P/4QKP1/8 b - - 27 71,0,0
C2S4sM6m,144,Qa2+,Queen,Qxf3+,0,Good,8/5q2/7k/6p1/7p/5Q1P/5KP1/8 b - - 29 72,0,0
C2S4sM6m,146,Qa1+,Queen,Qa1+,0,Good,8/8/7k/6p1/7p/5Q1P/q5P1/6K1 b - - 31 73,0,0
C2S4sM6m,148,Qe5,Queen,Qxf1+,18,Good,8/8/7k/6p1/7p/7P/6P1/q4QK1 b - - 33 74,-18,0
C2S4sM6m,150,Kh5,King,Kh7,0,Good,8/8/Q6k/4q1p1/7p/7P/6P1/6K1 b - - 35 75,0,0
C2S4sM6m,152,Qe1+,Queen,Qc5+,0,Good,8/8/8/4q1pk/Q6p/7P/6P1/6K1 b - - 37 76,0,0
C2S4sM6m,154,Qg3+,Queen,Qg3+,0,Good,8/8/8/6pk/Q6p/7P/6PK/4q3 b - - 39 77,0,0
C2S4sM6m,156,Qe1+,Queen,Qe1+,0,Good,8/8/8/6pk/Q6p/6qP/6P1/6K1 b - - 41 78,0,0
C2S4sM6m,158,Qg3+,Queen,Qg3+,0,Good,8/8/8/6pk/Q6p/7P/6PK/4q3 b - - 43 79,0,0
C2S4sM6m,160,Qe1+,Queen,Qe1+,0,Good,8/8/8/6pk/Q6p/6qP/6P1/6K1 b - - 45 80,0,0
43wPXSCd,2,c5,Pawn,c5,8,Good,rnbqkbnr/pppppppp/8/8/4P3/8/PPPP1PPP/RNBQKBNR b KQkq - 0 1,19,27
43wPXSCd,4,d6,Pawn,Nc6,2,Good,rnbqkbnr/pp1ppppp/8/2p5/4P3/5N2/PPPP1PPP/RNBQKB1R b KQkq - 1 2,44,46
43wPXSCd,6,cxd4,Pawn,cxd4,2,Good,rnbqkbnr/pp2pppp/3p4/2p5/3PP3/5N2/PPP2PPP/RNBQKB1R b KQkq - 0 3,39,41
43wPXSCd,8,Nf6,Knight,Nf6,-5,Good,rnbqkbnr/pp2pppp/3p4/8/3NP3/8/PPP2PPP/RNBQKB1R b KQkq - 0 4,46,41
43wPXSCd,10,a6,Pawn,a6,-4,Good,rnbqkb1r/pp2pppp/3p1n2/8/3NP3/2N5/PPP2PPP/R1BQKB1R b KQkq - 2 5,42,38
43wPXSCd,12,e5,Pawn,e5,8,Good,rnbqkb1r/1p2pppp/p2p1n2/8/3NP3/2N3P1/PPP2P1P/R1BQKB1R b KQkq - 0 6,7,15
43wPXSCd,14,Be7,Bishop,Be7,-4,Good,rnbqkb1r/1p3ppp/p2p1n2/4p3/4P3/2N3P1/PPP1NP1P/R1BQKB1R b KQkq - 1 7,17,13
43wPXSCd,16,O-O,King,b5,13,Good,rnbqk2r/1p2bppp/p2p1n2/4p3/4P3/2N3P1/PPP1NPBP/R1BQK2R b KQkq - 3 8,17,30
43wPXSCd,18,Bd7,Bishop,b5,29,Good,rnbq1rk1/1p2bppp/p2p1n2/4p3/4P3/2N3P1/PPP1NPBP/R1BQ1RK1 b - - 5 9,5,34
43wPXSCd,20,Nxd5,Knight,Nxd5,12,Good,rn1q1rk1/1p1bbppp/p2p1n2/3Np3/4P3/6P1/PPP1NPBP/R1BQ1RK1 b - - 7 10,20,32
43wPXSCd,22,Nc6,Knight,Bc6,30,Inaccuracy,rn1q1rk1/1p1bbppp/p2p4/3Qp3/4P3/6P1/PPP1NPBP/R1B2RK1 b - - 0 11,17,47
43wPXSCd,24,Rc8,Rook,Be6,0,Good,r2q1rk1/1p1bbppp/p1np4/3Qp3/4P3/4B1P1/PPP1NPBP/R4RK1 b - - 2 12,33,33
43wPXSCd,26,Be6,Bishop,Nd4,2,Good,2rq1rk1/1p1bbppp/p1np4/3Qp3/4P3/2N1B1P1/PPP2PBP/R4RK1 b - - 4 13,13,15
43wPXSCd,28,h6,Pawn,h6,6,Good,2rq1rk1/1p2bppp/p1npb3/4p3/4P3/2N1B1P1/PPPQ1PBP/R4RK1 b - - 6 14,23,29
43wPXSCd,30,Bxd5,Bishop,Bxd5,-9,Good,2rq1rk1/1p2bpp1/p1npb2p/3Np3/4P3/4B1P1/PPPQ1PBP/R4RK1 b - - 1 15,25,16
43wPXSCd,32,Nb8,Knight,Nb8,3,Good,2rq1rk1/1p2bpp1/p1np3p/3Pp3/8/4B1P1/PPPQ1PBP/R4RK1 b - - 0 16,8,11
43wPXSCd,34,Nd7,Knight,Bg5,62,Inaccuracy,1nrq1rk1/1p2bpp1/p2p3p/3Pp3/8/1P2B1P1/P1PQ1PBP/R4RK1 b - - 0 17,-41,21
43wPXSCd,36,f5,Pawn,Bg5,-8,Good,2rq1rk1/1p1nbpp1/p2p3p/3Pp3/2P5/1P2B1P1/P2Q1PBP/R4RK1 b - - 0 18,20,12
43wPXSCd,38,Bf6,Bishop,exf4,28,Good,2rq1rk1/1p1nb1p1/p2p3p/3Ppp2/2P2P2/1P2B1P1/P2Q2BP/R4RK1 b - - 0 19,11,39
43wPXSCd,40,e4,Pawn,b5,22,Good,2rq1rk1/1p1n2p1/p2p1b1p/3Ppp2/2P2P2/1P2B1P1/P2Q2BP/4RRK1 b - - 2 20,0,22
43wPXSCd,42,g6,Pawn,b5,197,Mistake,2rq1rk1/1p1n2p1/p2p1b1p/3P1p2/2P1pPP1/1P2B3/P2Q2BP/4RRK1 b - - 0 21,-34,163
43wPXSCd,44,gxf5,Pawn,gxf5,5,Good,2rq1rk1/1p1n4/p2p1bpp/3P1P2/2P1pP2/1P2B3/P2Q2BP/4RRK1 b - - 0 22,172,177
43wPXSCd,46,Bg7,Bishop,Bh8,29,Good,2rq1rk1/1p1n4/p2p1b1p/3P1p2/2P1pP2/1P2B2B/P2Q3P/4RRK1 b - - 1 23,178,207
43wPXSCd,48,Kh7,King,Qh4,19,Good,2rq1rk1/1p1n2b1/p2p3p/3P1p2/2P1pP2/1P2B2B/P2Q3P/4RR1K b - - 3 24,249,268
43wPXSCd,50,Qh4,Queen,Bh8,302,Blunder,2rq1r2/1p1n2bk/p2p3p/3P1p2/2P1pP2/1P2B2B/P2Q3P/4R1RK b - - 5 25,239,541
43wPXSCd,52,Qh5,Queen,Rf7,96,Mistake,2r2r2/1p1n2bk/p2p3p/3P1p2/2P1pP1q/1P2B1RB/P2Q3P/4R2K b - - 7 26,253,349
43wPXSCd,54,Rf7,Rook,Rf7,27,Good,2r2r2/1p1n2bk/p2p3p/3P1p1q/2P1pP2/1P2B1RB/P5QP/4R2K b - - 9 27,220,247
43wPXSCd,56,Bh8,Bishop,Rg8,168,Mistake,2r5/1p1n1rbk/p2p3p/3P1p1q/2P1pP2/1P2B1RB/P5QP/6RK b - - 11 28,245,413
43wPXSCd,58,Re8,Rook,Rg7,90,Mistake,2r4b/1p1n1r1k/p2p3p/3P1p1q/2P1pP2/1P2B1RB/P2Q3P/6RK b - - 13 29,107,197
43wPXSCd,60,Qh4,Queen,Rg7,174,Mistake,4r2b/1p1n1r1k/p2p3p/3P1p1q/2P1pP2/1P2B1R1/P2Q3P/5BRK b - - 15 30,193,367
43wPXSCd,62,Rg7,Rook,Rg7,-30,Good,4r2b/1p1n1r1k/p2p3p/3P1p2/2P1pP1q/1P2B1R1/P2QB2P/6RK b - - 17 31,228,198
43wPXSCd,64,Rxg3,Rook,Reg8,44,Inaccuracy,4r2b/1p1n2rk/p2p3p/3P1p2/2P1pP1q/1P2B1R1/P3B2P/3Q2RK b - - 19 32,-1,43
43wPXSCd,66,Rg8,Rook,Rg8,10,Good,4r2b/1p1n3k/p2p3p/3P1p2/2P1pP1q/1P2B1R1/P3B2P/3Q3K b - - 0 33,27,37
43wPXSCd,68,Rxg3,Rook,Rxg3,2,Good,6rb/1p1n3k/p2p3p/3P1p2/2P1pP1q/1P2B1R1/P3B2P/6QK b - - 2 34,-10,-8
43wPXSCd,70,Qe7,Queen,Qxg3,105,Mistake,7b/1p1n3k/p2p3p/3P1p2/2P1pP1q/1P2B1Q1/P3B2P/7K b - - 0 35,-8,97
43wPXSCd,72,Nf8,Knight,Qf6,0,Good,7b/1p1nq2k/p2p3p/3P1p2/2P1pP2/1P2B1Q1/P3B1KP/8 b - - 2 36,0,0
43wPXSCd,74,Qf6,Queen,Qf6,0,Good,5n1b/1p2q2k/p2p3p/3P1p2/2P1pP2/1P2B2Q/P3B1KP/8 b - - 4 37,0,0
43wPXSCd,76,Ng6,Knight,Ng6,0,Good,5n1b/1p5k/p2p1q1p/3P1p1Q/2P1pP2/1P2B3/P3B1KP/8 b - - 6 38,0,0
43wPXSCd,78,Bg7,Bishop,a5,0,Good,7b/1p5k/p2p1qnp/3P1p1Q/2P1pP2/1P2B3/P3BK1P/8 b - - 8 39,0,0
43wPXSCd,80,dxc5,Pawn,dxc5,15,Good,8/1p4bk/p2p1qnp/2PP1p1Q/4pP2/1P2B3/P3BK1P/8 b - - 0 40,-59,-44
43wPXSCd,82,Qxd6,Queen,Bf8,90,Mistake,8/1p4bk/p2P1qnp/2p2p1Q/4pP2/1P2B3/P3BK1P/8 b - - 0 41,-85,5
43wPXSCd,84,Bd4,Bishop,Bd4,2,Good,8/1p4bk/p2q2np/2p2Q2/4pP2/1P2B3/P3BK1P/8 b - - 0 42,0,2
43wPXSCd,86,Qxf4+,Queen,Qxf4+,-3,Good,8/1p5k/p2q2np/2p5/3bQP2/1P2B3/P3BK1P/8 b - - 0 43,-3,-6
43wPXSCd,88,Nxf4,Knight,Nxf4,-1,Good,8/1p5k/p5np/2p5/3b1Q2/1P2B3/P3BK1P/8 b - - 0 44,5,4
43wPXSCd,90,b6,Pawn,Nd3+,-9,Good,8/1p5k/p6p/2p5/3b1n2/1P2BB2/P4K1P/8 b - - 1 45,0,-9
43wPXSCd,92,Kg7,King,Kg7,0,Good,8/7k/pp5p/2p5/3bBn2/1P2B3/P4K1P/8 b - - 1 46,-7,-7
43wPXSCd,94,Bxe3,Bishop,Bxe3,6,Good,8/6k1/pp5p/2p5/3bBn2/1P2BK2/P6P/8 b - - 3 47,-42,-36
43wPXSCd,96,Ne6,Knight,Ne6,6,Good,8/6k1/pp5p/2p5/4Bn2/1P2K3/P6P/8 b - - 0 48,-35,-29
43wPXSCd,98,a5,Pawn,b5,19,Good,8/6k1/pp2n2p/2p5/8/1P1BK3/P6P/8 b - - 2 49,-31,-12
43wPXSCd,100,Kf6,King,Kf6,0,Good,8/6k1/1p2n2p/p1p5/4K3/1P1B4/P6P/8 b - - 1 50,0,0
43wPXSCd,102,Nc7,Knight,Nd4,-3,Good,8/8/1p2nk1p/p1p5/2B1K3/1P6/P6P/8 b - - 3 51,0,-3
43wPXSCd,104,Ke7,King,h5,49,Inaccuracy,8/2n5/1p3k1p/p1p5/P1B1K3/1P6/7P/8 b - - 0 52,20,69
43wPXSCd,106,Ne8,Knight,Kd7,153,Mistake,8/2n1k3/1p5p/p1p1K3/P1B5/1P6/7P/8 b - - 2 53,1,154
43wPXSCd,108,Nf6+,Knight,Nd6,6,Good,4n3/4k3/1p5p/p1pK4/P1B5/1P6/7P/8 b - - 4 54,184,190
43wPXSCd,110,Nd7,Knight,Ne4,75,Inaccuracy,8/4k3/1pK2n1p/p1p5/P1B5/1P6/7P/8 b - - 6 55,260,335
43wPXSCd,112,Kd8,King,Kd8,13,Good,8/3nk3/1pK4p/p1p5/P7/1P6/4B2P/8 b - - 8 56,396,409
43wPXSCd,114,Ke7,King,Nf6,11,Good,3k4/3n4/1pK4p/p1p5/P6P/1P6/4B3/8 b - - 0 57,392,403
43wPXSCd,116,h5,Pawn,Kd8,57,Inaccuracy,8/3nk3/1pK4p/p1p5/P6P/1P6/8/5B2 b - - 2 58,358,415
43wPXSCd,118,Ne5+,Knight,Kd8,68,Inaccuracy,8/3nk3/1pK5/p1p4p/P6P/1P6/4B3/8 b - - 1 59,417,485
43wPXSCd,120,Ng6,Knight,Kd6,7,Good,8/4k3/1K6/p1p1n2p/P6P/1P6/4B3/8 b - - 0 60,485,492
43wPXSCd,122,Nxh4,Knight,Nf4,-3,Good,8/4k3/1K4n1/p1p4B/P6P/1P6/8/8 b - - 0 61,520,517
43wPXSCd,124,Nf5,Knight,Kd8,-6,Good,8/4k3/8/p1K4B/P6n/1P6/8/8 b - - 0 62,445,439
43wPXSCd,126,Kd8,King,Ng3,-16,Good,8/4k3/8/p1K2n2/P7/1P6/4B3/8 b - - 2 63,445,429
43wPXSCd,128,Kc7,King,Kc7,0,Good,3k4/8/8/p1K2n2/P1B5/1P6/8/8 b - - 4 64,461,461
43wPXSCd,130,Nd4+,Knight,Nd4+,6,Good,8/2k5/8/pK3n2/P1B5/1P6/8/8 b - - 6 65,498,504
43wPXSCd,132,Kc6,King,Nc6+,17,Good,8/2k5/8/K7/P1Bn4/1P6/8/8 b - - 0 66,524,541
43wPXSCd,134,Kb6,King,Nf3,42,Inaccuracy,8/8/2k5/8/PKBn4/1P6/8/8 b - - 2 67,519,561
43wPXSCd,136,Nc6,Knight,Nf5,11,Good,8/8/1k6/8/P1Bn4/1PK5/8/8 b - - 4 68,544,555
43wPXSCd,138,Ka7,King,Kc7,21,Good,8/8/1kn5/8/PPB5/2K5/8/8 b - - 0 69,620,641
43wPXSCd,140,Ne5,Knight,Ne7,5,Good,8/k7/2n5/3B4/PP6/2K5/8/8 b - - 2 70,652,657
43wPXSCd,142,Nd7,Knight,Ng4,0,Good,8/k7/8/3Bn3/PP1K4/8/8/8 b - - 4 71,680,680
43wPXSCd,144,Nb8,Knight,Ka6,3,Good,8/k2n4/8/P2B4/1P1K4/8/8/8 b - - 0 72,717,720
43wPXSCd,146,Nd7+,Knight,Nd7+,15,Good,1n6/k7/8/P1KB4/1P6/8/8/8 b - - 2 73,720,735
43wPXSCd,148,Ne5+,Knight,Nb8+,5,Good,8/k2n4/2K5/P2B4/1P6/8/8/8 b - - 4 74,737,742
43wPXSCd,150,Ng6,Knight,Ka6,23,Good,8/k1K5/8/P2Bn3/1P6/8/8/8 b - - 6 75,746,769
43wPXSCd,152,Nf4,Knight,Ne7,17,Good,8/k1K5/6n1/PP1B4/8/8/8/8 b - - 0 76,778,795
43wPXSCd,154,Ne6+,Knight,Nd5+,9270,Blunder,8/kBK5/8/PP6/5n2/8/8/8 b - - 2 77,728,9998
43wPXSCd,156,Nc5,Knight,Nd4,0,Good,2K5/kB6/4n3/PP6/8/8/8/8 b - - 4 78,9999,9999
4kU9hKhl,2,c5,Pawn,c5,7,Good,rnbqkbnr/pppppppp/8/8/4P3/8/PPPP1PPP/RNBQKBNR b KQkq - 0 1,25,32
4kU9hKhl,4,d6,Pawn,d6,-1,Good,rnbqkbnr/pp1ppppp/8/2p5/4P3/5N2/PPPP1PPP/RNBQKB1R b KQkq - 1 2,44,43
4kU9hKhl,6,cxd4,Pawn,cxd4,-7,Good,rnbqkbnr/pp2pppp/3p4/2p5/3PP3/5N2/PPP2PPP/RNBQKB1R b KQkq - 0 3,42,35
4kU9hKhl,8,Nf6,Knight,Nf6,13,Good,rnbqkbnr/pp2pppp/3p4/8/3NP3/8/PPP2PPP/RNBQKB1R b KQkq - 0 4,39,52
4kU9hKhl,10,a6,Pawn,a6,-3,Good,rnbqkb1r/pp2pppp/3p1n2/8/3NP3/2N5/PPP2PPP/R1BQKB1R b KQkq - 2 5,43,40
4kU9hKhl,12,Nbd7,Knight,e6,18,Good,rnbqkb1r/1p2pppp/p2p1n2/6B1/3NP3/2N5/PPP2PPP/R2QKB1R b KQkq - 1 6,34,52
4kU9hKhl,14,h6,Pawn,g6,21,Good,r1bqkb1r/1p1npppp/p2p1n2/6B1/3NP3/2N5/PPP1QPPP/R3KB1R b KQkq - 3 7,57,78
4kU9hKhl,16,Qc7,Queen,g6,-20,Good,r1bqkb1r/1p1nppp1/p2p1n1p/8/3NP2B/2N5/PPP1QPPP/R3KB1R b KQkq - 1 8,64,44
4kU9hKhl,18,g6,Pawn,g6,-44,Good,r1b1kb1r/1pqnppp1/p2p1n1p/8/3NP2B/2N5/PPP1QPPP/2KR1B1R b kq - 3 9,77,33
4kU9hKhl,20,e5,Pawn,e5,-4,Good,r1b1kb1r/1pqnpp2/p2p1npp/8/3NPP1B/2N5/PPP1Q1PP/2KR1B1R b kq - 0 10,32,28
4kU9hKhl,22,dxe5,Pawn,dxe5,-4,Good,r1b1kb1r/1pqn1p2/p2p1npp/4P3/3NP2B/2N5/PPP1Q1PP/2KR1B1R b kq - 0 11,46,42
4kU9hKhl,24,Bg7,Bishop,b5,98,Mistake,r1b1kb1r/1pqn1p2/p4npp/4p3/4P2B/1NN5/PPP1Q1PP/2KR1B1R b kq - 1 12,43,141
4kU9hKhl,26,O-O,King,b5,35,Inaccuracy,r1b1k2r/1pqn1pb1/p4npp/4p3/4P1PB/1NN5/PPP1Q2P/2KR1B1R b kq - 0 13,53,88
4kU9hKhl,28,hxg5,Pawn,hxg5,-5,Good,r1b2rk1/1pqn1pb1/p4npp/4p1P1/4P2B/1NN5/PPP1Q2P/2KR1B1R b - - 0 14,103,98
4kU9hKhl,30,b5,Pawn,b5,9,Good,r1b2rk1/1pqn1pb1/p4np1/4p1B1/4P3/1NN5/PPP1Q2P/2KR1B1R b - - 0 15,86,95
4kU9hKhl,32,b4,Pawn,Nb6,90,Mistake,r1b2rk1/2qn1pb1/p4np1/1p2p1B1/4P2P/1NN5/PPP1Q3/2KR1B1R b - - 0 16,83,173
4kU9hKhl,34,Nxd5,Knight,Nxd5,2,Good,r1b2rk1/2qn1pb1/p4np1/3Np1B1/1p2P2P/1N6/PPP1Q3/2KR1B1R b - - 1 17,190,192
4kU9hKhl,36,a5,Pawn,Nc5,16,Good,r1b2rk1/2qn1pb1/p5p1/3Pp1B1/1p5P/1N6/PPP1Q3/2KR1B1R b - - 0 18,188,204
4kU9hKhl,38,Qb6,Queen,Qc6,159,Mistake,r1b2rk1/2qn1pb1/3P2p1/p3p1B1/1p5P/1N6/PPP1Q3/2KR1B1R b - - 0 19,239,398
4kU9hKhl,40,a4,Pawn,Bb7,29,Good,r1b2rk1/3n1pb1/1q1P2p1/p3p1BP/1p6/1N6/PPP1Q3/2KR1B1R b - - 0 20,374,403
4kU9hKhl,42,Qxd6,Queen,a3,211,Blunder,r1b2rk1/3n1pb1/1q1P2p1/4p1BP/pp6/8/PPPNQ3/2KR1B1R b - - 1 21,112,323
4kU9hKhl,44,Qe6,Queen,Qe6,23,Good,r1b2rk1/3n1pb1/3q2p1/4p1BP/ppN5/8/PPP1Q3/2KR1B1R b - - 1 22,296,319
4kU9hKhl,46,f5,Pawn,f5,13,Good,r1b2rk1/3n1pb1/4q1p1/4p1BP/ppN5/7B/PPP1Q3/2KR3R b - - 3 23,325,338
4kU9hKhl,48,Qe8,Queen,b3,30,Inaccuracy,r1b2rk1/3n2b1/3Rq1p1/4ppBP/ppN5/7B/PPP1Q3/2K4R b - - 1 24,368,398
4kU9hKhl,50,Ra6,Rook,b3,-11,Good,r1b1qrk1/3n2b1/6R1/4ppBP/ppN5/7B/PPP1Q3/2K4R b - - 0 25,329,318
4kU9hKhl,52,Rxd6,Rook,Rxd6,14,Good,2b1qrk1/3n2b1/r2N2R1/4ppBP/pp6/7B/PPP1Q3/2K4R b - - 2 26,338,352
4kU9hKhl,54,e4,Pawn,e4,14,Good,2b1qrk1/3n2b1/3R4/4ppBP/pp6/7B/PPP1Q3/2K4R b - - 0 27,366,380
4kU9hKhl,56,Kh8,King,Qf7,59,Inaccuracy,2b1qrk1/3n2b1/3R4/5pBP/ppQ1p3/7B/PPP5/2K4R b - - 1 28,339,398
4kU9hKhl,58,Ne5,Knight,b3,27,Good,2b1qr1k/3n2b1/3R4/5p1P/ppQ1pB2/7B/PPP5/2K4R b - - 3 29,292,319
4kU9hKhl,60,Nf3,Knight,a3,57,Inaccuracy,2b1qr1k/6b1/3R4/4np1P/pQ2pB2/7B/PPP5/2K4R b - - 0 30,342,399
4kU9hKhl,62,Bf6,Bishop,Be5,50,Inaccuracy,2b1qr1k/6b1/3R3P/5p2/pQ2pB2/5n1B/PPP5/2K4R b - - 0 31,317,367
4kU9hKhl,64,Rxf6,Rook,Rxf6,-6,Good,2b1qr1k/8/5R1P/5p2/pQ2pB2/5n1B/PPP5/2K4R b - - 0 32,354,348
4kU9hKhl,66,Qf8,Queen,Qc6,198,Mistake,2b1q2k/8/5r1P/5p2/p3pB2/2Q2n1B/PPP5/2K4R b - - 1 33,280,478
4kU9hKhl,68,Kh7,King,Kh7,-60,Good,2b2q1k/8/5r1P/5p2/p3pB2/2Q2n2/PPP3B1/2K4R b - - 3 34,375,315
4kU9hKhl,70,exf3,Pawn,exf3,-15,Good,2b2q2/7k/5r1P/5p2/p3pB2/2Q2B2/PPP5/2K4R b - - 0 35,354,339
4kU9hKhl,72,Be6,Bishop,Qc5,74,Inaccuracy,2b2q2/7k/5r1P/5p2/p4B2/5Q2/PPP5/2K4R b - - 0 36,367,441
4kU9hKhl,74,Rg6,Rook,a3,27,Good,5q2/7k/4br1P/5p2/p4B2/5Q2/PPP5/2K3R1 b - - 2 37,524,551
4kU9hKhl,76,Bf7,Bishop,Qf7,5,Good,5q2/1Q5k/4b1rP/5p2/p4B2/8/PPP5/2K3R1 b - - 4 38,565,570
4kU9hKhl,78,Kxg6,King,Kxg6,0,Good,5q2/1Q3b1k/6RP/5p2/p4B2/8/PPP5/2K5 b - - 0 39,599,599
4kU9hKhl,80,Kh7,King,Kh7,-7,Good,5q2/5b2/6kP/5p2/p4B2/8/PPP3Q1/2K5 b - - 1 40,432,425
4kU9hKhl,82,axb3,Pawn,Qh8,28,Good,5q2/5b1k/7P/5p2/p4B2/1P6/P1P3Q1/2K5 b - - 0 41,381,409
4kU9hKhl,84,Bg6,Bishop,Qh8,28,Good,5q2/5b1k/7P/5p2/5B2/1P6/2P3Q1/2K5 b - - 0 42,461,489
4kU9hKhl,86,Qa3+,Queen,Qf6,26,Good,5q2/7k/6bP/5p2/5B2/1P6/2PQ4/2K5 b - - 2 43,418,444
4kU9hKhl,88,Qe7,Queen,Qe7,9,Good,8/7k/6bP/5p2/5B2/qP6/2PQ4/1K6 b - - 4 44,433,442
4kU9hKhl,90,Bf7,Bishop,Bh5,-13,Good,8/4q2k/6bP/5p2/5B2/1P6/1KPQ4/8 b - - 6 45,430,417
4kU9hKhl,92,Bg8,Bishop,Be8,20,Good,8/4qb1k/7P/5p2/3Q1B2/1P6/1KP5/8 b - - 8 46,444,464
4kU9hKhl,94,Kg6,King,Be6,-19,Good,6b1/4q2k/7P/5p2/2PQ1B2/1P6/1K6/8 b - - 0 47,439,420
4kU9hKhl,96,Kh5,King,Qb7,94,Mistake,6b1/4q3/6kP/2P2p2/3Q1B2/1P6/1K6/8 b - - 0 48,428,522
4kU9hKhl,98,Qe2+,Queen,Qe2+,70,Inaccuracy,6b1/4q3/2P4P/5p1k/3Q1B2/1P6/1K6/8 b - - 0 49,525,595
4kU9hKhl,100,Qb5,Queen,Qf3,207,Blunder,6b1/8/2P4P/5p1k/5B2/1P6/1K1Qq3/8 b - - 2 50,621,828
4kU9hKhl,102,Kg6,King,Kg6,0,Good,6b1/8/2P4P/1q3p1k/5B2/1P6/1K5Q/8 b - - 4 51,9975,9975
4kU9hKhl,104,Kf6,King,Kf7,0,Good,6b1/8/2P3kP/1q3p2/5B2/1P4Q1/1K6/8 b - - 6 52,9976,9976
4kU9hKhl,106,Ke6,King,Ke6,0,Good,6b1/6Q1/2P2k1P/1q3p2/5B2/1P6/1K6/8 b - - 8 53,9977,9977
P1eGrlXh,2,d5,Pawn,Nf6,-4,Good,rnbqkbnr/pppppppp/8/8/8/5N2/PPPPPPPP/RNBQKB1R b KQkq - 1 1,22,18
P1eGrlXh,4,Nf6,Knight,Nf6,-3,Good,rnbqkbnr/ppp1pppp/8/3p4/8/5NP1/PPPPPP1P/RNBQKB1R b KQkq - 0 2,27,24
P1eGrlXh,6,c6,Pawn,g6,22,Good,rnbqkb1r/ppp1pppp/5n2/3p4/8/5NP1/PPPPPPBP/RNBQK2R b KQkq - 2 3,21,43
P1eGrlXh,8,Bg4,Bishop,g6,-6,Good,rnbqkb1r/pp2pppp/2p2n2/3p4/8/5NP1/PPPPPPBP/RNBQ1RK1 b kq - 1 4,25,19
P1eGrlXh,10,Nbd7,Knight,e6,5,Good,rn1qkb1r/pp2pppp/2p2n2/3p4/6b1/1P3NP1/P1PPPPBP/RNBQ1RK1 b kq - 0 5,-13,-8
P1eGrlXh,12,e6,Pawn,e6,1,Good,r2qkb1r/pp1npppp/2p2n2/3p4/6b1/1P3NP1/PBPPPPBP/RN1Q1RK1 b kq - 2 6,8,9
P1eGrlXh,14,Bd6,Bishop,Bh5,14,Good,r2qkb1r/pp1n1ppp/2p1pn2/3p4/6b1/1P1P1NP1/PBP1PPBP/RN1Q1RK1 b kq - 0 7,8,22
P1eGrlXh,16,O-O,King,e5,0,Good,r2qk2r/pp1n1ppp/2pbpn2/3p4/6b1/1P1P1NP1/PBPNPPBP/R2Q1RK1 b kq - 2 8,-5,-5
P1eGrlXh,18,Bh5,Bishop,Bh5,11,Good,r2q1rk1/pp1n1ppp/2pbpn2/3p4/6b1/1P1P1NPP/PBPNPPB1/R2Q1RK1 b - - 0 9,-15,-4
P1eGrlXh,20,dxe4,Pawn,e5,67,Inaccuracy,r2q1rk1/pp1n1ppp/2pbpn2/3p3b/4P3/1P1P1NPP/PBPN1PB1/R2Q1RK1 b - - 0 10,-41,26
P1eGrlXh,22,Be5,Bishop,Be5,2,Good,r2q1rk1/pp1n1ppp/2pbpn2/7b/4P3/1P3NPP/PBPN1PB1/R2Q1RK1 b - - 0 11,10,12
P1eGrlXh,24,Bc7,Bishop,Bd6,5,Good,r2q1rk1/pp1n1ppp/2p1pn2/4b2b/4P3/1PP2NPP/PB1N1PB1/R2Q1RK1 b - - 0 12,24,29
P1eGrlXh,26,e5,Pawn,Re8,42,Inaccuracy,r2q1rk1/ppbn1ppp/2p1pn2/7b/4P3/1PP2NPP/PB1N1PB1/R3QRK1 b - - 2 13,-12,30
P1eGrlXh,28,Re8,Rook,Nc5,50,Inaccuracy,r2q1rk1/ppbn1ppp/2p2n2/4p2b/4P2N/1PP3PP/PB1N1PB1/R3QRK1 b - - 1 14,-26,24
P1eGrlXh,30,Bg6,Bishop,Bg6,4,Good,r2qr1k1/ppbn1ppp/2p2n2/4p2b/4P1PN/1PP4P/PB1N1PB1/R3QRK1 b - - 0 15,-18,-14
P1eGrlXh,32,hxg6,Pawn,hxg6,9,Good,r2qr1k1/ppbn1ppp/2p2nN1/4p3/4P1P1/1PP4P/PB1N1PB1/R3QRK1 b - - 0 16,-50,-41
P1eGrlXh,34,b5,Pawn,b5,6,Good,r2qr1k1/ppbn1pp1/2p2np1/4p3/2N1P1P1/1PP4P/PB3PB1/R3QRK1 b - - 1 17,-124,-118
P1eGrlXh,36,Qe7,Queen,Nc5,46,Inaccuracy,r2qr1k1/p1bn1pp1/2p2np1/1p2p3/4P1P1/1PP1N2P/PB3PB1/R3QRK1 b - - 1 18,-108,-62
P1eGrlXh,38,a5,Pawn,Nf8,0,Good,r3r1k1/p1bnqpp1/2p2np1/1p2p3/4P1P1/1PP1N2P/PB3PB1/3RQRK1 b - - 3 19,-93,-93
P1eGrlXh,40,b4,Pawn,b4,4,Good,r3r1k1/2bnqpp1/2p2np1/pp2p3/2P1P1P1/1P2N2P/PB3PB1/3RQRK1 b - - 0 20,-197,-193
P1eGrlXh,42,Nc5,Knight,Nc5,-4,Good,r3r1k1/2bnqpp1/2p2np1/p3p3/1pP1P1P1/1P2N2P/PB2QPB1/3R1RK1 b - - 1 21,-179,-183
P1eGrlXh,44,Nh5,Knight,Nh5,-1,Good,r3r1k1/2b1qpp1/2p2np1/p1n1p1P1/1pP1P3/1P2N2P/PB2QPB1/3R1RK1 b - - 0 22,-242,-243
P1eGrlXh,46,Nf4,Knight,Nf4,-12,Good,r3r1k1/2b1qpp1/2p3p1/p1n1p1Pn/1pP1P2P/1P2N3/PB2QPB1/3R1RK1 b - - 0 23,-263,-275
P1eGrlXh,48,a4,Pawn,a4,-29,Good,r3r1k1/2b1qpp1/2p3p1/p1n1p1P1/1pP1PnQP/1P2N3/PB3PB1/3R1RK1 b - - 2 24,-269,-298
P1eGrlXh,50,gxf5,Pawn,gxf5,-4,Good,r3r1k1/2b1qpp1/2p3p1/2n1pNP1/ppP1PnQP/1P6/PB3PB1/3R1RK1 b - - 1 25,-341,-345
P1eGrlXh,52,axb3,Pawn,axb3,-14,Good,r3r1k1/2b1qpp1/2p5/2n1pPP1/ppP2nQP/1P6/PB3PB1/3R1RK1 b - - 0 26,-371,-385
P1eGrlXh,54,Ra2,Rook,Ra2,5,Good,r3r1k1/2b1qpp1/2p5/2n1pPP1/1pP2nQP/1P6/1B3PB1/3R1RK1 b - - 0 27,-355,-350
P1eGrlXh,56,Ne2+,Knight,Ne2+,-5,Good,4r1k1/2b1qpp1/2p5/2n1pPP1/1pP2nQP/1P6/r4PB1/2BR1RK1 b - - 2 28,-440,-445
P1eGrlXh,58,Nxc1,Knight,e4,92,Mistake,4r1k1/2b1qpp1/2p5/2n1pPP1/1pP3QP/1P6/r3nPB1/2BR1R1K b - - 4 29,-468,-376
P1eGrlXh,60,e4,Pawn,e4,-41,Good,4r1k1/2b1qpp1/2p5/2n1pPP1/1pP3QP/1P6/r4PB1/2R2R1K b - - 0 30,-421,-462
P1eGrlXh,62,Qe5,Queen,Nd3,72,Inaccuracy,4r1k1/2b1qpp1/2p5/2n2PP1/1pP1p1QP/1P6/r4PB1/2R1R2K b - - 1 31,-575,-503
P1eGrlXh,64,Nd3,Knight,Nd3,19,Good,4r1k1/2b2pp1/2p5/2n1qPP1/1pP1p1QP/1P6/r4PB1/2R1R1K1 b - - 3 32,-626,-607
q6BH0pAu,2,g6,Pawn,e5,16,Good,rnbqkbnr/pppppppp/8/8/4P3/8/PPPP1PPP/RNBQKBNR b KQkq - 0 1,43,59
q6BH0pAu,4,Bg7,Bishop,d6,5,Good,rnbqkbnr/pppppp1p/6p1/8/3PP3/8/PPP2PPP/RNBQKBNR b KQkq - 0 2,70,75
q6BH0pAu,6,d6,Pawn,d6,-4,Good,rnbqk1nr/ppppppbp/6p1/8/3PP3/5N2/PPP2PPP/RNBQKB1R b KQkq - 2 3,59,55
q6BH0pAu,8,Nf6,Knight,Nf6,-6,Good,rnbqk1nr/ppp1ppbp/3p2p1/8/3PP3/4BN2/PPP2PPP/RN1QKB1R b KQkq - 1 4,63,57
q6BH0pAu,10,a6,Pawn,O-O,12,Good,rnbqk2r/ppp1ppbp/3p1np1/8/3PP3/2N1BN2/PPP2PPP/R2QKB1R b KQkq - 3 5,63,75
q6BH0pAu,12,b5,Pawn,O-O,36,Inaccuracy,rnbqk2r/1pp1ppbp/p2p1np1/8/3PP3/2N1BN2/PPPQ1PPP/R3KB1R b KQkq - 1 6,94,130
q6BH0pAu,14,Bxh6,Bishop,O-O,-10,Good,rnbqk2r/2p1ppbp/p2p1npB/1p6/3PP3/2N2N2/PPPQ1PPP/R3KB1R b KQkq - 1 7,136,126
q6BH0pAu,16,b4,Pawn,b4,8,Good,rnbqk2r/2p1pp1p/p2p1npQ/1p6/3PP3/2N2N2/PPP2PPP/R3KB1R b KQkq - 0 8,118,126
q6BH0pAu,18,Nxd5,Knight,Nxd5,-25,Good,rnbqk2r/2p1pp1p/p2p1npQ/3N4/1p1PP3/5N2/PPP2PPP/R3KB1R b KQkq - 1 9,153,128
q6BH0pAu,20,Bb7,Bishop,Nd7,13,Good,rnbqk2r/2p1pp1p/p2p2pQ/3P4/1p1P4/5N2/PPP2PPP/R3KB1R b KQkq - 0 10,140,153
q6BH0pAu,22,Rf8,Rook,Kd7,81,Inaccuracy,rn1qk2r/1bp1ppQp/p2p2p1/3P4/1p1P4/5N2/PPP2PPP/R3KB1R b KQkq - 2 11,165,246
q6BH0pAu,24,Bxd5,Bishop,Nd7,-9,Good,rn1qkr2/1bp1ppQp/p2p2p1/3P2N1/1p1P4/8/PPP2PPP/R3KB1R b KQq - 4 12,261,252
q6BH0pAu,26,Nd7,Knight,Nd7,7,Good,rn1qkr2/2p1ppQN/p2p2p1/3b4/1p1P4/8/PPP2PPP/R3KB1R b KQq - 0 13,262,269
q6BH0pAu,28,Qb8,Queen,c6,73,Inaccuracy,r2qkr2/2pnppQN/p2p2p1/3b4/1p1P3P/8/PPP2PP1/R3KB1R b KQq - 0 14,233,306
q6BH0pAu,30,Qb6,Queen,Qb6,-9,Good,rq2kr2/2pnppQN/p2p2p1/3b3P/1p1P4/8/PPP2PP1/R3KB1R b KQq - 0 15,319,310
q6BH0pAu,32,O-O-O,King,fxg6,-8,Good,r3kr2/2pnppQN/pq1p2P1/3b4/1p1P4/8/PPP2PP1/R3KB1R b KQq - 0 16,361,353
q6BH0pAu,34,Rxf8,Rook,Rxf8,40,Inaccuracy,2kr1N2/2pnppQ1/pq1p2P1/3b4/1p1P4/8/PPP2PP1/R3KB1R b KQ - 0 17,359,399
q6BH0pAu,36,Rxh8,Rook,Rxh8,-2,Good,2k2r1R/2pnppQ1/pq1p2P1/3b4/1p1P4/8/PPP2PP1/R3KB2 b Q - 1 18,420,418
q6BH0pAu,38,Kb7,King,Kb7,1,Good,2k4Q/2pnpp2/pq1p2P1/3b4/1p1P4/8/PPP2PP1/R3KB2 b Q - 0 19,427,428
q6BH0pAu,40,Nf6,Knight,Nf6,14,Good,7Q/1kpnppP1/pq1p4/3b4/1p1P4/8/PPP2PP1/R3KB2 b Q - 0 20,425,439
q6BH0pAu,42,Qa5,Queen,b3,26,Good,7Q/1kp1ppP1/pq1p1n2/3b4/1p1P4/8/PPP2PP1/3RKB2 b - - 2 21,349,375
q6BH0pAu,44,Qxa2,Queen,Be4,40,Inaccuracy,7Q/1kp1ppP1/p2p1n2/q2b4/1p1P4/1P6/P1P2PP1/3RKB2 b - - 0 22,373,413
q6BH0pAu,46,Bxg2,Bishop,Qb2,-2,Good,7Q/1kp1ppP1/p2p1n2/3b4/1p1P4/1P1B4/q1P2PP1/3RK3 b - - 1 23,443,441
q6BH0pAu,48,Nxg8,Knight,Nxg8,-1,Good,6QQ/1kp1pp2/p2p1n2/8/1p1P4/1P1B4/q1P2Pb1/3RK3 b - - 0 24,433,432
q6BH0pAu,50,Bf3,Bishop,Bd5,46,Inaccuracy,6Q1/1kp1pp2/p2p4/8/1p1P4/1P1B4/q1P2Pb1/3RK3 b - - 0 25,437,483
q6BH0pAu,52,Bxd1,Bishop,Bc6,173,Mistake,8/1kp1pQ2/p2p4/8/1p1P4/1P1B1b2/q1P2P2/3RK3 b - - 0 26,467,640
q6BH0pAu,54,Qa1+,Queen,Qa1+,2,Good,8/1kp1pQ2/p2p4/8/1p1P4/1P1B4/q1P2P2/3K4 b - - 0 27,419,421
q6BH0pAu,56,Qxd4,Queen,Qxd4,5,Good,8/1kp1pQ2/p2p4/8/1p1P4/1P1B4/2P1KP2/q7 b - - 2 28,418,423
q6BH0pAu,58,d5,Pawn,d5,-19,Good,8/1kp1Q3/p2p4/8/1p1q4/1P1B4/2P1KP2/8 b - - 0 29,466,447
q6BH0pAu,60,c6,Pawn,c5,67,Inaccuracy,8/1kp5/p3Q3/3p4/1p1q4/1P1B4/2P1KP2/8 b - - 1 30,479,546
q6BH0pAu,62,Kb6,King,Ka8,31,Inaccuracy,8/1k2Q3/p1p5/3p4/1p1q4/1P1B4/2P1KP2/8 b - - 1 31,569,600
pkof2ynP,2,Nf6,Knight,d5,-6,Good,rnbqkbnr/pppppppp/8/8/3P4/8/PPP1PPPP/RNBQKBNR b KQkq - 0 1,32,26
pkof2ynP,4,g6,Pawn,e6,18,Good,rnbqkb1r/pppppppp/5n2/8/2PP4/8/PP2PPPP/RNBQKBNR b KQkq - 0 2,26,44
pkof2ynP,6,Bg7,Bishop,d5,3,Good,rnbqkb1r/pppppp1p/5np1/8/2PP4/2N5/PP2PPPP/R1BQKBNR b KQkq - 1 3,42,45
pkof2ynP,8,O-O,King,d6,2,Good,rnbqk2r/ppppppbp/5np1/8/2PPP3/2N5/PP3PPP/R1BQKBNR b KQkq - 0 4,57,59
pkof2ynP,10,d6,Pawn,d6,0,Good,rnbq1rk1/ppppppbp/5np1/8/2PPP3/2N5/PP2BPPP/R1BQK1NR b KQ - 2 5,62,62
pkof2ynP,12,e5,Pawn,e5,-1,Good,rnbq1rk1/ppp1ppbp/3p1np1/8/2PPP3/2N2N2/PP2BPPP/R1BQK2R b KQ - 1 6,51,50
pkof2ynP,14,a5,Pawn,a5,-17,Good,rnbq1rk1/ppp2pbp/3p1np1/3Pp3/2P1P3/2N2N2/PP2BPPP/R1BQK2R b KQ - 0 7,61,44
pkof2ynP,16,h6,Pawn,h6,0,Good,rnbq1rk1/1pp2pbp/3p1np1/p2Pp1B1/2P1P3/2N2N2/PP2BPPP/R2QK2R b KQ - 1 8,59,59
pkof2ynP,18,Na6,Knight,Bd7,-13,Good,rnbq1rk1/1pp2pb1/3p1npp/p2Pp3/2P1P2B/2N2N2/PP2BPPP/R2QK2R b KQ - 1 9,34,21
pkof2ynP,20,Qe8,Queen,Bd7,-10,Good,r1bq1rk1/1pp2pb1/n2p1npp/p2Pp3/2P1P2B/2N5/PP1NBPPP/R2QK2R b KQ - 3 10,50,40
pkof2ynP,22,Bd7,Bishop,Bd7,2,Good,r1b1qrk1/1pp2pb1/n2p1npp/p2Pp3/2P1P2B/P1N5/1P1NBPPP/R2QK2R b KQ - 0 11,54,56
pkof2ynP,24,Nh7,Knight,Nxe4,38,Inaccuracy,r3qrk1/1ppb1pb1/n2p1npp/p2Pp3/2P1P2B/PPN5/3NBPPP/R2QK2R b KQ - 0 12,-3,35
pkof2ynP,26,h5,Pawn,h5,1,Good,r3qrk1/1ppb1pbn/n2p2pp/p2Pp3/2P1P2B/PPN5/3NBPPP/R2Q1RK1 b - - 2 13,31,32
pkof2ynP,28,Bf6,Bishop,Bf6,-4,Good,r3qrk1/1ppb1pbn/n2p2p1/p2Pp2p/2P1P2B/PPN2P2/3NB1PP/R2Q1RK1 b - - 0 14,30,26
pkof2ynP,30,h4,Pawn,Bg5,5,Good,r3qrk1/1ppb1p1n/n2p1bp1/p2Pp2p/2P1P3/PPN2P2/3NBBPP/R2Q1RK1 b - - 2 15,20,25
pkof2ynP,32,h3,Pawn,Bg5,13,Good,r3qrk1/1ppb1p1n/n2p1bp1/p2Pp3/2P1P2p/PPN2P2/3NBBPP/1R1Q1RK1 b - - 1 16,30,43
pkof2ynP,34,Bg5,Bishop,Qe7,-2,Good,r3qrk1/1ppb1p1n/n2p1bp1/p2Pp3/2P1P3/PPN2PPp/3NBB1P/1R1Q1RK1 b - - 0 17,38,36
pkof2ynP,36,axb4,Pawn,axb4,14,Good,r3qrk1/1ppb1p1n/n2p2p1/p2Pp1b1/1PP1P3/P1N2PPp/3NBB1P/1R1Q1RK1 b - - 0 18,37,51
pkof2ynP,38,b6,Pawn,Qe7,48,Inaccuracy,r3qrk1/1ppb1p1n/n2p2p1/3Pp1b1/1PP1P3/2N2PPp/3NBB1P/1R1Q1RK1 b - - 0 19,42,90
pkof2ynP,40,f5,Pawn,f5,19,Good,r3qrk1/2pb1p1n/np1p2p1/3Pp1b1/1PP1P3/2N2PPp/2QNBB1P/1R3RK1 b - - 1 20,81,100
pkof2ynP,42,Qe7,Queen,Nf6,21,Good,r3qrk1/2pb3n/np1p2p1/3Pppb1/1PP1P3/2N2PPp/2QNBB1P/1R3R1K b - - 1 21,67,88
pkof2ynP,44,Nf6,Knight,Bh6,32,Inaccuracy,r4rk1/2pbq2n/np1p2p1/3Pppb1/1PP1P3/2N2PPp/2QNB2P/1R3RBK b - - 3 22,57,89
pkof2ynP,46,f4,Pawn,Qg7,149,Mistake,r4rk1/2pbq3/np1p1np1/3Pppb1/1PP1P3/2NB1PPp/2QN3P/1R3RBK b - - 5 23,27,176
pkof2ynP,48,Nxg4,Knight,Bh4,106,Mistake,r4rk1/2pbq3/np1p1np1/3Pp1b1/1PP1PpP1/2NB1P1p/2QN3P/1R3RBK b - - 0 24,164,270
pkof2ynP,50,Bxg4,Bishop,Bxg4,-27,Good,r4rk1/2pbq3/np1p2p1/3Pp1b1/1PP1PpP1/2NB3p/2QN3P/1R3RBK b - - 0 25,247,220
pkof2ynP,52,Bf6,Bishop,Qh7,40,Inaccuracy,r4rk1/2p1q3/np1p2p1/3Pp1b1/1PP1Ppb1/2NB1N1p/2Q4P/1R3RBK b - - 1 26,189,229
pkof2ynP,54,Bd7,Bishop,Qh7,42,Inaccuracy,r4rk1/2p1q3/np1p1bp1/3Pp3/1PP1Ppb1/2N2N1p/2Q1B2P/1R3RBK b - - 3 27,228,270
pkof2ynP,56,bxc5,Pawn,bxc5,-2,Good,r4rk1/2pbq3/np1p1bp1/2PPp3/1P2Pp2/2N2N1p/2Q1B2P/1R3RBK b - - 0 28,110,108
pkof2ynP,58,Nxc5,Knight,g5,99,Mistake,r4rk1/2pbq3/n2p1bp1/2PPp3/4Pp2/2N2N1p/2Q1B2P/1R3RBK b - - 0 29,114,213
pkof2ynP,60,dxc5,Pawn,dxc5,3,Good,r4rk1/2pbq3/3p1bp1/2BPp3/4Pp2/2N2N1p/2Q1B2P/1R3R1K b - - 0 30,218,221
pkof2ynP,62,Kg7,King,Kg7,10,Good,r4rk1/2pbq3/5bp1/2pPp3/4Pp2/2N2N1p/2Q1B2P/1R4RK b - - 1 31,205,215
pkof2ynP,64,Bc8,Bishop,Bxb5,8,Good,r4r2/2pbq1k1/5bp1/1BpPp3/4Pp2/2N2N1p/2Q4P/1R4RK b - - 3 32,217,225
pkof2ynP,66,g5,Pawn,Bh4,34,Inaccuracy,r1b2r2/2p1q1k1/5bp1/1BpPp3/4Pp2/2N4p/2QN3P/1R4RK b - - 5 33,214,248
pkof2ynP,68,Rh8,Rook,c4,69,Inaccuracy,r1b2r2/2p1q1k1/5b2/2pPp1p1/4Pp2/2N4p/2QNB2P/1R4RK b - - 1 34,222,291
pkof2ynP,70,Rh4,Rook,Bxg4,130,Mistake,r1b4r/2p1q1k1/5b2/2pPp1p1/4PpB1/2N4p/2QN3P/1R4RK b - - 3 35,195,325
pkof2ynP,72,Rxc8,Rook,Rxc8,-16,Good,r1B5/2p1q1k1/5b2/2pPp1p1/4Pp1r/2N4p/2QN3P/1R4RK b - - 0 36,353,337
pkof2ynP,74,Rh5,Rook,Rh5,1,Good,2r5/2p1q1k1/5b2/2pPp1p1/4Pp1r/2N2N1p/2Q4P/1R4RK b - - 1 37,345,346
pkof2ynP,76,Kh6,King,Ra8,60,Inaccuracy,2r5/2p1q1k1/5b2/2pPp1pr/4Pp2/2N2N1p/4Q2P/1R4RK b - - 3 38,322,382
pkof2ynP,78,Qd7,Queen,Ra8,40,Inaccuracy,2r5/2p1q3/5b1k/2pPp1pr/4Pp2/5N1p/4Q2P/1R1N2RK b - - 5 39,373,413
pkof2ynP,80,Re8,Rook,Qd6,41,Inaccuracy,2r5/2pq4/5b1k/2pPp1pr/4Pp2/5N1p/4QN1P/1R4RK b - - 7 40,456,497
pkof2ynP,82,Kg6,King,Kg6,48,Inaccuracy,4r3/2pq4/5b1k/2pPp1pr/4PpN1/5N1p/4Q2P/1R4RK b - - 9 41,505,553
pkof2ynP,84,Kxf6,King,Kxf6,-15,Good,4r3/2pq4/5Nk1/2pPp1pr/4Pp2/5N1p/4Q2P/1R4RK b - - 0 42,475,460
pkof2ynP,86,Qh7,Queen,Qd6,5,Good,4r3/2pq4/5k2/2pPN1pr/4Pp2/7p/4Q2P/1R4RK b - - 0 43,447,452
pkof2ynP,88,Kf7,King,Kf7,-9,Good,4r3/2p4q/5k2/2pP2pr/4PpN1/7p/4Q2P/1R4RK b - - 2 44,446,437
pkof2ynP,90,Qf5,Queen,Qf5,24,Good,4r3/2p2k1q/8/2pPP1pr/5pN1/7p/4Q2P/1R4RK b - - 0 45,412,436
pkof2ynP,92,Kg7,King,Kf8,-25,Good,4r3/2p2k2/4P3/2pP1qpr/5pN1/7p/4Q2P/1R4RK b - - 0 46,439,414
pkof2ynP,94,Qxe5,Queen,Qxe5,-28,Good,4r3/2p3k1/4P3/2pPQqpr/5pN1/7p/7P/1R4RK b - - 2 47,386,358
pkof2ynP,96,Kf6,King,Rd8,9,Good,4r3/2p3k1/4P3/2pPN1pr/5p2/7p/7P/1R4RK b - - 0 48,390,399
pkof2ynP,98,Kf5,King,Kf5,0,Good,4r3/2p5/4Pk2/2pP2pr/5pN1/7p/7P/1R4RK b - - 2 49,398,398
pkof2ynP,100,Rh7,Rook,Rh7,1,Good,4r3/1Rp5/4P3/2pP1kpr/5pN1/7p/7P/6RK b - - 4 50,367,368
pkof2ynP,102,Rxe6,Rook,Rhh8,83,Inaccuracy,4r3/1Rp4r/3PP3/2p2kp1/5pN1/7p/7P/6RK b - - 0 51,344,427
pkof2ynP,104,Rh8,Rook,Rh8,18,Good,8/1RP4r/4r3/2p2kp1/5pN1/7p/7P/6RK b - - 0 52,413,431
pkof2ynP,106,Ree8,Rook,Ree8,-10,Good,1R5r/2P5/4r3/2p2kp1/5pN1/7p/7P/6RK b - - 2 53,446,436
pkof2ynP,108,Rc8,Rook,Rc8,33,Inaccuracy,4r2r/2P5/1R6/2p2kp1/5pN1/7p/7P/6RK b - - 4 54,389,422
pkof2ynP,110,Ke4,King,Ke4,16,Good,2r4r/2P5/5R2/2p2kp1/5pN1/7p/7P/6RK b - - 6 55,343,359
pkof2ynP,112,Kf3,King,Kd3,52,Inaccuracy,2r4r/2P5/5R2/2p3p1/4kpN1/7p/7P/4R2K b - - 8 56,386,438
pkof2ynP,114,Kxg4,King,Kxg4,15,Good,2r4r/2P1R3/5R2/2p3p1/5pN1/5k1p/7P/7K b - - 10 57,-25,-10
pkof2ynP,116,Rhe8,Rook,Kf3,151,Mistake,2r4r/2P1R3/6R1/2p3p1/5pk1/7p/7P/7K b - - 1 58,-162,-11
pkof2ynP,118,Rxe7,Rook,Rxe7,22,Good,2r1r3/2P1R1R1/8/2p3p1/5pk1/7p/7P/7K b - - 3 59,-571,-549
pkof2ynP,120,c4,Pawn,Kf3,-62,Good,2r5/2P1R3/8/2p3p1/5pk1/7p/7P/7K b - - 0 60,-537,-599
pkof2ynP,122,c3,Pawn,c3,2,Good,2r5/2P1R3/8/6p1/2p2pk1/7p/7P/6K1 b - - 1 61,-786,-784
pkof2ynP,124,Rxc7,Rook,Rxc7,-71,Good,2r5/2P5/8/6p1/5pk1/2p4p/4R2P/6K1 b - - 1 62,-816,-887
pkof2ynP,126,Kf3,King,Kf3,-8,Good,8/2r5/8/6p1/5pk1/2p4p/2R4P/6K1 b - - 1 63,-905,-913
pkof2ynP,128,Ke3,King,Rc5,221,Blunder,8/2r5/8/6p1/5p2/2p2k1p/2R4P/5K2 b - - 3 64,-942,-721
pkof2ynP,130,Kd3,King,Rc5,130,Mistake,8/2r5/8/6p1/5p2/2p1k2p/2R4P/4K3 b - - 5 65,-936,-806
pkof2ynP,132,Re7,Rook,f3,307,Blunder,8/2r5/8/6p1/5p2/2pk3p/2R4P/3K4 b - - 7 66,-958,-651
pkof2ynP,134,c2+,Pawn,Re2,24,Good,8/4r3/8/6p1/5p2/2pk3p/7P/2RK4 b - - 9 67,-973,-949
pkof2ynP,136,Re1+,Rook,Re1+,-75,Good,8/4r3/8/6p1/5p2/3k3p/2R4P/3K4 b - - 0 68,-1420,-1495
pkof2ynP,138,Kxc2,King,Kxc2,8,Good,8/8/8/6p1/5p2/3k3p/2R4P/4K3 b - - 0 69,-1368,-1360
HlcLZNpG,2,e5,Pawn,c5,11,Good,rnbqkbnr/pppppppp/8/8/4P3/8/PPPP1PPP/RNBQKBNR b KQkq - 0 1,32,43
HlcLZNpG,4,Nc6,Knight,Nc6,-4,Good,rnbqkbnr/pppp1ppp/8/4p3/4P3/5N2/PPPP1PPP/RNBQKB1R b KQkq - 1 2,40,36
HlcLZNpG,6,a6,Pawn,a6,3,Good,r1bqkbnr/pppp1ppp/2n5/1B2p3/4P3/5N2/PPPP1PPP/RNBQK2R b KQkq - 3 3,36,39
HlcLZNpG,8,Nge7,Knight,Nf6,37,Inaccuracy,r1bqkbnr/1ppp1ppp/p1n5/4p3/B3P3/5N2/PPPP1PPP/RNBQK2R b KQkq - 1 4,29,66
HlcLZNpG,10,g6,Pawn,Ng6,19,Good,r1bqkb1r/1pppnppp/p1n5/4p3/B3P3/5N2/PPPP1PPP/RNBQ1RK1 b kq - 3 5,30,49
HlcLZNpG,12,Bg7,Bishop,Bg7,-4,Good,r1bqkb1r/1pppnp1p/p1n3p1/4p3/B3P3/2P2N2/PP1P1PPP/RNBQ1RK1 b kq - 0 6,57,53
HlcLZNpG,14,exd4,Pawn,exd4,-1,Good,r1bqk2r/1pppnpbp/p1n3p1/4p3/B2PP3/2P2N2/PP3PPP/RNBQ1RK1 b kq - 0 7,58,57
HlcLZNpG,16,b5,Pawn,O-O,4,Good,r1bqk2r/1pppnpbp/p1n3p1/8/B2PP3/5N2/PP3PPP/RNBQ1RK1 b kq - 0 8,60,64
HlcLZNpG,18,d6,Pawn,d5,3,Good,r1bqk2r/2ppnpbp/p1n3p1/1p6/3PP3/5N2/PPB2PPP/RNBQ1RK1 b kq - 1 9,60,63
HlcLZNpG,20,O-O,King,Nb4,13,Good,r1bqk2r/2p1npbp/p1np2p1/1p6/3PP3/5N1P/PPB2PP1/RNBQ1RK1 b kq - 0 10,81,94
HlcLZNpG,22,Bb7,Bishop,f5,-20,Good,r1bq1rk1/2p1npbp/p1np2p1/1p6/3PP3/2N2N1P/PPB2PP1/R1BQ1RK1 b - - 2 11,113,93
HlcLZNpG,24,Na5,Knight,Na5,13,Good,r2q1rk1/1bp1npbp/p1np2p1/1p6/3PPB2/2N2N1P/PPB2PP1/R2Q1RK1 b - - 4 12,89,102
HlcLZNpG,26,Nc4,Knight,Rc8,0,Good,r2q1rk1/1bp1npbp/p2p2p1/np6/3PPB2/2N2N1P/PPB2PP1/1R1Q1RK1 b - - 6 13,66,66
HlcLZNpG,28,f5,Pawn,f5,4,Good,r2q1rk1/1bp1npbp/p2p2p1/1p6/2nPPB2/2N2N1P/PPB2PP1/1RQ2RK1 b - - 8 14,24,28
HlcLZNpG,30,fxe4,Pawn,Qd7,5,Good,r2q1rk1/1bp1n1bp/p2p2p1/1p3p2/2nPPB2/2N2N1P/PPB2PP1/1RQ1R1K1 b - - 1 15,30,35
HlcLZNpG,32,Bxe4,Bishop,Bxe4,3,Good,r2q1rk1/1bp1n1bp/p2p2p1/1p6/2nPBB2/2N2N1P/PP3PP1/1RQ1R1K1 b - - 0 16,30,33
HlcLZNpG,34,Qd7,Queen,Nf5,-15,Good,r2q1rk1/2p1n1bp/p2p2p1/1p6/2nPRB2/2N2N1P/PP3PP1/1RQ3K1 b - - 0 17,29,14
HlcLZNpG,36,Nb6,Knight,Nb6,-4,Good,r4rk1/2pqn1bp/p2p2p1/1p6/2nPRB2/1PN2N1P/P4PP1/1RQ3K1 b - - 0 18,-15,-19
HlcLZNpG,38,Ned5,Knight,Nf5,31,Inaccuracy,r4rk1/2pqn1bp/pn1p2p1/1p4B1/3PR3/1PN2N1P/P4PP1/1RQ3K1 b - - 2 19,-16,15
HlcLZNpG,40,Nxd5,Knight,Nxd5,3,Good,r4rk1/2pq2bp/pn1p2p1/1p1N2B1/3PR3/1P3N1P/P4PP1/1RQ3K1 b - - 0 20,6,9
HlcLZNpG,42,Rae8,Rook,a5,12,Good,r4rk1/2pq2bp/p2p2p1/1p1n2B1/3PR3/1P3N1P/P4PP1/1R2Q1K1 b - - 1 21,13,25
HlcLZNpG,44,b4,Pawn,b4,8,Good,4rrk1/2pq2bp/p2p2p1/1p1n2B1/3PR3/1P3N1P/P4PP1/2R1Q1K1 b - - 3 22,0,8
HlcLZNpG,46,a5,Pawn,Qb5,30,Inaccuracy,4rrk1/2pq2bp/p2p2p1/3n4/1p1PR3/1P3N1P/P2B1PP1/2R1Q1K1 b - - 1 23,11,41
HlcLZNpG,48,Rxe4,Rook,Rxe4,-14,Good,4rrk1/2pq2bp/3p2p1/p2n4/1p1PR3/1P3N1P/P2BQPP1/2R3K1 b - - 1 24,25,11
HlcLZNpG,50,Qf5,Queen,Qf5,-3,Good,5rk1/2pq2bp/3p2p1/p2n4/1p1PQ3/1P3N1P/P2B1PP1/2R3K1 b - - 0 25,10,7
HlcLZNpG,52,h6,Pawn,Kh8,-3,Good,5rk1/2p3bp/3p2p1/p2n1q2/1p1P4/1P3N1P/P2BQPP1/2R3K1 b - - 2 26,18,15
HlcLZNpG,54,Kh7,King,Rf7,0,Good,5rk1/2p3b1/3p2pp/p2n1q2/1pQP4/1P3N1P/P2B1PP1/2R3K1 b - - 1 27,0,0
HlcLZNpG,56,Qf7,Queen,Bf6,0,Good,5r2/2p3bk/3p2pp/p2n1q2/1pQP4/1P3N1P/P2B1PP1/4R1K1 b - - 3 28,0,0
HlcLZNpG,58,Kg8,King,Qf5,18,Good,5r2/2p2qbk/3p2pp/p2n4/1pQP3P/1P3N2/P2B1PP1/4R1K1 b - - 0 29,0,18
HlcLZNpG,60,Qf5,Queen,Qf5,-8,Good,5rk1/2p2qb1/3p2pp/p2n4/1p1P3P/1P1Q1N2/P2B1PP1/4R1K1 b - - 2 30,0,-8
HlcLZNpG,62,Qf7,Queen,Kh7,27,Good,5rk1/2p3b1/3p2pp/p2n1q2/1pQP3P/1P3N2/P2B1PP1/4R1K1 b - - 4 31,0,27
HlcLZNpG,64,Nf6,Knight,Kh7,93,Mistake,5rk1/2p2qb1/3p2pp/p2n4/1p1P3P/1P3N2/P2BQPP1/4R1K1 b - - 6 32,0,93
HlcLZNpG,66,Re8,Rook,Kh7,-10,Good,5rk1/2p2qb1/3p1npp/p7/1p1P1B1P/1P3N2/P3QPP1/4R1K1 b - - 8 33,0,-10
HlcLZNpG,68,Rxe1+,Rook,Ne4,43,Inaccuracy,4r1k1/2p2qb1/3p1npp/p7/1p1P1B1P/1P3N2/P4PP1/3QR1K1 b - - 10 34,-53,-10
HlcLZNpG,70,Nd5,Knight,Kh7,0,Good,6k1/2p2qb1/3p1npp/p7/1p1P1B1P/1P3N2/P4PP1/4Q1K1 b - - 0 35,0,0
HlcLZNpG,72,Kf8,King,Qf5,52,Inaccuracy,6k1/2p2qb1/3p2pp/p2n4/1p1P3P/1P3N2/P2B1PP1/4Q1K1 b - - 2 36,0,52
HlcLZNpG,74,Qe8,Queen,Qf5,121,Mistake,5k2/2p2qb1/3p2pp/p2n4/1p1P3P/1P3N2/P2BQPP1/6K1 b - - 4 37,10,131
HlcLZNpG,76,Qe4,Queen,Qe4,-2,Good,4qk2/2p3b1/Q2p2pp/p2n4/1p1P3P/1P3N2/P2B1PP1/6K1 b - - 6 38,142,140
HlcLZNpG,78,Bxd4,Bishop,Ke7,2,Good,5k2/2p3b1/3p2pp/Q2n4/1p1Pq2P/1P3N2/P2B1PP1/6K1 b - - 0 39,136,138
HlcLZNpG,80,Kg8,King,Ke7,544,Blunder,5k2/2p5/3p2pB/Q2n4/1p1bq2P/1P3N2/P4PP1/6K1 b - - 0 40,147,691
HlcLZNpG,82,Kh7,King,Kf7,26,Good,Q5k1/2p5/3p2pB/3n4/1p1bq2P/1P3N2/P4PP1/6K1 b - - 2 41,748,774
ZbzeOozs,2,e6,Pawn,c5,4,Good,rnbqkbnr/pppppppp/8/8/4P3/8/PPPP1PPP/RNBQKBNR b KQkq - 0 1,35,39
ZbzeOozs,4,d5,Pawn,d5,9,Good,rnbqkbnr/pppp1ppp/4p3/8/3PP3/8/PPP2PPP/RNBQKBNR b KQkq - 0 2,32,41
ZbzeOozs,6,Nf6,Knight,Nf6,-8,Good,rnbqkbnr/ppp2ppp/4p3/3p4/3PP3/2N5/PPP2PPP/R1BQKBNR b KQkq - 1 3,48,40
ZbzeOozs,8,Nfd7,Knight,Nfd7,4,Good,rnbqkb1r/ppp2ppp/4pn2/3pP3/3P4/2N5/PPP2PPP/R1BQKBNR b KQkq - 0 4,39,43
ZbzeOozs,10,c5,Pawn,c5,0,Good,rnbqkb1r/pppn1ppp/4p3/3pP3/3P1P2/2N5/PPP3PP/R1BQKBNR b KQkq - 0 5,42,42
ZbzeOozs,12,a6,Pawn,Nc6,26,Good,rnbqkb1r/pp1n1ppp/4p3/2ppP3/3P1P2/2N2N2/PPP3PP/R1BQKB1R b KQkq - 1 6,35,61
ZbzeOozs,14,b5,Pawn,Nc6,59,Inaccuracy,rnbqkb1r/1p1n1ppp/p3p3/2ppP3/3P1P2/2N1BN2/PPP3PP/R2QKB1R b KQkq - 1 7,48,107
ZbzeOozs,16,Qb6,Queen,Nc6,36,Inaccuracy,rnbqkb1r/3n1ppp/p3p3/1pppP3/3P1P2/4BN2/PPP1N1PP/R2QKB1R b KQkq - 1 8,71,107
ZbzeOozs,18,Nc6,Knight,cxd4,2,Good,rnb1kb1r/3n1ppp/pq2p3/1pppP3/3P1P2/4BNP1/PPP1N2P/R2QKB1R b KQkq - 0 9,61,63
ZbzeOozs,20,g6,Pawn,cxd4,7,Good,r1b1kb1r/3n1ppp/pqn1p3/1pppP3/3P1P2/4BNPB/PPP1N2P/R2QK2R b KQkq - 2 10,33,40
ZbzeOozs,22,Bb7,Bishop,a5,33,Inaccuracy,r1b1kb1r/3n1p1p/pqn1p1p1/1pppP3/3P1P2/4BNPB/PPP1N2P/R2Q1RK1 b kq - 1 11,35,68
ZbzeOozs,24,b4,Pawn,Be7,5,Good,r3kb1r/1b1n1p1p/pqn1p1p1/1pppP3/3P1P2/2P1BNPB/PP2N2P/R2Q1RK1 b kq - 0 12,76,81
ZbzeOozs,26,b3,Pawn,b3,7,Good,r3kb1r/1b1n1p1p/pqn1p1p1/2ppP3/1p1P1P2/P1P1BNPB/1P2N2P/R2Q1RK1 b kq - 0 13,25,32
ZbzeOozs,28,Bxc5,Bishop,Bxc5,-5,Good,r3kb1r/1b1n1p1p/pqn1p1p1/2PpP3/5P2/PpP1BNPB/1P2N2P/R2Q1RK1 b kq - 0 14,-6,-11
ZbzeOozs,30,a5,Pawn,a5,4,Good,r3k2r/1b1n1p1p/pqn1p1p1/2bpP3/3N1P2/PpP1BNPB/1P5P/R2Q1RK1 b kq - 1 15,-7,-3
ZbzeOozs,32,a4,Pawn,a4,-9,Good,r3k2r/1b1n1p1p/1qn1p1p1/p1bpP3/3N1P2/PpP1BNPB/1P5P/R2QR1K1 b kq - 1 16,-31,-40
ZbzeOozs,34,Na5,Knight,Na5,3,Good,r3k2r/1b1n1p1p/1qn1p1p1/2bpP3/p2N1P2/PpP1BNPB/1P1Q3P/R3R1K1 b kq - 1 17,-47,-44
ZbzeOozs,36,Nc4,Knight,Nc4,5,Good,r3k2r/1b1n1p1p/1q2p1p1/n1bpP3/p2N1P2/PpP1BNPB/1P3Q1P/R3R1K1 b kq - 3 18,-68,-63
ZbzeOozs,38,Nxe3,Knight,O-O,-13,Good,r3k2r/1b1n1p1p/1q2p1p1/2bpP3/p1nN1P2/PpP1BNP1/1P3Q1P/R3RBK1 b kq - 5 19,-36,-49
ZbzeOozs,40,Ba6,Bishop,Ba6,3,Good,r3k2r/1b1n1p1p/1q2p1p1/2bpP3/p2N1P2/PpP1QNP1/1P5P/R3RBK1 b kq - 0 20,-56,-53
ZbzeOozs,42,Nb8,Knight,Bxf1,54,Inaccuracy,r3k2r/3n1p1p/bq2p1p1/2bpP3/p2N1P2/PpP1QNP1/1P5P/3RRBK1 b kq - 2 21,-61,-7
ZbzeOozs,44,Rxa6,Rook,Nxa6,36,Inaccuracy,rn2k2r/5p1p/Bq2p1p1/2bpP3/p2N1P2/PpP1QNP1/1P5P/3RR1K1 b kq - 0 22,-12,24
ZbzeOozs,46,Nc6,Knight,Nc6,-18,Good,1n2k2r/5p1p/rq2p1p1/2bpP3/p2N1P2/PpP1QNP1/1P4KP/3RR3 b k - 1 23,-19,-37
ZbzeOozs,48,Na5,Knight,Na5,-9,Good,4k2r/5p1p/rqn1p1p1/2bpP3/p2N1P2/PpPQ1NP1/1P4KP/3RR3 b k - 3 24,-58,-67
ZbzeOozs,50,O-O,King,Bxd4,17,Good,4k2r/5p1p/rq2p1p1/n1bpP3/p2N1P2/PpPQ2P1/1P1N2KP/3RR3 b k - 5 25,-71,-54
ZbzeOozs,52,Be7,Bishop,Raa8,92,Mistake,5rk1/5p1p/rq2p1p1/n1bpP3/p4P2/PpPQ1NP1/1P1N2KP/3RR3 b - - 7 26,-63,29
ZbzeOozs,54,Nb7,Knight,h5,82,Inaccuracy,5rk1/4bp1p/rq2p1p1/n2pP3/p4P1P/PpPQ1NP1/1P1N2K1/3RR3 b - - 0 27,-25,57
ZbzeOozs,56,Nc5,Knight,Nc5,7,Good,5rk1/1n2bp1p/rq2p1p1/3pP2P/p4P2/PpPQ1NP1/1P1N2K1/3RR3 b - - 0 28,54,61
ZbzeOozs,58,Ra7,Rook,Raa8,4,Good,5rk1/4bp1p/rq2p1p1/2npP2P/p4P2/PpP2NP1/1P1NQ1K1/3RR3 b - - 2 29,7,11
ZbzeOozs,60,Qa6,Queen,Qa6,6,Good,5rk1/r3bp1p/1q2p1p1/2npP2P/p4P2/PpP2NP1/1P1NQ1K1/3R3R b - - 4 30,-10,-4
ZbzeOozs,62,Qd3,Queen,Nd3,41,Inaccuracy,5rk1/r3bp1p/q3p1p1/2npP2P/p4P2/PpP1QNP1/1P1N2K1/3R3R b - - 6 31,-58,-17
ZbzeOozs,64,Nxd3,Knight,Nxd3,-23,Good,5rk1/r3bp1p/4p1p1/2npP2P/p4P2/PpPQ1NP1/1P1N2K1/3R3R b - - 0 32,-65,-88
ZbzeOozs,66,Rc7,Rook,Rc8,91,Mistake,5rk1/r3bp1p/4p1p1/3pP2P/p4P2/PpPn1NP1/1P1N2K1/1R5R b - - 1 33,-153,-62
ZbzeOozs,68,Rb8,Rook,g5,49,Inaccuracy,5rk1/2r1bp1p/4p1p1/3pP2P/p2N1P2/PpPn2P1/1P1N2K1/1R5R b - - 3 34,-146,-97
ZbzeOozs,70,Kg7,King,Nxb2,112,Mistake,1r4k1/2r1bp1p/4p1p1/3pP2P/p4P2/PpPn2P1/1P1NN1K1/1R5R b - - 5 35,-224,-112
ZbzeOozs,72,hxg6,Pawn,hxg6,3,Good,1r6/2r1bpkp/4p1P1/3pP3/p4P2/PpPn2P1/1P1NN1K1/1R5R b - - 0 36,-117,-114
ZbzeOozs,74,Nxb2,Knight,Bc5,-24,Good,1r6/2r1bpk1/4p1p1/3pP3/p4P2/PpPn1KP1/1P1NN3/1R5R b - - 1 37,-133,-157
ZbzeOozs,76,Bxa3,Bishop,Bxa3,5,Good,1r6/2r1bpk1/4p1p1/3pP3/p4P2/PpP2KP1/1R1NN3/7R b - - 0 38,-175,-170
ZbzeOozs,78,Bc5,Bishop,b2,165,Mistake,1r6/2r2pk1/4p1p1/3pP3/p4P2/bpP2KP1/3NN3/1R5R b - - 1 39,-199,-34
ZbzeOozs,80,Ba3,Bishop,Ba3,25,Good,1r6/2r2pk1/4p1p1/2bpP3/p4P2/1pP2KP1/1R1NN3/7R b - - 3 40,-189,-164
ZbzeOozs,82,Be7,Bishop,b2,51,Inaccuracy,1r6/2r2pk1/4p1p1/3pP3/p4P2/bpP2KP1/3NN3/1R5R b - - 5 41,-187,-136
ZbzeOozs,84,b2,Pawn,b2,-77,Good,1r6/2r1bpk1/4p1p1/3pP3/p4P2/1pP2KP1/3NN2R/1R6 b - - 7 42,-134,-211
ZbzeOozs,86,g5,Pawn,Rg8,492,Blunder,1r6/2r1bpk1/4p1p1/3pP3/p4P2/2P2KP1/1p1NN2R/7R b - - 1 43,-196,296
ZbzeOozs,88,Kg8,King,Kf8,-28,Good,1r6/2r1bpkR/4p3/3pP1p1/p4P2/2P2KP1/1p1NN3/7R b - - 1 44,451,423
rIHv4PHX,2,c5,Pawn,c5,8,Good,rnbqkbnr/pppppppp/8/8/4P3/8/PPPP1PPP/RNBQKBNR b KQkq - 0 1,30,38
rIHv4PHX,4,g6,Pawn,d6,26,Good,rnbqkbnr/pp1ppppp/8/2p5/4P3/1P6/P1PP1PPP/RNBQKBNR b KQkq - 0 2,-21,5
rIHv4PHX,6,Nf6,Knight,Nf6,-14,Good,rnbqkbnr/pp1ppp1p/6p1/2p5/4P3/1P6/PBPP1PPP/RN1QKBNR b KQkq - 1 3,-10,-24
rIHv4PHX,8,d6,Pawn,Nc6,-9,Good,rnbqkb1r/pp1ppp1p/5np1/2p5/4P3/1P3Q2/PBPP1PPP/RN2KBNR b KQkq - 3 4,-39,-48
rIHv4PHX,10,Nc6,Knight,Nbd7,49,Inaccuracy,rnbqkb1r/pp2pp1p/3p1np1/1Bp5/4P3/1P3Q2/PBPP1PPP/RN2K1NR b KQkq - 1 5,-41,8
rIHv4PHX,12,bxc6,Pawn,bxc6,12,Good,r1bqkb1r/pp2pp1p/2Bp1np1/2p5/4P3/1P3Q2/PBPP1PPP/RN2K1NR b KQkq - 0 6,8,20
rIHv4PHX,14,dxe5,Pawn,dxe5,19,Good,r1bqkb1r/p3pp1p/2pp1np1/2p1P3/8/1P3Q2/PBPP1PPP/RN2K1NR b KQkq - 0 7,3,22
rIHv4PHX,16,Bg7,Bishop,Qd5,77,Inaccuracy,r1bqkb1r/p3pp1p/2p2np1/2p1B3/8/1P3Q2/P1PP1PPP/RN2K1NR b KQkq - 0 8,-10,67
rIHv4PHX,18,O-O,King,O-O,18,Good,r1bqk2r/p3ppbp/2p2np1/2p1B3/8/1PN2Q2/P1PP1PPP/R3K1NR b KQkq - 2 9,-17,1
rIHv4PHX,20,Bg4,Bishop,Bf5,21,Good,r1bq1rk1/p3ppbp/2p2np1/2p1B3/8/1PN2Q2/P1PPNPPP/R3K2R b KQ - 4 10,-7,14
rIHv4PHX,22,Bf5,Bishop,Bf5,0,Good,r2q1rk1/p3ppbp/2p2np1/2p1B3/6b1/1PN1Q3/P1PPNPPP/R3K2R b KQ - 6 11,-33,-33
rIHv4PHX,24,Ng4,Knight,Ng4,-4,Good,r2q1rk1/p3ppbp/2p2np1/2p1Bb2/8/1PNPQ3/P1P1NPPP/R3K2R b KQ - 0 12,-554,-558
B9mrTW0H,2,Nf6,Knight,d5,4,Good,rnbqkbnr/pppppppp/8/8/3P4/8/PPP1PPPP/RNBQKBNR b KQkq - 0 1,26,30
B9mrTW0H,4,g6,Pawn,e6,10,Good,rnbqkb1r/pppppppp/5n2/8/3P4/5N2/PPP1PPPP/RNBQKB1R b KQkq - 2 2,24,34
B9mrTW0H,6,Bg7,Bishop,Bg7,17,Good,rnbqkb1r/pppppp1p/5np1/8/3P4/1P3N2/P1P1PPPP/RNBQKB1R b KQkq - 0 3,9,26
B9mrTW0H,8,O-O,King,O-O,2,Good,rnbqk2r/ppppppbp/5np1/8/3P4/1P3N2/PBP1PPPP/RN1QKB1R b KQkq - 2 4,11,13
B9mrTW0H,10,b5,Pawn,c5,53,Inaccuracy,rnbq1rk1/ppppppbp/5np1/8/3P4/1P3NP1/PBP1PP1P/RN1QKB1R b KQ - 0 5,-36,17
B9mrTW0H,12,Bb7,Bishop,d6,12,Good,rnbq1rk1/p1ppppbp/5np1/1p6/3P4/1P3NP1/PBP1PPBP/RN1QK2R b KQ - 1 6,11,23
B9mrTW0H,14,d6,Pawn,d6,-3,Good,rn1q1rk1/pbppppbp/5np1/1p6/3P4/1P3NP1/PBP1PPBP/RN1Q1RK1 b - - 3 7,22,19
B9mrTW0H,16,Nbd7,Knight,Nbd7,-5,Good,rn1q1rk1/pbp1ppbp/3p1np1/1p6/3P4/1P3NP1/PBPNPPBP/R2Q1RK1 b - - 1 8,-11,-16
B9mrTW0H,18,bxc4,Pawn,bxc4,6,Good,r2q1rk1/pbpnppbp/3p1np1/1p6/2PP4/1P3NP1/PB1NPPBP/R2Q1RK1 b - - 0 9,-13,-7
B9mrTW0H,20,a5,Pawn,a5,0,Good,r2q1rk1/pbpnppbp/3p1np1/8/2NP4/1P3NP1/PB2PPBP/R2Q1RK1 b - - 0 10,-19,-19
B9mrTW0H,22,a4,Pawn,Ra7,20,Good,r2q1rk1/1bpnppbp/3p1np1/p7/2NP4/1P3NP1/PBQ1PPBP/R4RK1 b - - 1 11,-42,-22
B9mrTW0H,24,Be4,Bishop,Be4,-6,Good,r2q1rk1/1bpnppbp/3p1np1/8/P1NP4/5NP1/PBQ1PPBP/R4RK1 b - - 0 12,-85,-91
B9mrTW0H,26,Ra7,Rook,Qb8,2,Good,r2q1rk1/2pnppbp/3p1np1/8/P1NPb3/5NP1/PB2PPBP/R2Q1RK1 b - - 2 13,-46,-44
B9mrTW0H,28,Bxg2,Bishop,Bxg2,-9,Good,3q1rk1/r1pnppbp/3p1np1/8/P1NPb3/6P1/PB1NPPBP/R2Q1RK1 b - - 4 14,-125,-134
B9mrTW0H,30,Qa8+,Queen,Qa8+,4,Good,3q1rk1/r1pnppbp/3p1np1/8/P1NP4/6P1/PB1NPPKP/R2Q1R2 b - - 0 15,-138,-134
B9mrTW0H,32,Rxa4,Rook,Rxa4,-1,Good,q4rk1/r1pnppbp/3p1np1/8/P1NP4/6P1/PB1NPP1P/R2Q1RK1 b - - 2 16,-134,-135
B9mrTW0H,34,Rb8,Rook,Rc8,21,Good,q4rk1/2pnppbp/3p1np1/8/r1NP4/6P1/PBQNPP1P/R4RK1 b - - 1 17,-153,-132
B9mrTW0H,36,h5,Pawn,h5,6,Good,qr4k1/2pnppbp/3p1np1/8/r1NP4/6P1/PBQNPP1P/R1R3K1 b - - 3 18,-184,-178
B9mrTW0H,38,h4,Pawn,h4,-16,Good,qr4k1/2pnppb1/3p1np1/7p/r2P4/4N1P1/PBQNPP1P/R1R3K1 b - - 1 19,-206,-222
B9mrTW0H,40,h3,Pawn,h3,-15,Good,qr4k1/2pnppb1/3p1np1/8/r2P3p/P3N1P1/1BQNPP1P/R1R3K1 b - - 0 20,-210,-225
B9mrTW0H,42,Ng4,Knight,Ng4,14,Good,qr4k1/2pnppb1/3p1np1/8/r2P4/P3N1Pp/1BQNPP1P/1RR3K1 b - - 1 21,-248,-234
B9mrTW0H,44,Nxe3,Knight,Bh6,26,Good,qr4k1/2pnppb1/3p2p1/8/r2P2n1/P3N1Pp/1BQ1PP1P/1RR2NK1 b - - 3 22,-268,-242
B9mrTW0H,46,Bh6,Bishop,Bh6,-11,Good,qr4k1/2pnppb1/3p2p1/8/r2P4/P3N1Pp/1BQ1PP1P/1RR3K1 b - - 0 23,-229,-240
B9mrTW0H,48,Bg7,Bishop,Nf6,51,Inaccuracy,qr4k1/2pnpp2/3p2pb/8/r2P1P2/P3N1Pp/1BQ1P2P/1RR3K1 b - - 0 24,-241,-190
B9mrTW0H,50,Qe4,Queen,Rxa3,122,Mistake,qr4k1/2Qnppb1/3p2p1/8/r2P1P2/P3N1Pp/1B2P2P/1RR3K1 b - - 0 25,-265,-143
B9mrTW0H,52,Rxb2,Rook,Rxb2,-20,Good,1r4k1/2Qnppb1/3p2p1/8/r2PqP2/P3N1Pp/1B2PK1P/1RR5 b - - 2 26,-382,-402
B9mrTW0H,54,Bxd4,Bishop,Bxd4,2,Good,6k1/2Qnppb1/3p2p1/8/r2PqP2/P3N1Pp/1R2PK1P/2R5 b - - 0 27,-417,-415
B9mrTW0H,56,Nf6,Knight,Nc5,12,Good,6k1/2Qnpp2/3p2p1/8/r2bqP2/PR2N1Pp/4PK1P/2R5 b - - 1 28,-432,-420
B9mrTW0H,58,Kg7,King,Kg7,9,Good,2Q3k1/4pp2/3p1np1/8/r2bqP2/PR2N1Pp/4PK1P/2R5 b - - 3 29,-477,-468
B9mrTW0H,60,Nd5,Knight,Nd5,9,Good,8/4ppk1/3p1np1/8/r2bqP2/PR2N1PQ/4PK1P/2R5 b - - 0 30,-521,-512
B9mrTW0H,62,Nxe3,Knight,Bxe3+,267,Blunder,8/4ppk1/3p2p1/3n4/r2bqP2/PR2N1PQ/4PK1P/3R4 b - - 2 31,-608,-341
B9mrTW0H,64,Qxd4,Queen,Qxd4,-35,Good,8/4ppk1/3p2p1/8/r2RqP2/PR2n1PQ/4PK1P/8 b - - 0 32,-435,-470
B9mrTW0H,66,Rxa3,Rook,Rxa3,-9,Good,8/4ppk1/3p2p1/8/r2q1P2/P3R1PQ/4PK1P/8 b - - 0 33,-459,-468
B9mrTW0H,68,Qxf4+,Queen,Qxf4+,12,Good,8/4ppk1/3p2p1/8/3q1PP1/r3R2Q/4PK1P/8 b - - 0 34,-460,-448
B9mrTW0H,70,Qxe3+,Queen,Qxh2+,313,Blunder,8/4ppk1/3p2p1/8/5qP1/r3RQ2/4PK1P/8 b - - 1 35,-734,-421
B9mrTW0H,72,Rxe3,Rook,Rxe3,4,Good,8/4ppk1/3p2p1/8/6P1/r3Q3/4PK1P/8 b - - 0 36,-516,-512
B9mrTW0H,74,g5,Pawn,g5,-19,Good,8/4ppk1/3p2p1/8/6P1/4K3/4P2P/8 b - - 0 37,-521,-540
B9mrTW0H,76,e6,Pawn,e6,-3,Good,8/4ppk1/3p4/6p1/4K1P1/8/4P2P/8 b - - 1 38,-544,-547
B9mrTW0H,78,Kf6,King,Kf6,18,Good,8/5pk1/3pp3/6p1/3K2P1/8/4P2P/8 b - - 1 39,-555,-537
B9mrTW0H,80,Ke7,King,Ke7,20,Good,8/5p2/3ppk2/6p1/3K2P1/4P3/7P/8 b - - 0 40,-552,-532
B9mrTW0H,82,Kd7,King,d5+,15,Good,8/4kp2/3pp3/6p1/2K3P1/4P3/7P/8 b - - 2 41,-591,-576
B9mrTW0H,84,Kc7,King,d5,43,Inaccuracy,8/3k1p2/3pp3/1K4p1/6P1/4P3/7P/8 b - - 4 42,-587,-544
B9mrTW0H,86,Kb7,King,Kb7,-6,Good,8/2k2p2/3pp3/1K4p1/4P1P1/8/7P/8 b - - 0 43,-584,-590
B9mrTW0H,88,Kb6,King,Kc6,-5,Good,8/1k3p2/3pp3/6p1/1K2P1P1/8/7P/8 b - - 2 44,-599,-604
B9mrTW0H,90,Kc6,King,Kc6,-1,Good,8/5p2/1k1pp3/6p1/2K1P1P1/8/7P/8 b - - 4 45,-599,-600
B9mrTW0H,92,Kb5,King,Kb5,-2,Good,8/5p2/2kpp3/6p1/3KP1P1/8/7P/8 b - - 6 46,-608,-610
B9mrTW0H,94,Kb4,King,Kb4,-11,Good,8/5p2/3pp3/1k4p1/3KP1P1/7P/8/8 b - - 0 47,-613,-624
VCR5lynQ,2,c5,Pawn,c5,3,Good,rnbqkbnr/pppppppp/8/8/4P3/8/PPPP1PPP/RNBQKBNR b KQkq - 0 1,35,38
VCR5lynQ,4,d6,Pawn,Nc6,5,Good,rnbqkbnr/pp1ppppp/8/2p5/4P3/5N2/PPPP1PPP/RNBQKB1R b KQkq - 1 2,39,44
VCR5lynQ,6,cxd4,Pawn,cxd4,-13,Good,rnbqkbnr/pp2pppp/3p4/2p5/3PP3/5N2/PPP2PPP/RNBQKB1R b KQkq - 0 3,46,33
VCR5lynQ,8,Nf6,Knight,Nf6,20,Good,rnbqkbnr/pp2pppp/3p4/8/3NP3/8/PPP2PPP/RNBQKB1R b KQkq - 0 4,27,47
VCR5lynQ,10,a6,Pawn,a6,3,Good,rnbqkb1r/pp2pppp/3p1n2/8/3NP3/2N5/PPP2PPP/R1BQKB1R b KQkq - 2 5,32,35
VCR5lynQ,12,Nbd7,Knight,e6,22,Good,rnbqkb1r/1p2pppp/p2p1n2/6B1/3NP3/2N5/PPP2PPP/R2QKB1R b KQkq - 1 6,23,45
VCR5lynQ,14,Qb6,Queen,Qb6,23,Good,r1bqkb1r/1p1npppp/p2p1n2/6B1/2BNP3/2N5/PPP2PPP/R2QK2R b KQkq - 3 7,33,56
VCR5lynQ,16,e6,Pawn,e6,2,Good,r1b1kb1r/1p1npppp/pq1p1n2/6B1/3NP3/1BN5/PPP2PPP/R2QK2R b KQkq - 5 8,27,29
VCR5lynQ,18,Be7,Bishop,Be7,-6,Good,r1b1kb1r/1p1n1ppp/pq1ppn2/6B1/3NP3/1BN5/PPPQ1PPP/R3K2R b KQkq - 1 9,29,23
VCR5lynQ,20,Nc5,Knight,Nc5,4,Good,r1b1k2r/1p1nbppp/pq1ppn2/6B1/3NP3/1BN5/PPPQ1PPP/2KR3R b kq - 3 10,6,10
VCR5lynQ,22,Qc7,Queen,Qc7,-2,Good,r1b1k2r/1p2bppp/pq1ppn2/2n3B1/3NP3/1BN5/PPP1QPPP/2KR3R b kq - 5 11,-10,-12
VCR5lynQ,24,h6,Pawn,h6,20,Good,r1b1k2r/1pq1bppp/p2ppn2/2n3B1/3NPP2/1BN5/PPP1Q1PP/2KR3R b kq - 0 12,-14,6
VCR5lynQ,26,O-O,King,O-O,10,Good,r1b1k2r/1pq1bpp1/p2ppn1p/2n5/3NPP1B/1BN5/PPP1Q1PP/2KR3R b kq - 1 13,-15,-5
VCR5lynQ,28,dxe5,Pawn,dxe5,9,Good,r1b2rk1/1pq1bpp1/p2ppn1p/2n1P3/3N1P1B/1BN5/PPP1Q1PP/2KR3R b - - 0 14,-11,-2
VCR5lynQ,30,Nh7,Knight,Nd5,94,Mistake,r1b2rk1/1pq1bpp1/p3pn1p/2n1P3/3N3B/1BN5/PPP1Q1PP/2KR3R b - - 0 15,6,100
VCR5lynQ,32,Qxe7,Queen,Qxe7,-6,Good,r1b2rk1/1pq1Bppn/p3p2p/2n1P3/3N4/1BN5/PPP1Q1PP/2KR3R b - - 0 16,112,106
VCR5lynQ,34,Nxb3+,Knight,b5,25,Good,r1b2rk1/1p2qppn/p3p2p/2n1P3/3NN3/1B6/PPP1Q1PP/2KR3R b - - 1 17,104,129
VCR5lynQ,36,a5,Pawn,b5,-19,Good,r1b2rk1/1p2qppn/p3p2p/4P3/3NN3/1P6/1PP1Q1PP/2KR3R b - - 0 18,132,113
VCR5lynQ,38,Bd7,Bishop,Ng5,3,Good,r1b2rk1/1p2qppn/4p2p/pQ2P3/3NN3/1P6/1PP3PP/2KR3R b - - 1 19,110,113
VCR5lynQ,40,Rfb8,Rook,Rfb8,-9,Good,r4rk1/1Q1bqppn/4p2p/p3P3/3NN3/1P6/1PP3PP/2KR3R b - - 0 20,100,91
VCR5lynQ,42,Qg5+,Queen,Qg5+,-5,Good,rr4k1/1Q1bqppn/2N1p2p/p3P3/4N3/1P6/1PP3PP/2KR3R b - - 2 21,-140,-145
VCR5lynQ,44,Rxb7,Rook,Rxb7,-6,Good,rr4k1/1Q1b1ppn/2N1p2p/p3P1N1/8/1P6/1PP3PP/2KR3R b - - 0 22,-134,-140
VCR5lynQ,46,Rxd7,Rook,Rxd7,-7,Good,r5k1/1r1R1ppn/2N1p2p/p3P1N1/8/1P6/1PP3PP/2K4R b - - 0 23,-157,-164
VCR5lynQ,48,Rc8,Rook,Nf8,-26,Good,r5k1/3r1ppn/2N1p2p/p3P3/4N3/1P6/1PP3PP/2K4R b - - 1 24,-176,-202
VCR5lynQ,50,Ra8,Rook,Ra8,-5,Good,2r3k1/3r1ppn/4p2p/N3P3/4N3/1P6/1PP3PP/2K4R b - - 0 25,-150,-155
VCR5lynQ,52,Rd4,Rook,Rd4,-14,Good,r5k1/3r1ppn/4p2p/N3P3/1P2N3/8/1PP3PP/2K4R b - - 0 26,-161,-175
VCR5lynQ,54,Rxb4,Rook,Rxb4,-9,Good,r5k1/5ppn/4p2p/N1N1P3/1P1r4/8/1PP3PP/2K4R b - - 2 27,-231,-240
VCR5lynQ,56,Ng5,Knight,Rc8,71,Inaccuracy,r5k1/5ppn/4p2p/2N1P3/1r6/1N6/1PP3PP/2K4R b - - 1 28,-199,-128
VCR5lynQ,58,h5,Pawn,h5,33,Inaccuracy,r5k1/5pp1/4p2p/2N1P1n1/1r6/1N6/1PP3PP/2K1R3 b - - 3 29,-147,-114
VCR5lynQ,60,h4,Pawn,h4,4,Good,r5k1/5pp1/4p3/2N1P1np/1r6/1N2R3/1PP3PP/2K5 b - - 1 30,-149,-145
VCR5lynQ,62,Rf4,Rook,Rc8,36,Inaccuracy,r5k1/5pp1/4p3/2N1P1n1/1r5p/1N2R2P/1PP3P1/2K5 b - - 0 31,-181,-145
VCR5lynQ,64,Rd8,Rook,Rc4,60,Inaccuracy,r5k1/5pp1/4p3/2N1P1n1/5r1p/1N5P/1PP1R1P1/2K5 b - - 2 32,-157,-97
VCR5lynQ,66,Rd5,Rook,Rd5,10,Good,3r2k1/5pp1/4p3/2N1P1n1/5r1p/1NP4P/1P2R1P1/2K5 b - - 0 33,-141,-131
VCR5lynQ,68,Kh7,King,f5,199,Mistake,6k1/5pp1/4p3/2NrP1n1/5r1p/1NP4P/1PK1R1P1/8 b - - 2 34,-130,69
VCR5lynQ,70,Re4,Rook,Ra4,-7,Good,8/5ppk/4p3/3rP1n1/5r1p/1NPN3P/1PK1R1P1/8 b - - 4 35,83,76
VCR5lynQ,72,Nxe4,Knight,Nxe4,11,Good,8/5ppk/4p3/3rP1n1/4R2p/1NPN3P/1PK3P1/8 b - - 0 36,48,59
VCR5lynQ,74,Ra5,Rook,Rd8,96,Mistake,8/5ppk/4p3/3rP3/3Nn2p/2PN3P/1PK3P1/8 b - - 1 37,-96,0
VCR5lynQ,76,Ra2+,Rook,Ra2+,0,Good,8/5ppk/4p3/r3P3/1P1Nn2p/2PN3P/2K3P1/8 b - - 0 38,0,0
VCR5lynQ,78,Kg6,King,Nd2,55,Inaccuracy,8/5ppk/4p3/4P3/1P1Nn2p/2P4P/rNK3P1/8 b - - 2 39,-42,13
VCR5lynQ,80,Ra8,Rook,Ra1,40,Inaccuracy,8/5pp1/4p1k1/4P3/1P1Nn2p/1KP4P/rN4P1/8 b - - 4 40,-7,33
VCR5lynQ,82,Rc8,Rook,f6,113,Mistake,r7/5pp1/4p1k1/1P2P3/3Nn2p/1KP4P/1N4P1/8 b - - 0 41,13,126
VCR5lynQ,84,Nc5+,Knight,Kg5,228,Blunder,2r5/5pp1/4p1k1/1P2P3/2PNn2p/1K5P/1N4P1/8 b - - 0 42,-72,156
VCR5lynQ,86,f6,Pawn,Nd7,297,Blunder,2r5/5pp1/4p1k1/1Pn1P3/1KPN3p/7P/1N4P1/8 b - - 2 43,178,475
VCR5lynQ,88,Na6+,Knight,Na6+,22,Good,2r5/6p1/2N1ppk1/1Pn1P3/1KP4p/7P/1N4P1/8 b - - 1 44,464,486
VCR5lynQ,90,Ra8,Rook,Kg5,51,Inaccuracy,2r5/6p1/n1N1ppk1/KP2P3/2P4p/7P/1N4P1/8 b - - 3 45,480,531
VCR5lynQ,92,fxe5,Pawn,Kf5,107,Mistake,r7/6p1/P1N1ppk1/K3P3/2P4p/7P/1N4P1/8 b - - 0 46,466,573
VCR5lynQ,94,Kf5,King,Kf5,-64,Good,r7/6p1/P3p1k1/K3N3/2P4p/7P/1N4P1/8 b - - 0 47,677,613
VCR5lynQ,96,Ke4,King,Ke4,-1,Good,r7/6p1/P3p3/K3Nk2/2P4p/3N3P/6P1/8 b - - 2 48,670,669
VCR5lynQ,98,Kd5,King,Kd5,50,Inaccuracy,r7/6p1/P3p3/K1P1N3/4k2p/3N3P/6P1/8 b - - 0 49,699,749
VCR5lynQ,100,Kd6,King,Kd6,22,Good,r7/6p1/P1P1p3/K2kN3/7p/3N3P/6P1/8 b - - 0 50,469,491
VCR5lynQ,102,Rb8+,Rook,Rb8+,-2,Good,r7/6p1/PKPkp3/4N3/7p/3N3P/6P1/8 b - - 2 51,530,528
VCR5lynQ,104,Rb3,Rook,Rb1,0,Good,1r6/K5p1/P1Pkp3/4N3/7p/3N3P/6P1/8 b - - 4 52,270,270
VCR5lynQ,106,Kxc6,King,Kc7,207,Blunder,8/K5p1/P1Pkp3/8/2N4p/1r1N3P/6P1/8 b - - 6 53,519,726
VCR5lynQ,108,Kc7,King,Kb5,74,Inaccuracy,8/K5p1/P1k1p3/N7/7p/1r1N3P/6P1/8 b - - 1 54,718,792
VCR5lynQ,110,g5,Pawn,e5,46,Inaccuracy,8/K1k3p1/P3p3/8/7p/1N1N3P/6P1/8 b - - 0 55,838,884
VCR5lynQ,112,Kd7,King,Kd6,5,Good,8/K1k5/P3p3/6p1/3N3p/3N3P/6P1/8 b - - 1 56,910,915
VCR5lynQ,114,e5,Pawn,g4,171,Mistake,8/3k4/PK2p3/6p1/3N3p/3N3P/6P1/8 b - - 3 57,898,1069
VCR5lynQ,116,Kd6,King,Ke7,0,Good,8/3k4/PK6/4N1p1/3N3p/7P/6P1/8 b - - 0 58,9987,9987
VCR5lynQ,118,Kd5,King,Kd5,0,Good,8/8/PK1k4/6p1/3N2Np/7P/6P1/8 b - - 2 59,9988,9988
VCR5lynQ,120,Ke4,King,Kc4,1,Good,8/8/PK6/3k2p1/6Np/5N1P/6P1/8 b - - 4 60,9987,9988
VCR5lynQ,122,Kf4,King,Kd3,7,Good,8/P7/1K6/6p1/4k1Np/5N1P/6P1/8 b - - 0 61,9989,9996
VCR5lynQ,124,Kg3,King,Kf5,1,Good,Q7/8/1K6/6p1/5kNp/5N1P/6P1/8 b - - 0 62,9997,9998
VCR5lynQ,126,Kxg2,King,Kxg2,0,Good,8/8/1K6/3Q2p1/6Np/5NkP/6P1/8 b - - 2 63,9996,9996
VCR5lynQ,128,Kg3,King,Kf1,0,Good,8/8/1K6/6Q1/6Np/5N1P/6k1/8 b - - 0 64,9997,9997
VCR5lynQ,130,Kf2,King,Kf2,0,Good,8/8/1K6/4N1Q1/7p/5NkP/8/8 b - - 2 65,9998,9998
VCR5lynQ,132,Kg3,King,Kf1,1,Good,8/8/1K6/4N3/7p/5N1P/3Q1k2/8 b - - 4 66,9998,9999
VCR5lynQ,134,Kg2,King,Kf4,3,Good,8/8/1K6/4N3/7p/5NkP/8/4Q3 b - - 6 67,9995,9998
VCR5lynQ,136,Kf1,King,Kf1,1,Good,8/8/1K6/4N3/7Q/5N1P/6k1/8 b - - 0 68,9997,9998
VCR5lynQ,138,Ke2,King,Ke2,0,Good,8/8/1K6/4N3/8/5NQP/8/5k2 b - - 2 69,9999,9999
VCR5lynQ,140,Kd1,King,Kf1,1,Good,8/8/1K6/4N3/3N4/6QP/4k3/8 b - - 4 70,9997,9998
VCR5lynQ,142,Kc1,King,Kc1,0,Good,8/8/1K6/4N3/3N4/7P/5Q2/3k4 b - - 6 71,9999,9999
vQ6HwjET,2,d6,Pawn,c5,12,Good,rnbqkbnr/pppppppp/8/8/4P3/8/PPPP1PPP/RNBQKBNR b KQkq - 0 1,30,42
vQ6HwjET,4,g6,Pawn,Nf6,5,Good,rnbqkbnr/ppp1pppp/3p4/8/3PP3/8/PPP2PPP/RNBQKBNR b KQkq - 0 2,54,59
vQ6HwjET,6,Bg7,Bishop,Nf6,2,Good,rnbqkbnr/ppp1pp1p/3p2p1/8/3PP3/5N2/PPP2PPP/RNBQKB1R b KQkq - 1 3,55,57
vQ6HwjET,8,Nf6,Knight,Nf6,-2,Good,rnbqk1nr/ppp1ppbp/3p2p1/8/3PP3/4BN2/PPP2PPP/RN1QKB1R b KQkq - 3 4,55,53
vQ6HwjET,10,O-O,King,O-O,6,Good,rnbqk2r/ppp1ppbp/3p1np1/8/3PP3/2N1BN2/PPP2PPP/R2QKB1R b KQkq - 5 5,52,58
vQ6HwjET,12,a6,Pawn,c5,27,Good,rnbq1rk1/ppp1ppbp/3p1np1/8/3PP3/2N1BN2/PPPQ1PPP/R3KB1R b KQ - 7 6,56,83
vQ6HwjET,14,b5,Pawn,c5,62,Inaccuracy,rnbq1rk1/1pp1ppbp/p2p1npB/8/3PP3/2N2N2/PPPQ1PPP/R3KB1R b KQ - 1 7,61,123
vQ6HwjET,16,Bb7,Bishop,Nc6,69,Inaccuracy,rnbq1rk1/2p1ppbp/p2p1npB/1p6/3PP3/2NB1N2/PPPQ1PPP/R3K2R b KQ - 1 8,82,151
vQ6HwjET,18,Nd5,Knight,Nh5,117,Mistake,rn1q1rk1/1bp1ppbp/p2p1npB/1p2P3/3P4/2NB1N2/PPPQ1PPP/R3K2R b KQ - 0 9,118,235
vQ6HwjET,20,Kxg7,King,Kxg7,24,Good,rn1q1rk1/1bp1ppBp/p2p2p1/1p1nP3/3P4/2NB1N2/PPPQ1PPP/R3K2R b KQ - 0 10,192,216
vQ6HwjET,22,Nc6,Knight,dxe5,29,Good,rn1q1r2/1bp1ppkp/p2p2p1/1p1nP3/3PN3/3B1N2/PPPQ1PPP/R3K2R b KQ - 1 11,107,136
vQ6HwjET,24,f6,Pawn,Qc8,51,Inaccuracy,r2q1r2/1bp1ppkp/p1np2p1/1p1nP3/3PN3/P2B1N2/1PPQ1PPP/R3K2R b KQ - 0 12,70,121
vQ6HwjET,26,exf6,Pawn,exf6,-8,Good,r2q1r2/1bp1p1kp/p1np1Pp1/1p1n4/3PN3/P2B1N2/1PPQ1PPP/R3K2R b KQ - 0 13,49,41
vQ6HwjET,28,Qd7,Queen,Qd7,12,Good,r2q1r2/1bp3kp/p1np1pp1/1p1n4/3PN3/P2B1N2/1PPQ1PPP/2KR3R b - - 1 14,-2,10
vQ6HwjET,30,h6,Pawn,h5,58,Inaccuracy,r4r2/1bpq2kp/p1np1pp1/1p1n4/3PN2P/P2B1N2/1PPQ1PP1/2KR3R b - - 0 15,4,62
vQ6HwjET,32,Nce7,Knight,Nce7,-6,Good,r4r2/1bpq2k1/p1np1ppp/1p1n4/3P3P/P2B1NN1/1PPQ1PP1/2KR3R b - - 1 16,52,46
vQ6HwjET,34,Rae8,Rook,Rae8,14,Good,r4r2/1bpqn1k1/p2p1ppp/1p1n4/3P3P/P2B1NN1/1PPQ1PP1/2KRR3 b - - 3 17,57,71
vQ6HwjET,36,Nb6,Knight,h5,6,Good,4rr2/1bpqn1k1/p2p1ppp/1p1n4/3P3P/P2B1NN1/1PPQ1PP1/1K1RR3 b - - 5 18,49,55
vQ6HwjET,38,g5,Pawn,g5,-2,Good,4rr2/1bpqn1k1/pn1p1ppp/1p5P/3P4/P2B1NN1/1PPQ1PP1/1K1RR3 b - - 0 19,66,64
vQ6HwjET,40,Rxe7,Rook,Rxe7,15,Good,4rr2/1bpqR1k1/pn1p1p1p/1p4pP/3P4/P2B1NN1/1PPQ1PP1/1K1R4 b - - 0 20,62,77
vQ6HwjET,42,Kh8,King,Kh8,-27,Good,5r2/1bpqr1k1/pn1p1p1p/1p3NpP/3P4/P2B1N2/1PPQ1PP1/1K1R4 b - - 1 21,84,57
vQ6HwjET,44,Be4,Bishop,Be4,-1,Good,5r1k/1bpqr3/pn1p1p1N/1p4pP/3P4/P2B1N2/1PPQ1PP1/1K1R4 b - - 0 22,-110,-111
vQ6HwjET,46,Rxe4,Rook,Rxe4,-13,Good,5r1k/2pqr3/pn1p1p1N/1p4pP/3PB3/P4N2/1PPQ1PP1/1K1R4 b - - 0 23,-245,-258
vQ6HwjET,48,Nc4,Knight,Qh7,87,Inaccuracy,5r1k/2pq4/pn1p1p1N/1p4pP/3Pr1P1/P4N2/1PPQ1P2/1K1R4 b - - 0 24,-282,-195
vQ6HwjET,50,d5,Pawn,Qh7,16,Good,5r1k/2pq4/p2p1p1N/1p4pP/2nPr1P1/P2Q1N2/1PP2P2/1K1R4 b - - 2 25,-219,-203
vQ6HwjET,52,Nd6,Knight,Nd6,5,Good,5r1k/2pq4/p4p1N/1p1p2pP/2nPr1P1/P2Q1N2/1PP2P2/1K4R1 b - - 1 26,-245,-240
vQ6HwjET,54,Rf4,Rook,Rf4,-10,Good,5r1k/2pq4/p2n1p1N/1p1p2pP/3Pr1P1/P2Q4/1PPN1P2/1K4R1 b - - 3 27,-263,-273
vQ6HwjET,56,Qh7,Queen,Re8,-10,Good,5r1k/2pq4/p2n1p1N/1p1p2pP/3P1rP1/P2Q1P2/1PPN4/1K4R1 b - - 0 28,-246,-256
vQ6HwjET,58,Nxf5,Knight,Nxf5,18,Good,5r1k/2p4q/p2n1p2/1p1p1NpP/3P1rP1/P2Q1P2/1PPN4/1K4R1 b - - 2 29,-260,-242
vQ6HwjET,60,Qxf5,Queen,Re8,40,Inaccuracy,5r1k/2p4q/p4p2/1p1p1PpP/3P1r2/P2Q1P2/1PPN4/1K4R1 b - - 0 30,-246,-206
vQ6HwjET,62,Qd7,Queen,Re8,66,Inaccuracy,5r1k/2p5/p4p2/1p1p1qpP/3P1r2/P1Q2P2/1PPN4/1K4R1 b - - 1 31,-263,-197
vQ6HwjET,64,Kh7,King,a5,7,Good,5r1k/2pq4/p4p1P/1p1p2p1/3P1r2/P1Q2P2/1PPN4/1K4R1 b - - 0 32,-229,-222
vQ6HwjET,66,Rf7,Rook,Re8,66,Inaccuracy,5r2/2pq3k/p4p1P/1p1p2p1/3P1r2/PNQ2P2/1PP5/1K4R1 b - - 2 33,-252,-186
vQ6HwjET,68,Qf5,Queen,Qf5,-19,Good,8/2pq1r1k/p4p1P/1pNp2p1/3P1r2/P1Q2P2/1PP5/1K4R1 b - - 4 34,-195,-214
vQ6HwjET,70,Rxf3,Rook,Rxf3,-5,Good,8/2p2r1k/N4p1P/1p1p1qp1/3P1r2/P1Q2P2/1PP5/1K4R1 b - - 0 35,-338,-343
vQ6HwjET,72,Rf1+,Rook,Rf1+,-23,Good,8/2p2r1k/N4p1P/1pQp1qp1/3P4/P4r2/1PP5/1K4R1 b - - 1 36,-568,-591
vQ6HwjET,74,Qxf1+,Queen,Qxf1+,20,Good,8/2p2r1k/N4p1P/1pQp1qp1/3P4/P7/1PP5/1K3R2 b - - 0 37,-597,-577
vQ6HwjET,76,Qc4+,Queen,Qc4+,25,Good,8/2p2r1k/N4p1P/1pQp2p1/3P4/P7/KPP5/5q2 b - - 1 38,-598,-573
vQ6HwjET,78,dxc4,Pawn,dxc4,-20,Good,8/2p2r1k/N4p1P/1p1p2p1/2QP4/P7/KPP5/8 b - - 0 39,-587,-607
vQ6HwjET,80,g4,Pawn,g4,-7,Good,8/2p2r1k/N4p1P/1p4p1/2pP4/PP6/K1P5/8 b - - 0 40,-667,-674
vQ6HwjET,82,g3,Pawn,bxc4,47,Inaccuracy,8/2p2r1k/N4p1P/1p6/2PP2p1/P7/K1P5/8 b - - 0 41,-701,-654
vQ6HwjET,84,g2,Pawn,g2,32,Inaccuracy,8/2p2r1k/N4p1P/1P6/3P4/P5p1/K1P5/8 b - - 0 42,-690,-658
8WIEKLTq,2,d5,Pawn,c5,24,Good,rnbqkbnr/pppppppp/8/8/4P3/8/PPPP1PPP/RNBQKBNR b KQkq - 0 1,39,63
8WIEKLTq,4,Qxd5,Queen,Nf6,7,Good,rnbqkbnr/ppp1pppp/8/3P4/8/8/PPPP1PPP/RNBQKBNR b KQkq - 0 2,65,72
8WIEKLTq,6,Bg4,Bishop,Bg4,-4,Good,rnb1kbnr/ppp1pppp/8/3q4/8/5N2/PPPP1PPP/RNBQKB1R b KQkq - 1 3,30,26
8WIEKLTq,8,Nc6,Knight,Nc6,6,Good,rn2kbnr/ppp1pppp/8/3q4/6b1/5N2/PPPPBPPP/RNBQK2R b KQkq - 3 4,24,30
8WIEKLTq,10,O-O-O,King,O-O-O,-9,Good,r3kbnr/ppp1pppp/2n5/3q4/6b1/5N2/PPPPBPPP/RNBQ1RK1 b kq - 5 5,12,3
8WIEKLTq,12,Bxf3,Bishop,Bh5,38,Inaccuracy,2kr1bnr/ppp1pppp/2n5/3q4/6b1/5N1P/PPPPBPP1/RNBQ1RK1 b - - 0 6,17,55
8WIEKLTq,14,Qd7,Queen,Qd7,3,Good,2kr1bnr/ppp1pppp/2n5/3q4/8/5B1P/PPPP1PP1/RNBQ1RK1 b - - 0 7,48,51
8WIEKLTq,16,Nf6,Knight,e6,27,Good,2kr1bnr/pppqpppp/2n5/8/8/3P1B1P/PPP2PP1/RNBQ1RK1 b - - 0 8,30,57
8WIEKLTq,18,Nd4,Knight,Rg8,106,Mistake,2kr1b1r/pppqpppp/2n2n2/8/8/3PBB1P/PPP2PP1/RN1Q1RK1 b - - 2 9,-22,84
8WIEKLTq,20,e6,Pawn,Nxf3+,31,Inaccuracy,2kr1b1r/pppqpppp/5n2/8/3n4/3PBB1P/PPPN1PP1/R2Q1RK1 b - - 4 10,71,102
8WIEKLTq,22,Bc5,Bishop,Rg8,33,Inaccuracy,2kr1b1r/pppq1ppp/4pn2/8/P2n4/3PBB1P/1PPN1PP1/R2Q1RK1 b - - 0 11,92,125
8WIEKLTq,24,Nxf3+,Knight,Nxf3+,4,Good,2kr3r/pppq1ppp/4pn2/2b5/P2n4/3PBB1P/1PPN1PP1/R2QR1K1 b - - 2 12,50,54
8WIEKLTq,26,Bxe3,Bishop,Bxe3,-1,Good,2kr3r/pppq1ppp/4pn2/2b5/P7/3PBN1P/1PP2PP1/R2QR1K1 b - - 0 13,46,45
8WIEKLTq,28,Nd5,Knight,Nd5,13,Good,2kr3r/pppq1ppp/4pn2/8/P7/3PRN1P/1PP2PP1/R2Q2K1 b - - 0 14,42,55
8WIEKLTq,30,f6,Pawn,f6,-1,Good,2kr3r/pppq1ppp/4p3/3n4/P7/3P1N1P/1PP2PP1/R2QR1K1 b - - 2 15,-43,-44
8WIEKLTq,32,Rhe8,Rook,g5,28,Good,2kr3r/pppq2pp/4pp2/3n4/P2P4/5N1P/1PP2PP1/R2QR1K1 b - - 0 16,-28,0
8WIEKLTq,34,Nf4,Knight,g5,9,Good,2krr3/pppq2pp/4pp2/3n4/P2P4/2P2N1P/1P3PP1/R2QR1K1 b - - 0 17,-23,-14
8WIEKLTq,36,Qd5,Queen,e5,103,Mistake,2krr3/pppq2pp/4pp2/8/P2P1n1P/2P2N2/1P3PP1/R2QR1K1 b - - 0 18,-69,34
8WIEKLTq,38,Ng6,Knight,Ng6,3,Good,2krr3/ppp3pp/4pp2/3q4/P2P1n1P/2P2NP1/1P3P2/R2QR1K1 b - - 0 19,59,62
8WIEKLTq,40,e5,Pawn,e5,-7,Good,2krr3/ppp3pp/4ppn1/3q4/P2P3P/2P2NP1/1P2QP2/R3R1K1 b - - 2 20,25,18
8WIEKLTq,42,Nxe5,Knight,Nxe5,4,Good,2krr3/ppp3pp/5pn1/3qP3/P6P/2P2NP1/1P2QP2/R3R1K1 b - - 0 21,10,14
8WIEKLTq,44,Rxe5,Rook,Rxe5,2,Good,2krr3/ppp3pp/5p2/3qN3/P6P/2P3P1/1P2QP2/R3R1K1 b - - 0 22,0,2
8WIEKLTq,46,Qd7,Queen,Rd7,36,Inaccuracy,2kr4/ppp3pp/5p2/3qr3/P5QP/2P3P1/1P3P2/R3R1K1 b - - 1 23,6,42
8WIEKLTq,48,Kxd7,King,Rxd7,34,Inaccuracy,2kr4/pppQ2pp/5p2/4r3/P6P/2P3P1/1P3P2/R3R1K1 b - - 0 24,7,41
8WIEKLTq,50,fxe5,Pawn,fxe5,2,Good,3r4/pppk2pp/5p2/4R3/P6P/2P3P1/1P3P2/R5K1 b - - 0 25,25,27
8WIEKLTq,52,Ke7,King,Ke7,1,Good,3r4/pppk2pp/8/4p3/P6P/2P3P1/1P3P2/3R2K1 b - - 1 26,27,28
8WIEKLTq,54,Kxd8,King,Kxd8,1,Good,3R4/ppp1k1pp/8/4p3/P6P/2P3P1/1P3P2/6K1 b - - 0 27,29,30
8WIEKLTq,56,Ke7,King,Ke7,-6,Good,3k4/ppp3pp/8/4p3/P6P/2P3P1/1P3PK1/8 b - - 1 28,33,27
8WIEKLTq,58,Kd6,King,a6,77,Inaccuracy,8/ppp1k1pp/8/4p3/P6P/2P2KP1/1P3P2/8 b - - 3 29,25,102
8WIEKLTq,60,Ke6,King,Ke6,6,Good,8/ppp3pp/3k4/4p3/P3K2P/2P3P1/1P3P2/8 b - - 5 30,33,39
8WIEKLTq,62,b6,Pawn,b6,2,Good,8/ppp3pp/4k3/P3p3/4K2P/2P3P1/1P3P2/8 b - - 0 31,21,23
8WIEKLTq,64,axb6,Pawn,cxb6,41,Inaccuracy,8/p1p3pp/1P2k3/4p3/4K2P/2P3P1/1P3P2/8 b - - 0 32,0,41
8WIEKLTq,66,c6,Pawn,c6,-11,Good,8/2p3pp/1p2k3/4p3/2P1K2P/6P1/1P3P2/8 b - - 0 33,31,20
8WIEKLTq,68,g6,Pawn,b5,34,Inaccuracy,8/6pp/1pp1k3/4p3/1PP1K2P/6P1/5P2/8 b - - 0 34,2,36
8WIEKLTq,70,Kd6,King,Kd6,-1,Good,8/7p/1pp1k1p1/4p3/1PP1K1PP/8/5P2/8 b - - 0 35,1,0
8WIEKLTq,72,bxc5,Pawn,bxc5,0,Good,8/7p/1ppk2p1/2P1p3/1P2K1PP/8/5P2/8 b - - 0 36,0,0
8WIEKLTq,74,Kxc5,King,Kxc5,0,Good,8/7p/2pk2p1/2P1p3/4K1PP/8/5P2/8 b - - 0 37,0,0
8WIEKLTq,76,Kb5,King,Kb5,0,Good,8/7p/2p3p1/2k1K3/6PP/8/5P2/8 b - - 0 38,0,0
8WIEKLTq,78,c5,Pawn,c5,0,Good,8/7p/2p3p1/1k2K3/5PPP/8/8/8 b - - 0 39,0,0
8WIEKLTq,80,c4,Pawn,gxf5,24,Good,8/7p/6p1/1kp1KP2/6PP/8/8/8 b - - 0 40,0,24
8WIEKLTq,82,c3,Pawn,c3,10,Good,8/7p/5Pp1/1k2K3/2p3PP/8/8/8 b - - 0 41,13,23
8WIEKLTq,84,c2,Pawn,c2,3,Good,8/5P1p/6p1/1k2K3/6PP/2p5/8/8 b - - 0 42,9,12
8WIEKLTq,86,c1=Q,Pawn,c1=Q,-38,Good,5Q2/7p/6p1/1k2K3/6PP/8/2p5/8 b - - 0 43,45,7
8WIEKLTq,88,Ka6,King,Ka4,3,Good,1Q6/7p/6p1/1k2K3/6PP/8/8/2q5 b - - 1 44,10,13
8WIEKLTq,90,Kb5,King,Kb5,-12,Good,8/7p/k2Q2p1/4K3/6PP/8/8/2q5 b - - 3 45,20,8
8WIEKLTq,92,Ka6,King,Kb4,88,Inaccuracy,8/3Q3p/6p1/1k2K3/6PP/8/8/2q5 b - - 5 46,0,88
8WIEKLTq,94,Kb5,King,Ka5,2,Good,8/7p/k3Q1p1/4K3/6PP/8/8/2q5 b - - 7 47,15,17
8WIEKLTq,96,Ka6,King,Ka5,71,Inaccuracy,8/7p/6p1/1k2K3/6PP/1Q6/8/2q5 b - - 9 48,0,71
8WIEKLTq,98,Ka5,King,Ka5,16,Good,8/7p/k5p1/4K3/6PP/3Q4/8/2q5 b - - 11 49,3,19
8WIEKLTq,100,Ka6,King,Ka4,31,Inaccuracy,8/7p/6p1/k2QK3/6PP/8/8/2q5 b - - 13 50,16,47
8WIEKLTq,102,Kb5,King,Kb5,-10,Good,Q7/7p/k5p1/4K3/6PP/8/8/2q5 b - - 15 51,14,4
8WIEKLTq,104,Ka5,King,Ka4,-1,Good,8/1Q5p/6p1/1k2K3/6PP/8/8/2q5 b - - 17 52,8,7
8WIEKLTq,106,Kb5,King,Kb4,-10,Good,8/Q6p/6p1/k3K3/6PP/8/8/2q5 b - - 19 53,10,0
8WIEKLTq,108,Ka5,King,Kb4,0,Good,8/3Q3p/6p1/1k2K3/6PP/8/8/2q5 b - - 21 54,0,0
8WIEKLTq,110,Ka6,King,Ka4,36,Inaccuracy,8/7p/6p1/k2QK3/6PP/8/8/2q5 b - - 23 55,2,38
8WIEKLTq,112,Qf4+,Queen,Qf4+,0,Good,8/7p/k4Kp1/3Q4/6PP/8/8/2q5 b - - 25 56,0,0
8WIEKLTq,114,Qxg4,Queen,Qxg4,0,Good,8/6Kp/k5p1/3Q4/5qPP/8/8/8 b - - 27 57,0,0
8WIEKLTq,116,Ka5,King,Ka5,0,Good,8/6Kp/k1Q3p1/8/6qP/8/8/8 b - - 1 58,0,0
8WIEKLTq,118,Ka6,King,Ka4,0,Good,8/6Kp/6p1/k1Q5/6qP/8/8/8 b - - 3 59,0,0
8WIEKLTq,120,Ka5,King,Ka5,0,Good,8/6Kp/k1Q3p1/8/6qP/8/8/8 b - - 5 60,0,0
8WIEKLTq,122,Ka6,King,Kb4,1,Good,8/6Kp/6p1/k2Q4/6qP/8/8/8 b - - 7 61,-1,0
8WIEKLTq,124,Qxg5,Queen,Qd7+,531,Blunder,8/6Kp/k5p1/6Q1/6qP/8/8/8 b - - 9 62,0,531
KOcreVNC,2,Nf6,Knight,Nf6,5,Good,rnbqkbnr/pppppppp/8/8/3P4/8/PPP1PPPP/RNBQKBNR b KQkq - 0 1,14,19
KOcreVNC,4,e6,Pawn,d5,2,Good,rnbqkb1r/pppppppp/5n2/8/3P4/5N2/PPP1PPPP/RNBQKB1R b KQkq - 2 2,19,21
KOcreVNC,6,d5,Pawn,d5,12,Good,rnbqkb1r/pppp1ppp/4pn2/8/3P1B2/5N2/PPP1PPPP/RN1QKB1R b KQkq - 1 3,8,20
KOcreVNC,8,c5,Pawn,c5,0,Good,rnbqkb1r/ppp2ppp/4pn2/3p4/3P1B2/4PN2/PPP2PPP/RN1QKB1R b KQkq - 0 4,15,15
KOcreVNC,10,Nc6,Knight,Nc6,2,Good,rnbqkb1r/pp3ppp/4pn2/2pp4/3P1B2/4PN2/PPPN1PPP/R2QKB1R b KQkq - 1 5,15,17
KOcreVNC,12,Nh5,Knight,Nh5,-4,Good,r1bqkb1r/pp3ppp/2n1pn2/2pp4/3P1B2/2P1PN2/PP1N1PPP/R2QKB1R b KQkq - 0 6,-2,-6
KOcreVNC,14,f6,Pawn,f6,9,Good,r1bqkb1r/pp3ppp/2n1p3/2pp2Bn/3P4/2P1PN2/PP1N1PPP/R2QKB1R b KQkq - 2 7,1,10
KOcreVNC,16,g6,Pawn,g6,4,Good,r1bqkb1r/pp4pp/2n1pp2/2pp3n/3P3B/2P1PN2/PP1N1PPP/R2QKB1R b KQkq - 1 8,20,24
KOcreVNC,18,cxd4,Pawn,Be7,8,Good,r1bqkb1r/pp5p/2n1ppp1/2pp3n/3P3B/2PBPN2/PP1N1PPP/R2QK2R b KQkq - 1 9,21,29
KOcreVNC,20,Be7,Bishop,Be7,3,Good,r1bqkb1r/pp5p/2n1ppp1/3p3n/3P3B/3BPN2/PP1N1PPP/R2QK2R b KQkq - 0 10,22,25
KOcreVNC,22,O-O,King,O-O,-3,Good,r1bqk2r/pp2b2p/2n1ppp1/3p3n/3P3B/3BPN2/PP1N1PPP/R2Q1RK1 b kq - 2 11,29,26
KOcreVNC,24,Bd7,Bishop,Bd7,3,Good,r1bq1rk1/pp2b2p/2n1ppp1/3p3n/3P3B/3BPN2/PP1N1PPP/2RQ1RK1 b - - 4 12,31,34
KOcreVNC,26,Ng7,Knight,Kh8,19,Good,r2q1rk1/pp1bb2p/2n1ppp1/3p3n/3P3B/P2BPN2/1P1N1PPP/2RQ1RK1 b - - 0 13,37,56
KOcreVNC,28,Qb6,Queen,g5,251,Blunder,r2q1rk1/pp1bb1np/2n1ppp1/3p4/3P3B/P2BPN2/1P1N1PPP/2RQR1K1 b - - 2 14,-184,67
KOcreVNC,30,Qxb3,Queen,g5,70,Inaccuracy,r4rk1/pp1bb1np/1qn1ppp1/3p4/3P3B/PQ1BPN2/1P1N1PPP/2R1R1K1 b - - 4 15,-45,25
KOcreVNC,32,b6,Pawn,g5,25,Good,r4rk1/pp1bb1np/2n1ppp1/3p4/3P3B/PN1BPN2/1P3PPP/2R1R1K1 b - - 0 16,17,42
KOcreVNC,34,Rad8,Rook,Rae8,17,Good,r4rk1/p2bb1np/Bpn1ppp1/3p4/3P3B/PN2PN2/1P3PPP/2R1R1K1 b - - 1 17,30,47
KOcreVNC,36,Nf5,Knight,Nf5,-4,Good,3r1rk1/p2bb1np/Bpn1ppp1/3p4/3P4/PN2PNB1/1P3PPP/2R1R1K1 b - - 3 18,50,46
KOcreVNC,38,Rde8,Rook,Rde8,1,Good,3r1rk1/p1Bbb2p/Bpn1ppp1/3p1n2/3P4/PN2PN2/1P3PPP/2R1R1K1 b - - 5 19,39,40
KOcreVNC,40,Nd6,Knight,Nd6,-6,Good,4rrk1/p1Bbb2p/Bpn1ppp1/3p1n2/3P2P1/PN2PN2/1P3P1P/2R1R1K1 b - - 0 20,40,34
KOcreVNC,42,g5,Pawn,e5,10,Good,4rrk1/p1Bbb2p/Bpnnppp1/3p4/3P2P1/PN2PN1P/1P3P2/2R1R1K1 b - - 0 21,41,51
KOcreVNC,44,Nb8,Knight,Nb8,2,Good,4rrk1/p1Bbb2p/Bpnnpp2/3p2p1/3P2P1/PN2PN1P/1PR2P2/4R1K1 b - - 1 22,25,27
KOcreVNC,46,Rxb8,Rook,Rxb8,-10,Good,1B2rrk1/p2bb2p/Bp1npp2/3p2p1/3P2P1/PN2PN1P/1PR2P2/4R1K1 b - - 0 23,34,24
KOcreVNC,48,Rfd8,Rook,Rfd8,6,Good,1r3rk1/p1Rbb2p/Bp1npp2/3p2p1/3P2P1/PN2PN1P/1P3P2/4R1K1 b - - 1 24,18,24
KOcreVNC,50,Ra8,Rook,Ra8,-3,Good,1r1r2k1/p1Rbb2p/Bp1npp2/3p2p1/3P2P1/PN2PN1P/1P3P2/2R3K1 b - - 3 25,3,0
KOcreVNC,52,Kf8,King,Kf7,8,Good,r2r2k1/p1Rbb2p/Bp1npp2/3p2p1/3P2P1/PN2P2P/1P3P2/2R1N1K1 b - - 5 26,-6,2
KOcreVNC,54,Ke8,King,Bb5,2,Good,r2r1k2/p1Rbb2p/Bp1npp2/3p2p1/3P2P1/PN1NP2P/1P3P2/2R3K1 b - - 7 27,0,2
KOcreVNC,56,Ba4,Bishop,Bc8,12,Good,r2rk3/p1Rbb2p/Bp1npp2/3p2p1/1N1P2P1/PN2P2P/1P3P2/2R3K1 b - - 9 28,0,12
KOcreVNC,58,Rd7,Rook,Rd7,-1,Good,r2rk3/p1R1b2p/Bp1npp2/3p2p1/bN1P2P1/P3P2P/1P1N1P2/2R3K1 b - - 11 29,21,20
KOcreVNC,60,Bb5,Bishop,Rdd8,17,Good,r3k3/p2rb2p/Bp1npp2/3p2p1/bN1P2P1/P1R1P2P/1P1N1P2/2R3K1 b - - 13 30,12,29
KOcreVNC,62,Bxa6,Bishop,Bxa6,7,Good,r3k3/p2rb2p/Bp1npp2/1b1p2p1/1N1P2P1/P3P2P/1PRN1P2/2R3K1 b - - 15 31,27,34
KOcreVNC,64,Rad8,Rook,Kf7,19,Good,r3k3/p2rb2p/Np1npp2/3p2p1/3P2P1/P3P2P/1PRN1P2/2R3K1 b - - 0 32,33,52
KOcreVNC,66,Kf7,King,Kf7,-4,Good,3rk3/p2rb2p/Np1npp2/3p2p1/3P2P1/P3PP1P/1PRN4/2R3K1 b - - 0 33,21,17
KOcreVNC,68,Ne8,Knight,Ne8,3,Good,3r4/p2rbk1p/Np1npp2/3p2p1/3P2P1/P3PP1P/1PRN2K1/2R5 b - - 2 34,0,3
KOcreVNC,70,Bd6,Bishop,Nd6,19,Good,3rn3/p2rbk1p/Np2pp2/3p2p1/3P2P1/P3PP1P/1PR3K1/2R2N2 b - - 4 35,6,25
KOcreVNC,72,Bxg3,Bishop,Ng7,17,Good,3rn3/p2r1k1p/Np1bpp2/3p2p1/3P2P1/P3PPNP/1PR3K1/2R5 b - - 6 36,19,36
KOcreVNC,74,h5,Pawn,h5,-6,Good,3rn3/p2r1k1p/Np2pp2/3p2p1/3P2P1/P3PPKP/1PR5/2R5 b - - 0 37,40,34
KOcreVNC,76,h4+,Pawn,Rxc8,30,Inaccuracy,2Rrn3/p2r1k2/Np2pp2/3p2pp/3P2P1/P3PPKP/1P6/2R5 b - - 1 38,-15,15
KOcreVNC,78,Rxc8,Rook,Rxc8,0,Good,2Rrn3/p2r1k2/Np2pp2/3p2p1/3P2Pp/P3PP1P/1P3K2/2R5 b - - 1 39,0,0
KOcreVNC,80,Nd6,Knight,Nd6,0,Good,2R1n3/p2r1k2/Np2pp2/3p2p1/3P2Pp/P3PP1P/1P3K2/8 b - - 0 40,0,0
KOcreVNC,82,Ke7,King,Ke8,0,Good,8/p2r1k2/Np1npp2/3p2p1/3P2Pp/P3PP1P/1PR2K2/8 b - - 2 41,0,0
KOcreVNC,84,Rb7,Rook,Rd8,3,Good,8/p2rk3/Np1npp2/3p2p1/3P2Pp/PP2PP1P/2R2K2/8 b - - 0 42,0,3
KOcreVNC,86,Kd7,King,a5,17,Good,8/pr2k3/1p1npp2/3p2p1/1N1P2Pp/PP2PP1P/2R2K2/8 b - - 2 43,-18,-1
KOcreVNC,88,Nb5,Knight,Nb5,0,Good,8/pr1k4/Np1npp2/3p2p1/3P2Pp/PP2PP1P/2R2K2/8 b - - 4 44,0,0
KOcreVNC,90,Nc7,Knight,Nc7,0,Good,8/pr1k4/Np2pp2/1n1p2p1/P2P2Pp/1P2PP1P/2R2K2/8 b - - 0 45,0,0
KOcreVNC,92,a5,Pawn,Ne8,3,Good,8/prnk4/1p2pp2/3p2p1/PN1P2Pp/1P2PP1P/2R2K2/8 b - - 2 46,12,15
KOcreVNC,94,Ne8,Knight,Ne8,2,Good,8/1rnk4/1p2pp2/p2p2p1/P2P2Pp/1P1NPP1P/2R2K2/8 b - - 1 47,10,12
KOcreVNC,96,Rc7,Rook,dxe4,117,Mistake,4n3/1r1k4/1p2pp2/p2p2p1/P2PP1Pp/1P1N1P1P/2R2K2/8 b - - 0 48,44,161
KOcreVNC,98,Kxc7,King,Kxc7,13,Good,4n3/2Rk4/1p2pp2/p2p2p1/P2PP1Pp/1P1N1P1P/5K2/8 b - - 0 49,199,212
KOcreVNC,100,Kc6,King,dxe4,217,Blunder,4n3/2k5/1p2pp2/p2p2p1/P2PP1Pp/1P1NKP1P/8/8 b - - 1 50,35,252
KOcreVNC,102,f5,Pawn,Kd7,43,Inaccuracy,4n3/8/1pk1pp2/p2pP1p1/P2P2Pp/1P1NKP1P/8/8 b - - 0 51,303,346
KOcreVNC,104,exf5,Pawn,exf5,-2,Good,4n3/8/1pk1p3/p2pPPp1/P2P3p/1P1NKP1P/8/8 b - - 0 52,3,1
KOcreVNC,106,g4,Pawn,g4,0,Good,4n3/8/1pk5/p2pPpp1/P2P1P1p/1P1NK2P/8/8 b - - 0 53,0,0
KOcreVNC,108,fxg4,Pawn,fxg4,1,Good,4n3/8/1pk5/p2pPp2/P2P1PPp/1P1NK3/8/8 b - - 0 54,0,1
KOcreVNC,110,Ng7,Knight,Ng7,3,Good,4n3/8/1pk5/p2pPP2/P2P2pp/1P1NK3/8/8 b - - 0 55,0,3
KOcreVNC,112,g3,Pawn,g3,-2,Good,8/6n1/1pk5/p2pPP2/P2P1Kpp/1P1N4/8/8 b - - 2 56,-357,-359
KOcreVNC,114,Nxf5,Knight,g2,155,Mistake,8/6n1/1pk5/p2pPP2/P2P1K1p/1P4p1/8/4N3 b - - 1 57,-477,-322
KOcreVNC,116,Nxd4,Knight,Nxd4,-1,Good,8/8/1pk5/p2pPn2/P2P2Kp/1P4p1/8/4N3 b - - 1 58,-382,-383
KOcreVNC,118,Nxb3,Knight,g2,65,Inaccuracy,8/8/1pk5/p2pP3/P2n3K/1P4p1/8/4N3 b - - 0 59,-367,-302
KOcreVNC,120,Nc5,Knight,Nc5,23,Good,8/8/1pk5/p2pP3/P7/1n4K1/8/4N3 b - - 0 60,-399,-376
KOcreVNC,122,Nxa4,Knight,Nxa4,-22,Good,8/8/1pk5/p1npP3/P4K2/8/8/4N3 b - - 2 61,-374,-396
KOcreVNC,124,Nc5,Knight,Nc5,-26,Good,8/8/1pk5/p2pPK2/n7/8/8/4N3 b - - 1 62,-433,-459
KOcreVNC,126,a4,Pawn,a4,-65,Good,8/8/1pk2K2/p1npP3/8/8/8/4N3 b - - 3 63,-454,-519
KOcreVNC,128,a3,Pawn,Kd7,-11,Good,8/8/1pk2K2/2npP3/p7/5N2/8/8 b - - 1 64,-629,-640
KOcreVNC,130,Kd7,King,Kd7,-18,Good,8/8/1pk2K2/2npP3/3N4/p7/8/8 b - - 1 65,-672,-690
KOcreVNC,132,a2,Pawn,a2,6,Good,8/3k4/1p3K2/2npP3/8/p7/2N5/8 b - - 3 66,-738,-732
KOcreVNC,134,Kc6,King,d4,722,Blunder,8/3k1K2/1p6/2npP3/8/8/p1N5/8 b - - 1 67,-772,-50
KOcreVNC,136,Kb7,King,Kd7,140,Mistake,8/5K2/1pk5/2npP3/3N4/8/p7/8 b - - 3 68,-710,-570
KOcreVNC,138,Ka6,King,d4,669,Blunder,8/1k3K2/1p6/2npP3/8/8/p1N5/8 b - - 5 69,-712,-43
KOcreVNC,140,Kb5,King,Kb5,4,Good,8/5K2/kp6/2npP3/1N6/8/p7/8 b - - 7 70,-27,-23
KOcreVNC,142,Kc4,King,Na6,9,Good,8/5K2/1p6/1knpP3/8/8/N7/8 b - - 0 71,-19,-10
KOcreVNC,144,d4,Pawn,b5,0,Good,8/5K2/1p6/2npP3/2k5/8/8/2N5 b - - 2 72,-8,-8
KOcreVNC,146,d3,Pawn,d3,15,Good,8/8/1p3K2/2n1P3/2kp4/8/8/2N5 b - - 1 73,-629,-614
KOcreVNC,148,Kxd3,King,Kxd3,4,Good,8/8/1p3K2/2n1P3/2k5/3N4/8/8 b - - 0 74,-573,-569
KOcreVNC,150,Kd4,King,Kd4,0,Good,8/4K3/1p6/2n1P3/8/3k4/8/8 b - - 1 75,-536,-536
KOcreVNC,152,b5,Pawn,b5,-87,Good,8/8/1p1K4/2n1P3/3k4/8/8/8 b - - 3 76,-533,-620
KOcreVNC,154,b4,Pawn,b4,8,Good,8/8/2K5/1pn1P3/3k4/8/8/8 b - - 1 77,-624,-616
KOcreVNC,156,b3,Pawn,Ne4+,9,Good,8/8/3K4/2n1P3/1p1k4/8/8/8 b - - 1 78,-641,-632
KOcreVNC,158,Nxe6,Knight,Ne4+,124,Mistake,8/8/3KP3/2n5/3k4/1p6/8/8 b - - 0 79,-644,-520
rA0i5wPU,2,d5,Pawn,e5,37,Inaccuracy,rnbqkbnr/pppppppp/8/8/4P3/8/PPPP1PPP/RNBQKBNR b KQkq - 0 1,26,63
rA0i5wPU,4,Qxd5,Queen,Nf6,-8,Good,rnbqkbnr/ppp1pppp/8/3P4/8/8/PPPP1PPP/RNBQKBNR b KQkq - 0 2,64,56
rA0i5wPU,6,Qa5,Queen,Qd6,17,Good,rnb1kbnr/ppp1pppp/8/3q4/8/2N5/PPPP1PPP/R1BQKBNR b KQkq - 1 3,64,81
rA0i5wPU,8,Nf6,Knight,Nf6,11,Good,rnb1kbnr/ppp1pppp/8/q7/3P4/2N5/PPP2PPP/R1BQKBNR b KQkq - 0 4,68,79
rA0i5wPU,10,Bf5,Bishop,c6,24,Good,rnb1kb1r/ppp1pppp/5n2/q7/3P4/2N2N2/PPP2PPP/R1BQKB1R b KQkq - 2 5,65,89
rA0i5wPU,12,e6,Pawn,e6,6,Good,rn2kb1r/ppp1pppp/5n2/q4b2/2BP4/2N2N2/PPP2PPP/R1BQK2R b KQkq - 4 6,43,49
rA0i5wPU,14,Bb4,Bishop,Bb4,6,Good,rn2kb1r/ppp2ppp/4pn2/q4b2/2BP4/2N2N2/PPPB1PPP/R2QK2R b KQkq - 1 7,34,40
rA0i5wPU,16,Bxc3,Bishop,Bxc3,6,Good,rn2k2r/ppp2ppp/4pn2/q4b2/1bBP4/P1N2N2/1PPB1PPP/R2QK2R b KQkq - 0 8,39,45
rA0i5wPU,18,Qb6,Queen,Qb6,4,Good,rn2k2r/ppp2ppp/4pn2/q4b2/2BP4/P1B2N2/1PP2PPP/R2QK2R b KQkq - 0 9,32,36
rA0i5wPU,20,Nc6,Knight,O-O,10,Good,rn2k2r/ppp2ppp/1q2pn2/5b2/2BP4/P1B2N2/1PP2PPP/R2Q1RK1 b kq - 2 10,32,42
rA0i5wPU,22,O-O,King,Bg4,10,Good,r3k2r/ppp2ppp/1qn1pn2/5b2/1PBP4/P1B2N2/2P2PPP/R2Q1RK1 b kq - 0 11,30,40
rA0i5wPU,24,Ne4,Knight,Ne7,5,Good,r4rk1/ppp2ppp/1qn1pn2/1P3b2/2BP4/P1B2N2/2P2PPP/R2Q1RK1 b - - 0 12,33,38
rA0i5wPU,26,Na5,Knight,Na5,0,Good,r4rk1/ppp2ppp/1qn1p3/1P3b2/2BPn3/P4N2/1BP2PPP/R2Q1RK1 b - - 2 13,17,17
rA0i5wPU,28,Nd6,Knight,Nd6,0,Good,r4rk1/ppp2ppp/1q2p3/nP3b2/3Pn3/P2B1N2/1BP2PPP/R2Q1RK1 b - - 4 14,-2,-2
rA0i5wPU,30,Nac4,Knight,Nac4,2,Good,r4rk1/ppp2ppp/1q1np3/nP3b2/P2P4/3B1N2/1BP2PPP/R2Q1RK1 b - - 0 15,-8,-6
rA0i5wPU,32,a6,Pawn,c6,29,Good,r4rk1/ppp2ppp/1q1np3/1P3b2/P1nP4/2BB1N2/2P2PPP/R2Q1RK1 b - - 2 16,-1,28
rA0i5wPU,34,Rxa6,Rook,Qxa6,-8,Good,r4rk1/1pp2ppp/Pq1np3/5b2/P1nP4/2BB1N2/2P2PPP/R2Q1RK1 b - - 0 17,19,11
rA0i5wPU,36,Qc6,Queen,Qc6,-13,Good,5rk1/1pp2ppp/rq1np3/5b2/P1nP4/2BB1N2/2P1QPPP/R4RK1 b - - 1 18,-53,-66
rA0i5wPU,38,Rxa4,Rook,Rxa4,0,Good,5rk1/1pp2ppp/r1qnp3/5b2/PBnP4/3B1N2/2P1QPPP/R4RK1 b - - 3 19,-108,-108
rA0i5wPU,40,Qxa4,Queen,Qxa4,-2,Good,5rk1/1pp2ppp/2qnp3/5b2/RBnP4/3B1N2/2P1QPPP/5RK1 b - - 0 20,-160,-162
rA0i5wPU,42,Na3,Knight,Bxd3,106,Mistake,5rk1/1pp2ppp/3np3/5b2/qBnP4/3B1N2/2P1QPPP/1R4K1 b - - 1 21,-142,-36
rA0i5wPU,44,Bxd3,Bishop,Bxd3,2,Good,5rk1/1pp2ppp/3np3/5b2/qB1P4/nR1B1N2/2P1QPPP/6K1 b - - 3 22,-105,-103
rA0i5wPU,46,Nac4,Knight,Nac4,-15,Good,5rk1/1pp2ppp/3np3/8/qB1P4/nR1Q1N2/2P2PPP/6K1 b - - 0 23,-110,-125
rA0i5wPU,48,Ra8,Rook,Ra8,-10,Good,5rk1/1pp2ppp/3np3/8/qBnP4/3Q1N2/2P2PPP/1R4K1 b - - 2 24,-141,-151
rA0i5wPU,50,g6,Pawn,Qxb4,165,Mistake,r5k1/1pp2ppp/3np3/6N1/qBnP4/3Q4/2P2PPP/1R4K1 b - - 4 25,-353,-188
rA0i5wPU,52,Qxb4,Queen,Qxb4,-14,Good,r5k1/1pp2p1p/3np1p1/6N1/qBnP4/7Q/2P2PPP/1R4K1 b - - 1 26,-410,-424
rA0i5wPU,54,Kf8,King,Kf8,-29,Good,r5k1/1pp2p1Q/3np1p1/6N1/1qnP4/8/2P2PPP/1R4K1 b - - 0 27,-390,-419
rA0i5wPU,56,Qd2,Queen,Qd2,-22,Good,r4k2/1pp2p1Q/3np1p1/6N1/1qnP4/8/2P2PPP/3R2K1 b - - 2 28,-448,-470
rA0i5wPU,58,Ke7,King,Ke7,-4,Good,r4k2/1pp2p2/3np1pQ/6N1/2nP4/8/2Pq1PPP/3R2K1 b - - 4 29,-613,-617
rA0i5wPU,60,Ra5,Rook,Nf5,144,Mistake,r7/1pp1kp2/3np1pQ/6N1/2nP4/8/2Pq1PPP/5RK1 b - - 6 30,-670,-526
rA0i5wPU,62,Ne4,Knight,Kd7,53,Inaccuracy,8/1pp1kp2/3np1pQ/r5N1/2nP3P/8/2Pq1PP1/5RK1 b - - 0 31,-519,-466
rA0i5wPU,64,Nxg5,Knight,Rxg5,30,Inaccuracy,7Q/1pp1kp2/4p1p1/r5N1/2nPn2P/8/2Pq1PP1/5RK1 b - - 2 32,-517,-487
rA0i5wPU,66,Rxg5,Rook,Kd7,4,Good,7Q/1pp1kp2/4p1p1/r5P1/2nP4/8/2Pq1PP1/5RK1 b - - 0 33,-484,-480
rA0i5wPU,68,Qa5,Queen,Nb6,30,Inaccuracy,2Q5/1pp1kp2/4p1p1/6r1/2nP4/8/2Pq1PP1/5RK1 b - - 1 34,-476,-446
rA0i5wPU,70,Qd5,Queen,Nd6,27,Good,8/1Qp1kp2/4p1p1/q5r1/2nP4/8/2P2PP1/5RK1 b - - 0 35,-534,-507
rA0i5wPU,72,c5,Pawn,Kf6,-62,Good,8/2p1kp2/4p1p1/3q2r1/1QnP4/8/2P2PP1/5RK1 b - - 2 36,-532,-594
rA0i5wPU,74,Qxc5,Queen,Qxc5,11,Good,8/4kp2/4p1p1/2Qq2r1/2nP4/8/2P2PP1/5RK1 b - - 0 37,-574,-563
rA0i5wPU,76,Rxc5,Rook,Rxc5,-8,Good,8/4kp2/4p1p1/2P3r1/2n5/8/2P2PP1/5RK1 b - - 0 38,-546,-554
rA0i5wPU,78,Nd6,Knight,Rc8,7,Good,8/4kp2/4p1p1/2r5/2n5/8/2P2PP1/R5K1 b - - 1 39,-542,-535
rA0i5wPU,80,Nf5,Knight,Kf6,20,Good,8/4kp2/3np1p1/2r5/8/8/R1P2PP1/6K1 b - - 3 40,-528,-508
rA0i5wPU,82,Nd4,Knight,Kd7,36,Inaccuracy,8/4kp2/4p1p1/2r2n2/8/8/1RP2PP1/6K1 b - - 5 41,-527,-491
rA0i5wPU,84,Rxc3,Rook,Nf5,39,Inaccuracy,8/4kp2/4p1p1/2r5/3n4/2P5/1R3PP1/6K1 b - - 0 42,-505,-466
rA0i5wPU,86,Nf3+,Knight,Kf6,-8,Good,8/4kp2/4p1p1/8/3n4/2r3P1/1R3P2/6K1 b - - 0 43,-469,-477
rA0i5wPU,88,Ne5,Knight,e5,44,Inaccuracy,8/4kp2/4p1p1/8/8/2r2nP1/1R3PK1/8 b - - 2 44,-481,-437
rA0i5wPU,90,Kf6,King,Kf6,-28,Good,8/4kp2/4p1p1/1R2n3/8/2r3P1/5PK1/8 b - - 4 45,-455,-483
rA0i5wPU,92,Rc2,Rook,Rc2,-10,Good,8/1R3p2/4pkp1/4n3/8/2r3P1/5PK1/8 b - - 6 46,-501,-511
rA0i5wPU,94,Nd3,Knight,Ng4,3,Good,8/5p2/1R2pkp1/4n3/8/6P1/2r2PK1/8 b - - 8 47,-565,-562
rA0i5wPU,96,Nxf2,Knight,Rxf2+,7,Good,8/5p2/4pkp1/8/8/1R1n2P1/2r2PK1/8 b - - 10 48,-577,-570
rA0i5wPU,98,Ne4,Knight,Kg5,13,Good,8/5p2/4pkp1/8/8/1R4P1/2r2n2/6K1 b - - 1 49,-603,-590
rA0i5wPU,100,Ke7,King,Ke7,10,Good,8/5p2/4pkp1/8/4n3/5RP1/2r5/6K1 b - - 3 50,-597,-587
rA0i5wPU,102,f5,Pawn,f5,-3,Good,8/4kp2/4p1p1/8/4n3/4R1P1/2r5/6K1 b - - 5 51,-595,-598
rA0i5wPU,104,Rc3,Rook,Rc3,11,Good,8/4k3/4p1p1/5p2/4n3/3R2P1/2r5/6K1 b - - 1 52,-614,-603
rA0i5wPU,106,Rxe3,Rook,Rxe3,-456,Good,8/4k3/4p1p1/5p2/4n3/2r1R1P1/8/6K1 b - - 3 53,-877,-1333
hvxTBcfX,2,g6,Pawn,e5,50,Inaccuracy,rnbqkbnr/pppppppp/8/8/4P3/8/PPPP1PPP/RNBQKBNR b KQkq - 0 1,17,67
hvxTBcfX,4,Bg7,Bishop,Bg7,-7,Good,rnbqkbnr/pppppp1p/6p1/8/3PP3/8/PPP2PPP/RNBQKBNR b KQkq - 0 2,58,51
hvxTBcfX,6,d6,Pawn,d6,0,Good,rnbqk1nr/ppppppbp/6p1/8/3PP3/5N2/PPP2PPP/RNBQKB1R b KQkq - 2 3,54,54
hvxTBcfX,8,Nf6,Knight,c5,3,Good,rnbqk1nr/ppp1ppbp/3p2p1/8/3PP3/4BN2/PPP2PPP/RN1QKB1R b KQkq - 1 4,49,52
hvxTBcfX,10,O-O,King,O-O,11,Good,rnbqk2r/ppp1ppbp/3p1np1/8/3PP3/2N1BN2/PPP2PPP/R2QKB1R b KQkq - 3 5,58,69
hvxTBcfX,12,a6,Pawn,c5,25,Good,rnbq1rk1/ppp1ppbp/3p1np1/8/3PP3/2N1BN2/PPPQ1PPP/R3KB1R b KQ - 5 6,58,83
hvxTBcfX,14,b5,Pawn,c5,6,Good,rnbq1rk1/1pp1ppbp/p2p1npB/8/3PP3/2N2N2/PPPQ1PPP/R3KB1R b KQ - 1 7,69,75
hvxTBcfX,16,Bb7,Bishop,Nc6,27,Good,rnbq1rk1/2p1ppbp/p2p1npB/1p6/3PP3/2NB1N2/PPPQ1PPP/R3K2R b KQ - 1 8,98,125
hvxTBcfX,18,Kxg7,King,Kxg7,9,Good,rn1q1rk1/1bp1ppBp/p2p1np1/1p6/3PP3/2NB1N2/PPPQ1PPP/R3K2R b KQ - 0 9,116,125
hvxTBcfX,20,dxe5,Pawn,Nh5,31,Inaccuracy,rn1q1r2/1bp1ppkp/p2p1np1/1p2P3/3P4/2NB1N2/PPPQ1PPP/R3K2R b KQ - 0 10,100,131
hvxTBcfX,22,Nd5,Knight,Nh5,31,Inaccuracy,rn1q1r2/1bp1ppkp/p4np1/1p2P3/8/2NB1N2/PPPQ1PPP/R3K2R b KQ - 0 11,161,192
hvxTBcfX,24,b4,Pawn,Nb4,92,Mistake,rn1q1r2/1bp1ppkp/p5p1/1p1nP3/8/2NB1N2/PPPQ1PPP/2KR3R b - - 2 12,149,241
hvxTBcfX,26,c5,Pawn,Nb6,19,Good,rn1q1r2/1bp1ppkp/p5p1/3nP3/1p2N3/3B1N2/PPPQ1PPP/2KR3R b - - 1 13,253,272
hvxTBcfX,28,Qa5,Queen,Qa5,-9,Good,rn1q1r2/1b2ppkp/p5p1/2NnP3/1p6/3B1N2/PPPQ1PPP/2KR3R b - - 0 14,180,171
hvxTBcfX,30,Qxa2,Queen,Qxa2,35,Inaccuracy,rn3r2/1N2ppkp/p5p1/q2nP3/1p6/3B1N2/PPPQ1PPP/2KR3R b - - 0 15,144,179
hvxTBcfX,32,Rc8,Rook,Ra7,9,Good,rn3r2/1N2ppkp/p5p1/3nP1Q1/1p6/3B1N2/qPP2PPP/2KR3R b - - 1 16,187,196
hvxTBcfX,34,Ra7,Rook,b3,175,Mistake,rnr5/1N2ppkp/p5p1/3nP1Q1/1p1N4/3B4/qPP2PPP/2KR3R b - - 3 17,144,319
hvxTBcfX,36,Kh8,King,Kh8,24,Good,1nr5/rN2ppkp/p5p1/3nPNQ1/1p6/3B4/qPP2PPP/2KR3R b - - 5 18,358,382
hvxTBcfX,38,Nxe7,Knight,Rxb7,1,Good,1nr4k/rN2Np1p/p5p1/3nP1Q1/1p6/3B4/qPP2PPP/2KR3R b - - 0 19,379,380
hvxTBcfX,40,Nc6,Knight,Qa1+,18,Good,1nr4k/rN2Qp1p/p5p1/4P3/1p6/3B4/qPP2PPP/2KR3R b - - 0 20,370,388
hvxTBcfX,42,Kg8,King,Kg8,10,Good,2r4k/rN3p1p/p1n2Qp1/4P3/1p6/3B4/qPP2PPP/2KR3R b - - 2 21,369,379
hvxTBcfX,44,Nd4,Knight,Rf8,125,Mistake,2r3k1/r4p1p/p1nN1Qp1/4P3/1p6/3B4/qPP2PPP/2KR3R b - - 4 22,404,529
hvxTBcfX,46,Rd7,Rook,Rd7,55,Inaccuracy,2N3k1/r4p1p/p4Qp1/4P3/1p1n4/3B4/qPP2PPP/2KR3R b - - 0 23,554,609
bifvvu06,2,Nf6,Knight,e5,43,Inaccuracy,rnbqkbnr/pppppppp/8/8/2P5/8/PP1PPPPP/RNBQKBNR b KQkq - 0 1,-18,25
bifvvu06,4,g6,Pawn,e5,36,Inaccuracy,rnbqkb1r/pppppppp/5n2/8/2P5/2N5/PP1PPPPP/R1BQKBNR b KQkq - 2 2,3,39
bifvvu06,6,Bg7,Bishop,c5,8,Good,rnbqkb1r/pppppp1p/5np1/8/2P5/2N3P1/PP1PPP1P/R1BQKBNR b KQkq - 0 3,20,28
bifvvu06,8,O-O,King,e5,14,Good,rnbqk2r/ppppppbp/5np1/8/2P5/2N3P1/PP1PPPBP/R1BQK1NR b KQkq - 2 4,32,46
bifvvu06,10,d6,Pawn,d6,10,Good,rnbq1rk1/ppppppbp/5np1/8/2PP4/2N3P1/PP2PPBP/R1BQK1NR b KQ - 0 5,33,43
bifvvu06,12,e5,Pawn,e5,-7,Good,rnbq1rk1/ppp1ppbp/3p1np1/8/2PP4/2N1P1P1/PP3PBP/R1BQK1NR b KQ - 0 6,13,6
bifvvu06,14,Re8,Rook,Re8,12,Good,rnbq1rk1/ppp2pbp/3p1np1/4p3/2PP4/2N1P1P1/PP2NPBP/R1BQK2R b KQ - 1 7,4,16
bifvvu06,16,c6,Pawn,e4,31,Inaccuracy,rnbqr1k1/ppp2pbp/3p1np1/4p3/2PP4/2N1P1P1/PP2NPBP/R1BQ1RK1 b - - 3 8,2,33
bifvvu06,18,Na6,Knight,Na6,8,Good,rnbqr1k1/pp3pbp/2pp1np1/4p3/2PP4/2N1P1P1/PPQ1NPBP/R1B2RK1 b - - 1 9,0,8
bifvvu06,20,Nc7,Knight,Qe7,20,Good,r1bqr1k1/pp3pbp/n1pp1np1/4p3/2PP4/P1N1P1P1/1PQ1NPBP/R1B2RK1 b - - 0 10,-18,2
bifvvu06,22,Qe7,Queen,e4,72,Inaccuracy,r1bqr1k1/ppn2pbp/2pp1np1/4p3/2PP4/P1N1P1PP/1PQ1NPB1/R1B2RK1 b - - 0 11,-56,16
bifvvu06,24,e4,Pawn,Bf5,28,Good,r1b1r1k1/ppn1qpbp/2pp1np1/4p3/1PPP4/P1N1P1PP/2Q1NPB1/R1B2RK1 b - - 0 12,-52,-24
bifvvu06,26,h5,Pawn,Ne6,19,Good,r1b1r1k1/ppn1qpbp/2pp1np1/8/PPPPp3/2N1P1PP/2Q1NPB1/R1B2RK1 b - - 0 13,-45,-26
bifvvu06,28,Bf5,Bishop,Bf5,-10,Good,r1b1r1k1/ppn1qpb1/2pp1np1/7p/PPPPp3/B1N1P1PP/2Q1NPB1/R4RK1 b - - 1 14,-29,-39
bifvvu06,30,Qd7,Queen,Qd7,-22,Good,r3r1k1/ppn1qpb1/2pp1np1/1P3b1p/P1PPp3/B1N1P1PP/2Q1NPB1/R4RK1 b - - 0 15,-30,-52
bifvvu06,32,Ne6,Knight,Ne6,-5,Good,r3r1k1/ppnq1pb1/2pp1np1/1P3b1p/P1PPp3/B1N1P1PP/2Q1NPBK/R4R2 b - - 2 16,-67,-72
bifvvu06,34,Ng5,Knight,Ng5,21,Good,r3r1k1/pp1q1pb1/2ppnnp1/1P3b1p/P1PPp3/B1N1P1PP/2Q1NPBK/3R1R2 b - - 4 17,-228,-207
bifvvu06,36,Nf3+,Knight,Nf3+,-14,Good,r3r1k1/pp1q1pb1/2pp1np1/1P3bnp/P1PPp3/B1N1P1PP/2Q2PBK/3R1RN1 b - - 6 18,-189,-203
bifvvu06,38,exf3,Pawn,exf3,1,Good,r3r1k1/pp1q1pb1/2pp1np1/1P3b1p/P1PPp3/B1N1PBPP/2Q2P1K/3R1RN1 b - - 0 19,-242,-241
bifvvu06,40,Bxh3,Bishop,h4,218,Blunder,r3r1k1/pp1q1pb1/2pp1np1/1P3b1p/P1PP4/BQN1PpPP/5P1K/3R1RN1 b - - 1 20,-251,-33
bifvvu06,42,Ng4+,Knight,Ng4+,0,Good,r3r1k1/pp1q1pb1/2pp1np1/1P5p/P1PP4/BQN1PpPN/5P1K/3R1R2 b - - 0 21,0,0
bifvvu06,44,Nxe3,Knight,Nf6,194,Mistake,r3r1k1/pp1q1pb1/2pp2p1/1P5p/P1PP2n1/BQN1PpPN/5P2/3R1RK1 b - - 2 22,0,194
bifvvu06,46,Rxe3,Rook,Qg4,-7,Good,r3r1k1/pp1q1pb1/2pp2p1/1P5p/P1PP4/BQN1PpPN/8/3R1RK1 b - - 0 23,222,215
bifvvu06,48,Rae8,Rook,Rae8,3,Good,r5k1/pp1q1pb1/2pp2p1/1P5p/P1PP4/BQN1rpP1/5N2/3R1RK1 b - - 1 24,197,200
bifvvu06,50,R3e7,Rook,h4,132,Mistake,4r1k1/pp1q1pb1/2pp2p1/1P5p/P1PP4/1QN1rpP1/5N2/2BR1RK1 b - - 3 25,235,367
bifvvu06,52,f6,Pawn,Re2,51,Inaccuracy,4r1k1/pp1qrpb1/2pp2p1/1P4Bp/P1PP4/1QN2pP1/5N2/3R1RK1 b - - 5 26,228,279
bifvvu06,54,g5,Pawn,h4,5,Good,4r1k1/pp1qr1b1/2pp1pp1/1P5p/P1PP4/1QN2pP1/3B1N2/3R1RK1 b - - 1 27,290,295
bifvvu06,56,g4,Pawn,Rxe1,-6,Good,4r1k1/pp1qr1b1/2pp1p2/1P4pp/P1PP4/1QN2pP1/3B1N2/4RRK1 b - - 1 28,324,318
bifvvu06,58,f5,Pawn,Rxe1,9,Good,4r1k1/pp1qr1b1/2pp1p2/1P5p/P1PP2p1/2N2pP1/2QB1N2/4RRK1 b - - 1 29,278,287
bifvvu06,60,d5,Pawn,h4,33,Inaccuracy,4r1k1/pp1qr1b1/2pp4/1P3p1p/P1PP2p1/2NQ1pP1/3B1N2/4RRK1 b - - 1 30,288,321
bifvvu06,62,cxd5,Pawn,Rxe1,-31,Good,4r1k1/pp1qr1b1/2p5/1P1P1p1p/P2P2p1/2NQ1pP1/3B1N2/4RRK1 b - - 0 31,328,297
bifvvu06,64,Rxe7,Rook,Rxe7,-20,Good,4r1k1/pp1qR1b1/8/1P1p1p1p/P2P2p1/2NQ1pP1/3B1N2/5RK1 b - - 0 32,322,302
bifvvu06,66,Re4,Rook,Rxe1+,94,Mistake,6k1/pp1qr1b1/8/1P1p1p1p/P2P2p1/2NQ1pP1/3B1N2/4R1K1 b - - 1 33,268,362
bifvvu06,68,dxe4,Pawn,dxe4,-2,Good,6k1/pp1q2b1/8/1P1p1p1p/P2PN1p1/3Q1pP1/3B1N2/4R1K1 b - - 0 34,396,394
bifvvu06,70,Kh7,King,Kh7,19,Good,6k1/pp1q2b1/8/1P3p1p/P1QPp1p1/5pP1/3B1N2/4R1K1 b - - 1 35,425,444
bifvvu06,72,f4,Pawn,Bxd4+,162,Mistake,8/pp1q2bk/8/1P3p1p/P1QPN1p1/5pP1/3B4/4R1K1 b - - 0 36,400,562
z1TPJGwU,2,Nf6,Knight,Nf6,2,Good,rnbqkbnr/pppppppp/8/8/3P4/8/PPP1PPPP/RNBQKBNR b KQkq - 0 1,27,29
z1TPJGwU,4,d5,Pawn,d5,1,Good,rnbqkb1r/pppppppp/5n2/8/3P4/2N5/PPP1PPPP/R1BQKBNR b KQkq - 2 2,-26,-25
z1TPJGwU,6,Nbd7,Knight,h6,3,Good,rnbqkb1r/ppp1pppp/5n2/3p2B1/3P4/2N5/PPP1PPPP/R2QKBNR b KQkq - 1 3,-20,-17
z1TPJGwU,8,h6,Pawn,c5,0,Good,r1bqkb1r/pppnpppp/5n2/3p2B1/3P4/2NQ4/PPP1PPPP/R3KBNR b KQkq - 3 4,-23,-23
z1TPJGwU,10,e6,Pawn,c5,52,Inaccuracy,r1bqkb1r/pppnppp1/5n1p/3p4/3P3B/2NQ4/PPP1PPPP/R3KBNR b KQkq - 1 5,-47,5
z1TPJGwU,12,Be7,Bishop,c5,71,Inaccuracy,r1bqkb1r/pppn1pp1/4pn1p/3p4/3P1P1B/2NQ4/PPP1P1PP/R3KBNR b KQkq - 0 6,-134,-63
z1TPJGwU,14,c5,Pawn,c5,20,Good,r1bqk2r/pppnbpp1/4pn1p/3p4/3P1P1B/2NQ1N2/PPP1P1PP/R3KB1R b KQkq - 2 7,-106,-86
z1TPJGwU,16,a6,Pawn,c4,66,Inaccuracy,r1bqk2r/pp1nbpp1/4pn1p/2pp4/3P1P1B/2NQPN2/PPP3PP/R3KB1R b KQkq - 0 8,-109,-43
z1TPJGwU,18,Nxc5,Knight,Nxc5,-8,Good,r1bqk2r/1p1nbpp1/p3pn1p/2Pp4/5P1B/2NQPN2/PPP3PP/R3KB1R b KQkq - 0 9,-79,-87
z1TPJGwU,20,Qc7,Queen,Qc7,-7,Good,r1bqk2r/1p2bpp1/p3pn1p/2np4/3Q1P1B/2N1PN2/PPP3PP/R3KB1R b KQkq - 1 10,-82,-89
z1TPJGwU,22,Bd7,Bishop,b5,70,Inaccuracy,r1b1k2r/1pq1bpp1/p3pn1p/2np4/3Q1PPB/2N1PN2/PPP4P/R3KB1R b KQkq - 0 11,-165,-95
z1TPJGwU,24,Rc8,Rook,Rc8,10,Good,r3k2r/1pqbbpp1/p3pn1p/2npN3/3Q1PPB/2N1P3/PPP4P/R3KB1R b KQkq - 2 12,-91,-81
z1TPJGwU,26,O-O,King,b5,-33,Good,2r1k2r/1pqbbpp1/p3pn1p/2npN3/3Q1PPB/2N1P3/PPP3BP/R3K2R b KQk - 4 13,-83,-116
z1TPJGwU,28,b5,Pawn,Bb5,132,Mistake,2r2rk1/1pqbbpp1/p3pn1p/2npN3/3Q1PPB/2N1P3/PPP3BP/R4RK1 b - - 6 14,-101,31
z1TPJGwU,30,Nh7,Knight,Ne8,17,Good,2r2rk1/2qbbpp1/p3pn1p/1pnpN1P1/3Q1P1B/2N1P3/PPP3BP/R4RK1 b - - 0 15,51,68
z1TPJGwU,32,Nxd7,Knight,Nxd7,21,Good,2r2rk1/2qNbppn/p3p2p/1pnp2P1/3Q1P1B/2N1P3/PPP3BP/R4RK1 b - - 0 16,-26,-5
z1TPJGwU,34,Bf6,Bishop,Nhf6,53,Inaccuracy,2r2rk1/2qnbppn/p3p2P/1p1p4/3Q1P1B/2N1P3/PPP3BP/R4RK1 b - - 0 17,-16,37
z1TPJGwU,36,gxf6,Pawn,Nhxf6,37,Inaccuracy,2r2rk1/2qn1ppn/p3pB1P/1p1p4/3Q1P2/2N1P3/PPP3BP/R4RK1 b - - 0 18,36,73
z1TPJGwU,38,Qc5,Queen,Qc5,8,Good,2r2rk1/2qn1p1n/p3pp1P/1p1p4/3Q1P2/2N1P3/PPP3BP/R4R1K b - - 1 19,33,41
z1TPJGwU,40,Kh8,King,Kh8,8,Good,2r2rk1/3n1p1n/p3pp1P/1pqp4/5P2/2N1P3/PPPQ2BP/R4R1K b - - 3 20,26,34
z1TPJGwU,42,d4,Pawn,b4,12,Good,2r2r1k/3n1p1n/p3pp1P/1pqp4/4PP2/2N5/PPPQ2BP/R4R1K b - - 0 21,30,42
z1TPJGwU,44,Qxc2,Queen,Qxc2,-9,Good,2r2r1k/3n1p1n/p3pp1P/1pq5/3pPP2/8/PPPQN1BP/R4R1K b - - 1 22,-28,-37
z1TPJGwU,46,Qxe2,Queen,Qxe2,16,Good,2r2r1k/3n1p1n/p3pp1P/1p6/3QPP2/8/PPq1N1BP/R4R1K b - - 0 23,-86,-70
z1TPJGwU,48,Qh5,Queen,Qg4,157,Mistake,2r2r1k/3n1p1n/p3pp1P/1p6/3QPP2/8/PP2q1BP/4RR1K b - - 1 24,-190,-33
z1TPJGwU,50,Rc2,Rook,Rc2,2,Good,2r2r1k/3Q1p1n/p3pp1P/1p5q/4PP2/8/PP4BP/4RR1K b - - 0 25,-25,-23
z1TPJGwU,52,Rg8,Rook,Rg8,22,Good,5r1k/3Q1p1n/p3pp1P/1p5q/4PP2/4R3/PPr3BP/5R1K b - - 2 26,-69,-47
z1TPJGwU,54,Rxb2,Rook,Rf2,9,Good,6rk/3Q1p1n/p3pp1P/1p5q/4PP2/4R3/PPr3BP/6RK b - - 4 27,-38,-29
z1TPJGwU,56,Qg6,Queen,Rbxg2,830,Blunder,6rk/3Q1p1n/p3pp1P/1p5q/4PP2/7R/Pr4BP/6RK b - - 1 28,-501,329
z1TPJGwU,58,Qxh6,Queen,Qxh6,-45,Good,6rk/3Q1p1n/p3ppqP/1p6/4PP2/6R1/Pr4BP/6RK b - - 3 29,388,343
z1TPJGwU,60,Kxg8,King,Kxg8,-6,Good,6Rk/3Q1p1n/p3pp1q/1p6/4PP2/8/Pr4BP/6RK b - - 0 30,403,397
z1TPJGwU,62,Nf8,Knight,Qf8,145,Mistake,3Q2k1/5p1n/p3pp1q/1p6/4PP2/8/Pr4BP/6RK b - - 1 31,0,145
z1TPJGwU,64,Kh7,King,Kh7,26,Good,3Q1nk1/5p2/p3pp1q/1p6/4PP2/5B2/Pr5P/6RK b - - 3 32,-26,0
z1TPJGwU,66,Ng6,Knight,Ng6,0,Good,3Q1n2/5p1k/p3pp1q/1p6/4PP2/8/Pr4BP/6RK b - - 5 33,0,0
z1TPJGwU,68,Qf8,Queen,Qf8,-13,Good,4Q3/5p1k/p3ppnq/1p6/4PP2/8/Pr4BP/6RK b - - 7 34,-306,-319
z1TPJGwU,70,Nxf4,Knight,Nxf4,-7,Good,5q2/3Q1p1k/p3ppn1/1p6/4PP2/8/Pr4BP/6RK b - - 9 35,-351,-358
z1TPJGwU,72,Qh6,Queen,Qg7,74,Inaccuracy,5q2/5p1k/p3pp2/1p6/4Pn2/8/Pr4BP/3Q2RK b - - 1 36,-494,-420
z1TPJGwU,74,Nxg2,Knight,Rxa2,156,Mistake,8/5p1k/p3pp1q/1p6/4Pn2/5Q2/Pr4BP/6RK b - - 3 37,-492,-336
z1TPJGwU,76,Rb1+,Rook,Rb1+,-3,Good,8/5p1k/p3pp1q/1p6/4P3/5Q2/Pr4RP/7K b - - 0 38,-442,-445
z1TPJGwU,78,Rxg1+,Rook,Rxg1+,4,Good,8/5p1k/p3pp1q/1p6/4P3/5Q2/P6P/1r4RK b - - 2 39,-465,-461
z1TPJGwU,80,Qg5+,Queen,a5,12,Good,8/5p1k/p3pp1q/1p6/4P3/5Q2/P6P/6K1 b - - 0 40,-451,-439
z1TPJGwU,82,Kg6,King,Qe5,6,Good,8/5p1k/p3pp2/1p4q1/4P3/5Q2/P4K1P/8 b - - 2 41,-452,-446
z1TPJGwU,84,Qh4+,Queen,Qe5,27,Good,8/5p2/p3ppk1/1p4q1/4P3/3Q4/P4K1P/8 b - - 4 42,-466,-439
z1TPJGwU,86,Qg5,Queen,Qh3+,195,Mistake,8/5p2/p3ppk1/1p6/4P2q/3Q1K2/P6P/8 b - - 6 43,-586,-391
z1TPJGwU,88,Qf5+,Queen,Qf5+,-8,Good,8/5p2/p3ppk1/1p2P1q1/8/3Q1K2/P6P/8 b - - 0 44,-553,-561
z1TPJGwU,90,Kxf5,King,exf5,93,Mistake,8/5p2/p3ppk1/1p2PQ2/8/5K2/P6P/8 b - - 0 45,-573,-480
z1TPJGwU,92,Kxf6,King,b4,79,Inaccuracy,8/5p2/p3pP2/1p3k2/8/5K2/P6P/8 b - - 0 46,-601,-522
z1TPJGwU,94,Kg6,King,Kg6,-11,Good,8/5p2/p3pk2/1p6/5K2/8/P6P/8 b - - 1 47,-570,-581
z1TPJGwU,96,f6,Pawn,Kh5,2,Good,8/5p2/p3p1k1/1p6/4K3/8/P6P/8 b - - 3 48,-591,-589
UGqK3tjn,2,e6,Pawn,c5,1,Good,rnbqkbnr/pppppppp/8/8/4P3/8/PPPP1PPP/RNBQKBNR b KQkq - 0 1,32,33
UGqK3tjn,4,d5,Pawn,d5,4,Good,rnbqkbnr/pppp1ppp/4p3/8/3PP3/8/PPP2PPP/RNBQKBNR b KQkq - 0 2,34,38
UGqK3tjn,6,c5,Pawn,c5,3,Good,rnbqkbnr/ppp2ppp/4p3/3pP3/3P4/8/PPP2PPP/RNBQKBNR b KQkq - 0 3,18,21
UGqK3tjn,8,Qb6,Queen,Nc6,15,Good,rnbqkbnr/pp3ppp/4p3/2ppP3/3P4/2P5/PP3PPP/RNBQKBNR b KQkq - 0 4,30,45
UGqK3tjn,10,Nc6,Knight,Nc6,11,Good,rnb1kbnr/pp3ppp/1q2p3/2ppP3/3P4/2P2N2/PP3PPP/RNBQKB1R b KQkq - 2 5,28,39
UGqK3tjn,12,cxd4,Pawn,cxd4,10,Good,r1b1kbnr/pp3ppp/1qn1p3/2ppP3/3P4/2P2N2/PP2BPPP/RNBQK2R b KQkq - 4 6,29,39
UGqK3tjn,14,Nh6,Knight,Nh6,5,Good,r1b1kbnr/pp3ppp/1qn1p3/3pP3/3P4/5N2/PP2BPPP/RNBQK2R b KQkq - 0 7,33,38
UGqK3tjn,16,Qxb2,Queen,Qxb2,0,Good,r1b1kb1r/pp3ppp/1qn1p2B/3pP3/3P4/5N2/PP2BPPP/RN1QK2R b KQkq - 0 8,30,30
UGqK3tjn,18,gxh6,Pawn,gxh6,15,Good,r1b1kb1r/pp3ppp/2n1p2B/3pP3/3P4/5N2/Pq1NBPPP/R2QK2R b KQkq - 1 9,10,25
UGqK3tjn,20,Bg7,Bishop,Nxd4,72,Inaccuracy,r1b1kb1r/pp3p1p/2n1p2p/3pP3/3P4/5N2/Pq1NBPPP/R2Q1RK1 b kq - 1 10,11,83
UGqK3tjn,22,Qa3,Queen,Qxa2,33,Inaccuracy,r1b1k2r/pp3pbp/2n1p2p/3pP3/3P4/5N2/Pq1NBPPP/1R1Q1RK1 b kq - 3 11,53,86
UGqK3tjn,24,Qe7,Queen,Qxa2,-8,Good,r1b1k2r/pp3pbp/2n1p2p/3pP3/3P4/qR3N2/P2NBPPP/3Q1RK1 b kq - 5 12,57,49
UGqK3tjn,26,f6,Pawn,O-O,6,Good,r1b1k2r/pp2qpbp/2n1p2p/3pP3/3P4/1R1B1N2/P2N1PPP/3Q1RK1 b kq - 7 13,58,64
UGqK3tjn,28,Qxf6,Queen,Bxf6,44,Inaccuracy,r1b1k2r/pp2q1bp/2n1pP1p/3p4/3P4/1R1B1N2/P2N1PPP/3Q1RK1 b kq - 0 14,59,103
UGqK3tjn,30,O-O,King,O-O,0,Good,r1b1k2r/pp4bp/2n1pq1p/1B1p4/3P4/1R3N2/P2N1PPP/3Q1RK1 b kq - 1 15,127,127
UGqK3tjn,32,bxc6,Pawn,bxc6,-3,Good,r1b2rk1/pp4bp/2B1pq1p/3p4/3P4/1R3N2/P2N1PPP/3Q1RK1 b - - 0 16,117,114
UGqK3tjn,34,Bd7,Bishop,c5,176,Mistake,r1b2rk1/p5bp/2p1pq1p/3p4/3P4/4RN2/P2N1PPP/3Q1RK1 b - - 1 17,7,183
UGqK3tjn,36,Be8,Bishop,Be8,-8,Good,r4rk1/p2b2bp/2p1pq1p/3p4/3P4/1N2RN2/P4PPP/3Q1RK1 b - - 3 18,182,174
UGqK3tjn,38,Rb8,Rook,Rb8,-10,Good,r3brk1/p5bp/2p1pq1p/3pN3/3P4/1N2R3/P4PPP/3Q1RK1 b - - 5 19,175,165
UGqK3tjn,40,Qe7,Queen,Qe7,3,Good,1r2brk1/p5bp/2p1pq1p/2NpN3/3P4/4R3/P4PPP/3Q1RK1 b - - 7 20,174,177
UGqK3tjn,42,Rf4,Rook,h5,25,Good,1r2brk1/p3q1bp/2p1p2p/2NpN3/3P4/4R3/P1Q2PPP/5RK1 b - - 9 21,136,161
UGqK3tjn,44,Bf7,Bishop,Rf5,169,Mistake,1r2b1k1/p3q1bp/2p1p2p/2NpN3/3P1r2/4R3/P2Q1PPP/5RK1 b - - 11 22,154,323
UGqK3tjn,46,Qd6,Queen,Qc7,47,Inaccuracy,1r4k1/p3qbbp/2N1p2p/2Np4/3P1r2/4R3/P2Q1PPP/5RK1 b - - 0 23,357,404
UGqK3tjn,48,Qxb8,Queen,Rxd4,11,Good,1N4k1/p4bbp/3qp2p/2Np4/3P1r2/4R3/P2Q1PPP/5RK1 b - - 0 24,455,466
UGqK3tjn,50,Rh4,Rook,Bxe6,39,Inaccuracy,1q4k1/p4bbp/4N2p/3p4/3P1r2/4R3/P2Q1PPP/5RK1 b - - 0 25,488,527
UGqK3tjn,52,Bxe6,Bishop,Qc8,19,Good,1q4k1/p4bbp/4N2p/3p4/3P3r/4R1P1/P2Q1P1P/5RK1 b - - 0 26,556,575
UGqK3tjn,54,Rxd4,Rook,Re4,14,Good,1q4k1/p5bp/4R2p/3p4/3P3r/6P1/P2Q1P1P/5RK1 b - - 0 27,568,582
UGqK3tjn,56,Bf8,Bishop,Bf8,-6,Good,1q4k1/p5bp/4R2p/3p4/3r4/6P1/P3QP1P/5RK1 b - - 1 28,567,561
crUAulBD,2,c5,Pawn,e5,-10,Good,rnbqkbnr/pppppppp/8/8/4P3/8/PPPP1PPP/RNBQKBNR b KQkq - 0 1,36,26
crUAulBD,4,Nc6,Knight,Nc6,-8,Good,rnbqkbnr/pp1ppppp/8/2p5/4P3/2N5/PPPP1PPP/R1BQKBNR b KQkq - 1 2,38,30
crUAulBD,6,g6,Pawn,g6,-4,Good,r1bqkbnr/pp1ppppp/2n5/2p5/4PP2/2N5/PPPP2PP/R1BQKBNR b KQkq - 0 3,-20,-24
crUAulBD,8,Bg7,Bishop,Bg7,3,Good,r1bqkbnr/pp1ppp1p/2n3p1/2p5/4PP2/2N2N2/PPPP2PP/R1BQKB1R b KQkq - 1 4,-18,-15
crUAulBD,10,Nd4,Knight,Nd4,6,Good,r1bqk1nr/pp1pppbp/2n3p1/1Bp5/4PP2/2N2N2/PPPP2PP/R1BQK2R b KQkq - 3 5,-35,-29
crUAulBD,12,Nxb5,Knight,a6,26,Good,r1bqk1nr/pp1pppbp/6p1/1Bp5/3nPP2/2N2N2/PPPP2PP/R1BQ1RK1 b kq - 5 6,-27,-1
crUAulBD,14,d6,Pawn,d5,33,Inaccuracy,r1bqk1nr/pp1pppbp/6p1/1Np5/4PP2/5N2/PPPP2PP/R1BQ1RK1 b kq - 0 7,-16,17
crUAulBD,16,Nh6,Knight,a6,60,Inaccuracy,r1bqk1nr/pp2ppbp/3p2p1/1Np5/4PP2/3P1N2/PPP3PP/R1BQ1RK1 b kq - 0 8,-17,43
crUAulBD,18,O-O,King,f5,57,Inaccuracy,r1bqk2r/pp2ppbp/3p2pn/1Np5/4PP2/3P1N2/PPP3PP/R1B1QRK1 b kq - 2 9,16,73
crUAulBD,20,e6,Pawn,gxf5,95,Mistake,r1bq1rk1/pp2ppbp/3p2pn/1Np2P2/4P3/3P1N2/PPP3PP/R1B1QRK1 b - - 0 10,79,174
crUAulBD,22,exf5,Pawn,exf5,0,Good,r1bq1rk1/pp3pbp/3pp1pn/1Np2P2/4P3/3P1NQ1/PPP3PP/R1B2RK1 b - - 1 11,66,66
crUAulBD,24,fxe4,Pawn,fxe4,7,Good,r1bq1rk1/pp3pbp/3N2pn/2p2p2/4P3/3P1NQ1/PPP3PP/R1B2RK1 b - - 0 12,50,57
crUAulBD,26,Be6,Bishop,Be6,-3,Good,r1bq1rk1/pp3pbp/3N2pn/2p5/4P3/5NQ1/PPP3PP/R1B2RK1 b - - 0 13,54,51
crUAulBD,28,f6,Pawn,Qc7,-8,Good,r2q1rk1/pp3pbp/3Nb1pn/2p3B1/4P3/5NQ1/PPP3PP/R4RK1 b - - 2 14,53,45
crUAulBD,30,b6,Pawn,Qc7,26,Good,r2q1rk1/pp4bp/3Nbppn/2p5/4P3/4BNQ1/PPP3PP/R4RK1 b - - 1 15,12,38
crUAulBD,32,Qe7,Queen,Qc7,27,Good,r2q1rk1/p5bp/1p1Nbppn/2p5/4P3/4BNQ1/PPP3PP/3R1RK1 b - - 1 16,25,52
crUAulBD,34,Nf7,Knight,Nf7,12,Good,r4rk1/p3q1bp/1p1Nbppn/2p5/4P3/4BNQP/PPP3P1/3R1RK1 b - - 0 17,-9,3
crUAulBD,36,Bxf7,Bishop,Bxf7,-13,Good,r4rk1/p3qNbp/1p2bpp1/2p5/4P3/4BNQP/PPP3P1/3R1RK1 b - - 0 18,-9,-22
crUAulBD,38,fxe5,Pawn,fxe5,11,Good,r4rk1/p3qbbp/1p3pp1/2p1P3/8/4BNQP/PPP3P1/3R1RK1 b - - 0 19,-55,-44
crUAulBD,40,Qe6,Queen,Qc7,2,Good,r4rk1/p3qbbp/1p4p1/2p1p1B1/8/5NQP/PPP3P1/3R1RK1 b - - 1 20,-45,-43
crUAulBD,42,Rae8,Rook,Rae8,11,Good,r4rk1/p4bbp/1p2q1p1/2p1p1B1/8/5NQP/PPP3P1/3RR1K1 b - - 3 21,-100,-89
crUAulBD,44,h6,Pawn,Qf5,206,Blunder,4rrk1/p4bbp/1p2q1p1/2p1p1B1/8/1P3NQP/P1P3P1/3RR1K1 b - - 0 22,-116,90
crUAulBD,46,e4,Pawn,g5,0,Good,4rrk1/p4bb1/1p2q1pp/2p1p3/8/1P3NQP/P1P3P1/2BRR1K1 b - - 1 23,-136,-136
crUAulBD,48,Qc6,Queen,Be5,54,Inaccuracy,4rrk1/p4bb1/1p2q1pp/2p5/4p3/1P4QP/P1PN2P1/2BRR1K1 b - - 1 24,-232,-178
crUAulBD,50,g5,Pawn,g5,9,Good,4rrk1/p4bb1/1pq3pp/2p5/4p2Q/1P5P/P1PN2P1/2BRR1K1 b - - 3 25,-321,-312
crUAulBD,52,e3,Pawn,e3,0,Good,4rrk1/p4bb1/1pq4p/2p3p1/4p1Q1/1P5P/P1PN2P1/2BRR1K1 b - - 1 26,-350,-350
crUAulBD,54,e2,Pawn,Re4,44,Inaccuracy,4rrk1/p4bb1/1pq4p/2p3p1/2N3Q1/1P2p2P/P1P3P1/2BRR1K1 b - - 1 27,-327,-283
crUAulBD,56,Re4,Rook,Re4,-1,Good,4rrk1/p4bb1/1pq4p/2p3p1/2N3Q1/1P1R3P/P1P1p1P1/2B1R1K1 b - - 1 28,-502,-503
crUAulBD,58,Bxc4,Bishop,Bxc4,-33,Good,5rk1/p4bb1/1pq4p/2p3p1/2N1r3/1P1R2QP/P1P1p1P1/2B1R1K1 b - - 3 29,-540,-573
crUAulBD,60,Bd4+,Bishop,Be5,113,Mistake,5rk1/p5b1/1pq4p/2p3p1/2P1r3/3R2QP/P1P1p1P1/2B1R1K1 b - - 0 30,-572,-459
crUAulBD,62,Rfe8,Rook,Be5,285,Blunder,5rk1/p7/1pq4p/2p3p1/2Pbr3/3RB1QP/P1P1p1P1/4R1K1 b - - 2 31,-583,-298
crUAulBD,64,Qe6,Queen,Qe6,-5,Good,4r1k1/p7/1pq4p/2p3p1/2Pbr3/3RB1QP/P1P1R1P1/6K1 b - - 0 32,-382,-387
crUAulBD,66,Qf5+,Queen,Qf6+,88,Inaccuracy,4r1k1/p7/1p2q2p/2p3p1/2Pbr3/3RB1QP/P1P1RKP1/8 b - - 2 33,-483,-395
crUAulBD,68,Qe6,Queen,Qe6,32,Inaccuracy,4r1k1/p7/1p5p/2p2qp1/2Pbr3/3RB1QP/P1P1R1P1/4K3 b - - 4 34,-413,-381
crUAulBD,70,Qxc4,Queen,Qxc4,-18,Good,4r1k1/p7/1p2q2p/2p3p1/2Pbr3/3RB1QP/P1PKR1P1/8 b - - 6 35,-413,-431
crUAulBD,72,Qe6,Queen,R4e6,102,Mistake,4r1k1/p7/1p1Q3p/2p3p1/2qbr3/3RB2P/P1PKR1P1/8 b - - 1 36,-427,-325
crUAulBD,74,R8xe6,Rook,R8xe6,-10,Good,4r1k1/p7/1p2Q2p/2p3p1/3br3/3RB2P/P1PKR1P1/8 b - - 0 37,-327,-337
crUAulBD,76,Bxe3+,Bishop,Bf6,-124,Good,6k1/p7/1p2r2p/2p3p1/3br3/2PRB2P/P2KR1P1/8 b - - 0 38,-347,-471
crUAulBD,78,Rxe3,Rook,Rxe3,41,Inaccuracy,6k1/p7/1p2r2p/2p3p1/4r3/2P1R2P/P2KR1P1/8 b - - 0 39,-484,-443
crUAulBD,80,Rxe3,Rook,Rxe3,1,Good,6k1/p7/1p2r2p/2p3p1/8/2P1R2P/P2K2P1/8 b - - 0 40,-494,-493
crUAulBD,82,Kf7,King,Kf7,1,Good,6k1/p7/1p5p/2p3p1/8/2P1K2P/P5P1/8 b - - 0 41,-444,-443
crUAulBD,84,Ke6,King,Ke6,46,Inaccuracy,8/p4k2/1p5p/2p3p1/4K3/2P4P/P5P1/8 b - - 2 42,-483,-437
crUAulBD,86,a6,Pawn,a6,-3,Good,8/p7/1p2k2p/2p3p1/2P1K3/7P/P5P1/8 b - - 0 43,-495,-498
crUAulBD,88,b5,Pawn,b5,-19,Good,8/8/pp2k2p/2p3p1/2P1K1P1/7P/P7/8 b - - 0 44,-576,-595
crUAulBD,90,axb5,Pawn,axb5,17,Good,8/8/p3k2p/1Pp3p1/4K1P1/7P/P7/8 b - - 0 45,-615,-598
crUAulBD,92,c4,Pawn,c4,-83,Good,8/8/4k2p/1pp3p1/4K1P1/P6P/8/8 b - - 0 46,-640,-723
crUAulBD,94,Kd6,King,Kd6,34,Inaccuracy,8/8/4k2p/1p4p1/2pK2P1/P6P/8/8 b - - 1 47,-744,-710
crUAulBD,96,Kc5,King,Kc5,13,Good,8/8/3k3p/1p4p1/2p3P1/P1K4P/8/8 b - - 3 48,-768,-755
cLpp2sNh,2,e5,Pawn,e5,-2,Good,rnbqkbnr/pppppppp/8/8/4P3/8/PPPP1PPP/RNBQKBNR b KQkq - 0 1,32,30
cLpp2sNh,4,Nf6,Knight,Nc6,12,Good,rnbqkbnr/pppp1ppp/8/4p3/4P3/5N2/PPPP1PPP/RNBQKB1R b KQkq - 1 2,34,46
cLpp2sNh,6,d6,Pawn,d6,-3,Good,rnbqkb1r/pppp1ppp/5n2/4N3/4P3/8/PPPP1PPP/RNBQKB1R b KQkq - 0 3,44,41
cLpp2sNh,8,Nxe4,Knight,Nxe4,-12,Good,rnbqkb1r/ppp2ppp/3p1n2/8/4P3/5N2/PPPP1PPP/RNBQKB1R b KQkq - 1 4,44,32
cLpp2sNh,10,Nxc3,Knight,Nxc3,7,Good,rnbqkb1r/ppp2ppp/3p4/8/4n3/2N2N2/PPPP1PPP/R1BQKB1R b KQkq - 1 5,16,23
cLpp2sNh,12,Be7,Bishop,Be7,8,Good,rnbqkb1r/ppp2ppp/3p4/8/8/2P2N2/PPP2PPP/R1BQKB1R b KQkq - 0 6,20,28
cLpp2sNh,14,Nc6,Knight,Nd7,8,Good,rnbqk2r/ppp1bppp/3p4/8/8/2P1BN2/PPP2PPP/R2QKB1R b KQkq - 2 7,27,35
cLpp2sNh,16,Be6,Bishop,Be6,-7,Good,r1bqk2r/ppp1bppp/2np4/8/8/2P1BN2/PPPQ1PPP/R3KB1R b KQkq - 4 8,24,17
cLpp2sNh,18,Qd7,Queen,Qd7,-3,Good,r2qk2r/ppp1bppp/2npb3/8/8/2P1BN2/PPPQ1PPP/2KR1B1R b kq - 6 9,45,42
cLpp2sNh,20,Bf6,Bishop,Bf6,-4,Good,r3k2r/pppqbppp/2npb3/8/8/2P1BN2/PPPQ1PPP/1K1R1B1R b kq - 8 10,38,34
cLpp2sNh,22,O-O-O,King,O-O-O,8,Good,r3k2r/pppq1ppp/2npbb2/8/7P/2P1BN2/PPPQ1PP1/1K1R1B1R b kq - 0 11,38,46
cLpp2sNh,24,h6,Pawn,Bf5,50,Inaccuracy,2kr3r/pppq1ppp/2npbb2/6N1/7P/2P1B3/PPPQ1PP1/1K1R1B1R b - - 2 12,21,71
cLpp2sNh,26,fxe6,Pawn,fxe6,5,Good,2kr3r/pppq1pp1/2npNb1p/8/7P/2P1B3/PPPQ1PP1/1K1R1B1R b - - 0 13,52,57
cLpp2sNh,28,a6,Pawn,Kb8,33,Inaccuracy,2kr3r/pppq2p1/2nppb1p/8/7P/2P1B1P1/PPPQ1P2/1K1R1B1R b - - 0 14,48,81
cLpp2sNh,30,d5,Pawn,d5,8,Good,2kr3r/1ppq2p1/p1nppb1p/8/7P/2P1B1P1/PPPQ1PB1/1K1R3R b - - 1 15,57,65
cLpp2sNh,32,Ne5,Knight,Ne5,2,Good,2kr3r/1ppq2p1/p1n1pb1p/3p4/7P/2P1B1P1/PPPQ1PB1/1K1RR3 b - - 1 16,39,41
cLpp2sNh,34,Rhf8,Rook,Nc6,21,Good,2kr3r/1ppq2p1/p3pb1p/3pn3/7P/1PP1B1P1/P1PQ1PB1/1K1RR3 b - - 0 17,52,73
cLpp2sNh,36,Nc6,Knight,Nc6,13,Good,2kr1r2/1ppq2p1/p3pb1p/3pn3/5P1P/1PP1B1P1/P1PQ2B1/1K1RR3 b - - 0 18,71,84
cLpp2sNh,38,Rfe8,Rook,Rfe8,21,Good,2kr1r2/1ppq2p1/p1n1pb1p/2Bp4/5P1P/1PP3P1/P1PQ2B1/1K1RR3 b - - 2 19,64,85
cLpp2sNh,40,Ne7,Knight,Qf7,103,Mistake,2krr3/1ppq2p1/p1n1pb1p/2Bp4/5P1P/1PPQ2P1/P1P3B1/1K1RR3 b - - 4 20,58,161
cLpp2sNh,42,Nc6,Knight,Ng8,110,Mistake,2krr3/1ppqn1p1/p3pb1p/2Bp4/5P1P/1PPQ2PB/P1P5/1K1RR3 b - - 6 21,192,302
cLpp2sNh,44,Kb8,King,Kb8,8,Good,2krr3/1ppq2p1/p1n1pb1p/2Bp4/5P1P/1PPQ2PB/P1P1R3/1K1R4 b - - 8 22,190,198
cLpp2sNh,46,Na7,Knight,b6,25,Good,1k1rr3/1ppq2p1/p1n1pb1p/2Bp4/5P1P/1PPQ2PB/P1P1R3/1K2R3 b - - 10 23,213,238
cLpp2sNh,48,Qc6,Queen,Qc6,-15,Good,1k1rr3/nppq2p1/p3pb1p/2Bp4/P4P1P/1PPQ2PB/2P1R3/1K2R3 b - - 0 24,232,217
cLpp2sNh,50,Rd6,Rook,b5,31,Inaccuracy,1k1rr3/npp3p1/p1q1pb1p/3p4/P2B1P1P/1PPQ2PB/2P1R3/1K2R3 b - - 2 25,220,251
cLpp2sNh,52,e5,Pawn,b5,27,Good,1k2r3/npp3p1/p1qrpb1p/3p1P2/P2B3P/1PPQ2PB/2P1R3/1K2R3 b - - 0 26,231,258
cLpp2sNh,54,Bxe5,Bishop,Rxe5,17,Good,1k2r3/npp3p1/p1qr1b1p/3pBP2/P6P/1PPQ2PB/2P1R3/1K2R3 b - - 0 27,259,276
cLpp2sNh,56,Rxe5,Rook,Red8,8,Good,1k2r3/npp3p1/p1qr3p/3pRP2/P6P/1PPQ2PB/2P5/1K2R3 b - - 0 28,298,306
cLpp2sNh,58,d4,Pawn,Nc8,7,Good,1k6/npp3p1/p1qr3p/3pRP2/P6P/1PPQ2PB/2P5/1K6 b - - 0 29,317,324
cLpp2sNh,60,Qh1+,Queen,Rd8,5,Good,1k6/npp3p1/p1qr3p/4RP2/P2P3P/1P1Q2PB/2P5/1K6 b - - 0 30,348,353
cLpp2sNh,62,Nc6,Knight,Nc6,-5,Good,1k6/npp3p1/p2r3p/4RP2/P2P3P/1P1Q2P1/2P5/1K3B1q b - - 2 31,208,203
cLpp2sNh,64,Ka7,King,Rd8,28,Good,1k2R3/1pp3p1/p1nr3p/5P2/P2P3P/1P1Q2P1/2P5/1K3B1q b - - 4 32,221,249
cLpp2sNh,66,Na5,Knight,Qd5,85,Inaccuracy,4R3/kpp3p1/p1nr3p/5P2/P2P3P/1PPQ2P1/8/1K3B1q b - - 0 33,201,286
cLpp2sNh,68,Nc6,Knight,Nb3,23,Good,4R3/kpp3p1/p2r3p/n4P2/PP1P3P/2PQ2P1/8/1K3B1q b - - 0 34,313,336
cLpp2sNh,70,Rd7,Rook,a5,28,Good,8/kpp3p1/p1nrR2p/5P2/PP1P3P/2PQ2P1/8/1K3B1q b - - 2 35,266,294
cLpp2sNh,72,Ne7,Knight,Ne7,7,Good,8/kppr2p1/p1n1R2p/5P2/PP1P3P/2PQ2P1/1K6/5B1q b - - 4 36,300,307
cLpp2sNh,74,Nd5,Knight,Nd5,-31,Good,8/kpprn1p1/p3R2p/5P2/PP1P3P/2PQ2P1/1K2B3/7q b - - 6 37,261,230
cLpp2sNh,76,Qg2,Queen,Qg1,4,Good,8/kppr2p1/p3R2p/3n1P2/PP1P3P/2P3P1/1K1QB3/7q b - - 8 38,233,237
cLpp2sNh,78,Nb6,Knight,Re7,26,Good,8/kppr2p1/p3R2p/3n1P2/PP1P2PP/2P5/1K1QB1q1/8 b - - 0 39,226,252
cLpp2sNh,80,Qg3,Queen,Nd5,-8,Good,8/kppr2p1/pn2R2p/5P2/PP1P2PP/2P5/1KQ1B1q1/8 b - - 2 40,263,255
cLpp2sNh,82,Nd5,Knight,Nd5,-15,Good,8/kppr2p1/pn2R2p/P4P2/1P1P2PP/2P3q1/1KQ1B3/8 b - - 0 41,246,231
cLpp2sNh,84,Nf4,Knight,c6,64,Inaccuracy,8/kppr2p1/p3R2p/P2n1P1P/1P1P2P1/2P3q1/1KQ1B3/8 b - - 0 42,245,309
cLpp2sNh,86,Nd5,Knight,Rd5,16,Good,8/kppr2p1/p6p/P3RP1P/1P1P1nP1/2P3q1/1KQ1B3/8 b - - 2 43,308,324
cLpp2sNh,88,Nf6,Knight,c6,75,Inaccuracy,8/kppr2p1/p6p/P2nRP1P/1P1P2P1/2P3q1/1K1QB3/8 b - - 4 44,250,325
cLpp2sNh,90,Qh3,Queen,Qxe5,538,Blunder,8/kppr2p1/p4n1p/P3RP1P/1PBP2P1/2P3q1/1K1Q4/8 b - - 6 45,-318,220
cLpp2sNh,92,Rd6,Rook,Rd8,0,Good,8/kppr2p1/p3Bn1p/P3RP1P/1P1P2P1/2P4q/1K1Q4/8 b - - 8 46,157,157
cLpp2sNh,94,Nd7,Knight,Qxg4,419,Blunder,8/kpp3p1/p2rBn1p/P2PRP1P/1P4P1/2P4q/1K1Q4/8 b - - 0 47,99,518
cLpp2sNh,96,b6,Pawn,Qxe3,280,Blunder,8/kppn2p1/p2rB2p/P2PRP1P/1P4P1/2P1Q2q/1K6/8 b - - 2 48,397,677
cLpp2sNh,98,Nxe5,Knight,Nxe5,-24,Good,8/k1pn2p1/pp1rB2p/P2PRP1P/1P4P1/2P4Q/1K6/8 b - - 0 49,698,674
xjb3urWp,2,d5,Pawn,c5,31,Inaccuracy,rnbqkbnr/pppppppp/8/8/4P3/8/PPPP1PPP/RNBQKBNR b KQkq - 0 1,33,64
xjb3urWp,4,Qxd5,Queen,Nf6,7,Good,rnbqkbnr/ppp1pppp/8/3P4/8/8/PPPP1PPP/RNBQKBNR b KQkq - 0 2,69,76
xjb3urWp,6,Qd6,Queen,Qd8,3,Good,rnb1kbnr/ppp1pppp/8/3q4/8/2N5/PPPP1PPP/R1BQKBNR b KQkq - 1 3,73,76
xjb3urWp,8,Nf6,Knight,Nf6,0,Good,rnb1kbnr/ppp1pppp/3q4/8/3P4/2N5/PPP2PPP/R1BQKBNR b KQkq - 0 4,68,68
xjb3urWp,10,c6,Pawn,g6,10,Good,rnb1kb1r/ppp1pppp/3q1n2/8/3P4/2N2N2/PPP2PPP/R1BQKB1R b KQkq - 2 5,67,77
xjb3urWp,12,Be6,Bishop,Be6,4,Good,rnb1kb1r/pp2pppp/2pq1n2/4N3/3P4/2N5/PPP2PPP/R1BQKB1R b KQkq - 1 6,73,77
xjb3urWp,14,Qd8,Queen,Qd8,7,Good,rn2kb1r/pp2pppp/2pqbn2/4N3/3P1B2/2N5/PPP2PPP/R2QKB1R b KQkq - 3 7,107,114
xjb3urWp,16,g6,Pawn,g6,-4,Good,rn1qkb1r/pp2pppp/2p1bn2/4N3/3P1B2/2N5/PPP1BPPP/R2QK2R b KQkq - 5 8,59,55
xjb3urWp,18,Nbd7,Knight,Bg7,3,Good,rn1qkb1r/pp2pp1p/2p1bnp1/4N3/3P1B2/2N5/PPPQBPPP/R3K2R b KQkq - 1 9,42,45
xjb3urWp,20,Bg7,Bishop,Bg7,7,Good,r2qkb1r/pp1npp1p/2p1bnp1/4N3/3P1B2/2N5/PPPQBPPP/2KR3R b kq - 3 10,34,41
xjb3urWp,22,O-O,King,Nd5,1,Good,r2qk2r/pp1nppbp/2p1bnp1/4N3/3P1B2/2N5/PPPQBPPP/1K1R3R b kq - 5 11,30,31
xjb3urWp,24,h5,Pawn,Nxe5,74,Inaccuracy,r2q1rk1/pp1nppbp/2p1bnp1/4N3/3P1B1P/2N5/PPPQBPP1/1K1R3R b - - 0 12,27,101
xjb3urWp,26,Qa5,Queen,Nxe5,30,Inaccuracy,r2q1rk1/pp1nppb1/2p1bnp1/4N2p/3P1B1P/2N2P2/PPPQB1P1/1K1R3R b - - 0 13,37,67
xjb3urWp,28,Rad8,Rook,Nxe5,32,Inaccuracy,r4rk1/pp1nppb1/2p1bnp1/q3N2p/3P1B1P/P1N2P2/1PPQB1P1/1K1R3R b - - 0 14,2,34
xjb3urWp,30,Nb6,Knight,Nb6,53,Inaccuracy,3r1rk1/pp1nppb1/2p1bnp1/q3N2p/3P1B1P/P1N1QP2/1PP1B1P1/1K1R3R b - - 2 15,-31,22
xjb3urWp,32,Nbd5,Knight,Nbd5,17,Good,3r1rk1/pp2ppb1/1np1bnpB/q3N2p/3P3P/P1N1QP2/1PP1B1P1/1K1R3R b - - 4 16,0,17
xjb3urWp,34,Nxd5,Knight,Nxd5,8,Good,3r1rk1/pp2ppb1/2p1bnpB/q2NN2p/3P3P/P3QP2/1PP1B1P1/1K1R3R b - - 0 17,25,33
xjb3urWp,36,c5,Pawn,c5,20,Good,3r1rk1/pp2ppb1/2p1b1pB/q2nN2p/3P3P/P4P2/1PP1B1P1/1KQR3R b - - 1 18,-62,-42
xjb3urWp,38,Kxg7,King,Kxg7,10,Good,3r1rk1/pp2ppB1/4b1p1/q1pnN2p/3P3P/P4P2/1PP1B1P1/1KQR3R b - - 0 19,-101,-91
xjb3urWp,40,Bf5+,Bishop,cxd4,291,Blunder,3r1r2/pp2ppk1/4b1p1/q1pnN2p/2PP3P/P4P2/1P2B1P1/1KQR3R b - - 0 20,-133,158
xjb3urWp,42,Bxd3+,Bishop,Bxd3+,-9,Good,3r1r2/pp2ppk1/6p1/q1pnNb1p/2PP3P/P2B1P2/1P4P1/1KQR3R b - - 2 21,165,156
xjb3urWp,44,Nf6,Knight,Nf6,17,Good,3r1r2/pp2ppk1/6p1/q1pn3p/2PP3P/P2N1P2/1P4P1/1KQR3R b - - 0 22,160,177
xjb3urWp,46,b5,Pawn,Qc7,126,Mistake,3r1r2/pp2ppk1/5np1/q1N4p/2PP3P/P4P2/1P4P1/1KQR3R b - - 0 23,167,293
6uTqLxdg,2,Nf6,Knight,d5,-2,Good,rnbqkbnr/pppppppp/8/8/3P4/8/PPP1PPPP/RNBQKBNR b KQkq - 0 1,21,19
6uTqLxdg,4,c5,Pawn,d5,16,Good,rnbqkb1r/pppppppp/5n2/8/3P1B2/8/PPP1PPPP/RN1QKBNR b KQkq - 2 2,1,17
6uTqLxdg,6,d5,Pawn,e6,-1,Good,rnbqkb1r/pp1ppppp/5n2/2p5/3P1B2/4P3/PPP2PPP/RN1QKBNR b KQkq - 0 3,6,5
6uTqLxdg,8,Nc6,Knight,Qb6,0,Good,rnbqkb1r/pp2pppp/5n2/2pp4/3P1B2/2P1P3/PP3PPP/RN1QKBNR b KQkq - 0 4,13,13
6uTqLxdg,10,cxd4,Pawn,Bf5,16,Good,r1bqkb1r/pp2pppp/2n2n2/2pp4/3P1B2/2P1P3/PP1N1PPP/R2QKBNR b KQkq - 2 5,-4,12
6uTqLxdg,12,Bg4,Bishop,Bf5,4,Good,r1bqkb1r/pp2pppp/2n2n2/3p4/3P1B2/2P5/PP1N1PPP/R2QKBNR b KQkq - 0 6,21,25
6uTqLxdg,14,e6,Pawn,a6,-8,Good,r2qkb1r/pp2pppp/2n2n2/3p4/3P1Bb1/2P2N2/PP1N1PPP/R2QKB1R b KQkq - 2 7,36,28
6uTqLxdg,16,Bh5,Bishop,Bf5,13,Good,r2qkb1r/pp3ppp/2n1pn2/3p4/3P1Bb1/2P2N1P/PP1N1PP1/R2QKB1R b KQkq - 0 8,10,23
6uTqLxdg,18,Bd6,Bishop,Bd6,10,Good,r2qkb1r/pp3ppp/2n1pn2/3p3b/3P1B2/2P2N1P/PP1NBPP1/R2QK2R b KQkq - 2 9,0,10
6uTqLxdg,20,Qxd6,Queen,Qxd6,5,Good,r2qk2r/pp3ppp/2nBpn2/3p3b/3P4/2P2N1P/PP1NBPP1/R2QK2R b KQkq - 0 10,10,15
6uTqLxdg,22,O-O,King,O-O,2,Good,r3k2r/pp3ppp/2nqpn2/3p3b/3P4/2P2N1P/PP1NBPP1/R2Q1RK1 b kq - 1 11,22,24
6uTqLxdg,24,Rab8,Rook,Rfe8,-2,Good,r4rk1/pp3ppp/2nqpn2/3p3b/3P4/2P2N1P/PP1NBPP1/R2QR1K1 b - - 3 12,26,24
6uTqLxdg,26,Qc7,Queen,Qc7,-5,Good,1r3rk1/pp3ppp/2nqpn2/3p3b/P2P4/2P2N1P/1P1NBPP1/R2QR1K1 b - - 0 13,20,15
6uTqLxdg,28,a6,Pawn,Qb6,12,Good,1r3rk1/ppq2ppp/2n1pn2/3p3b/P2P4/2P2N1P/1P2BPP1/R2QRNK1 b - - 2 14,-4,8
6uTqLxdg,30,b5,Pawn,Qb6,-6,Good,1r3rk1/1pq2ppp/p1n1pn2/3p3b/P2P4/2P1NN1P/1P2BPP1/R2QR1K1 b - - 1 15,-15,-21
6uTqLxdg,32,axb5,Pawn,axb5,-3,Good,1r3rk1/2q2ppp/p1n1pn2/1P1p3b/3P4/2P1NN1P/1P2BPP1/R2QR1K1 b - - 0 16,-16,-19
6uTqLxdg,34,Bxe2,Bishop,Bxe2,-2,Good,1r3rk1/2q2ppp/2n1pn2/1p1p3b/3P4/2P1N2P/1P1NBPP1/R2QR1K1 b - - 1 17,-22,-24
6uTqLxdg,36,b4,Pawn,b4,1,Good,1r3rk1/2q2ppp/2n1pn2/1p1p4/3P4/2P1N2P/1P1NQPP1/R3R1K1 b - - 0 18,-23,-22
6uTqLxdg,38,bxc3,Pawn,Rfc8,3,Good,1r3rk1/2q2ppp/2n1pn2/3p4/1p1P4/2P1N2P/1P1NQPP1/R1R3K1 b - - 1 19,-23,-20
6uTqLxdg,40,g6,Pawn,Rfc8,3,Good,1r3rk1/2q2ppp/2n1pn2/3p4/3P4/2P1N2P/3NQPP1/R1R3K1 b - - 0 20,-20,-17
6uTqLxdg,42,Kg7,King,Rxb1,5,Good,1r3rk1/2q2p1p/2n1pnp1/3p4/3P4/2P1N2P/3NQPP1/1RR3K1 b - - 1 21,-28,-23
6uTqLxdg,44,Rfd8,Rook,Rxb1,1,Good,1r3r2/2q2pkp/2n1pnp1/3p4/3P4/2PQN2P/3N1PP1/1RR3K1 b - - 3 22,-22,-21
6uTqLxdg,46,Qxb8,Queen,Qxb8,2,Good,1R1r4/2q2pkp/2n1pnp1/3p4/3P4/2PQN2P/3N1PP1/2R3K1 b - - 0 23,-21,-19
6uTqLxdg,48,Qc7,Queen,Qc7,-5,Good,1q1r4/5pkp/2n1pnp1/3p4/3P4/2PQN2P/3N1PP1/1R4K1 b - - 1 24,-15,-20
6uTqLxdg,50,Ne4,Knight,Ne4,7,Good,3r4/2q2pkp/2n1pnp1/3p4/3P4/1NPQN2P/5PP1/1R4K1 b - - 3 25,-31,-24
6uTqLxdg,52,Nd6,Knight,Ng3,28,Good,3r4/2q2pkp/2n1p1p1/3p4/3Pn3/1NPQNP1P/6P1/1R4K1 b - - 0 26,-73,-45
6uTqLxdg,54,Ne7,Knight,Ra8,26,Good,3r4/2q2pkp/2nnp1p1/2Np4/3P4/2PQNP1P/6P1/1R4K1 b - - 2 27,-49,-23
6uTqLxdg,56,dxc4,Pawn,dxc4,4,Good,3r4/2q1npkp/3np1p1/2Np4/2PP4/3QNP1P/6P1/1R4K1 b - - 0 28,-89,-85
6uTqLxdg,58,Ndf5,Knight,Ndf5,-2,Good,3r4/2q1npkp/3np1p1/2N5/2NP4/3Q1P1P/6P1/1R4K1 b - - 0 29,-77,-79
6uTqLxdg,60,Nd5,Knight,Nd5,2,Good,3r4/2q1npkp/4p1p1/5n2/2NP4/1N1Q1P1P/6P1/1R4K1 b - - 2 30,-203,-201
6uTqLxdg,62,Nf4,Knight,Nf4,-45,Good,3r4/2q2pkp/4p1p1/3nNn2/3P4/1N1Q1P1P/6P1/1R4K1 b - - 4 31,-182,-227
6uTqLxdg,64,Nxd4,Knight,Nxd4,6,Good,3r4/2q2pkp/4p1p1/4Nn2/3PQn2/1N3P1P/6P1/1R4K1 b - - 6 32,-343,-337
6uTqLxdg,66,Rxd4,Rook,Rxd4,-25,Good,3r4/2q2pkp/4p1p1/4N3/3NQn2/5P1P/6P1/1R4K1 b - - 0 33,-469,-494
6uTqLxdg,68,Qc2,Queen,Qc2,-7,Good,8/2q2pkp/4p1p1/4N3/3r1n2/4QP1P/6P1/1R4K1 b - - 1 34,-666,-673
BCu3OPWe,2,Nf6,Knight,Nf6,6,Good,rnbqkbnr/pppppppp/8/8/3P4/8/PPP1PPPP/RNBQKBNR b KQkq - 0 1,21,27
BCu3OPWe,4,c5,Pawn,d5,15,Good,rnbqkb1r/pppppppp/5n2/8/3P1B2/8/PPP1PPPP/RN1QKBNR b KQkq - 2 2,10,25
BCu3OPWe,6,Na6,Knight,Na6,3,Good,rnbqkb1r/pp1ppppp/5n2/2P5/5B2/8/PPP1PPPP/RN1QKBNR b KQkq - 0 3,-11,-8
BCu3OPWe,8,Nxc5,Knight,Nxc5,4,Good,r1bqkb1r/pp1ppppp/n4n2/2P5/5B2/5N2/PPP1PPPP/RN1QKB1R b KQkq - 2 4,-42,-38
BCu3OPWe,10,g6,Pawn,g6,-2,Good,r1bqkb1r/pp1ppppp/5n2/2n5/5B2/2P2N2/PP2PPPP/RN1QKB1R b KQkq - 0 5,-49,-51
BCu3OPWe,12,Bg7,Bishop,Bg7,-4,Good,r1bqkb1r/pp1ppp1p/5np1/2n5/5B2/2P2N2/PP1NPPPP/R2QKB1R b KQkq - 1 6,-46,-50
BCu3OPWe,14,O-O,King,O-O,5,Good,r1bqk2r/pp1pppbp/5np1/2n5/5B2/2P1PN2/PP1N1PPP/R2QKB1R b KQkq - 0 7,-67,-62
BCu3OPWe,16,b6,Pawn,b5,24,Good,r1bq1rk1/pp1pppbp/5np1/2n5/5B2/2P1PN2/PP1NBPPP/R2QK2R b KQ - 2 8,-75,-51
BCu3OPWe,18,Bb7,Bishop,d6,0,Good,r1bq1rk1/p2pppbp/1p3np1/2n5/5B2/2P1PN2/PP1NBPPP/R2Q1RK1 b - - 1 9,-48,-48
BCu3OPWe,20,d6,Pawn,d6,12,Good,r2q1rk1/pb1pppbp/1p3np1/2n5/5B2/2P1PN1P/PP1NBPP1/R2Q1RK1 b - - 0 10,-62,-50
BCu3OPWe,22,Rc8,Rook,Qd7,0,Good,r2q1rk1/pb2ppbp/1p1p1np1/2n5/8/2P1PN1P/PP1NBPPB/R2Q1RK1 b - - 1 11,-46,-46
BCu3OPWe,24,a6,Pawn,e5,33,Inaccuracy,2rq1rk1/pb2ppbp/1p1p1np1/2n5/3N4/2P1P2P/PP1NBPPB/R2Q1RK1 b - - 3 12,-66,-33
BCu3OPWe,26,Qd7,Queen,Qc7,3,Good,2rq1rk1/1b2ppbp/pp1p1np1/2n5/P2N4/2P1P2P/1P1NBPPB/R2Q1RK1 b - - 0 13,-41,-38
BCu3OPWe,28,Qc7,Queen,Qd8,20,Good,2r2rk1/1b1qppbp/pp1p1np1/2n5/P1NN4/2P1P2P/1P2BPPB/R2Q1RK1 b - - 2 14,-14,6
BCu3OPWe,30,Rfd8,Rook,e5,29,Good,2r2rk1/1bq1ppbp/pp1p1np1/2n5/P1NN4/2P1P2P/1P2BPPB/R2QR1K1 b - - 4 15,-52,-23
BCu3OPWe,32,Rb8,Rook,e5,8,Good,2rr2k1/1bq1ppbp/pp1p1np1/2n5/P2N4/2P1P2P/1P1NBPPB/R2QR1K1 b - - 6 16,-58,-50
BCu3OPWe,34,Nce4,Knight,Nfe4,23,Good,1r1r2k1/1bq1ppbp/pp1p1np1/2n5/P2N4/1NP1P2P/1P2BPPB/R2QR1K1 b - - 8 17,-73,-50
BCu3OPWe,36,e5,Pawn,e5,0,Good,1r1r2k1/1bq1ppbp/pp1p1np1/8/P2Nn3/1NP1PB1P/1P3PPB/R2QR1K1 b - - 10 18,-95,-95
BCu3OPWe,38,d5,Pawn,Qe7,17,Good,1r1r2k1/1bq2pbp/pp1p1np1/4p3/P3n3/1NP1PB1P/1PN2PPB/R2QR1K1 b - - 1 19,-97,-80
BCu3OPWe,40,Qe7,Queen,Qe7,-3,Good,1r1r2k1/1bq2pbp/pp3np1/3pp3/PN2n3/1NP1PB1P/1P3PPB/R2QR1K1 b - - 1 20,-96,-99
BCu3OPWe,42,b5,Pawn,b5,9,Good,1r1r2k1/1b2qpbp/pp3np1/P2pp3/1N2n3/1NP1PB1P/1P3PPB/R2QR1K1 b - - 0 21,-128,-119
BCu3OPWe,44,Nd6,Knight,Ng5,-12,Good,1r1r2k1/1b2qpbp/p4np1/Pp1pp3/1N2n3/1NP1PB1P/1P2QPPB/R3R1K1 b - - 1 22,-134,-146
BCu3OPWe,46,Nc4,Knight,Nc4,-16,Good,1r1r2k1/1b2qpbp/p2n1np1/Pp1pp3/1N4P1/1NP1PB1P/1P2QP1B/R3R1K1 b - - 0 23,-134,-150
BCu3OPWe,48,Rbc8,Rook,Ne4,16,Good,1r1r2k1/1b2qpbp/p4np1/Pp1pp3/1Nn3P1/1NP1PB1P/1P2QP1B/3RR1K1 b - - 2 24,-152,-136
BCu3OPWe,50,h5,Pawn,Ne4,152,Mistake,2rr2k1/1b2qpbp/p4np1/Pp1pp3/1Nn3P1/1NP1P2P/1P2QPBB/3RR1K1 b - - 4 25,-160,-8
BCu3OPWe,52,Ne4,Knight,Ne4,-43,Good,2rr2k1/1b2qpb1/p4np1/Pp1pp1Pp/1Nn5/1NP1P2P/1P2QPBB/3RR1K1 b - - 0 26,-194,-237
BCu3OPWe,54,Nxb2,Knight,Nxb2,0,Good,2rr2k1/1b2qpb1/p5p1/Pp1pp1Pp/1Nn1n2P/1NP1P3/1P2QPBB/3RR1K1 b - - 0 27,-222,-222
BCu3OPWe,56,Nxc3,Knight,Nxc3,15,Good,2rr2k1/1b2qpb1/p5p1/Pp1pp1Pp/1N2n2P/1NP1P3/1Q3PBB/3RR1K1 b - - 0 28,-206,-191
BCu3OPWe,58,e4,Pawn,e4,-41,Good,2rr2k1/1b2qpb1/p5p1/Pp1pp1Pp/1N5P/2n1P3/1Q1N1PBB/3RR1K1 b - - 1 29,-313,-354
BCu3OPWe,60,Nxd1,Knight,Nxd1,-14,Good,2rr2k1/1b2qpb1/p5p1/Pp1p2Pp/1N2p2P/1Qn1P3/3N1PBB/3RR1K1 b - - 1 30,-354,-368
BCu3OPWe,62,d4,Pawn,d4,-25,Good,2rr2k1/1b2qpb1/p5p1/Pp1p2Pp/1N2p2P/1Q2P3/3N1PBB/3R2K1 b - - 0 31,-349,-374
BCu3OPWe,64,Rxd4,Rook,Rxd4,2,Good,2rr2k1/1b2qpb1/p5p1/Pp4Pp/1N1Pp2P/1Q6/3N1PBB/3R2K1 b - - 0 32,-425,-423
BCu3OPWe,66,Rd3,Rook,Rd3,-23,Good,2r3k1/1b2qpb1/p5p1/Pp4Pp/3rp2P/1Q6/2NN1PBB/3R2K1 b - - 1 33,-413,-436
BCu3OPWe,68,Rcd8,Rook,Qd7,66,Inaccuracy,2r3k1/1b2qpb1/p5p1/Pp4Pp/4p2P/3r4/2NN1PBB/1Q1R2K1 b - - 3 34,-490,-424
BCu3OPWe,70,Bc3,Bishop,Bc3,4,Good,3r2k1/1b2qpb1/p5p1/Pp4Pp/4pB1P/3r4/2NN1PB1/1Q1R2K1 b - - 5 35,-431,-427
BCu3OPWe,72,Qd7,Queen,Qd7,-30,Good,3r2k1/1b2qp2/p5p1/Pp4Pp/4pB1P/2br4/2NN1PB1/2QR2K1 b - - 7 36,-495,-525
BCu3OPWe,74,Bxd2,Bishop,Bxd2,-33,Good,3r2k1/1b1q1p2/p5p1/Pp4Pp/4pB1P/2br4/3N1PB1/2QRN1K1 b - - 9 37,-576,-609
DQRtnwAg,2,e6,Pawn,e5,-2,Good,rnbqkbnr/pppppppp/8/8/4P3/8/PPPP1PPP/RNBQKBNR b KQkq - 0 1,31,29
DQRtnwAg,4,d5,Pawn,d5,-7,Good,rnbqkbnr/pppp1ppp/4p3/8/3PP3/8/PPP2PPP/RNBQKBNR b KQkq - 0 2,30,23
DQRtnwAg,6,c5,Pawn,c5,0,Good,rnbqkbnr/ppp2ppp/4p3/3pP3/3P4/8/PPP2PPP/RNBQKBNR b KQkq - 0 3,16,16
DQRtnwAg,8,Nc6,Knight,Nc6,1,Good,rnbqkbnr/pp3ppp/4p3/2ppP3/3P4/2P5/PP3PPP/RNBQKBNR b KQkq - 0 4,33,34
DQRtnwAg,10,Qb6,Queen,Bd7,5,Good,r1bqkbnr/pp3ppp/2n1p3/2ppP3/3P4/2P2N2/PP3PPP/RNBQKB1R b KQkq - 2 5,30,35
DQRtnwAg,12,Nh6,Knight,cxd4,22,Good,r1b1kbnr/pp3ppp/1qn1p3/2ppP3/3P4/2P2N2/PP2BPPP/RNBQK2R b KQkq - 4 6,14,36
DQRtnwAg,14,Qxb2,Queen,gxh6,153,Mistake,r1b1kb1r/pp3ppp/1qn1p2B/2ppP3/3P4/2P2N2/PP2BPPP/RN1QK2R b KQkq - 0 7,26,179
DQRtnwAg,16,Qxa1,Queen,Qxa1,1,Good,r1b1kb1r/pp3ppp/2n1p3/2ppP3/3P4/2P1BN2/Pq2BPPP/RN1QK2R b KQkq - 1 8,193,194
DQRtnwAg,18,cxd4,Pawn,cxd4,-14,Good,r1b1kb1r/pp3ppp/2n1p3/2ppP3/3P4/2P1BN2/P1Q1BPPP/qN2K2R b Kkq - 1 9,180,166
DQRtnwAg,20,Nxd4,Knight,Ba3,128,Mistake,r1b1kb1r/pp3ppp/2n1p3/3pP3/3N4/2P1B3/P1Q1BPPP/qN2K2R b Kkq - 0 10,190,318
DQRtnwAg,22,Ba3,Bishop,Ba3,3,Good,r1b1kb1r/pp3ppp/4p3/3pP3/3B4/2P5/P1Q1BPPP/qN2K2R b Kkq - 0 11,357,360
DQRtnwAg,24,Qb2,Queen,Qb2,6,Good,r1b1k2r/pp3ppp/4p3/3pP3/3B4/b1P5/P1Q1BPPP/qN3RK1 b kq - 2 12,-113,-107
DQRtnwAg,26,Bd7,Bishop,Bd7,37,Inaccuracy,r1b1k2r/pp3ppp/4p3/3pP3/Q2B4/b1P5/Pq2BPPP/1N3RK1 b kq - 4 13,-283,-246
DQRtnwAg,28,Qxe2,Queen,Qxe2,8,Good,r3k2r/pp1b1ppp/4p3/3pP3/3B4/Q1P5/Pq2BPPP/1N3RK1 b kq - 0 14,-301,-293
DQRtnwAg,30,Qa6,Queen,Qa6,-5,Good,r3k2r/pp1b1ppp/4p3/3pP3/3B4/Q1P5/P3qPPP/1NR3K1 b kq - 1 15,-290,-295
DQRtnwAg,32,O-O,King,O-O,24,Good,r3k2r/pp1b1ppp/q3p3/3pP3/3B4/2P5/PQ3PPP/1NR3K1 b kq - 3 16,-325,-301
DQRtnwAg,34,h6,Pawn,f5,29,Good,r4rk1/pp1b1ppp/q3p3/3pP3/3B3P/2P5/PQ3PP1/1NR3K1 b - - 0 17,-319,-290
DQRtnwAg,36,Bb5,Bishop,Bb5,8,Good,r4rk1/pp1b1pp1/q3p2p/3pP3/3B3P/2P5/P2Q1PP1/1NR3K1 b - - 1 18,-322,-314
DQRtnwAg,38,Bd3,Bishop,Bd3,-8,Good,r4rk1/pp3pp1/q3p2p/1b1pP3/3B3P/2P1Q3/P4PP1/1NR3K1 b - - 3 19,-345,-353
DQRtnwAg,40,b6,Pawn,Bh7,56,Inaccuracy,r4rk1/pp3pp1/q3p2p/3pP3/3B3P/2PbQ3/P2N1PP1/2R3K1 b - - 5 20,-356,-300
DQRtnwAg,42,Bh7,Bishop,Bh7,16,Good,r4rk1/p4pp1/qp2p2p/3pP3/3B3P/2PbQ3/P2N1PP1/4R1K1 b - - 1 21,-339,-323
DQRtnwAg,44,Qxa2,Queen,Qxa2,18,Good,r4rk1/p4ppb/qp2p2p/3pP3/3B1Q1P/2P5/P2N1PP1/4R1K1 b - - 3 22,-385,-367
DQRtnwAg,46,Rac8,Rook,Qc2,8,Good,r4rk1/p4ppb/1p2p2p/3pP3/3B1Q1P/2P5/q4PP1/4RNK1 b - - 1 23,-357,-349
DQRtnwAg,48,Qc2,Queen,Qc2,25,Good,2r2rk1/p4ppb/1p2p2p/3pP3/3B1Q1P/2P3N1/q4PP1/4R1K1 b - - 3 24,-409,-384
DQRtnwAg,50,a5,Pawn,Kh8,-14,Good,2r2rk1/p4ppb/1p2p2p/3pP3/3B1Q1P/2P1R1N1/2q2PP1/6K1 b - - 5 25,-394,-408
DQRtnwAg,52,Qb1+,Queen,Qg6,-21,Good,2r2rk1/5ppb/1p2p2p/p2pP3/3B1Q1P/2P3N1/2q1RPP1/6K1 b - - 1 26,-455,-476
DQRtnwAg,54,a4,Pawn,Kh8,97,Mistake,2r2rk1/5ppb/1p2p2p/p2pP3/3B1Q1P/2P3N1/4RPPK/1q6 b - - 3 27,-471,-374
DQRtnwAg,56,Qf5,Queen,Qf5,20,Good,2r2rk1/5ppb/1p2p2p/3pP2N/p2B1Q1P/2P5/4RPPK/1q6 b - - 1 28,-405,-385
lpa8vTY8,2,Nf6,Knight,Nf6,-1,Good,rnbqkbnr/pppppppp/8/8/8/5N2/PPPPPPPP/RNBQKB1R b KQkq - 1 1,14,13
lpa8vTY8,4,c5,Pawn,d5,5,Good,rnbqkb1r/pppppppp/5n2/8/8/5NP1/PPPPPP1P/RNBQKB1R b KQkq - 0 2,13,18
lpa8vTY8,6,Nc6,Knight,d5,28,Good,rnbqkb1r/pp1ppppp/5n2/2p5/8/5NP1/PPPPPPBP/RNBQK2R b KQkq - 1 3,-2,26
lpa8vTY8,8,e5,Pawn,e5,33,Inaccuracy,r1bqkb1r/pp1ppppp/2n2n2/2p5/8/5NP1/PPPPPPBP/RNBQ1RK1 b kq - 3 4,-24,9
lpa8vTY8,10,d5,Pawn,d5,-5,Good,r1bqkb1r/pp1p1ppp/2n2n2/2p1p3/2P5/5NP1/PP1PPPBP/RNBQ1RK1 b kq - 0 5,-22,-27
lpa8vTY8,12,Nxd5,Knight,Nxd5,4,Good,r1bqkb1r/pp3ppp/2n2n2/2pPp3/8/5NP1/PP1PPPBP/RNBQ1RK1 b kq - 0 6,-32,-28
lpa8vTY8,14,Be6,Bishop,Be6,6,Good,r1bqkb1r/pp3ppp/2n5/2pnp3/8/2N2NP1/PP1PPPBP/R1BQ1RK1 b kq - 1 7,-20,-14
lpa8vTY8,16,Qxg5,Queen,Qxg5,-1,Good,r2qkb1r/pp3ppp/2n1b3/2pnp1N1/8/2N3P1/PP1PPPBP/R1BQ1RK1 b kq - 3 8,-51,-52
lpa8vTY8,18,Qd8,Queen,Qd8,0,Good,r3kb1r/pp3ppp/2n1b3/2pNp1q1/8/6P1/PP1PPPBP/R1BQ1RK1 b kq - 0 9,-63,-63
lpa8vTY8,20,Qd7,Queen,Qd7,2,Good,r2qkb1r/pp3ppp/2n1b3/2p1p3/8/4N1P1/PP1PPPBP/R1BQ1RK1 b kq - 2 10,-62,-60
lpa8vTY8,22,Be7,Bishop,Be7,0,Good,r3kb1r/pp1q1ppp/2n1b3/2p1p3/8/1P2N1P1/P2PPPBP/R1BQ1RK1 b kq - 0 11,-64,-64
lpa8vTY8,24,f6,Pawn,f6,1,Good,r3k2r/pp1qbppp/2n1b3/2p1p3/8/1P2N1P1/PB1PPPBP/R2Q1RK1 b kq - 2 12,-67,-66
lpa8vTY8,26,exf4,Pawn,exf4,18,Good,r3k2r/pp1qb1pp/2n1bp2/2p1p3/5P2/1P2N1P1/PB1PP1BP/R2Q1RK1 b kq - 0 13,-69,-51
lpa8vTY8,28,O-O,King,Rd8,5,Good,r3k2r/pp1qb1pp/2n1bp2/2p5/5R2/1P2N1P1/PB1PP1BP/R2Q2K1 b kq - 0 14,-61,-56
lpa8vTY8,30,Rad8,Rook,f5,4,Good,r4rk1/pp1qb1pp/2n1bp2/2p5/5R2/1PB1N1P1/P2PP1BP/R2Q2K1 b - - 2 15,-69,-65
lpa8vTY8,32,Nd4,Knight,Bd6,19,Good,3r1rk1/pp1qb1pp/2n1bp2/2p5/5R2/1PB1N1P1/P2PP1BP/R4QK1 b - - 4 16,-80,-61
lpa8vTY8,34,cxd4,Pawn,cxd4,-4,Good,3r1rk1/pp1qb1pp/4bp2/2p5/3B1R2/1P2N1P1/P2PP1BP/R4QK1 b - - 0 17,-128,-132
lpa8vTY8,36,Bc5,Bishop,Bc5,-6,Good,3r1rk1/pp1qb1pp/4bp2/5N2/3p1R2/1P4P1/P2PP1BP/R4QK1 b - - 1 18,-133,-139
lpa8vTY8,38,g6,Pawn,g6,2,Good,3r1rk1/pp1q2pp/4bp2/2b2N2/3p1R2/1P4P1/P2PP1BP/R4Q1K b - - 3 19,-338,-336
lpa8vTY8,40,g5,Pawn,g5,46,Inaccuracy,3r1rk1/pp1q3p/4bpp1/2b5/3p1R1N/1P4P1/P2PP1BP/R4Q1K b - - 1 20,-422,-376
lpa8vTY8,42,gxh4,Pawn,gxh4,12,Good,3r1rk1/pp1q3p/4bR2/2b3p1/3p3N/1P4P1/P2PP1BP/R4Q1K b - - 0 21,-438,-426
lpa8vTY8,44,Qg7,Queen,Be7,71,Inaccuracy,3r1rk1/pp1q3p/4bR2/2b5/3p1Q1p/1P4P1/P2PP1BP/R6K b - - 1 22,-460,-389
lpa8vTY8,46,Rxf8,Rook,Rxf8,9,Good,3r1Rk1/pp4qp/4b3/2b5/3p1Q1p/1P4P1/P2PP1BP/R6K b - - 0 23,-414,-405
lpa8vTY8,48,Bg4,Bishop,d3,87,Inaccuracy,5rk1/pp4qp/4b3/2b5/3p3Q/1P4P1/P2PP1BP/R6K b - - 0 24,-423,-336
lpa8vTY8,50,Be7,Bishop,Rxf1+,-21,Good,5rk1/pp4qp/8/2b5/3p2bQ/1P4P1/P2PP1BP/5R1K b - - 2 25,-662,-683
lpa8vTY8,52,Kh8,King,Kh8,6,Good,5rk1/pp2b1qp/8/3B4/3p2bQ/1P4P1/P2PP2P/5R1K b - - 4 26,-690,-684
lpa8vTY8,54,Qxf8,Queen,Qxf8,-13,Good,5R1k/pp2b1qp/8/3B4/3p2bQ/1P4P1/P2PP2P/7K b - - 0 27,-724,-737
